TransactionID,AccountID,TransactionAmount,Location,DeviceID,MerchantID,Channel,CustomerAge,CustomerOccupation,TransactionDuration,LoginAttempts,AccountBalance,TransactionGap,IP1,IP2,IP3,IP4,TransactionType_Debit,Balance_after_Transaction,TransactionAmount_x_Duration,LoginFrequency,Cluster
0,126,-1.5108326672267542,36,365,14,0,1.4237182648914386,0,-0.47544820431312024,-0.20679364850592963,0.186255629190841,-0.8007620300162911,0.7477143257351275,0.9559086805362094,1.229131358786772,-0.6141354990166293,True,1.6970882964175953,0.7183226786505622,-1.2488106171326794,0
1,450,0.672289042100328,15,50,51,0,1.3112870641052805,0,0.4461042836433006,-0.20679364850592963,1.811684414132205,-0.07670647939509202,-1.5462053925520127,0.2865061222507173,-0.876882968651437,-1.8350277691578212,True,1.139395372031877,0.2999110215274076,-13.036725340004562,0
2,18,-0.5386466313035377,23,229,8,2,-1.443277355155591,3,-0.9406610984409725,-0.20679364850592963,-1.120360065099199,0.04613756558528508,1.563672346333909,-0.4238802661338866,0.22307355905514353,0.2876599277922058,True,-0.5817134337956612,0.5066839318735153,21.674265208574727,0
3,68,-0.15259504632546408,33,182,1,2,-1.0497681524040379,3,-1.5773404800409108,-0.20679364850592963,0.9608734198465969,-0.5750971733355135,1.332740831070103,-1.5714275089090157,1.323030086761724,0.1905434972127928,True,1.113468466172061,0.24069434362287254,-1.7388368787900208,0
4,406,-1.5172772276323394,1,298,90,2,-1.0497681524040379,3,1.1227184347359322,-0.20679364850592963,0.7312118229508622,0.9673907486161504,-0.7456428063041518,0.4914252727462762,-1.6549010004438962,-0.5031452926401574,False,2.248489050583202,-1.7034751140678548,1.0337083521417398,0
5,388,-0.8019008893099197,28,562,53,0,-1.49949295554867,3,0.8309784133015728,-0.20679364850592963,-1.254496277668001,-0.8756703885786793,0.05491977994370929,-0.8337185671250041,0.8803646548798074,1.0368438208333919,True,-0.45259538835808144,-0.6663623286238772,-1.1419823340393598,0
6,197,-1.5819919419505382,39,235,18,0,-0.4313965480801688,0,0.4195783825648011,-0.20679364850592963,1.748505989228932,-1.3178447459241749,0.4090147700148786,1.1471665543320644,1.698624998661532,1.189455354601041,False,3.3304979311794702,-0.6637696202341555,-0.7588147837400989,0
7,67,-0.23260135441508278,16,483,19,1,1.2550714637122016,2,2.0127699128464025,-0.20679364850592963,-0.5116652750218743,-0.546407627090114,-0.32996607882930085,1.1744891077314723,-0.6756714087051112,0.2876599277922058,False,-0.2790639206067915,-0.46817300785400134,-1.8301358426108925,0
8,133,-0.689958032287807,11,670,34,1,0.35562185742293734,1,-0.3879037737670492,-0.20679364850592963,1.0603652591665935,-0.9980283286842911,-1.3768556146918882,0.2728448455510134,-0.4610457447623638,0.5651354437333858,False,1.7503232914544005,0.26763732446532795,-1.00197566687899,0
9,380,1.558607356853407,26,194,6,0,0.5804842589952534,0,0.15496181434917897,-0.20679364850592963,-1.1595645329265096,-0.9043208679671186,-1.253692139884525,0.5597316562447958,-0.5147021607480506,-1.3216980646666383,True,-2.7181718897799163,0.24152462387598217,-1.105802316414744,0
10,148,-1.4738796584756428,0,200,72,2,0.41183745781601633,1,-0.8824859019390859,-0.20679364850592963,0.7668367955688128,-1.0639029934759716,1.5328814776320683,-1.544104955509608,-1.574416376465366,1.61954240430987,False,2.2407164540444557,1.3006780197595496,-0.9399354077634015,0
11,454,-0.119980664277024,22,572,29,2,-1.330846154369433,3,0.8426679393432855,-0.20679364850592963,-0.964804401896736,-1.402097591971694,0.03952434559278888,0.6416993164430193,-1.5475881684725226,1.189455354601041,True,-0.844823737619712,-0.10110385912735836,-0.7132171662284011,0
12,387,0.9925987571354653,23,31,56,1,-1.162199353190196,3,0.020463420386292647,-0.20679364850592963,-0.930572947123987,-0.26450096962352293,1.486695174579307,-0.41021898943418267,0.9608492788583377,0.0934270666333798,False,-1.9231717042594523,0.020311965642174624,-3.780705906273008,0
13,260,1.5117494257369124,22,53,24,0,-1.0497681524040379,3,0.19838749507060127,-0.20679364850592963,-1.4956489607617005,1.2959924205335944,1.22497279061366,-0.6151381399297413,-1.6951433124331614,0.6483780985157398,True,-3.007398386498613,0.299912181746366,0.7716093913784884,0
14,83,-0.26057324311507546,21,299,16,2,-1.49949295554867,3,0.35222372312429456,-0.20679364850592963,-1.449971554615679,-1.3365370943556227,1.147995618859058,-0.055025795241880684,0.7328095109191686,-1.7240375627813491,True,-1.1893983115006037,-0.09178007783656383,-0.7482022601866883,0
15,266,0.9220232022706807,10,451,24,0,-0.4876121484732478,1,0.28330532668029007,-0.20679364850592963,-0.2923316499084226,1.50270321348769,1.6560449524394316,0.5597316562447958,-1.0378522166084974,0.2182910488069108,True,-1.2143548521791032,0.26121408452610234,0.6654673554149928,0
16,313,1.1276869308966098,2,651,47,1,-1.443277355155591,3,0.6628510710023714,-0.20679364850592963,-1.116897660506791,1.0986324267016871,-0.9303880185151966,1.229134214530288,0.6791530949334817,0.4818927889510318,False,-2.2445845914034006,0.747488489900195,0.9102224590074703,0
17,354,0.9888552060388122,8,417,58,2,-0.31896534729401077,1,1.491422182083449,-0.20679364850592963,0.18566389158480567,1.522351013184067,0.008733476890948078,1.2974405980288075,0.03527610310523958,-1.2384554098842842,True,-0.8031913144540065,1.4748005891549838,0.656878686749507,0
18,238,-1.4649193899812498,0,513,53,1,0.8053466605675694,2,-0.057165238718669,-0.20679364850592963,0.8383590536664803,-1.261313153940354,-0.3145706444783804,1.229134214530288,-0.15252135284466442,-0.05918446713426923,False,2.3032784436477303,0.08374246663188512,-0.7928245861532873,0
19,281,-0.9749342436895663,8,38,38,2,-1.49949295554867,3,0.7956636066243687,-0.20679364850592963,0.5427245808597458,-0.25472881431707406,0.1011060829964705,0.5733929329444997,-0.4476316407659421,-0.9332323423489863,False,1.5176588245493121,-0.7757196965556415,-3.9257450919147185,0
20,1,-1.0816187697546635,20,150,39,1,1.4799338652845175,2,-1.302606210010628,-0.20679364850592963,0.3491661867900668,-1.1956106444904864,0.03952434559278888,-1.1479279312181943,-1.5341740644761008,1.577921076918693,True,1.4307849565447304,1.4089233263464802,-0.836392757330652,0
21,13,-0.8541997706537092,19,260,64,1,-0.3751809476870898,0,-0.268553453715343,-0.20679364850592963,1.0698216819982798,0.34709970825679426,-0.8380154124096743,0.054264418355750674,1.6181403746830016,1.605668628512811,True,1.924021452651989,0.22939829857190752,2.8810157084851276,0
22,93,-1.145783282537224,1,140,21,2,-0.31896534729401077,1,0.15496181434917897,-0.20679364850592963,1.0379624508394678,-0.2732867684077262,0.3012467295584358,-0.8883636739238198,-0.407389328776677,-1.5991735806078182,True,2.183745733376692,-0.1775526563129262,-3.6591612969135547,0
23,448,0.5730127086916262,13,158,82,2,-1.274630553976354,3,0.45928101948352285,3.1124756489183207,-1.012618841676644,-0.6025487681469913,1.1941819219118193,-0.6287994166294454,-0.313490600801725,0.8564847354716248,True,-1.5856315503682703,0.263173861024905,-1.6596169784513584,0
24,237,-0.40234926074153066,33,35,27,2,-1.330846154369433,3,-0.21857193818218257,-0.20679364850592963,-0.8157503049976564,-1.1767461407172255,0.0857106486455501,0.7919733601397624,0.3706287030157824,-0.4476501894519213,True,-0.4134010442561258,0.0879422577464447,-0.8498010321670605,0
25,39,-1.5777953282711643,15,651,42,2,1.1426402629260435,2,1.8817854608487634,-0.20679364850592963,-0.2391394827416565,1.004991129352291,-0.4993158566894253,1.6389725155214054,1.457171126725941,0.1489221698216158,False,1.338655845529508,-2.969072308935779,0.9950335592923454,0
26,436,0.178364100071917,24,45,28,0,-1.218414953583275,3,0.6628510710023714,6.431744946342571,-1.297863421596905,-0.7443210861991769,-0.8995971498133557,0.35481250574923695,0.46452743099073435,1.577921076918693,True,-1.4762275216688219,0.11822883476104433,-1.343506388428506,0
27,55,-1.2556567481832426,25,300,7,1,-0.4313965480801688,1,-0.2351536375112642,-0.20679364850592963,-0.5489529921482607,-0.9229277916556315,-1.4230419177446496,-1.3665083584134572,-1.2658919845476666,-1.8766490965489986,True,0.7067037560349819,0.295272251800855,-1.083508501306434,0
28,385,-0.5301879069002794,19,226,91,2,-0.03788734532861575,0,1.1119335175736063,-0.20679364850592963,-0.8740652980492729,-1.5248195394214048,0.5937599822259234,1.4477146417255506,-0.8232265526657501,0.2599123761980878,True,-0.3438773911489935,-0.5895337042946154,-0.6558153537047322,0
29,309,-1.1098509184068155,11,288,42,1,-0.9935525520109589,3,1.9434104844676099,-0.20679364850592963,-1.0319867943742287,0.722558756047332,-1.2382967055336047,-1.3665083584134572,0.15600303907303498,-0.7528732569872193,True,0.0778641240325868,-2.156895911027811,1.383970304468172,0
30,362,-1.3703331548851432,24,570,90,2,0.8053466605675694,0,-1.685893511431728,-0.20679364850592963,0.915251203719329,0.1117634648198325,-1.2075058368317637,-0.8337185671250041,-1.4134471285083055,-1.5714260290137003,False,2.2855843586044724,2.310235774320632,8.947459770203656,0
31,287,-1.0834039749175646,3,274,52,0,-0.8811213512248008,0,1.7098095208507929,-0.20679364850592963,1.1922132392681846,-1.402524389222383,1.1326001845081377,0.9695699572359133,0.6925671989299035,-1.5159309258254643,True,2.275617214185749,-1.8524144312416455,-0.71300012961233,0
32,58,0.7338853092084179,27,601,6,0,0.2431906566367793,1,0.7838085591320157,3.1124756489183207,1.16853780856353,0.7693579125096357,0.3012467295584358,-0.8337185671250041,1.6583826866722668,0.3709025825745598,True,0.4346524993551122,0.5752255867788039,1.2997849944241346,0
33,354,1.6377749398963848,20,109,93,2,-1.274630553976354,3,0.5627146920237458,-0.20679364850592963,-1.4092221373238967,-1.0730691228035607,0.3166421639093562,0.16355463195338205,-0.5549444727373157,1.314319336774572,True,-3.0469970772202815,0.921600020908003,-0.9319065025168126,0
34,360,0.2168601271291883,37,345,1,1,0.018328255064463263,0,-1.058874311958881,-0.20679364850592963,1.9573410299750544,1.0703393165563033,-0.32996607882930085,1.1744891077314723,-0.6756714087051112,0.2876599277922058,False,1.740480902845866,-0.22962761790523475,0.9342830736976757,0
35,263,-0.5498518224469149,39,41,1,1,0.2431906566367793,1,-1.1592575015304638,-0.20679364850592963,0.3525727022563455,0.9668801589424548,-0.8380154124096743,0.23186101545190163,1.5510698547008932,-1.7101637869842903,True,0.9024245247032604,0.6374198499017828,1.034254232363551,0
36,399,-0.9181287158456257,25,244,27,1,-1.0497681524040379,3,0.4984746518105413,-0.20679364850592963,-1.2072811591029957,1.3054878432014652,-1.2382967055336047,-1.3665083584134572,0.15600303907303498,-0.7528732569872193,True,-0.28915244325737,-0.4576638919484077,0.7659971164097363,0
37,200,1.304882927129065,38,433,73,0,1.7047962668568335,2,0.3928177842655264,-0.20679364850592963,0.12297234472858608,-1.1763184728959077,-0.6224793314967885,-0.27360622243714344,-0.6756714087051112,1.411435767353985,True,-1.181910582400479,0.5125812201607536,-0.8501099898135229,0
38,473,1.5305953904949336,23,76,47,0,1.1988558633191224,0,-0.3192396785201743,1.4528410002061956,0.8315794147024587,0.9294662979634996,-0.9919697559188781,-1.3528470817137532,-1.1988214645655582,0.6761256501098578,True,-0.699015975792475,-0.4886267804060633,1.0758861236845598,0
39,400,0.5377021913878005,28,37,39,2,0.5804842589952534,2,1.3115920440518973,-0.20679364850592963,-1.160539934705018,-1.5244105888686026,-0.9919697559188781,-1.4757985720110882,1.1352326308118201,1.2865717851804541,True,-1.6982421260928184,0.7052459162935097,-0.6559912879779428,0
40,416,0.5123009856258969,35,540,13,0,1.0302090621398854,2,0.14033640788738985,-0.20679364850592963,-0.031925331073701144,0.24373478991349573,-1.6539734330084557,1.4477146417255506,-0.3403188087945684,-1.4049407194489922,True,-0.544226316699598,0.07189448007990772,4.102818436683034,0
41,475,-1.3153584289634521,30,607,45,2,-0.3751809476870898,0,-1.7077935573996443,-0.20679364850592963,1.8753599814259518,-1.6658883275843233,-0.06824369486365395,-0.3145900525362552,0.7059813029263252,0.6899994259069169,True,3.1907184103894037,2.246360650655101,-0.6002803690197651,0
42,118,0.15225123246076172,5,193,43,2,0.6929154597814113,0,0.09599387444033028,-0.20679364850592963,1.7543230383870754,-0.7151790608695434,-0.8226199780587538,-0.5331704797315179,1.0145056948440245,0.7732420806892708,False,1.6020718059263137,0.014615185692223899,-1.3982514233698369,0
43,115,-1.1175112932651583,40,192,8,0,-1.443277355155591,3,0.11085360647837106,-0.20679364850592963,-1.474017848356006,-0.7915265815023969,0.9170641035952521,0.09524824845486245,-0.6488432007122678,0.8981060628628018,True,-0.3565065550908477,-0.12388015713875138,-1.2633816092948644,0
44,10,0.42240982742787925,21,665,4,1,-0.9935525520109589,3,-1.40697668519828,-0.20679364850592963,-1.219944365459649,0.19600749633973658,-0.5608975940931069,1.0925214475332485,0.8937787588762292,0.8564847354716248,True,-1.6423541928875283,-0.594320778789655,5.101843085033895,0
45,396,0.8435992478142094,6,288,50,1,1.6485806664637546,2,-0.3192396785201743,-0.20679364850592963,0.06731480011865842,0.8545225724693233,1.2865545280173418,0.4641027193468683,-0.9573675926299672,0.1489221698216158,True,-0.7762844476955509,-0.26931035267206904,1.1702439645168097,0
46,278,-0.27655536311310447,3,101,69,1,-1.0497681524040379,3,-0.5829717049916499,-0.20679364850592963,-0.9721701481163072,1.5119740289333725,-0.006661957459972327,-0.17797728553921596,-0.6086008887230027,0.5790092195304448,True,-0.6956147850032027,0.16122395155863134,0.6613869780334493,0
47,434,1.0289247112783295,28,382,89,2,-1.443277355155591,3,-0.07294009438220465,-0.20679364850592963,-1.254488302854566,0.9010097381825891,1.1172047501572173,0.09524824845486245,-1.668315104440318,0.1627959456186748,True,-2.283413014132895,-0.07504986555282403,1.1098657946033998,0
48,292,1.2651910863101432,10,276,22,2,-1.0497681524040379,3,0.40622778730442793,-0.20679364850592963,-1.464195629426094,1.3618493474487163,-0.3145706444783804,0.24552229215160554,1.6717967906686886,-1.6130473564048773,True,-2.7293867157362373,0.513955775509055,0.7342955580540832,0
49,466,-1.431945647882656,34,294,54,2,-0.20653414650785276,1,0.8659262724603146,-0.20679364850592963,-1.0383310684720386,-0.9416790124258412,0.16268782040015212,-1.6670564458069432,0.10234662308734813,-0.8083683601754553,False,0.3936145794106174,-1.2399593572367984,-1.0619330929094706,0
50,157,0.8165356490006637,18,641,39,2,1.3675026644983594,2,0.16951140238744397,-0.20679364850592963,-0.15524398943369708,-1.3364800719794472,0.3936193356639582,-1.4348147419119766,1.1486467348082419,-0.47539774104603927,False,-0.9717796384343608,0.1384121029614442,-0.7482341830524478,0
51,477,0.8143818393381199,29,580,14,2,0.35562185742293734,1,1.7740007458305995,-0.20679364850592963,0.20510184765302067,-1.2609731961098711,1.0094367097007746,-1.1615892079178982,1.5913121666901584,-0.07305824293132822,True,-0.6092799916850993,1.44471399037672,-0.7930383313371406,0
52,113,-0.8570145684234274,41,229,77,1,1.2550714637122016,0,0.4984746518105413,-0.20679364850592963,1.9692850692289554,-0.2647230739551539,1.2403682249645807,0.6280380397433154,1.6852108946651103,-1.8766490965489986,True,2.826299637652383,-0.4272000385914293,-3.7775338689320095,0
53,53,-0.24466999925520228,36,427,35,1,-0.9373369516178799,3,0.45928101948352285,-0.20679364850592963,-1.200064735879445,0.6002998433507275,-1.099737796375321,1.2427954912299917,1.3632723987509892,0.3154074793863238,True,-0.9553947366242427,-0.11237228669496208,1.665833906993635,0
54,414,-0.7024390836984469,29,622,94,0,0.9739934617468065,2,-0.3192396785201743,-0.20679364850592963,0.012317452013702577,-0.9224974033010992,1.1172047501572173,0.09524824845486245,-1.668315104440318,0.1627959456186748,True,0.7147565357121495,0.224246427259898,-1.0840140089532644,0
55,369,0.4702700422014046,23,12,51,1,-1.105983752797117,3,-0.4402037724726214,-0.20679364850592963,-1.042562577588084,0.2810306885722707,-0.4993158566894253,-0.35557388263536693,1.3901006067438324,-1.3216980646666383,True,-1.5128326197894886,-0.20701464665791716,3.5583289826724345,0
56,267,-1.0707504666827485,8,447,94,1,0.6929154597814113,2,-1.0191957916838013,-0.20679364850592963,-0.2703982865837882,1.5221047505174912,-1.7309506047630576,0.9559086805362094,-0.6756714087051112,0.6345043227186808,False,0.8003521800989604,1.0913043695865237,0.6569849637231076,0
57,451,0.37617404919129716,9,301,74,1,1.3112870641052805,2,-0.8440511312458903,-0.20679364850592963,0.05758664983756147,-1.1669973819964212,1.301949962368262,-0.7517509069267806,1.1352326308118201,-0.3089124314813312,False,-0.3185873993537357,-0.31751013176526155,-0.8569000248991726,0
58,141,0.7040323337989111,16,143,63,1,0.1869750562437003,1,-1.512971918718622,-0.20679364850592963,0.3193323028642991,-0.2460997182460254,1.1172047501572173,-1.011315164221155,-0.7829842406764849,1.522425973730457,True,-0.38470003093461197,-1.0651811509076878,-4.063395169513435,0
59,422,-0.644921125963563,18,87,63,1,-1.218414953583275,3,-1.0390009501597688,-0.20679364850592963,-1.195558955276845,0.8352315979093587,1.301949962368262,0.518747826145684,0.9608492788583377,1.34206688836869,True,-0.5506378293132821,0.6700736626542498,1.1972725682024132,0
60,433,1.1536765962161506,16,227,93,0,0.07454385545754227,1,0.5880462384367718,-0.20679364850592963,0.28648305898298015,0.8737181107241233,-1.330669311639127,0.2045384620524938,-0.23300597682319468,0.9258536144569199,True,-0.8671935372331705,0.6784151827774458,1.1445337727036917,0
61,1,0.25599539646077785,9,277,86,1,1.9296586684291497,2,1.422485627292018,1.4528410002061956,-0.07533036534809054,-0.4718472791365235,-1.638577998657535,0.24552229215160554,-1.2256496725584014,-0.1979222251048592,True,-0.3313257618088684,0.36414977211837846,-2.1193302497431303,0
62,420,0.5858908876397734,19,499,96,2,0.1869750562437003,1,1.4125364540405965,-0.20679364850592963,0.5615436527010197,1.1738170826173389,-1.6077871299556943,1.3930695349267348,-1.1451650485798712,1.4253095431510439,True,-0.02434723493875368,0.8275922368813831,0.8519214191176115,0
63,321,1.2179737476789099,30,531,0,1,0.6366998593883324,1,-0.08879715270593434,-0.20679364850592963,0.9394314533250261,-0.3395709278588517,0.17808325475107253,1.3247631514282154,1.1486467348082419,1.4946784221363392,False,-0.2785422943538838,-0.10815260086446331,-2.944893724544756,0
64,429,-1.5954295454167085,5,446,70,2,0.2994062570298583,0,0.21271612150727617,-0.20679364850592963,1.8438960742207684,1.1264791517572377,0.6399462852786847,0.4914252727462762,-1.4536894404975704,1.369814439962808,True,3.4393256196374766,-0.33937358503915893,0.8877216321916822,0
65,238,-0.05526776547870898,26,96,2,1,-0.15031854611477377,1,0.9910945602340703,-0.20679364850592963,-0.5837608772473206,-0.9228090675861513,0.48599194176948063,1.6116499621219977,0.5986684709549516,1.2310766819922179,False,-0.5284931117686117,-0.054775581722240806,-1.083647900188662,0
66,315,0.39945036740539946,16,420,4,1,0.6366998593883324,2,1.402561453377276,-0.20679364850592963,-0.4385179778521241,-0.6692616836327203,-0.32996607882930085,1.1744891077314723,-0.6756714087051112,0.2876599277922058,True,-0.8379683452575235,0.5602536878602039,-1.4941840745916524,0
67,455,1.0532289047321122,0,295,62,1,-1.105983752797117,3,0.2693247864040974,-0.20679364850592963,-0.8082969556848808,-0.7341142985063811,0.27045586085659495,-1.188911761317306,-1.0915086325941843,-1.7101637869842903,True,-1.861525860416993,0.28366064980159755,-1.3621858861122513,0
68,456,-0.6054279350139395,2,126,56,2,0.8615622609606484,1,-1.773869888025952,-0.20679364850592963,-0.22945741156282198,-1.3742508669161435,-1.0381560589716394,0.3001673989504212,0.6523248869406384,0.4818927889510318,False,0.3759705234511176,1.0739503832909603,-0.7276692319001048,0
69,390,-0.12525192674222,16,664,39,1,-0.7124745500455638,1,-0.1047360641534968,-0.20679364850592963,-1.1771693326264527,1.2301878366775192,0.17808325475107253,-0.5331704797315179,0.49135563898357787,1.2172029061951588,False,-1.0519174058842327,0.013118393834622235,0.812883926256659,0
70,215,-0.4862264893188581,1,196,90,0,-0.03788734532861575,1,1.3522922991925097,-0.20679364850592963,-0.17387107175608604,0.12052325530650525,-1.1305286650771618,1.3384244281279192,0.9340210708654944,-1.4188144952460513,True,0.3123554175627721,-0.6575203371693009,8.29714703392451,0
71,51,-0.41838740815972275,9,395,65,2,-0.5438277488663268,1,0.36581652871821657,-0.20679364850592963,0.49823486052459637,-1.6279582182225862,-0.7456428063041518,0.4914252727462762,-1.6549010004438962,-0.5031452926401574,True,0.9166222686843191,-0.15305302931240142,-0.614266416811635,0
72,278,-1.4048296284298558,4,176,69,0,0.9739934617468065,2,-0.9601914853903032,-0.20679364850592963,0.3773747687198488,-0.01028041693149874,-1.6077871299556943,1.3930695349267348,-1.1451650485798712,1.4253095431510439,True,1.7822043971497046,1.348905447642371,-97.2732656651873,0
73,108,0.11583811919626978,17,286,45,2,-1.0497681524040379,3,1.9171089531407197,-0.20679364850592963,0.5356679698710732,1.0046139546274342,0.5937599822259234,0.16355463195338205,1.510827542711628,0.6206305469216218,False,0.41982985067480344,0.22207429542615068,0.9954071370929154,0
74,261,1.9747483355599695,16,225,35,1,-1.387061754762512,3,-1.5989242880013395,-0.20679364850592963,-1.3250181578954352,0.8540743374169038,1.22497279061366,-0.6151381399297413,-1.6951433124331614,0.6483780985157398,True,-3.2997664934554045,-3.1574730764170544,1.1708581315516704,0
75,235,0.1069449754274235,29,72,65,0,-0.4313965480801688,1,-1.0390009501597688,-0.20679364850592963,0.570164896995903,1.6535985676213474,0.6553417196296051,0.6143767630436114,0.5852543669585298,0.05180573924220279,True,0.4632199215684795,-0.11111593108390613,0.604741658046006,0
76,6,-0.2885383466930632,18,69,59,2,-1.274630553976354,3,0.050926704720317545,-0.20679364850592963,-1.3136325052742086,-0.2172768658731159,-0.8226199780587538,0.341151229049533,-0.031794416876868986,-0.7806208085813373,True,-1.0250941585811453,-0.014694307182526243,-4.602424911755059,0
77,21,-0.8069399808854573,25,351,94,1,-0.03788734532861575,0,-0.6931384774092352,-0.20679364850592963,1.9384846117021446,-1.073428015545216,-0.29917521012746007,-1.2435568681161218,1.6583826866722668,-0.11467957032250523,True,2.745424592587602,0.5593211497115832,-0.9315949264204476,0
78,459,-0.5829047416435554,24,544,44,1,-1.443277355155591,3,-0.5468342158350353,-0.20679364850592963,-1.027901750333475,1.5600852441543607,0.7477143257351275,0.9559086805362094,1.229131358786772,-0.6141354990166293,True,-0.44499700868991965,0.3187522573031775,0.6409905738471293,0
79,13,-0.21496466654734933,39,360,31,2,0.2994062570298583,0,-0.7304391794012987,-0.20679364850592963,1.3138526455859971,0.11218101225759247,0.25506042650567456,-0.49218664963240616,1.0010915908476028,-1.2107078582901663,True,1.5288173121333464,0.15701861463311964,8.914156580153888,0
80,401,-0.15731828853625113,10,471,73,0,-0.3751809476870898,1,-0.12075648392093428,-0.20679364850592963,-1.34663857819171,-0.15128663283048396,-0.4223386849348233,-0.341912605935663,-1.668315104440318,-1.4881833742313462,True,-1.1893202896554589,0.01899720338009671,-6.609973679022022,0
81,440,0.5714783382133398,31,95,80,2,0.7491310601744904,1,-0.49318295251244687,-0.20679364850592963,0.5160434387153048,1.032950810946907,0.27045586085659495,-1.188911761317306,-1.0915086325941843,-1.7101637869842903,False,-0.05543489949803504,-0.28184337413696164,0.9681002159950651,0
82,232,1.6910464366689655,11,201,3,0,1.0302090621398854,2,-0.3706226321335793,-0.20679364850592963,0.07912008874130935,-1.53412691883349,-1.4230419177446496,-0.4238802661338866,0.3706287030157824,-0.6141354990166293,True,-1.6119263479276562,-0.6267400814183621,-0.6518365937702425,0
83,218,0.2378553163708689,10,596,27,2,0.2431906566367793,0,0.8074766543044608,-0.20679364850592963,0.6773785773043268,1.1643124101365387,-1.1921104024808433,-1.5714275089090157,1.510827542711628,0.49576656474809083,True,0.43952326093345795,0.19206261507167827,0.8588759386281353,0
84,138,-0.34044738855428397,36,477,29,2,-0.6000433492594058,0,0.6505043648705744,-0.20679364850592963,-0.9667220175051547,-0.020319837420939128,0.8246914974897296,-0.32825132923595907,0.7193954069227468,1.369814439962808,True,-0.6262746289508707,-0.22146251226335015,-49.21323436834955,0
85,96,2.0745695309284495,2,557,11,2,0.5242686586021743,1,-1.4703801694062202,-0.20679364850592963,0.9772498838788795,0.8073615850894924,0.7939006287878887,-0.1916385622389199,1.3096159827653022,-1.2384554098842842,False,-1.09731964704957,-3.0504058983315563,1.238602250352213,0
86,299,-1.4068860085391446,23,413,32,1,1.0864246625329645,0,-0.6931384774092352,-0.20679364850592963,1.200374404212987,1.004808418341606,-1.5000190894992516,0.04060314165604677,-1.6549010004438962,0.05180573924220279,True,2.6072604127521313,0.975166825847179,0.9952144928572637,0
87,368,1.152768170610307,42,17,53,0,0.1869750562437003,0,0.08105364782325122,-0.20679364850592963,1.3186537505421925,0.5063687548033238,-1.6231825643066147,1.5706661320228859,-1.6414868964474745,0.024058187648084785,True,0.16588557993188546,0.0934360653225014,1.974844997898627,0
88,433,-1.5561645290267927,36,438,42,2,0.7491310601744904,0,0.9119708027708356,-0.20679364850592963,1.6852928663586144,-0.12297567598721296,0.2858512952075154,-0.014041965142768923,-1.628072792451053,0.7038732017039758,False,3.241457395385407,-1.4191766147800635,-8.131696005261894,0
89,432,0.7234815343331692,18,139,21,2,-1.162199353190196,3,-0.1530404922217351,-0.20679364850592963,-1.2505222846379633,1.295909933966531,1.1172047501572173,-1.011315164221155,-0.7829842406764849,1.522425973730457,True,-1.9740038189711324,-0.11072197012768435,0.7716585054436168,0
90,104,1.416015806220108,25,311,51,2,0.8615622609606484,2,-1.3859719465647844,-0.20679364850592963,-0.10821241864546317,0.6661075830253314,-0.19140716967101717,1.2974405980288075,-0.5951867847265809,1.61954240430987,False,-1.5242282248655712,-1.9625581833133856,1.5012587686396213,0
91,306,0.06528952026304406,18,465,8,0,0.4680530582090954,1,-0.9601914853903032,4.772110297630446,-0.4667422882132012,0.8352603267401039,0.3012467295584358,1.2974405980288075,0.437699222997891,0.2044172730098518,True,-0.5320318084762452,-0.06269044144179257,1.1972313879430994,0
92,147,0.0996868195513848,15,509,48,1,-1.330846154369433,3,0.36581652871821657,-0.20679364850592963,-1.3201334449585953,-0.9411139032665272,-0.8226199780587538,-1.1615892079178982,0.4511133269943127,0.8148634080804479,True,-1.41982026450998,0.036467086287246826,-1.0625707502419832,0
93,368,0.8618930829309002,20,625,46,2,-1.443277355155591,3,1.7374428195258163,-0.20679364850592963,-1.0227868855515612,1.5874369409862024,0.8400869318406499,-1.2572181448158257,-1.0378522166084974,0.4263976857627958,True,-1.8846799684824613,1.4974899481372614,0.6299462430199723,0
94,420,1.295957808625816,35,174,92,0,-0.8811213512248008,1,-0.6377279608971212,-0.20679364850592963,-1.1121372856785139,-1.1770053531219022,0.7939006287878887,-1.2298955914164178,-0.9439534886335454,0.953601166051038,True,-2.40809509430433,-0.8264685307036433,-0.8496138800974665,0
95,9,1.0253744240220184,23,602,47,1,0.35562185742293734,1,0.25527654064195265,-0.20679364850592963,0.7893787451361433,-0.08628776209121225,1.22497279061366,-0.27360622243714344,-1.4671035444939922,-0.29503865568427223,False,-0.23599567888587514,0.26175403582707557,-11.589142361313815,0
96,343,1.6139452230440756,37,18,1,1,-0.9935525520109589,3,0.9799010108010979,-0.20679364850592963,-0.8369477009835002,-0.7345845154671736,0.9478549722970928,1.3930695349267348,1.0681621108297115,1.328193112571631,False,-2.450892924027576,1.581506555438493,-1.3613139333537725,0
97,10,-1.399058164610352,21,187,6,0,0.6929154597814113,1,-0.5288762138917308,-0.20679364850592963,-1.4909299446085944,0.11148422929069722,-0.791829109356913,0.3274899523498291,0.10234662308734813,-0.6141354990166293,True,-0.09187177999824248,0.7399285851134367,8.969870531242858,0
98,448,-0.38813812695337835,5,91,27,1,1.4799338652845175,2,0.33856840262911453,-0.20679364850592963,-0.7488745501545792,0.5441231177194046,0.5475736791731622,-0.6014768632300375,-0.24642008081961642,-1.6407949079989952,True,-0.3607364232012008,-0.13141130564206177,1.8378190223003563,0
99,176,-0.6224801644856661,35,511,3,1,-0.4313965480801688,0,0.8659262724603146,-0.20679364850592963,0.7759986694817699,0.6376992310929817,0.3166421639093562,1.2837793213291036,-0.05862262486971242,1.411435767353985,True,1.3984788339674359,-0.5390219285135563,1.5681371317828654,0
100,261,0.6943979810501298,13,310,65,1,-0.8249057508317219,1,-1.5989242880013395,-0.20679364850592963,1.024263927477999,-1.5243908922081297,-1.4692282207974106,-0.7654121836264846,-0.15252135284466442,-0.3505337588725082,True,0.32986594642786915,-1.1102897974401464,-0.6559997640444072,0
101,17,-0.7505064017209464,12,511,94,2,-1.387061754762512,3,0.7719110874194387,-0.20679364850592963,1.113328130526033,0.3462210848498425,-1.222901271182684,-0.041364518542176765,1.3364441907581457,-1.0164749971313403,False,1.8638345322469794,-0.5793242126676659,2.888327011051343,0
102,73,-0.8752125257762661,13,589,8,1,0.5804842589952534,0,0.73595977530185,-0.20679364850592963,-1.0974919307689064,0.9676490904501983,-1.4230419177446496,-1.3665083584134572,-1.2658919845476666,-1.8766490965489986,False,-0.22227940499264032,-0.6441212138116653,1.033432373910994,0
103,459,-0.08449844406499757,41,160,98,1,-0.9935525520109589,1,0.5114292264090835,-0.20679364850592963,1.1197644890854077,-1.2332631506430167,1.3943225684737848,-1.2845406982152334,1.564483958697315,-0.6002617232195703,True,1.2042629331504053,-0.04321497388093292,-0.8108570182805732,0
104,168,-0.5121376001589383,19,627,44,0,-0.7124745500455638,1,1.5011713183792659,-0.20679364850592963,0.8396829181987885,-1.731521626669214,-0.03745282616181314,1.3384244281279192,1.3364441907581457,0.911979838659861,True,1.3518205183577268,-0.7688062764221867,-0.5775267500852953,0
105,231,0.4323710124806707,7,77,46,2,0.07454385545754227,1,-1.0390009501597688,-0.20679364850592963,1.119622959264271,1.3899363499977706,-0.26838434142561923,-0.17797728553921596,-0.7963983446729067,1.300445560977513,True,0.6872519467836002,-0.44923389278895814,0.7194573536089394,0
106,12,-0.6227830655505432,39,178,31,2,0.8053466605675694,2,-0.49318295251244687,-0.20679364850592963,0.4443162546369524,1.1174196673316568,0.02412891124186848,1.229134214530288,-1.051266320604919,-0.7389994811901603,True,1.0670993201874956,0.30714599104296963,0.8949188382338632,0
107,392,1.475712103805813,34,27,11,1,-0.9935525520109589,3,-1.751781892697946,-0.20679364850592963,-1.400354922671032,-1.139146739373042,0.9324595379461724,-0.9156862273232276,-0.6622573047086895,-1.1413389793048714,True,-2.8760670264768446,-2.585125742282215,-0.8778501076475766,0
108,418,1.0140995015896541,20,501,82,2,-1.274630553976354,3,-1.365032361609816,-0.20679364850592963,-1.3892461087550918,1.3625342688907964,1.5790677806848294,0.3138286756501251,-0.8366406566621718,-1.3355718404636974,True,-2.403345610344746,-1.3842786375622629,0.7339264409264581,0
109,152,-0.41963164352882387,35,453,54,0,1.0302090621398854,2,0.5243298950584547,-0.20679364850592963,0.8450380682101372,0.24291699762921998,1.2865545280173418,0.4641027193468683,-0.9573675926299672,0.1489221698216158,True,1.2646697117389611,-0.22002541561467512,4.116630775518175,0
110,66,1.822613380042768,8,385,76,0,0.4680530582090954,2,-0.6194028630245529,-0.20679364850592963,-0.8527505063699721,1.3146264407329236,-0.5608975940931069,-1.6533951691072395,1.2962018787688805,0.6622518743127987,True,-2.67536388641274,-1.128931945785348,0.760672304274707,0
111,314,0.17182639766083763,27,519,88,0,-1.105983752797117,3,0.9233857416348982,-0.20679364850592963,-1.1740065450690607,-0.9982206159718914,-1.06894692767348,0.9422474038365055,-0.004966208884025563,-1.071970100319576,True,-1.3458329427298983,0.1586620456365055,-1.001782656236409,0
112,391,0.212801947044295,9,461,11,2,0.35562185742293734,1,0.8543170953229892,-0.20679364850592963,1.0143356464710938,-0.7153668864826719,0.45520107306763985,1.1471665543320644,-1.0646804246013408,1.244950457789277,False,0.8015336994267988,0.18180034127795866,-1.3978843006072699,0
113,119,0.012612655699438001,9,557,8,0,1.8734430680360705,2,1.934661294856368,-0.20679364850592963,-0.27235497275389603,-1.1857183504372857,-0.9611788872170373,1.6662950689208131,-0.05862262486971242,-0.1840484493078002,False,-0.284967628453334,0.024401216807052272,-0.8433706739617157,0
114,332,0.5101118096115694,14,635,50,2,-0.2627497469009318,1,-0.08879715270593434,-0.20679364850592963,-1.3760513963772716,-1.3647272595241704,1.147995618859058,-0.055025795241880684,0.7328095109191686,-1.7240375627813491,True,-1.886163205988841,-0.04529647625517904,-0.7327471964056631,0
115,463,-1.6291646362667191,36,653,41,2,0.1307594558506213,0,-0.04147294009483492,-0.20679364850592963,1.5740504499357335,0.14893606891332678,-1.06894692767348,-0.7517509069267806,-1.6549010004438962,1.120086475615746,True,3.2032150862024524,0.06756624736451317,6.714285772866554,0
116,278,0.4059647365791769,2,259,39,2,1.3112870641052805,0,-1.1189017032627826,-0.20679364850592963,1.7815454529609542,0.9012208515600335,-0.4377341192857437,1.529682301923774,1.7120391026579536,-0.7389994811901603,False,1.3755807163817773,-0.4542346352230679,1.1096058056228917,0
117,492,-1.1025677203606505,28,250,85,0,-0.09410294572169475,1,0.18398627147097865,1.4528410002061956,0.3337056128170183,1.6908461496102327,-0.19140716967101717,-0.5195092030318139,-1.158579152576293,0.7871158564863298,False,1.436273333177669,-0.2028573239134127,0.5914198291125027,0
118,83,0.7666462566082715,4,527,40,2,-1.0497681524040379,1,-0.8249389814020169,-0.20679364850592963,0.9176378838005924,0.01712188181813253,-0.23759347272377843,1.7346014524193327,0.4511133269943127,-0.3644075346695672,True,0.15099162719232095,-0.6324363820220967,58.404454030022364,0
119,90,-0.6163545910048508,14,643,85,1,-0.31896534729401077,1,0.7719110874194387,-0.20679364850592963,0.5227232814995997,-0.4150204548882661,0.16268782040015212,-1.6670564458069432,0.10234662308734813,-0.8083683601754553,True,1.1390778725044504,-0.47577094257851776,-2.4095203722458987,0
120,291,-1.1333391711937224,15,472,24,0,1.3675026644983594,2,0.16951140238744397,-0.20679364850592963,-0.9188795374070664,0.3932302664763048,-1.0535514933225598,-0.8747023972241159,-0.7024996166979546,-0.6973781537989833,True,0.214459633786656,-0.19211391228967134,2.5430385983689225,0
121,353,-1.0459460383545678,11,419,27,2,0.07454385545754227,0,0.7479871380105251,-0.20679364850592963,1.4208649051069344,1.2675225845505973,-0.6840610689004701,-0.6287994166294454,-0.876882968651437,-0.017563139743092215,False,2.4668109434615024,-0.78235418374228,0.7889405153759058,0
122,307,0.4736809950822866,11,303,75,2,-0.9935525520109589,3,-0.3022664678409858,-0.20679364850592963,-1.5140573189028141,-0.4149015131761286,-0.5301067253912661,1.3520857048276231,1.0145056948440245,-0.2672911040901542,True,-1.9877383139851008,-0.14317788126692615,-2.4102111206246795,0
123,64,0.5236491309433138,32,36,5,2,-0.20653414650785276,1,-0.8440511312458903,-0.20679364850592963,-0.07605182596422734,0.4782847992514698,-1.3460647459900474,1.529682301923774,1.2425454627831938,0.8703585112686838,True,-0.5997009569075411,-0.4419866413486313,2.0908040407820314,0
124,336,-1.6029367936391197,42,20,0,0,0.6366998593883324,2,-1.240772553225037,-0.20679364850592963,0.3012298285567438,1.3617789400491254,-0.7764336750059926,-0.8337185671250041,0.31697228703009556,1.244950457789277,True,1.9041666221958635,1.9888799781019648,0.7343335229802961,0
125,280,0.016760444420112385,11,110,25,2,1.4237182648914386,0,1.61631929993183,-0.20679364850592963,1.4170625461723756,0.2809678986656802,1.255763659315501,1.3384244281279192,1.0279197988404463,1.355940664165749,False,1.4003021017522632,0.0270902297916624,3.5591241876263835,0
126,206,1.2130527843690688,30,41,80,1,0.6929154597814113,0,0.6628510710023714,-0.20679364850592963,-1.0076681812424844,0.5720664761147337,-0.32996607882930085,1.1744891077314723,-0.6756714087051112,0.2876599277922058,True,-2.2207209656115534,0.8040733373014459,1.7480482897491287,0
127,174,1.591842583018232,40,268,82,2,-1.0497681524040379,3,-0.49318295251244687,-0.20679364850592963,-1.1276383526912066,0.32791124338835187,-0.19140716967101717,1.2974405980288075,-0.5951867847265809,1.61954240430987,True,-2.7194809357094387,-0.7850696250279714,3.0496047793493997,0
128,51,-1.2761079779322366,23,667,4,2,-1.0497681524040379,3,-0.025863557847784793,-0.20679364850592963,-1.448423934838238,0.6000222401415208,-0.5608975940931069,-1.4621372953113845,0.31697228703009556,-0.8499896875666323,True,-0.17231595690600132,0.03300469250727008,1.6666046130284762,0
129,316,1.8140471040449309,35,14,61,1,0.7491310601744904,0,0.485465530333871,-0.20679364850592963,0.2970031610288563,0.054896050216014895,-0.9303880185151966,1.229134214530288,0.6791530949334817,0.4818927889510318,True,-1.5170439430160745,0.8806573394157953,18.216213633652387,0
130,377,-0.5501455080801265,28,116,3,1,-0.6562589496524849,1,-0.07294009438220465,-0.20679364850592963,0.48312254112847514,-0.020084783351207166,0.5167828104713215,1.4477146417255506,-1.426861232504727,-1.2523291856813432,True,1.0332680492086017,0.04012766528331036,-49.78918425118692,0
131,379,0.41520583421983764,35,51,58,1,1.8734430680360705,2,-1.2613176508759902,-0.20679364850592963,0.1919012695710377,0.7696641357282586,1.3789271341228642,-0.3965577127344787,-0.407389328776677,-0.3089124314813312,False,-0.22330456464879994,-0.5237064474481714,1.299267854188128,0
132,201,-0.01820554647235208,21,327,54,2,0.1307594558506213,1,1.8550979737486308,-0.20679364850592963,1.1063254017859436,1.2961826402159515,-0.7456428063041518,-1.380169635113161,1.1486467348082419,-0.10080579452544622,True,1.1245309482582957,-0.03377307237184688,0.7714961548040628,0
133,492,-1.5954295454167085,20,230,97,1,-1.218414953583275,3,1.681988130596236,-0.20679364850592963,-1.1220629817550793,1.2680737645798528,-0.4377341192857437,1.529682301923774,1.7120391026579536,-0.7389994811901603,False,0.4733665636616291,-2.6834935585934523,0.788597595086724,0
134,344,0.6881153611248658,0,615,33,0,0.6366998593883324,0,-0.5829717049916499,-0.20679364850592963,1.5260333722220192,0.44042433554002386,-0.791829109356913,1.679956345620517,0.5852543669585298,-0.8916110149578094,True,0.8379180110971534,-0.4011517853059079,2.2705370531357003,0
135,175,-1.4900601592193914,25,450,64,0,0.2994062570298583,0,0.21271612150727617,-0.20679364850592963,1.9010562997406046,0.9670177091017795,0.7323188913842071,0.6690218698424271,-1.1451650485798712,1.078465148224569,True,3.391116458959996,-0.31695981788166333,1.0341071183878776,0
136,280,0.9725771182375756,28,166,59,2,-1.49949295554867,3,-0.7117529458539462,-0.20679364850592963,-0.8827059658528805,-0.14226012126746257,0.3782239013130378,-0.5604930331309258,0.7193954069227468,1.633416180106929,True,-1.8552830840904562,-0.6922346289757362,-7.029381769315945,0
137,268,0.5403669894475395,35,411,2,1,-1.330846154369433,3,-1.7297564003402095,-0.20679364850592963,-1.1679613063154157,-1.5997984142047124,1.3789271341228642,-0.3965577127344787,-0.407389328776677,-0.3089124314813312,True,-1.7083282957629553,-0.9347032585294518,-0.6250787934459835,0
138,400,1.7736704515379011,39,641,66,2,1.3675026644983594,0,0.12563405665017108,-0.20679364850592963,0.597057795018236,1.3145796475616345,-0.2068026040219376,-1.6943789992063512,-1.158579152576293,-0.05918446713426923,True,-1.1766126565196653,0.22283341398724718,0.760699380813422,0
139,380,0.1190346621703405,6,536,44,2,-1.218414953583275,3,0.15496181434917897,-0.20679364850592963,-1.4648286970832558,0.5436117662964091,-1.0535514933225598,0.7373282533409466,-1.3195484005333533,0.1627959456186748,True,-1.5838633592535962,0.018445827220357543,1.839547776638749,0
140,398,-1.5930670832709568,6,539,89,2,-0.8249057508317219,0,1.6068499798655516,-0.20679364850592963,0.27197473598508587,1.0334917617712762,-1.4692282207974106,-0.7654121836264846,-0.15252135284466442,-0.3505337588725082,True,1.8650418192560427,-2.55981981067841,0.9675934924984553,0
141,112,1.827280970896842,11,505,51,0,1.9858742688222286,2,-1.664056411114758,-0.20679364850592963,-0.7769510496349645,1.0327830084582375,0.1165015173473909,-0.8337185671250041,0.23648766305156527,-1.6130473564048773,True,-2.6042320205318066,-3.0406986145288895,0.968257509064825,0
142,161,0.08202009864713103,5,424,56,0,-1.49949295554867,3,2.0384955882339666,-0.20679364850592963,-1.4326573310794861,-0.019928951208681173,1.2865545280173418,0.4641027193468683,-0.9573675926299672,0.1489221698216158,True,-1.5146774297266172,0.16719760923869134,-50.17850700618366,0
143,106,0.11495153262235132,28,582,29,2,1.1988558633191224,2,-1.751781892697946,-0.20679364850592963,-1.142081467612239,1.0421181373091104,-0.26838434142561923,-0.17797728553921596,-0.7963983446729067,1.300445560977513,False,-1.2570330002345904,-0.20137001338571228,0.9595840128296138,0
144,392,-0.637671786502447,17,355,18,1,1.3675026644983594,2,0.7599707599737691,-0.20679364850592963,0.4284575586957356,0.7695683729591086,-1.2382967055336047,1.1471665543320644,0.5718402629621081,0.2876599277922058,False,1.0661293451981826,-0.4846119122020957,1.2994295311434043,0
145,429,-1.2040730377416173,20,235,84,0,-1.387061754762512,3,-0.2853709610732421,-0.20679364850592963,-0.9159635662310825,-1.30789989116927,0.7631097600860479,0.013280588256638914,-0.7561560326836414,1.0229700450363328,True,0.2881094715105348,0.34360747998270347,-0.7645845704325667,0
146,380,1.7479747127581264,34,283,25,1,1.8172274676429916,2,2.0555620144374465,-0.20679364850592963,-0.7753721659139253,0.5252726518975306,1.3635316997719438,0.9012635737373939,0.9742633828547594,-0.9193585665519273,True,-2.5233468786720517,3.5930704217428113,1.9037728425613796,0
147,159,1.0395727171507394,27,107,55,2,-0.20653414650785276,0,0.45928101948352285,6.431744946342571,-1.3998310971322514,-0.7811305535192011,-1.3922510490428086,-0.49218664963240616,1.0547480068332897,-0.8499896875666323,True,-2.439403814282991,0.4774560173602475,-1.2801958949298842,0
148,329,0.7890574866227299,22,318,76,0,1.1988558633191224,0,0.4461042836433006,-0.20679364850592963,1.242940440294974,0.21465783973835284,0.4090147700148786,1.1471665543320644,1.698624998661532,1.189455354601041,True,0.45388295367224407,0.3520019248232162,4.658574480025769,0
149,275,0.2637848932010572,30,155,48,2,0.5242686586021743,2,-0.2853709610732421,-0.20679364850592963,0.0033067659482088107,-1.4020073790903014,-1.7001597360612166,0.3957963358483486,-0.8500547606585935,1.161707803006923,True,-0.26047812725284836,-0.07527654848938822,-0.7132630585547705,0
150,70,-0.9929246470128166,41,398,72,2,1.9858742688222286,2,0.050926704720317545,-0.20679364850592963,0.5162297478708963,0.17770636058453232,1.5790677806848294,0.3138286756501251,-0.8366406566621718,-1.3355718404636974,True,1.509154394883713,-0.05056638030794724,5.62725742615483,0
151,238,0.5281867557909039,0,531,38,1,-0.5438277488663268,1,2.0299372612623108,-0.20679364850592963,-0.5143849777116465,1.2959233189899462,-0.006661957459972327,-0.17797728553921596,-0.6086008887230027,0.5790092195304448,False,-1.0425717335025504,1.0721859764852124,0.7716505353220706,0
152,299,0.2731390171378448,35,587,77,2,-1.387061754762512,3,0.6874037218721623,-0.20679364850592963,-1.3289734562809898,0.9011803700258019,1.5790677806848294,-1.3118632516146413,-1.6414868964474745,-0.4337764136548623,True,-1.6021124734188346,0.18775677696905882,1.1096556497405774,0
153,437,0.9961419447900811,37,69,8,1,0.9177778613537274,0,1.7830899206543975,-0.20679364850592963,1.6883557042560107,1.1361819878773813,1.486695174579307,0.4367801659474605,-0.4878739527552072,-1.1690865308989893,True,0.6922137594659296,1.776210661296263,0.8801406136125617,0
154,85,0.6723516534063548,40,465,80,0,-0.4313965480801688,1,1.5973582042816943,-0.20679364850592963,1.0542826113056898,-1.317814928880144,-0.48392042233850485,-0.5468317564312217,1.5376557507044715,1.244950457789277,True,0.38193095789933496,1.0739864297310031,-0.7588319527788153,0
155,172,-0.8770470801891,39,220,57,2,-0.4876121484732478,1,0.8192481196371983,-0.20679364850592963,1.0444358579014275,0.5725265726919684,-1.222901271182684,-0.49218664963240616,1.2693736707760372,0.6483780985157398,False,1.9214829380905276,-0.7185191712782153,1.7466435149616542,0
156,416,-0.7929024993020332,27,421,91,2,-1.387061754762512,3,-0.6377279608971212,-0.20679364850592963,-1.1087696554205366,0.20520213685541347,1.0556230127535355,1.3247631514282154,-1.668315104440318,0.2737861519951468,False,-0.31586715611850347,0.5056560940701167,4.873241224483362,0
157,109,1.5416288866751482,22,106,29,1,1.3112870641052805,0,0.28330532668029007,-0.20679364850592963,1.577596689569785,-0.7444874740105751,1.1941819219118193,-0.5058479263321101,-1.0915086325941843,0.3154074793863238,False,0.03596780289463686,0.4367516753592747,-1.3432061239843074,0
158,271,-1.2987695782348088,5,658,56,1,-1.218414953583275,3,0.18398627147097865,-0.20679364850592963,-1.3226317858280403,0.7134140645214732,-0.03745282616181314,-0.683444523428261,-0.8366406566621718,-0.04531069133721022,True,-0.023862207593231544,-0.23895577219935799,1.4017103244239004,0
159,486,-1.3681997792197846,42,300,34,2,0.9739934617468065,0,-0.1693034138610984,-0.20679364850592963,0.9803609199647716,-0.3305882712912479,1.563672346333909,-0.4238802661338866,0.22307355905514353,0.2876599277922058,True,2.3485606991845565,0.23164089346591066,-3.024911617660394,0
160,375,-0.44397465964382077,21,474,1,2,0.4680530582090954,0,0.889026224217017,-0.20679364850592963,1.2403748393725174,0.9013659103910302,0.8246914974897296,-0.32825132923595907,0.7193954069227468,1.369814439962808,False,1.6843494990163381,-0.39470511531118124,1.1094272342998384,0
161,224,0.4349346681411051,11,75,48,1,-0.6562589496524849,0,1.9608554183122706,-0.20679364850592963,0.23733884393286764,-1.6658630810360926,0.22426955780383376,-1.530443678809904,-1.2658919845476666,0.6483780985157398,True,-0.19759582420823746,0.8528440006363353,-0.6002894664110037,0
162,253,-1.0697723483640291,40,441,84,1,0.6366998593883324,2,-0.9994590305551175,-0.20679364850592963,-1.1496250816396385,-0.3769813065552924,-1.592391695604774,0.21819973875219772,0.062104311098082995,-0.6557568264078063,False,-0.07985273327560938,1.069193634210584,-2.6526521285705753,0
163,60,-0.9459263127247222,26,113,27,1,1.4237182648914386,0,0.22697317476508913,-0.20679364850592963,0.6217337501512713,0.37499496762489115,0.7323188913842071,0.5460703795450919,-0.004966208884025563,-0.003689363946033215,True,1.5676600628759934,-0.2146998982929647,2.6667017417954506,0
164,378,-0.6002458576843297,18,273,99,1,0.35562185742293734,2,0.3928177842655264,-0.20679364850592963,-0.98494197148326,1.3344500956962853,1.301949962368262,-1.216234314716714,-1.2256496725584014,-1.5714260290137003,True,-0.3846961137989303,-0.23578724783011887,0.7493722907194922,0
165,180,0.10590347743918078,22,357,43,0,-0.6000433492594058,1,0.7479871380105251,-0.20679364850592963,-1.527732197409919,-1.4581428614380927,0.7323188913842071,-0.7790734603261885,-1.668315104440318,1.2033291303981,True,-1.6336356748490997,0.07921443899509505,-0.685803905108544,0
166,473,-0.5392311583290745,3,0,0,1,1.7047962668568335,2,1.8102386896473939,-0.20679364850592963,0.3290592259074224,-1.3274319049720384,0.424410204365799,-0.09600962534099243,-1.29272019254051,-1.4465620468401692,True,0.868290384236497,-0.9761371054706702,-0.7533343681041788,0
167,328,1.0198893053415774,6,588,9,2,0.4680530582090954,2,0.711772004452503,1.4528410002061956,-1.0479547781545893,-0.6030996217122613,-0.052848260512733544,0.3001673989504212,-1.6817292084367397,0.8981060628628018,False,-2.0678440834961664,0.7259286551826454,-1.658101132564154,0
168,200,0.4225642870631813,15,273,6,1,-0.7686901504386429,1,-1.3441580977555516,-0.20679364850592963,-0.1102755815964993,1.4277968137092165,1.0710184471044562,-1.216234314716714,-0.43421753676952035,1.009096269239274,True,-0.5328398686596806,-0.5679932082782766,0.7003797181506296,0
169,327,0.33246680618176,11,146,12,0,-1.274630553976354,3,-0.010337456390444507,-0.20679364850592963,-0.9433192099949671,-0.4713083959173973,1.6252540837375906,0.8876022970376899,1.510827542711628,0.2182910488069108,True,-1.2757860161767272,-0.00343686111017431,-2.121753443897076,0
170,469,1.5062828099480956,15,421,17,1,-0.7686901504386429,1,-1.751781892697946,-0.20679364850592963,0.6005050157122173,-1.007427770940355,0.3936193356639582,-1.4348147419119766,1.1486467348082419,-0.47539774104603927,True,-0.9057777942358783,-2.6386789517492555,-0.992627092589762,0
171,264,-0.5911856747458643,20,299,92,1,0.6366998593883324,2,-0.21857193818218257,-0.20679364850592963,0.290678023122452,0.47853911469636035,-1.638577998657535,-0.3145900525362552,0.7730518229084338,-0.6973781537989833,True,0.8818636978683163,0.12921659875474492,2.089692901415642,0
172,243,-0.1968338036104153,6,646,87,2,1.7610118672499127,2,-1.1998816021188639,-0.20679364850592963,0.24651045824531484,-0.48071066752800407,0.25506042650567456,-0.49218664963240616,1.0010915908476028,-1.2107078582901663,True,0.44334426185573017,0.23617725962721492,-2.080253831619261,0
173,294,0.2421915995753102,10,315,93,1,-1.274630553976354,3,-1.3441580977555516,-0.20679364850592963,-1.2063168224755152,-0.3493132661212697,1.0864138814553765,-0.9430087807226356,-1.3195484005333533,-0.8916110149578094,True,-1.4485084220508253,-0.32554379977752324,-2.862760688650464,0
174,104,-0.2448592342543609,6,60,45,2,-1.162199353190196,3,-1.7077935573996443,-0.20679364850592963,-0.8614868335977471,-0.9889259686552498,0.1011060829964705,0.5733929329444997,-0.4476316407659421,-0.9332323423489863,True,-0.6166275993433863,0.41816902272940787,-1.0111981410293258,0
175,33,-0.9598803717401944,32,58,21,1,-1.0497681524040379,3,-1.8182328072643317,-0.20679364850592963,-1.252080444727725,-0.4433454496829239,0.6399462852786847,-1.2435568681161218,-1.4402753365011487,-1.2939505130725202,True,-0.2922000729875306,1.745285982947104,-2.255577961323356,0
176,358,2.090846744118139,12,207,0,0,-0.8811213512248008,1,-0.057165238718669,-0.20679364850592963,-0.6376894970489569,-1.3642719510853933,-0.3145706444783804,-1.0386377176205628,-1.104922736590606,-0.4892715168430983,True,-2.728536241167096,-0.11952375325166525,-0.7329917414952274,0
177,269,1.52681480212844,3,409,58,0,-1.443277355155591,3,0.73595977530185,-0.20679364850592963,-1.2590079092430897,-0.41533309856527534,-0.052848260512733544,1.4613759184252546,1.0815762148261332,0.7038732017039758,True,-2.7858227113715297,1.1236742787019853,-2.407706595561624,0
178,154,0.13120766141784013,31,440,48,2,1.4799338652845175,2,-1.1390459728740463,-0.20679364850592963,-1.096926960762627,1.5593006423753017,-0.8072245437078334,-0.45120281953329433,-0.6756714087051112,1.34206688836869,True,-1.2281346221804672,-0.14945155834821217,0.6413131045372863,0
179,9,-1.3139253511078859,30,35,90,2,0.5242686586021743,1,-0.9797908625831017,-0.20679364850592963,-1.2765233123792192,1.3055191837440963,0.9786458409989337,-0.16431600883951203,-0.24642008081961642,1.522425973730457,False,0.03740203872866665,1.2873720531318003,0.7659787277382084,0
180,34,1.4515650096446593,30,29,9,2,-0.20653414650785276,0,0.19838749507060127,-0.20679364850592963,1.909694680807074,0.130276802165767,-1.7309506047630576,0.9559086805362094,-0.6756714087051112,0.6345043227186808,True,0.45812967116241476,0.28797234619553713,7.675957774368778,0
181,147,0.8917365244259872,0,148,16,0,0.7491310601744904,0,-0.45778839002166005,-0.20679364850592963,1.5588059500999318,-0.7255261192548784,1.6868358211412722,-1.3118632516146413,-0.7561560326836414,0.2737861519951468,True,0.6670694256739447,-0.4082266278404834,-1.3783103203204328,0
182,223,0.4074902188514523,17,264,64,1,1.5923650660706756,2,-0.1530404922217351,-0.20679364850592963,0.8256453681870332,1.2299926112140473,0.6553417196296051,0.6143767630436114,0.5852543669585298,0.05180573924220279,True,0.41815514933558084,-0.062362503668568825,0.8130129478677672,0
183,75,-0.6536486910107996,41,140,35,1,-1.443277355155591,3,1.1548811865240554,-0.20679364850592963,-0.807958467376189,-0.838329764353858,-0.19140716967101717,1.2974405980288075,-0.5951867847265809,1.61954240430987,False,-0.15430977636538945,-0.7548865758444478,-1.19284816286532,0
184,435,-0.05325427105661,19,606,18,0,0.8053466605675694,0,2.0810374593655454,-0.20679364850592963,0.709845924276227,-1.7220745206712325,1.22497279061366,-0.27360622243714344,-1.4671035444939922,-0.29503865568427223,True,0.7631001953328369,-0.11082413294001177,-0.5806949966832552,0
185,317,0.7420464158998347,32,292,61,0,0.8053466605675694,1,-0.010337456390444507,-0.20679364850592963,-0.3742899308603044,-1.468404603901821,-1.2844830085863659,1.3794082582270308,0.7059813029263252,0.8009896322833888,True,-1.116336346760139,-0.007670872464050188,-0.6810112590521318,0
186,97,1.819281015977183,17,203,31,2,1.8734430680360705,2,-0.9211999030702372,-0.20679364850592963,0.3430725795243211,0.5908638371282611,-1.253692139884525,1.529682301923774,0.66573899093706,-1.0026012213342812,True,-1.476208436452862,-1.6759214955757038,1.6924370183434063,0
187,254,1.2714311263401725,23,89,83,0,0.9739934617468065,2,-1.0191957916838013,-0.20679364850592963,-1.0274209315855154,-1.1769887034586295,1.332740831070103,-1.4484760186116805,0.9206069668690726,1.4808046463392799,True,-2.298852057925688,-1.2958372533816993,-0.8496258987227734,0
188,130,-1.5426530417090007,30,486,82,0,0.8615622609606484,1,1.5973582042816943,-0.20679364850592963,-1.0740639973524573,1.0329935777290389,-1.592391695604774,0.8602797436382821,0.6120825749513732,0.24603860040102882,False,0.46858904435654347,-2.464169492533983,0.9680601358552618,0
189,111,0.023961612202134584,20,399,82,0,-0.3751809476870898,0,1.5011713183792659,-0.20679364850592963,0.823132836448989,-1.7129633461145761,0.5167828104713215,-0.12333217874040028,-0.8634688646550153,0.5790092195304448,True,0.7991712242468545,0.03597048497997108,-0.5837836872847372,0
190,391,2.132941974826673,42,552,71,1,1.9296586684291497,2,0.7479871380105251,-0.20679364850592963,0.330217325940518,0.045963886744872035,1.147995618859058,-0.055025795241880684,0.7328095109191686,-1.7240375627813491,True,-1.802724648886155,1.5954131632931206,21.756163266485252,0
191,97,0.07812351236492167,21,611,40,1,0.2431906566367793,0,0.4461042836433006,-0.20679364850592963,1.1951074903475343,0.7038197232659233,1.4251134371756253,-0.9020249506235237,-0.05862262486971242,-0.6002617232195703,False,1.1169839779826125,0.03485123351925192,1.420818179516054,0
192,261,0.8692060581576556,19,169,59,1,-0.09410294572169475,0,-0.1368580718294795,-0.20679364850592963,1.2798648634117873,0.6377343803821128,-1.099737796375321,-0.9156862273232276,-1.5610022724689443,-0.33665998307544925,False,0.4106588052541317,-0.11895786514195918,1.568050702544463,0
193,45,0.3271388025851497,41,521,16,2,-1.105983752797117,3,-1.5989242880013395,-0.20679364850592963,-1.452733517986045,-1.4961069230543464,0.8708778005424909,1.3247631514282154,-1.386618920515462,1.591794852715752,False,-1.7798723205711946,-0.5230701770010713,-0.668401470129299,0
194,4,0.9784512451241635,17,451,35,1,0.41183745781601633,1,0.32484974849802,-0.20679364850592963,0.7432526629582014,-0.019864855446147783,1.301949962368262,-1.4211534652122726,0.759637718912012,0.2876599277922058,True,-0.23519858216596212,0.317849640896159,-50.34041333712579,0
195,358,-1.6208860013470823,20,209,84,1,0.2994062570298583,0,0.31106692419765586,-0.20679364850592963,1.4548106064360158,-0.94172275859993,0.03952434559278888,-1.1479279312181943,-1.5341740644761008,1.577921076918693,False,3.0756966077830983,-0.5042040229140744,-1.06188376255777,0
196,421,-0.06616731883233393,7,294,22,1,1.3675026644983594,2,0.7479871380105251,-0.20679364850592963,0.6962538683497472,0.44023313646570944,1.2403682249645807,-0.5468317564312217,-0.6354290967158461,-1.1413389793048714,True,0.7624211871820812,-0.04949230344322737,2.2715231771872175,0
197,105,-1.448248733184883,40,81,68,1,0.9739934617468065,2,-0.5829717049916499,-0.20679364850592963,-0.5230987621750209,0.17725845199609866,-0.26838434142561923,-0.17797728553921596,-0.7963983446729067,1.300445560977513,True,0.9251499710098621,0.8442880332367882,5.641476750989195,0
198,233,-0.6329522156872373,11,21,37,2,0.9739934617468065,2,-1.4280464114595173,-0.20679364850592963,0.5668236666244018,1.0423274007239691,-1.2690875742354455,-0.014041965142768923,0.03527610310523958,0.2182910488069108,True,1.1997758823116391,0.9038851402375095,0.9593913614535069,0
199,353,0.9892796577931555,7,226,21,1,0.4680530582090954,2,1.510896241113236,-0.20679364850592963,0.7319688319243809,0.24285399007997235,-1.2075058368317637,1.2564567679296956,1.4974134387152063,-0.1285533461195642,True,-0.25731082586877463,1.494698916369467,4.117698819363915,0
200,111,0.43432294132703964,20,13,6,0,-1.443277355155591,3,-1.8182328072643317,-0.20679364850592963,-1.1458265083881134,-0.21742333938138406,-1.7309506047630576,-1.6533951691072395,-1.3061342965369318,-0.8916110149578094,True,-1.5801494497151531,-0.7897002208683649,-4.599324353943099,0
201,9,-1.540219701525281,1,127,16,2,-0.09410294572169475,0,0.6996106650189345,-0.20679364850592963,0.39941120427560733,1.3900807559007955,-1.5000190894992516,-1.0522989943202667,1.457171126725941,1.439183318948103,True,1.9396309058008883,-1.0775541296593667,0.7193826141515943,0
202,493,0.4585929319212167,40,345,96,1,0.8053466605675694,1,0.5754059049627287,-0.20679364850592963,0.6955694385861683,1.2498747032308561,1.0094367097007746,-1.1615892079178982,1.5913121666901584,-0.07305824293132822,True,0.23697650666495157,0.2638770810016387,0.8000801339582622,0
203,375,-1.1567216165584058,39,194,62,1,1.0864246625329645,2,-0.04147294009483492,-0.20679364850592963,0.14116888079548626,-1.4685039577748142,1.22497279061366,1.215472937830584,1.6315544786794234,0.7177469775010348,True,1.297890497353892,0.04797264630992737,-0.6809651841945271,0
204,447,-0.4338551599201209,22,359,58,1,0.8615622609606484,1,-0.1530404922217351,-0.20679364850592963,0.8743156251236391,-0.38706001154435,1.2095773562627397,-0.45120281953329433,-1.2122355685619797,1.522425973730457,True,1.30817078504376,0.0663974072271149,-2.5835793637477185,0
205,19,0.3579155723931857,10,565,91,0,1.3112870641052805,2,-0.805897272154619,-0.20679364850592963,-0.8829539290291489,0.4686360473316303,1.4097180028247052,-0.8063960137255962,-0.8098124486693283,-0.017563139743092215,True,-1.2408695014223348,-0.2884431834533274,2.1338516153606695,0
206,179,1.537783285711769,28,637,61,0,-0.7686901504386429,1,-0.025863557847784793,-0.20679364850592963,1.1632005640046204,-0.5845540732530672,-1.6231825643066147,1.5843274087225898,0.4779415349871561,0.6761256501098578,True,-0.3745827217071487,-0.03977254696736291,-1.710706018188463,0
207,365,0.9712833941827538,15,572,60,0,0.07454385545754227,1,0.472401208410713,-0.20679364850592963,0.49746779384802514,-1.402016520081902,0.4090147700148786,1.1471665543320644,1.698624998661532,1.189455354601041,True,-0.47381560033472864,0.45883544912119173,-0.7132584081587168,0
208,448,1.053428753571876,18,106,83,0,0.5242686586021743,0,1.2910757245429476,-0.20679364850592963,1.1240449162040165,-1.298374977921354,0.8092960631388092,-1.6533951691072395,1.3901006067438324,-0.3505337588725082,True,0.07061616263214043,1.360056291272184,-0.7701935835364897,0
209,335,0.4881077040654958,33,520,55,0,1.0302090621398854,2,-0.8440511312458903,-0.20679364850592963,0.39996870023195424,0.3090812359762507,-0.4223386849348233,-0.341912605935663,-1.668315104440318,-1.4881833742313462,False,-0.08813900383354156,-0.41198785978631597,3.23539432376738,0
210,245,0.4248017618322707,32,680,97,0,1.1426402629260435,0,0.6628510710023714,-0.20679364850592963,1.779326869488832,-1.2333005851800483,-1.4230419177446496,0.846618466938578,-1.5475881684725226,1.2033291303981,True,1.3545251076565612,0.2815803027942149,-0.8108324062274338,0
211,474,0.8349763185286752,12,72,43,0,-0.2627497469009318,0,0.4984746518105413,-0.20679364850592963,1.4732271116646882,0.24269554622556047,-1.1305286650771618,0.873941020337986,-0.3671470167874118,-1.5159309258254643,True,0.6382507931360131,0.416214529648629,4.120387059068227,0
212,297,1.3800627332152806,25,6,34,0,0.9177778613537274,2,-0.6377279608971212,-0.20679364850592963,-1.0176164335100422,1.455702519924857,-1.330669311639127,0.2045384620524938,-0.23300597682319468,0.9258536144569199,True,-2.3976791667253226,-0.8801045927634887,0.6869534933251819,0
213,375,-0.6085877678133672,21,514,87,0,0.5804842589952534,1,0.8192481196371983,-0.20679364850592963,0.573917243242668,-1.0068558060373405,1.0864138814553765,0.24552229215160554,-1.5610022724689443,-0.6696306022048653,True,1.1825050110560351,-0.49858438441530095,-0.9931909746389358,0
214,128,0.7049152670718004,11,242,38,2,0.6929154597814113,0,0.5499720170437528,-0.20679364850592963,0.6770402584873692,-1.1668526496294103,-1.222901271182684,0.5597316562447958,1.4169288147366759,-1.3771931678548743,False,-0.02787500858443126,0.38768367127641373,-0.8570063118237157,0
215,5,-0.9457555015337584,1,137,25,0,-1.105983752797117,3,1.1655389904582623,-0.20679364850592963,-1.4003467375316017,-0.3964888355591302,0.7323188913842071,0.4504414426471644,-1.3463766085261968,-0.29503865568427223,True,-0.45459123599784323,-1.1023149124780043,-2.5221397490392645,0
216,94,-0.0867845750086735,30,500,55,1,1.7047962668568335,2,-0.1693034138610984,-0.20679364850592963,0.7087843335228484,-0.4153620450386775,0.0857106486455501,0.47776399604657227,1.175474942801085,0.34315503098044187,True,0.795568908531522,0.014692924819452986,-2.407538803071818,0
217,106,-0.4780363137338363,13,617,73,0,0.2994062570298583,0,-0.057165238718669,-0.20679364850592963,0.9272661075879494,0.4401346531633449,0.6399462852786847,-1.4894598487107924,-0.09886493685897756,-1.8905228723460574,True,1.4053024213217857,0.0273270599907873,2.272031446762113,0
218,68,1.65289233339765,19,217,28,2,-0.6562589496524849,1,0.6996106650189345,-0.20679364850592963,0.1938292591754843,0.017846958330458462,-1.3152738772882067,0.2865061222507173,-0.729327824690798,-0.10080579452544622,False,-1.4590630742221657,1.1563811045730283,56.031642945513454,0
219,412,0.6244527126989444,29,656,87,0,1.0302090621398854,0,0.9233857416348982,-0.20679364850592963,0.8377929173648766,-1.6937672637531331,-0.5455021597421865,-0.3828964360347748,-0.2866623928088815,0.0934270666333798,True,0.21334020466593218,0.5766107312314388,-0.5903999211935073,0
220,386,-0.5004721416568685,5,198,13,1,-0.03788734532861575,0,-1.2202938111117605,-0.20679364850592963,0.3792083482933379,0.9951445402570939,-1.330669311639127,1.188150384431176,-0.11227904085539928,-0.5863879474225113,True,0.8796804899502064,0.6107230570977249,1.0048790492823756,0
221,409,0.9712114752535738,25,445,96,2,1.7610118672499127,2,-1.3233493238148013,-0.20679364850592963,-0.41879171177534924,1.37127022750651,-0.34536151318022124,1.037876340734433,0.9876774868511812,0.4263976857627958,False,-1.3900031870289231,-1.2852520490579924,0.7292508121417456,0
222,3,1.1111497465045879,8,179,63,0,1.0864246625329645,2,0.31106692419765586,-0.20679364850592963,0.4469398125613178,0.04571882111291074,1.147995618859058,1.0515376174341369,0.34380049502293897,0.5512616679363268,True,-0.6642099339432701,0.34564193396818715,21.872782114221984,0
223,45,0.9013885049447794,41,208,41,2,-0.9373369516178799,1,-1.796020240971909,-0.20679364850592963,0.9120746926178103,-0.0854378675150055,-0.791829109356913,-1.380169635113161,1.457171126725941,0.8703585112686838,True,0.010686187673030867,-1.6189119998602315,-11.70442567830871,0
224,196,1.0197976478988389,6,304,76,0,0.7491310601744904,1,-0.7869262188093323,-0.20679364850592963,-1.4788686866490464,-1.6280761805427664,0.347433032611197,-0.32825132923595907,-0.4878739527552072,1.2033291303981,True,-2.4986663345478854,-0.8025055070116841,-0.6142219101128377,0
225,310,0.9737975498909448,16,28,16,1,0.6929154597814113,2,0.14033640788738985,-0.20679364850592963,-0.6084865885614947,1.5687406749869255,0.23966499215475415,-0.35557388263536693,0.7730518229084338,0.7316207532980938,True,-1.5822841384524395,0.1366592501612365,0.6374539477424715,0
226,210,-0.2817640708933368,36,425,86,1,-0.20653414650785276,0,2.021362067533934,-0.20679364850592963,1.238846451836844,0.7975327338708535,-1.2075058368317637,-0.8337185671250041,-1.4134471285083055,-1.5714260290137003,True,1.520610522730181,-0.5695472048977333,1.253866872347393,0
227,113,1.1798368323923154,4,646,8,0,-1.274630553976354,3,0.8774958557738228,-0.20679364850592963,-1.3760391704814496,-1.6656028892394588,-0.5147112910403457,-0.49218664963240616,1.1084044228189767,0.9813487176451559,True,-2.555876002873765,1.0353019309135711,-0.6003832405063492,0
228,53,-1.1475127962270602,23,632,18,0,0.1869750562437003,0,-0.40526119392890464,-0.20679364850592963,-1.1209315287891681,1.1737804098296076,0.9940412753498541,-1.2845406982152334,-0.313490600801725,0.6483780985157398,True,0.02658126743789202,0.46504240584767426,0.8519480359621625,0
229,422,1.2712153555345813,4,531,53,0,-1.330846154369433,3,-0.8249389814020169,-0.20679364850592963,-1.4207883065575904,1.3811765595110976,-1.5616008269029331,1.6116499621219977,0.5852543669585298,1.4253095431510439,True,-2.692003662092172,-1.0486751005373003,0.7240203438957441,0
230,396,1.0591638847203193,28,534,98,0,-0.09410294572169475,0,0.6751506888007894,-0.20679364850592963,1.7746541110869762,1.1267378200552716,1.5790677806848294,0.3138286756501251,-0.8366406566621718,-1.3355718404636974,True,0.7154902263666569,0.7150952263218435,0.8875178355148866,0
231,425,1.3982607046922348,31,101,70,1,-0.2627497469009318,0,0.21271612150727617,3.1124756489183207,1.955839060811353,-1.270011242733722,1.4097180028247052,-1.1342666545184903,1.4437570227295193,-1.3078242888695795,True,0.5575783561191181,0.297432593958163,-0.7873946663550384,0
232,295,0.032383767657232825,10,469,42,1,0.07454385545754227,1,-1.365032361609816,-0.20679364850592963,-0.42441407351260835,1.0336177768697714,-0.19140716967101717,-0.5195092030318139,-1.158579152576293,0.7871158564863298,False,-0.4567978411698412,-0.044204890842976095,0.9674755268633893,0
233,340,-0.8073467643145186,13,286,80,0,0.35562185742293734,0,0.4461042836433006,-0.20679364850592963,1.9743522926577892,-1.533999271415066,0.7169234570332866,-0.7380896302270766,0.759637718912012,-1.3633193920578153,True,2.781699056972308,-0.36016084994626496,-0.6518908345155959,0
234,425,-1.6007757718522209,38,554,9,0,-0.31896534729401077,0,-1.0788156848149264,-0.20679364850592963,1.8655054355915457,1.2308425057902543,-0.3145706444783804,0.5733929329444997,1.0279197988404463,-1.2800767372754611,True,3.4662812074437666,1.7269420105458961,0.8124515639089017,0
235,173,-1.1291713257863996,25,502,86,0,0.6366998593883324,2,0.6996106650189345,-0.20679364850592963,0.5805894295982508,0.7133000197691217,0.7323188913842071,-1.4074921885125689,-0.5951867847265809,-1.7379113385784082,False,1.7097607553846503,-0.7899803021537349,1.4019344344476996,0
236,175,1.4462824971138313,22,163,36,1,0.1869750562437003,1,-1.9077023575485814,-0.20679364850592963,-0.34106072453432684,1.361562059141266,-0.09903456356549475,1.6253112388217015,1.0145056948440245,-0.9054847907548683,True,-1.7873432216481582,-2.7590765294253052,0.734450493711354,0
237,223,0.6491115287464801,41,215,81,1,0.5242686586021743,0,-1.8182328072643317,-0.20679364850592963,-1.2353785131590496,-1.1011194525648833,1.6098586493866702,1.5023597485243663,0.5986684709549516,0.6622518743127987,True,-1.8844900419055297,-1.1802358771403545,-0.9081667647295983,0
238,389,-1.3245435593677275,13,402,44,2,0.4680530582090954,2,0.8074766543044608,-0.20679364850592963,-0.960263982440148,-1.5907012775994427,-0.7764336750059926,-0.8337185671250041,0.31697228703009556,1.244950457789277,False,0.3642795769275795,-1.0695380017987746,-0.6286535862814404,0
239,25,-1.0181850108931634,21,404,97,2,-0.7124745500455638,1,0.485465530333871,-0.20679364850592963,0.599322382624353,-0.5844095585287135,-1.5462053925520127,-0.5468317564312217,1.6717967906686886,-1.1552127551019302,False,1.6175073935175164,-0.4942937262912478,-1.7111290472908516,0
240,74,-0.19750866398573833,19,435,13,2,-0.5438277488663268,0,-0.40526119392890464,-0.20679364850592963,1.7713011279168047,-1.6936848860073985,0.9632504066480132,-0.4375415428335904,-0.5817726807301593,1.61954240430987,True,1.9688097919025431,0.08004259697816317,-0.5904286371712332,0
241,213,1.193303166348788,32,591,30,1,-0.7124745500455638,1,0.29721907485255783,-0.20679364850592963,-1.281369722171896,-1.4019405627945536,1.5020906089302275,-0.4238802661338866,-0.5147021607480506,0.0656795150392618,True,-2.474672888520684,0.3546724631208147,-0.7132970525771495,0
242,200,-0.21962108361596697,26,229,51,0,-1.330846154369433,3,1.934661294856368,-0.20679364850592963,-1.0491197753275474,1.0329428669899208,-1.253692139884525,-1.5714275089090157,-0.05862262486971242,1.4669308705422208,True,-0.8294986917115804,-0.4248924100062253,0.9681076612720262,0
243,395,-0.9164370412567239,22,186,68,2,0.6366998593883324,1,1.0244620953927852,-0.20679364850592963,0.694229981678329,0.24277226526220907,-0.4377341192857437,1.529682301923774,1.7120391026579536,-0.7389994811901603,False,1.6106670229350528,-0.9388550115814277,4.119084966363196,0
244,3,-1.2524631218473958,21,208,60,1,0.8053466605675694,2,0.6381100577755286,-0.20679364850592963,-1.108133625029022,1.6906560387492042,0.5321782448222419,-1.4074921885125689,0.437699222997891,-0.6418830506107474,True,0.14432949681837393,-0.7992093150437607,0.5914863330752926,0
245,256,-0.7610424431339688,1,490,62,1,1.8172274676429916,2,-0.9601914853903032,-0.20679364850592963,0.5606651819182326,-1.2704919065420581,1.147995618859058,1.0515376174341369,0.34380049502293897,0.5512616679363268,False,1.3217076250522015,0.7307464739178708,-0.7870967721718214,0
246,410,-1.3148806733331406,30,155,79,1,-1.274630553976354,3,-0.47544820431312024,-0.20679364850592963,0.9878580597853496,1.1646459475086353,-1.2998784429372863,0.5460703795450919,0.7864659269048555,-1.0164749971313403,True,2.30273873311849,0.6251576550222682,0.8586299692847972,0
247,333,0.9868013296607339,14,396,11,2,-1.218414953583275,3,-0.6011506974392071,-0.20679364850592963,-1.2241892906219354,0.9949414796579642,-0.8226199780587538,0.518747826145684,1.4035147107402541,1.383688215759867,True,-2.2109906202826695,-0.5932163075594871,1.0050841380493665,0
248,249,1.5927833156513376,41,204,14,2,0.4680530582090954,0,0.9799010108010979,-0.20679364850592963,-1.364127294176985,0.6472611435926147,-0.791829109356913,0.3274899523498291,0.10234662308734813,-0.6141354990166293,False,-2.9569106098283227,1.56076998099387,1.544971230549065,0
249,124,-0.9571357876107164,1,205,85,0,0.35562185742293734,1,0.6628510710023714,-0.20679364850592963,-0.5063196667174381,-1.6659088948154246,1.2711590936664214,-0.09600962534099243,1.5242416467080497,-1.7517851143754672,True,0.45081612089327827,-0.6344384819124617,-0.600272957986752,0
250,300,1.481444320112319,31,631,4,2,0.6929154597814113,1,0.12563405665017108,-0.20679364850592963,0.45264828464852086,0.57262451188769,0.9786458409989337,-0.16431600883951203,-0.24642008081961642,1.522425973730457,True,-1.0287960354637982,0.18611985963706526,1.7463447767350455,0
251,465,0.29549785684027,15,517,6,1,-1.0497681524040379,1,0.35222372312429456,-0.20679364850592963,0.5519696901715626,-1.4684456295426955,0.5629691135240826,1.406730811626439,-1.426861232504727,0.45414523735691387,False,0.2564718333312926,0.1040813553115297,-0.680992232862339,0
252,39,0.6579564107166004,37,359,19,1,1.2550714637122016,2,0.472401208410713,-0.20679364850592963,-0.2863804481173371,1.5967681522692467,0.16268782040015212,0.710005699941539,1.323030086761724,-0.3782813104666262,True,-0.9443368588339375,0.3108194035040974,0.6262649564699513,0
253,437,0.04002247792476026,39,539,20,0,-1.49949295554867,3,-1.840507443699069,-0.20679364850592963,-1.2654607294130136,0.5248129906056103,-0.9457834528661169,0.9285861271368016,-0.19276366483392957,0.8703585112686838,True,-1.3054832073377738,-0.07366166853580293,1.9054402755961097,0
254,425,0.08328273641056015,1,202,9,2,-1.49949295554867,3,-0.7680260388013285,-0.20679364850592963,-1.266707450479239,1.6251632279995096,-0.26838434142561923,-0.17797728553921596,-0.7963983446729067,1.300445560977513,True,-1.3499901868897992,-0.06396331014593769,0.615322769577226,0
255,254,0.13572508487053359,18,546,42,1,-0.31896534729401077,0,-0.3879037737670492,-0.20679364850592963,0.9494805640224818,-0.5468221275306737,0.8400869318406499,-0.9976538875214511,-1.2256496725584014,1.4808046463392799,False,0.8137554791519482,-0.052648272616133016,-1.828748568370182,0
256,71,-0.14010736354304304,42,147,36,2,0.7491310601744904,0,-1.840507443699069,-0.20679364850592963,-0.9723776394573713,-0.010981117466222845,-0.9457834528661169,-1.7353628293054628,-0.6488432007122678,-1.4743095984342873,True,-0.8322702759143283,0.25786864551802224,-91.06624254773827,0
257,425,0.5569228337197157,38,438,41,2,-1.49949295554867,3,0.537177286385998,-0.20679364850592963,-1.363346523336468,-1.3363784328585537,-1.6539734330084557,-1.1479279312181943,0.5181838469764212,0.3292812551833828,True,-1.920269357056184,0.2991662965439573,-0.7482910904885518,0
258,358,0.8417397396415988,22,134,90,0,0.8053466605675694,0,1.3013479113434747,-0.20679364850592963,1.6502847673286425,0.5907533834797527,-0.5147112910403457,-0.49218664963240616,1.1084044228189767,0.9813487176451559,True,0.8085450276870437,1.0953962520773948,1.6927534546383658,0
259,303,0.45506400483637094,32,486,39,1,0.5242686586021743,1,-1.1795361053656206,-0.20679364850592963,-1.4775747433750208,-0.3769833741605354,1.3481362654210234,-0.1916385622389199,0.5181838469764212,0.0656795150392618,False,-1.9326387482113918,-0.5367644239567749,-2.6526375798151665,0
260,83,-0.9434505091967641,4,13,93,0,-1.218414953583275,3,0.6131765436908184,-0.20679364850592963,-1.1318131430745433,0.7039710937339776,0.33203759826027657,-1.3528470817137532,1.1352326308118201,-0.2811648798872132,True,-0.18836263387777918,-0.5785017223726145,1.4205126699799144,0
261,443,-1.4192477861853585,20,370,60,0,0.8053466605675694,1,0.6996106650189345,-0.20679364850592963,0.5749481926971879,0.375190193088363,-0.03745282616181314,1.3384244281279192,1.3364441907581457,0.911979838659861,True,1.9941959788825465,-0.9929208875197892,2.66531415769993,0
262,192,-1.1899363950614232,39,373,60,2,-1.105983752797117,3,-0.8440511312458903,-0.20679364850592963,-1.38453022627159,-1.382978337468228,0.5629691135240826,1.406730811626439,-1.426861232504727,0.45414523735691387,False,-0.1945938312101667,1.0043671603622508,-0.7230771771439198,0
263,315,1.0347479491787348,34,593,3,1,1.9296586684291497,2,-1.4703801694062202,-0.20679364850592963,0.637736581357997,0.13020846237141903,-0.48392042233850485,-0.7244283535273728,0.9876774868511812,-0.2672911040901542,True,-0.39701136782073776,-1.521472864806167,7.679986490807777,0
264,361,0.9775221076116611,21,251,97,1,-0.09410294572169475,1,0.7838085591320157,-0.20679364850592963,0.6544830543080536,0.24267356431718737,-0.4993158566894253,-0.35557388263536693,1.3901006067438324,-1.3216980646666383,True,-0.3230390533036075,0.7661901946867874,4.120760292690627,0
265,334,-1.5236313137769506,13,466,54,0,-0.03788734532861575,1,0.6381100577755286,-0.20679364850592963,1.0510795733240479,-0.856341544196369,0.5937599822259234,1.4477146417255506,-0.8232265526657501,0.2599123761980878,True,2.5747108871009985,-0.9722444656628145,-1.1677584995765875,0
266,176,-1.0146885123770653,5,215,20,2,1.9296586684291497,2,0.28330532668029007,4.772110297630446,0.21943159699152046,-0.7442249969660412,0.3782239013130378,1.1198440009326565,0.9340210708654944,-1.6269211322019363,False,1.2341201093685856,-0.287466660477722,-1.34367985279271,0
267,419,1.0857037442996698,19,566,96,2,-0.09410294572169475,1,-1.642282406264363,-0.20679364850592963,1.1599677027418098,0.01726715829178631,-0.14522086661825598,-0.6561219700288532,1.4169288147366759,-1.1274652035078123,True,0.07426395844214007,-1.7830321576786905,57.91307358132703,0
268,145,0.2853604511416601,42,491,93,2,-1.0497681524040379,1,-0.9994590305551175,-0.20679364850592963,0.4724114048491443,-0.01980260964620025,-1.3460647459900474,1.529682301923774,1.2425454627831938,0.8703585112686838,False,0.1870509537074842,-0.28520607985681456,-50.498649810878,0
269,169,-0.7549711155990988,10,454,32,1,1.5361494656775965,2,-1.7297564003402095,-0.20679364850592963,0.7377264523065726,-1.4026311429457197,1.5020906089302275,-1.1752504846176022,-1.574416376465366,-1.8905228723460574,True,1.4926975679056715,1.3059161192795292,-0.7129458634395125,0
270,22,-0.08495538745269524,37,603,87,2,0.9177778613537274,2,-0.18564650983431563,-0.20679364850592963,-0.05807386319692559,0.4780943619264555,1.301949962368262,-0.7517509069267806,1.1352326308118201,-0.3089124314813312,True,0.026881524255769645,0.015771671172214882,2.0916368618254952,0
271,259,0.19814950227765277,38,55,57,0,-0.15031854611477377,1,1.6068499798655516,-0.20679364850592963,0.909246309292519,-0.3211069953960923,0.3166421639093562,1.2837793213291036,-0.05862262486971242,1.411435767353985,True,0.7110968070148662,0.31839652374521543,-3.114227736425524,0
272,418,-1.2164093037158052,12,598,80,2,-0.9373369516178799,3,1.197326685405432,-0.20679364850592963,-1.4440515289378746,-0.9316163041720847,-0.376152381882062,-1.4621372953113845,0.39745691100862585,1.2865717851804541,True,-0.22764222522206934,-1.4564393197143746,-1.0734033988692662,0
273,450,-0.1865606573419238,3,643,0,2,-0.5438277488663268,0,0.9233857416348982,-0.20679364850592963,0.220087730472623,-0.4060505304161061,0.3166421639093562,1.6253112388217015,-1.628072792451053,0.7177469775010348,True,0.4066483878145468,-0.17226745093956644,-2.4627482822151805,0
274,449,1.9440568900505317,18,460,73,0,0.5242686586021743,1,0.8543170953229892,6.431744946342571,-1.4401727105139193,1.5778232295341654,-0.9765743215679576,1.0105537873350252,-1.5878304804617878,-1.1552127551019302,False,-3.384229600564451,1.660841035450614,0.6337845190153442,0
275,53,0.7045195531798274,27,438,18,1,0.07454385545754227,0,0.2693247864040974,-0.20679364850592963,0.6088274493854303,1.1080105399773494,1.4405088715265457,0.3957963358483486,-0.004966208884025563,-0.15630089771368225,True,-0.09569210379439708,0.18974457817766716,0.9025184090474461,0
276,398,-0.259618833229797,10,225,48,2,1.7610118672499127,2,-1.685893511431728,-0.20679364850592963,-0.16429313358025835,-0.6777115509755985,0.17808325475107253,-0.5331704797315179,0.49135563898357787,1.2172029061951588,True,0.09532569964953866,0.43768970638759064,-1.4755542326464328,0
277,218,0.5708981695439002,14,211,24,1,1.3675026644983594,2,1.672671906374716,-0.20679364850592963,-0.11341503359370436,0.5815327346665453,0.7785051944369683,-0.7244283535273728,0.49135563898357787,1.161707803006923,True,-0.6843132031376045,0.9549253295968313,1.7195933580833944,0
278,8,-0.9460117219938103,33,509,90,0,1.5361494656775965,2,0.11085360647837106,-0.20679364850592963,-0.6446668497703404,1.6252977311616341,1.1941819219118193,-0.6287994166294454,-0.313490600801725,0.8564847354716248,True,0.30134487222346995,-0.10486881115382801,0.6152718479205004,0
279,440,1.3431717403654266,42,621,70,1,0.7491310601744904,1,-0.9797908625831017,-0.20679364850592963,0.21243442235437668,0.9667318354716009,-0.022057391810892734,-0.9839926108217473,0.4511133269943127,0.911979838659861,True,-1.13073731801105,-1.3160273980898873,1.034412915626057,0
280,131,0.21585818169787838,39,201,83,0,0.018328255064463263,1,0.5880462384367718,-0.20679364850592963,0.46159162965515993,1.324017394925358,-0.23759347272377843,-1.216234314716714,1.1486467348082419,1.1755815788039818,True,0.24573344795728155,0.1269345917832386,0.7552770290670331,0
281,357,-1.2048138182359462,30,468,65,2,-1.105983752797117,3,-0.010337456390444507,-0.20679364850592963,0.4045299950938099,-1.3737633473641069,-0.4377341192857437,1.5160210252240702,1.4705852307223628,-0.7806208085813373,True,1.6093438133297562,0.012454710304619029,-0.7279274663365315,0
282,25,0.5166673896401022,35,270,87,2,-1.0497681524040379,3,-0.7491969517311343,-0.20679364850592963,-0.911302566772015,-1.665607024449945,0.5013873761204011,-0.8063960137255962,-0.7561560326836414,1.078465148224569,False,-1.427969956412117,-0.3870856333772468,-0.6003817499319313,0
283,382,0.626961666650544,30,143,58,1,0.7491310601744904,0,1.1227184347359322,1.4528410002061956,0.9323445567909096,0.04548028476066424,-0.9457834528661169,-1.7353628293054628,-0.6488432007122678,-1.4743095984342873,False,0.30538289014036557,0.70390142102133,21.987500881146786,0
284,446,-1.5327261803738832,36,658,62,1,0.4680530582090954,0,-1.0191957916838013,-0.20679364850592963,1.9297924947161205,0.9015285982772565,1.2095773562627397,-0.45120281953329433,-1.2122355685619797,1.522425973730457,True,3.4625186750900037,1.5621480728406487,1.1092270295010171,0
285,31,-1.189567594154865,36,243,11,0,1.0864246625329645,0,-1.512971918718622,-0.20679364850592963,0.899319489558324,1.5686881142852216,-1.1151332307262414,-1.7490241060051668,-1.5610022724689443,-0.4060288620607443,True,2.088887083713189,1.7997823653739808,0.6374753063696941,0
286,85,-1.2965825047226913,24,262,22,1,1.0302090621398854,2,0.28330532668029007,-0.20679364850592963,0.015732389758201074,-1.5718450442471539,0.7477143257351275,1.0788601708335448,-0.6622573047086895,0.4680190131539728,True,1.3123148944808924,-0.3673287300684108,-0.6361950672424354,0
287,157,-0.3639798528667361,27,638,60,1,-0.4313965480801688,0,-0.21857193818218257,-0.20679364850592963,1.536712835688601,-0.575291419407028,1.5944632150357498,1.4340533650258467,1.2425454627831938,0.8287371838775068,False,1.9006926885553372,0.07955578190034815,-1.7382497636688372,0
288,175,0.1579834608685042,37,320,93,2,-1.274630553976354,3,1.491422182083449,-0.20679364850592963,-1.3748859785042502,0.04551097237532369,0.3782239013130378,-0.5604930331309258,0.7193954069227468,1.633416180106929,False,-1.5328694393727544,0.23562003794159972,21.972674951561995,0
289,91,-1.1776033120118927,41,550,62,1,-1.330846154369433,3,-1.751781892697946,-0.20679364850592963,-1.2407969064085627,0.8079605376819946,0.6861325883314459,0.09524824845486245,-0.8366406566621718,1.439183318948103,True,-0.06319359439666994,2.0629041587635633,1.237684057071095,0
290,422,-1.2262729130248458,4,256,19,0,-1.105983752797117,3,-0.49318295251244687,-0.20679364850592963,-1.3362934627765164,0.14905783998000735,-1.4230419177446496,0.846618466938578,-1.5475881684725226,1.2033291303981,True,-0.11002054975167064,0.6047768958316324,6.708800618968213,0
291,280,1.8135944199153329,29,127,66,2,-1.105983752797117,3,0.24115965527084843,-0.20679364850592963,-1.3772170517937998,0.14977551664198988,-0.3145706444783804,1.229134214530288,-0.15252135284466442,-0.05918446713426923,True,-3.1908114717091327,0.437365805107916,6.676654200598684,0
292,187,0.8663077572106868,19,392,98,0,0.4680530582090954,2,-0.3706226321335793,-0.20679364850592963,-0.39927512572974294,0.9017848725060617,1.301949962368262,-1.216234314716714,-1.2256496725584014,-1.5714260290137003,True,-1.2655828829404296,-0.3210732612151625,1.1089118032439582,0
293,489,0.6370085596720317,9,620,1,2,1.3112870641052805,2,-0.9211999030702372,-0.20679364850592963,0.38420520966849986,1.4002447768114596,0.9170641035952521,1.4203920883261427,-0.07203672886613413,1.06459137242751,True,-0.2528033500035319,-0.5868122234247871,0.7141607989861962,0
294,146,1.4769079495664097,20,368,47,0,-1.274630553976354,3,-1.3233493238148013,-0.20679364850592963,1.1402896282147958,-0.5750988056554421,0.17808325475107253,-0.5331704797315179,0.49135563898357787,1.2172029061951588,True,-0.33661832135161385,-1.9544651363954129,-1.7388319433970838,0
295,268,-1.4464668508761178,13,336,54,1,0.35562185742293734,1,-0.6377279608971212,-0.20679364850592963,0.24231855583848533,0.4409818272063371,0.8862732348934113,-0.3692351593350709,0.10234662308734813,-0.8638634633636911,True,1.688785406714603,0.922452355314507,2.267666628279068,0
296,376,0.9466009144183424,31,523,17,0,-0.6000433492594058,1,-0.07294009438220465,-0.20679364850592963,-0.7904329568154642,0.8350514986105596,0.2858512952075154,-0.014041965142768923,-1.628072792451053,0.7038732017039758,True,-1.7370338712338067,-0.06904516003995512,1.1975307893115799,0
297,108,-1.3084848264832571,37,309,71,0,0.6366998593883324,2,-1.5989242880013395,-0.20679364850592963,0.6009539124011468,-0.08614411793748718,-0.48392042233850485,-0.5468317564312217,1.5376557507044715,1.244950457789277,True,1.909438738884404,2.0921681695452983,-11.608467122182274,0
298,489,1.3725251543852504,28,380,37,1,-0.9935525520109589,3,-0.268553453715343,-0.20679364850592963,-0.9254378285822386,-1.139129110317812,-0.376152381882062,-1.6670564458069432,-0.3537329127909901,0.17666972141573378,True,-2.297962982967489,-0.36859637052134336,-0.877863693174669,0
299,33,-0.0011999313735768628,42,413,58,0,1.5923650660706756,2,-0.3192396785201743,-0.20679364850592963,-0.10667797784827683,0.9666934215426122,-0.7610382406550722,-0.5331704797315179,0.759637718912012,-1.3494456162607564,True,-0.10547804647469997,0.0003830657059469489,1.0344540205506279,0
300,117,-0.00023159447631731754,13,680,40,1,0.35562185742293734,1,1.969551366468625,-0.20679364850592963,0.8373682327451141,1.3052663917978058,-0.7764336750059926,-0.8337185671250041,0.31697228703009556,1.244950457789277,False,0.8375998272214313,-0.0004561372172973584,0.7661270754163406,0
301,482,1.457770696634813,15,113,94,2,-0.31896534729401077,1,-0.04147294009483492,-0.20679364850592963,1.0130529862352593,0.24290045678727584,-1.3768556146918882,0.7236669766412428,1.4705852307223628,1.34206688836869,False,-0.44471771039955366,-0.06045803677354136,4.116911106448251,0
302,461,-1.0628451875771732,31,83,34,2,-1.162199353190196,3,0.8074766543044608,-0.20679364850592963,-0.8333552908800717,-0.05807463562233431,-1.5308099582010923,0.9832312339356172,0.9474351748619161,-0.1424271219166232,True,0.22948989669710151,-0.8582226761084129,-17.21925090375445,0
303,483,-0.25771154626381676,23,467,86,1,-0.4313965480801688,0,-0.45778839002166005,-0.20679364850592963,1.6320432751176905,0.7692645438097143,0.8092960631388092,-1.6533951691072395,1.3901006067438324,-0.3505337588725082,True,1.8897548213815072,0.11797735385410524,1.299942754482501,0
304,302,0.6250723050444863,26,165,92,2,-1.330846154369433,3,-0.4402037724726214,-0.20679364850592963,0.08519887718384035,-0.8380358379453644,0.8862732348934113,0.3001673989504212,0.6925671989299035,0.49576656474809083,True,-0.539873427860646,-0.27515918674874,-1.1932665335391637,0
305,426,0.6804313496281579,41,42,88,1,1.8734430680360705,2,0.24115965527084843,-0.20679364850592963,-0.683074311326978,-0.17988607501581952,1.2095773562627397,-0.45120281953329433,-1.2122355685619797,1.522425973730457,True,-1.363505660955136,0.16409258971180468,-5.559077075975813,0
306,230,0.1507662632140409,8,428,62,1,-0.8249057508317219,0,-0.9601914853903032,-0.20679364850592963,1.610644814174278,-0.18015747540929708,1.255763659315501,0.4914252727462762,0.5986684709549516,0.1350483940245568,True,1.459878550960237,-0.14476448222223537,-5.550702532872238,0
307,384,-0.4978164361304249,13,239,48,1,-0.7686901504386429,1,-1.840507443699069,-0.20679364850592963,0.03195131397515476,0.6381817448639036,1.5790677806848294,-1.3118632516146413,-1.6414868964474745,-0.4337764136548623,False,0.5297677501055796,0.9162348562937892,1.5669515014380526,0
308,65,-1.4490409454126822,28,568,46,2,-0.4876121484732478,1,1.280775265620233,-0.20679364850592963,-0.7733461169838457,0.13051892962185666,0.5629691135240826,-0.6151381399297413,-1.6414868964474745,1.411435767353985,True,0.6756948284288365,-1.8558958017555216,7.661718010754659,0
309,296,0.7901311713074867,36,144,4,1,1.4237182648914386,0,0.8074766543044608,-0.20679364850592963,1.2246278652315492,-0.6499281599332813,0.5937599822259234,0.16355463195338205,1.510827542711628,0.6206305469216218,True,0.43449669392406254,0.6380124746690341,-1.5386318296561243,0
310,381,-1.1659558509232586,29,648,61,0,0.9739934617468065,2,0.4195783825648011,-0.20679364850592963,-0.6833888353294233,-1.3737413654557338,0.6399462852786847,0.16355463195338205,-1.2524778805512449,-1.3078242888695795,True,0.4825670155938353,-0.48920987007234723,-0.7279391142612678,0
311,281,1.9823144563635124,10,96,90,2,-0.9935525520109589,3,0.600636264246138,-0.20679364850592963,-1.4731351722614077,0.7883588782289354,-0.4685249879875845,1.0788601708335448,-0.15252135284466442,0.38477635837161883,True,-3.45544962862492,1.1906499496312941,1.2684576793258835,0
312,217,-0.7336725850239921,9,494,23,1,0.2994062570298583,0,0.485465530333871,-0.20679364850592963,1.910928214528883,-0.1792670992988587,-0.4223386849348233,1.2564567679296956,-0.9037111766442802,1.605668628512811,True,2.644600799552875,-0.3561727505800944,-5.578271538605302,0
313,440,0.9712833941827538,21,331,79,2,-1.443277355155591,3,0.537177286385998,-0.20679364850592963,-0.9631059425301122,1.4652607324993183,0.1165015173473909,-0.8337185671250041,0.23648766305156527,-1.6130473564048773,True,-1.934389336712866,0.5217513779988734,0.6824723474620449,0
314,366,0.4857640647127054,20,149,36,1,0.07454385545754227,0,0.9119708027708356,-0.20679364850592963,0.6400802333588289,-1.3646370466427777,1.332740831070103,0.4914252727462762,-1.520759960479679,0.3292812551833828,True,0.15431616864612352,0.4430026440532701,-0.7327956365685084,0
315,162,1.4072337025683697,38,564,75,1,-1.330846154369433,3,-1.0390009501597688,-0.20679364850592963,-1.1856691706385805,-0.08523796273440476,-0.06824369486365395,-1.1752504846176022,-1.1451650485798712,0.2876599277922058,True,-2.59290287320695,-1.4621171540653854,-11.731875576419958,0
316,198,-1.529591165675244,15,173,64,0,-0.15031854611477377,1,0.4195783825648011,-0.20679364850592963,0.8173503006924759,0.9290637678690835,-1.3922510490428086,-0.49218664963240616,1.0547480068332897,-0.8499896875666323,True,2.3469414663677197,-0.6417833872794276,1.0763522666031742,0
317,306,0.590264557947881,7,152,12,0,-1.387061754762512,3,-0.7869262188093323,-0.20679364850592963,-1.482407728534071,1.0987762884980696,-0.2068026040219376,0.1225708018542703,-0.4878739527552072,0.7177469775010348,True,-2.0726722864819522,-0.46449465668308804,0.9101032844061309,0
318,104,0.41287289398345295,8,418,61,2,0.5242686586021743,1,-1.5773404800409108,-0.20679364850592963,0.5467257606072052,-0.7344725383200652,-0.8995971498133557,0.35481250574923695,0.46452743099073435,1.577921076918693,True,0.1338528666237523,-0.6512411287917398,-1.3615214783107004,0
319,439,-1.3603556300284947,21,28,86,2,1.1426402629260435,2,-1.4703801694062202,-0.20679364850592963,-0.1439674798916087,-1.1106133517341543,-1.1305286650771618,0.9559086805362094,1.5242416467080497,1.522425973730457,True,1.216388150136886,2.0002399417340033,-0.9004034468691613,0
320,436,0.10491080064867214,33,304,59,1,-0.9935525520109589,3,0.537177286385998,-0.20679364850592963,-1.118171988039152,-0.6783184475250869,-1.3460647459900474,-0.3145900525362552,-1.0378522166084974,-0.10080579452544622,True,-1.2230827886878242,0.0563556992050361,-1.474234043128276,0
321,296,-0.18315036899718148,28,406,3,0,0.7491310601744904,2,1.5878438221604099,-0.20679364850592963,-0.5694631294196613,0.34701809226035957,1.1633910532099787,0.9559086805362094,-0.7963983446729067,1.605668628512811,True,-0.38631276042247975,-0.29081418193857406,2.881693301110057,0
322,192,-1.2897446216793027,17,651,94,1,0.1869750562437003,0,-0.9601914853903032,-0.20679364850592963,0.5177495916044733,-1.4680606196821808,0.8092960631388092,-1.6533951691072395,1.3901006067438324,-0.3505337588725082,True,1.8074942132837761,1.2384018040644043,-0.6811708281730028,0
323,244,-0.45386191896015027,20,178,66,1,0.4680530582090954,0,1.925894152550876,-0.20679364850592963,-0.9194913032900958,-0.8004593979015112,-1.0535514933225598,0.7373282533409466,-1.3195484005333533,0.1627959456186748,False,-0.4656293843299455,-0.874090015790873,-1.2492827588131037,0
324,282,0.11248561942138398,21,339,69,0,-0.6562589496524849,1,-0.6377279608971212,-0.20679364850592963,0.6256418471984407,-0.7441704774804228,-1.0535514933225598,1.5433435786234782,-1.520759960479679,0.9952224934422149,True,0.5131562277770567,-0.07173522470384883,-1.3437782936022704,0
325,47,1.2325394731078134,40,218,85,0,-0.31896534729401077,1,0.889026224217017,-0.20679364850592963,1.0489706211253569,1.3239765869271407,1.3481362654210234,-0.2052998389386238,0.5181838469764212,0.9258536144569199,True,-0.18356885198245654,1.095759913975471,0.7553003084374027,0
326,466,0.8472821471092037,20,663,32,1,-0.7686901504386429,0,0.020463420386292647,-0.20679364850592963,1.8961201576938844,1.6254981800488777,-1.1613195337790025,1.1198440009326565,0.39745691100862585,0.1627959456186748,True,1.0488380105846806,0.017338290762096285,0.6151959754580181,0
327,429,1.6286792112638107,20,412,36,1,-0.8811213512248008,0,-0.9601914853903032,-0.20679364850592963,1.2432037960896896,-0.33048826449028323,0.9940412753498541,-1.2845406982152334,-0.313490600801725,0.6483780985157398,True,-0.3854754151741211,-1.5638439110877058,-3.0258269658228603,0
328,260,0.6018268229449256,6,401,45,0,1.6485806664637546,2,0.2693247864040974,-0.20679364850592963,0.7162463660903134,1.164629733130677,-0.40694325058390285,1.4477146417255506,-1.2122355685619797,-1.2245816340872253,True,0.11441954314538783,0.16208688054189865,0.8586419234271798,0
329,312,-1.4258375244055517,18,471,51,2,0.4680530582090954,1,0.035737440378939764,-0.20679364850592963,0.0009810790293238397,-1.270503115138902,0.7939006287878887,-0.1916385622389199,1.3096159827653022,-1.2384554098842842,True,1.4268186034348755,-0.05095578351849847,-0.787089828268272,0
330,85,-0.16644530978921868,23,99,6,1,-1.0497681524040379,3,-0.9994590305551175,-0.20679364850592963,-1.0995085360442116,-0.15195490460929134,0.6707371539805255,0.02694186495634284,-1.3195484005333533,-1.5159309258254643,True,-0.9330632262549929,0.1663552679623787,-6.580904121927676,0
331,138,-0.5348508758128114,30,673,35,1,-1.0497681524040379,1,2.0041607021282135,-0.20679364850592963,0.2682080600605316,1.0986351472349016,-0.868806281111515,1.4203920883261427,1.1486467348082419,-0.2811648798872132,True,0.8030589358733431,-1.0719271068028942,0.9102202050378853,0
332,413,0.35844448461270695,41,384,11,2,-0.4313965480801688,1,-1.058874311958881,-0.20679364850592963,-0.23339501013662692,0.609676541949118,0.45520107306763985,1.1471665543320644,-1.0646804246013408,1.244950457789277,True,-0.5918394947493338,-0.3795476570197358,1.6402137316644279,0
333,185,-0.5942517710082836,1,300,65,1,0.5804842589952534,1,0.19838749507060127,-0.20679364850592963,-0.7528182467714579,0.835687668097436,-0.14522086661825598,-0.6561219700288532,1.4169288147366759,-1.1274652035078123,True,-0.15856647576317429,-0.11789212029160194,1.1966191658837422,0
334,75,1.3092897393162635,16,272,93,0,-1.330846154369433,3,0.7599707599737691,-0.20679364850592963,-0.8627357378026934,-0.7719575684479115,0.3782239013130378,0.7236669766412428,1.2827877747724588,-1.3633193920578153,True,-2.172025477118957,0.9950219182140387,-1.2954081550769734,0
335,139,-1.0168733620036572,11,383,99,0,-0.4313965480801688,1,-1.40697668519828,-0.20679364850592963,-0.2625240889896041,0.9764222659602864,0.1011060829964705,0.5733929329444997,-0.4476316407659421,-0.9332323423489863,True,0.7543492730140531,1.4307171121383362,1.0241469622795107,0
336,328,-0.7505860625872147,10,664,84,1,1.3675026644983594,2,0.7599707599737691,-0.20679364850592963,-0.26100376754456855,-1.599949893494095,0.0857106486455501,0.47776399604657227,1.175474942801085,0.34315503098044187,True,0.48958229504264617,-0.5704234604101246,-0.6250196125317921,0
337,434,-0.4480361550321093,42,655,89,2,1.4799338652845175,2,-1.4703801694062202,-0.20679364850592963,0.584310281827064,-0.31172550865924425,-0.14522086661825598,0.36847378244894086,-0.07203672886613413,1.605668628512811,True,1.0323464368591733,0.6587834775362245,-3.2079515247123402,0
338,53,-1.3166008885160494,26,571,78,1,-1.0497681524040379,3,0.889026224217017,-0.20679364850592963,-0.9965722834485565,1.2017541293756104,-1.5308099582010923,-0.3145900525362552,0.23648766305156527,-0.1979222251048592,True,0.32002860506749287,-1.170492716718193,0.8321168967464879,0
339,295,-1.415220880879545,1,276,4,1,0.7491310601744904,0,0.73595977530185,-0.20679364850592963,1.3574785518553574,0.7034175196354931,-1.7155551704121372,-0.9156862273232276,-1.5610022724689443,-1.0858438761166351,True,2.7726994327349024,-1.041545641494596,1.4216305820121398,0
340,105,2.3702732234027506,35,421,81,2,0.5804842589952534,1,1.5302741201584202,-0.20679364850592963,-0.7060482759313916,-1.186257995405712,-0.791829109356913,-1.380169635113161,1.457171126725941,0.8703585112686838,True,-3.076321499334142,3.6271677714777066,-0.8429870130879004,0
341,169,-1.3922221115889033,36,669,95,0,1.1426402629260435,0,1.9434104844676099,-0.20679364850592963,1.6867280132648068,1.5875720970762983,0.4090147700148786,1.1471665543320644,1.698624998661532,1.189455354601041,True,3.0789501248537103,-2.7056590483695095,0.6298926132881504,0
342,487,-1.4809628770831706,20,579,22,1,-0.9935525520109589,1,-1.1795361053656206,-0.20679364850592963,-0.5110194708113933,-0.6124270242488052,-1.022760624620719,-0.6287994166294454,-0.6622573047086895,0.6206305469216218,True,0.9699434062717773,1.7468491842257474,-1.6328478719752346,0
343,229,1.3955525771901534,35,457,73,2,0.07454385545754227,1,-0.8249389814020169,-0.20679364850592963,-0.25508350835219995,0.7412867978745541,-1.0073651902697986,-1.4894598487107924,-0.3671470167874118,1.0368438208333919,True,-1.6506360855423532,-1.1512457215202048,1.3490053619823013,0
344,154,2.022709152169472,15,302,72,0,0.1307594558506213,1,0.625667627837102,-0.20679364850592963,-0.74707990765298,0.5062215195457556,1.486695174579307,0.10890952515456638,-1.5073458564832574,-0.3921550862636853,True,-2.769789059822452,1.2655436370422692,1.9754193842952092,0
345,437,-1.3874442629311332,15,110,98,0,1.8172274676429916,2,1.4324091610751095,-0.20679364850592963,-0.4151922433592793,0.7227601843265329,-0.34536151318022124,1.037876340734433,0.9876774868511812,0.4263976857627958,True,0.9722520195718539,-1.9873878727036582,1.3835846015415731,0
346,370,-0.3896364965598461,38,275,66,1,-0.15031854611477377,1,1.7282523977937572,-0.20679364850592963,0.594309918845254,-0.24614901430787198,-0.32996607882930085,1.1744891077314723,-0.6756714087051112,0.2876599277922058,True,0.9839464154051001,-0.673390209447513,-4.062581396354424,0
347,32,-0.050908792611735754,22,71,4,0,-0.9935525520109589,3,-1.7297564003402095,-0.20679364850592963,-1.2685540794228107,-0.9137295600361115,-0.8380154124096743,1.0925214475332485,-0.6354290967158461,-0.2811648798872132,True,-1.217645286811075,0.08805980985374229,-1.0944158459775162,0
348,371,0.43817933151684774,26,268,76,1,1.7047962668568335,2,-1.2819289279963564,-0.20679364850592963,0.2681647006054923,-0.6034034508616555,-0.5762930284440273,-1.7490241060051668,0.5047697429799994,0.44027146155985475,True,-0.17001463091135544,-0.5617147607215527,-1.6572662358802075,0
349,28,-1.540219701525281,24,591,34,0,0.4680530582090954,1,0.485465530333871,-0.20679364850592963,0.7391921840901408,-1.2050066044640355,0.9632504066480132,-0.4375415428335904,-0.5817726807301593,1.61954240430987,True,2.2794118856154215,-0.747723574231647,-0.8298710391150805,0
350,38,0.3825332268794888,14,487,19,2,-0.3751809476870898,1,0.3793476208697771,-0.20679364850592963,0.4952996983171929,-1.4401673190979984,-0.022057391810892734,-0.5741543098306296,0.29014407903725214,1.050717596630451,True,0.11276647143770407,0.14511306952037276,-0.6943638118817322,0
351,477,-1.3580346240369323,7,224,65,1,0.5242686586021743,1,0.16951140238744397,-0.20679364850592963,0.917367360509809,1.0990115602104586,0.9170641035952521,1.693617622320221,-1.104922736590606,0.6483780985157398,True,2.2754019845467415,-0.2302023536112056,0.909908453390296,0
352,360,-0.4445344004224725,4,137,3,2,-0.9935525520109589,3,-1.449180960650241,-0.20679364850592963,-1.049560552962608,0.04550999298336648,-0.5608975940931069,-1.6533951691072395,1.2962018787688805,0.6622518743127987,True,-0.6050261525401355,0.6442107894463176,21.973147810651383,0
353,336,0.8364677905473568,7,453,23,0,-0.8811213512248008,0,0.3928177842655264,-0.20679364850592963,1.7960192359174858,-0.048333494394530635,0.03952434559278888,1.4886984718246623,1.2962018787688805,-1.1968340824931072,True,0.959551445370129,0.32857942409229307,-20.689629034478887,0
354,344,-0.5014059887032803,5,376,52,2,-0.09410294572169475,0,-0.7680260388013285,-0.20679364850592963,-1.0374094944907783,-1.4486361213520493,-0.5608975940931069,-1.6533951691072395,1.2962018787688805,0.6622518743127987,True,-0.536003505787498,0.38509285533504406,-0.6903045245738638,0
355,369,1.0435468435253303,23,472,24,0,-0.15031854611477377,1,0.2693247864040974,-0.20679364850592963,-0.7849663685851314,0.9018807440965403,1.2865545280173418,0.8056346368394663,1.2023031507939286,-0.41990263785780324,True,-1.8285132121104617,0.28105303073512966,1.108793923882207,0
356,257,-0.5715382317268465,7,93,93,2,1.3675026644983594,0,0.19838749507060127,3.1124756489183207,0.9191859860924162,-1.3927640954407494,1.1172047501572173,-1.011315164221155,-0.7829842406764849,1.522425973730457,True,1.4907242178192628,-0.11338603812936993,-0.7179967340292591,0
357,454,0.6668288734965789,37,44,1,1,-1.0497681524040379,3,0.9005177508105646,-0.20679364850592963,-0.9113584262862513,0.17716606268813456,-1.6077871299556943,1.3930695349267348,-1.1451650485798712,1.4253095431510439,False,-1.5781872997828303,0.6004912373366817,5.644418690493958,0
358,327,-0.26605505924143125,29,457,12,0,1.3112870641052805,0,1.422485627292018,-0.20679364850592963,1.5240292516724627,0.5909448001967242,-1.2998784429372863,0.5460703795450919,0.7864659269048555,-1.0164749971313403,True,1.790084310913894,-0.37845949783926236,1.6922051441125938,0
359,163,1.2651910863101432,6,666,16,0,-1.218414953583275,3,0.5114292264090835,-0.20679364850592963,-1.3326322671131927,0.9104939522536163,-0.8380154124096743,-1.5850887856087197,-0.407389328776677,-1.7379113385784082,True,-2.597823353423336,0.6470556985312645,1.0983048132218354,0
360,392,0.9255290516554108,2,15,6,1,0.6366998593883324,2,0.7479871380105251,-0.20679364850592963,0.2668176095657163,0.11142111292012105,0.347433032611197,-0.32825132923595907,-0.4878739527552072,1.2033291303981,True,-0.6587114420896945,0.6922838264933261,8.974951661286525,0
361,190,1.5216436728814415,31,387,54,2,0.7491310601744904,2,1.4620277716649481,-0.20679364850592963,-0.8220368010024274,-0.46208981470943294,-1.6847643017102962,-0.3145900525362552,0.10234662308734813,-0.2534173282930952,True,-2.343680473883869,2.2246853083309213,-2.164081926447575,0
362,61,1.6326589607901918,28,399,49,2,-0.4313965480801688,0,-0.8824859019390859,-0.20679364850592963,1.5732146662218356,-0.979353391665416,1.5482769119829887,1.6253112388217015,0.5047697429799994,-0.7806208085813373,False,-0.059444294568356204,-1.4407985155718632,-1.0210819818652712,0
363,473,1.0625593089916547,7,547,10,0,1.3675026644983594,2,0.35222372312429456,-0.20679364850592963,0.07295865445664204,-0.8759359126204135,-0.6686656345495497,0.02694186495634284,0.5718402629621081,1.369814439962808,True,-0.9896006545350127,0.37425859585341836,-1.141636162823896,0
364,268,-0.6594842672131073,33,45,53,0,-0.8249057508317219,1,0.3928177842655264,-0.20679364850592963,-1.3825592781038356,0.5999964494866475,0.6553417196296051,1.4613759184252546,-1.6549010004438962,0.4818927889510318,True,-0.7230750108907283,-0.25905714860462714,1.6666762514811,0
365,90,1.2756115197015228,10,440,46,0,1.9858742688222286,2,-0.564866129107652,-0.20679364850592963,-0.020344807806989017,0.6471586339010927,1.5020906089302275,-0.4238802661338866,-0.5147021607480506,0.0656795150392618,True,-1.2959563275085118,-0.7205497413789285,1.5452159533905527,0
366,328,-0.5528638873803775,28,81,14,0,1.5361494656775965,2,-0.3192396785201743,-0.20679364850592963,-0.33890722567493636,1.465202077803214,-0.9919697559188781,-1.4757985720110882,1.1352326308118201,1.2865717851804541,True,0.21395666170544114,0.17649608967272556,0.6824996680658131,0
367,85,-1.2226405783137697,14,90,12,0,0.9739934617468065,2,0.18398627147097865,-0.20679364850592963,-0.022294325944445616,-1.0734432505312173,0.05491977994370929,-0.8337185671250041,0.8803646548798074,1.0368438208333919,True,1.200346252369324,-0.22494908135307157,-0.9315817046344073,0
368,323,0.34058140300982115,36,352,45,1,-0.9373369516178799,3,-1.491643875679105,-0.20679364850592963,-0.968368995793705,-1.1110331844198145,-0.7610382406550722,-0.9703313341220434,-1.104922736590606,-0.47539774104603927,True,-1.308950398803526,-0.5080261639697968,-0.900063206058534,0
369,265,-0.2507989314770345,37,584,99,0,1.4799338652845175,2,0.035737440378939764,-0.20679364850592963,0.40078419714374985,-0.19904026116575935,0.6707371539805255,0.4914252727462762,1.5913121666901584,-0.08693201872838723,True,0.6515831286207844,-0.008962911860762321,-5.024111687526251,0
370,175,0.03809081267544916,10,3,87,1,-0.2627497469009318,1,0.19838749507060127,-0.20679364850592963,0.5722699729283378,1.361834438926701,-0.637874765847709,0.873941020337986,-0.3403188087945684,0.8287371838775068,False,0.5341791602528887,0.007556740911885866,0.7343035966675712,0
371,318,-0.4912984735580447,28,238,59,0,-1.330846154369433,3,0.472401208410713,-0.20679364850592963,-1.2381526231486089,0.44031377307018693,0.5167828104713215,-0.1916385622389199,-0.47445984875878555,-0.05918446713426923,True,-0.7468541495905642,-0.23208999259915902,2.2711071832174543,0
372,67,-0.3228531377117346,9,0,13,1,-0.15031854611477377,0,1.9955343394275866,-0.20679364850592963,1.8405665967877964,1.2490605020504237,-0.7302473719532313,-1.4348147419119766,0.5315979509728429,1.550173525324575,False,2.163419734499531,-0.6442645228957099,0.800601666851414,0
373,260,-0.4076355047880999,0,189,6,2,-1.387061754762512,3,0.6751506888007894,-0.20679364850592963,-1.220455480806773,0.11135473190968748,-0.868806281111515,0.518747826145684,0.2767299750408304,1.4669308705422208,True,-0.812819976018673,-0.27521539183734317,8.980301823014143,0
374,13,1.2942897086785008,1,242,72,0,1.0864246625329645,0,-0.268553453715343,-0.20679364850592963,-1.1540915705621144,-0.5936815710090104,0.9478549722970928,0.518747826145684,-0.15252135284466442,0.6345043227186808,True,-2.448381279240615,-0.34758597137383657,-1.6844049356979556,0
375,312,2.1121677462228416,12,111,12,1,-0.20653414650785276,0,2.0640702978270924,-0.20679364850592963,1.752977694821146,1.2960566251174563,-0.7764336750059926,-0.8337185671250041,0.31697228703009556,1.244950457789277,True,-0.3591900514016957,4.359662709006959,0.7715711670794146,0
376,129,-0.018042055310990998,28,83,99,2,-0.7124745500455638,0,-1.3441580977555516,-0.20679364850592963,0.9434344294924906,0.045552650944169694,0.6707371539805255,0.4914252727462762,1.5913121666901584,-0.08693201872838723,True,0.9614764848034816,0.024251374746422107,21.952571014330587,0
377,229,-0.784498581356242,31,431,41,1,0.6929154597814113,0,-0.9211999030702372,-0.20679364850592963,1.4068721543020386,1.625548346681353,1.301949962368262,-1.216234314716714,-1.2256496725584014,-1.5714260290137003,True,2.1913707356582806,0.7226800171041087,0.6151769896748112,0
378,405,0.3879069068638123,23,430,94,0,0.8053466605675694,2,-1.3441580977555516,-0.20679364850592963,0.47631905791671364,1.3247259305957402,0.3628284669621174,0.09524824845486245,1.6583826866722668,0.44027146155985475,True,0.08841215105290134,-0.5214082100363019,0.7548730657540501,0
379,482,-1.351755878088881,2,391,48,0,-0.03788734532861575,0,-0.1693034138610984,-0.20679364850592963,-1.3756561056522443,1.164813749997305,0.3166421639093562,1.6253112388217015,-1.628072792451053,0.7177469775010348,True,-0.023900227563363297,0.22885688486725428,0.8585062754896962,0
380,325,-0.6450739744663302,31,153,77,0,-1.0497681524040379,3,0.6751506888007894,-0.20679364850592963,-1.120154042814957,1.0607786010912845,0.03952434559278888,-1.1479279312181943,-1.5341740644761008,1.577921076918693,False,-0.4750800683486268,-0.4355221381884057,0.9427036939667454,0
381,20,-0.1782300865055169,31,104,97,1,0.7491310601744904,1,0.485465530333871,-0.20679364850592963,0.9341663081577388,-0.020164331742398865,0.8554823661915704,-0.8337185671250041,1.2559595667796155,-1.3771931678548743,True,1.1123963946632558,-0.08652456346685246,-49.59276469221106,0
382,186,-1.514657862952295,10,467,83,2,-0.3751809476870898,1,0.537177286385998,-0.20679364850592963,0.9168830922137199,-0.3395207612263765,1.1633910532099787,-1.4757985720110882,1.3096159827653022,1.161707803006923,False,2.4315409551660148,-0.8136398006239288,-2.9453288538845266,0
383,337,-0.7664864737877845,27,372,19,1,0.7491310601744904,2,-0.2351536375112642,-0.20679364850592963,0.6785332569228291,-1.0730678169476178,-0.6840610689004701,-0.9156862273232276,-0.407389328776677,0.03793196344514379,True,1.4450197307106136,0.18024208241437978,-0.931907636588433,0
384,88,-0.9078246969798168,20,269,50,2,1.2550714637122016,2,-0.6745960027047526,-0.20679364850592963,-0.9036784935178191,-0.3492516732492936,0.7323188913842071,0.4504414426471644,-1.3463766085261968,-0.29503865568427223,True,0.004146203461997677,0.6124149117392378,-2.863265555818144,0
385,451,-0.7306666163588197,35,19,66,0,-0.9935525520109589,3,0.6874037218721623,-0.20679364850592963,-0.9024071796468837,0.04613974201185667,0.45520107306763985,1.1471665543320644,-1.0646804246013408,1.244950457789277,True,-0.17174056328806397,-0.502262951532792,21.67324282868215,0
386,318,-0.9496866376472972,12,265,2,2,0.2431906566367793,1,-0.7117529458539462,-0.20679364850592963,0.472469949052242,1.3244583389487627,-0.5762930284440273,0.10890952515456638,-0.4610457447623638,1.369814439962808,True,1.4221565866995391,0.675942261983593,0.7550255792048189,0
387,133,-1.26186442344532,41,660,44,1,0.41183745781601633,1,0.7956636066243687,-0.20679364850592963,0.9470107004671728,-0.45295741999370354,1.332740831070103,0.10890952515456638,0.2633158710444087,-0.6002617232195703,True,2.2088751239124926,-1.004019598229483,-2.2077135214724,0
388,275,-0.7439823956706914,39,18,3,0,-0.2627497469009318,0,-1.1390459728740463,-0.20679364850592963,-1.0624716094908604,-0.5373346488197891,-0.3145706444783804,0.3138286756501251,-0.9976099046192323,0.2182910488069108,True,-0.31848921382016904,0.8474301516778863,-1.8610379738217415,0
389,208,-0.5565424989779661,19,266,46,2,0.6366998593883324,1,1.5878438221604099,-0.20679364850592963,-0.1395031652784631,0.47884468498701194,-0.12982543226733556,0.10890952515456638,0.39745691100862585,-1.4881833742313462,True,0.4170393336995031,-0.8837025687718798,2.0883593835675245,0
390,247,0.8209133412202383,29,127,53,0,-1.443277355155591,3,1.6257663138470562,-0.20679364850592963,-1.3776695205022282,1.6252225356235857,-1.7001597360612166,-0.7927347370258924,-1.6817292084367397,-0.04531069133721022,True,-2.1985828617224668,1.3346132567434974,0.6153003152188484,0
391,114,-0.48494250779940545,38,644,0,2,-1.105983752797117,3,0.19838749507060127,-0.20679364850592963,-0.8372188057075576,-0.4717435724103871,-0.4685249879875845,-0.6561219700288532,-0.5012880567516289,-1.4881833742313462,False,-0.3522762979081521,-0.09620652937557957,-2.1197961572005877,0
392,129,0.05779619683781954,41,7,87,2,0.2431906566367793,1,-0.6194028630245529,-0.20679364850592963,-0.4046721997769345,0.45913442184803027,1.024832144051695,1.3111018747285115,-0.9707816966263889,-0.29503865568427223,True,-0.4624683966147541,-0.035799129793276034,2.1780109149165474,0
393,261,0.024172820196845666,41,36,20,2,-1.274630553976354,3,0.43287030725424697,-0.20679364850592963,-0.8484180850232186,-0.28380717916948844,-0.9303880185151966,1.229134214530288,0.6791530949334817,0.4818927889510318,False,-0.8725909052200642,0.01046369610581025,-3.5235202833076764,0
394,322,-1.5899876520382312,8,522,16,1,1.9858742688222286,2,1.9434104844676099,6.431744946342571,0.7871663520557834,1.522483557562277,1.486695174579307,0.4367801659474605,-0.4878739527552072,-1.1690865308989893,True,2.377154004094015,-3.0899986731451365,0.6568215002065433,0
395,406,1.5722316849181066,7,55,41,0,-0.8811213512248008,0,1.2392862489351955,-0.20679364850592963,0.7628974185757527,-0.33067554599676874,0.6091554165768439,0.6826831465421311,0.5315979509728429,-0.6002617232195703,True,-0.809334266342354,1.9484451072592224,-3.0241132569902747,0
396,37,0.7915141534570881,8,666,14,2,-0.5438277488663268,1,-0.7304391794012987,-0.20679364850592963,0.8360411436793929,0.9197327742286965,1.301949962368262,-1.4211534652122726,0.759637718912012,0.2876599277922058,True,0.044526990222304774,-0.578152948735709,1.0872722156839474,0
397,289,-0.5011904503962329,5,279,5,1,1.2550714637122016,2,1.719041342019685,-0.20679364850592963,0.5594451901465041,-0.4810584604941445,0.5013873761204011,-0.8063960137255962,-0.7561560326836414,1.078465148224569,True,1.060635640542737,-0.8615671044565906,-2.078749860979024,0
398,302,-0.04673007181095915,22,572,87,1,0.9177778613537274,0,0.5499720170437528,-0.20679364850592963,0.7757065165147806,-0.4149157687701725,-0.3145706444783804,0.5597316562447958,1.1486467348082419,1.147834027209864,False,0.8224365883257397,-0.025700231850472616,-2.4101283110470186,0
399,281,0.2752711273441337,24,14,16,0,-1.0497681524040379,3,0.8192481196371983,-0.20679364850592963,-1.5177131805397572,-0.08543068530731925,-0.7456428063041518,0.4914252727462762,-1.6549010004438962,-0.5031452926401574,True,-1.792984307883891,0.22551535346709334,-11.705409677373769,0
400,143,-0.09199869728108157,17,583,95,2,-1.218414953583275,3,0.29721907485255783,4.772110297630446,-1.4417593776274436,0.6473096779051611,0.5321782448222419,1.4477146417255506,1.1218185268153984,0.4263976857627958,True,-1.349760680346362,-0.02734376769352359,1.5448553909323341,0
401,126,-0.45928089444481657,34,50,27,2,-0.2627497469009318,0,1.3522922991925097,-0.20679364850592963,1.6524280427874265,-0.9223319948816582,-1.1767149681299232,1.1608278310317683,-0.5549444727373157,1.189455354601041,False,2.111708937232243,-0.6210820167239733,-1.084208412990323,0
402,288,1.409503139755959,30,556,73,1,-0.03788734532861575,0,-1.5773404800409108,-0.20679364850592963,0.8740325338834557,-0.3774233387919828,-0.868806281111515,0.518747826145684,0.2767299750408304,1.4669308705422208,True,-0.5354706058725033,-2.223266359081835,-2.649545383587657,0
403,19,0.599896539378697,25,42,34,0,-0.15031854611477377,0,0.472401208410713,-0.20679364850592963,-1.2848569739414146,-0.8095751429539678,-0.637874765847709,-0.0003806884430649987,0.11576072708376985,0.49576656474809083,True,-1.8847535133201117,0.28339185012390133,-1.235215942862087,0
404,226,1.0221095970336036,42,652,62,1,1.5923650660706756,2,0.472401208410713,-0.20679364850592963,0.24348902216670626,1.0987971821931568,-0.022057391810892734,0.9285861271368016,-1.5341740644761008,-1.6269211322019363,True,-0.7786205748668973,0.48284580876686123,0.9100859787385337,0
405,51,0.00716900387926131,39,108,49,1,-0.9935525520109589,1,0.2693247864040974,-0.20679364850592963,0.7763736533174496,1.522516639246165,1.6406495180885112,0.696344423241835,0.6254966789477949,-0.3089124314813312,True,0.7692046494381882,0.001930790438512198,0.6568072285990919,0
406,396,0.6346827746236419,7,453,77,0,0.35562185742293734,1,0.5114292264090835,-0.20679364850592963,0.8727702047943583,0.9106737250884297,0.1011060829964705,-1.3118632516146413,0.2767299750408304,1.0229700450363328,True,0.23808743017071643,0.32459532044093986,1.09808800083048,0
407,206,-0.09044973967617438,21,585,42,0,0.07454385545754227,0,0.485465530333871,-0.20679364850592963,0.43398141536823,0.18692853289633984,1.3173453967191826,-0.341912605935663,-1.2658919845476666,0.12117461822749778,True,0.5244311550444044,-0.04391023084045457,5.349635229796732,0
408,175,0.09943753625443406,33,82,75,1,1.9858742688222286,2,1.1867614863444798,-0.20679364850592963,-0.5919208401429242,0.5720219681913447,-0.2529889070746988,-1.6943789992063512,1.1084044228189767,-0.04531069133721022,True,-0.6913583763973583,0.11800863832374527,1.7481843019830738,0
409,134,1.450112217140975,40,559,25,1,0.7491310601744904,0,-1.1189017032627826,-0.20679364850592963,1.5369961500531713,-0.15192225821071745,-1.4384373520955698,0.2591835688513095,-1.6146586884546312,0.5928829953275039,False,0.0868839329121962,-1.622533029681207,-6.582318285743352,0
410,28,0.7156388363668243,29,266,18,0,1.0864246625329645,0,-0.8440511312458903,-0.20679364850592963,0.659868121468427,0.7796217225786072,-0.19140716967101717,1.2974405980288075,-0.5951867847265809,1.61954240430987,False,-0.055770714898397356,-0.6040357693989107,1.2826731769673787,0
411,208,0.15516829473175778,9,587,13,2,0.7491310601744904,1,0.21271612150727617,-0.20679364850592963,-0.014876280553147107,-1.073552833609097,1.6252540837375906,-0.41021898943418267,1.5510698547008932,1.439183318948103,True,-0.17004457528490488,0.03300679783623743,-0.9314866132734575,0
412,416,0.15688675318532705,35,436,7,0,-1.49949295554867,3,1.8372118535501083,-0.20679364850592963,-1.0407639338974288,1.2959305011976325,-1.3460647459900474,-0.3145900525362552,-1.0378522166084974,-0.10080579452544622,False,-1.197650687082756,0.28823420261707305,0.7716462587393579,0
413,395,-0.4756917965237346,37,28,96,0,-1.218414953583275,3,0.9233857416348982,-0.20679364850592963,-1.0602124416430954,-1.233058893009273,-0.6070838971458681,-0.9566700574223395,0.5181838469764212,-0.9609798939431042,True,-0.5845206451193607,-0.43924702232270574,-0.8109913376956712,0
414,489,-0.8730459347569651,9,431,99,1,0.9177778613537274,2,-0.3022664678409858,6.431744946342571,-0.8822988913593678,-0.4801801635511785,-1.222901271182684,-0.49218664963240616,1.2693736707760372,0.6483780985157398,True,-0.009252956602402662,0.2638925109619196,-2.082552100569286,0
415,297,-0.0995369088721101,28,148,87,1,1.9858742688222286,2,1.8012087709607636,-0.20679364850592963,-0.4668758897858915,1.042150130779713,1.2711590936664214,1.5843274087225898,0.9071928628726509,0.8564847354716248,True,-0.3673389809137814,-0.17928675329476695,0.9595545540990024,0
416,429,1.2477830396825522,18,135,34,1,-0.8811213512248008,1,-0.8440511312458903,-0.20679364850592963,1.0288599767567475,1.3055496537160984,-1.099737796375321,1.2427954912299917,1.3632723987509892,0.3154074793863238,True,-0.21892306292580477,-1.0531926861934937,0.7659608507095299,0
417,270,1.5025309088809906,0,214,35,2,0.8053466605675694,0,-1.302606210010628,-0.20679364850592963,0.40440233877635373,0.3087709863684702,-0.022057391810892734,1.2837793213291036,-1.6951433124331614,-1.4881833742313462,False,-1.0981285701046368,-1.9572060926412913,3.2386452104736767,0
418,360,0.267333629716239,12,217,30,0,1.5361494656775965,2,-0.1530404922217351,-0.20679364850592963,0.7828804088804379,0.7790410519693064,-0.34536151318022124,1.037876340734433,0.9876774868511812,0.4263976857627958,True,0.5155467791641989,-0.04091287027919628,1.2836292376495655,0
419,475,-0.3491719190516142,23,581,56,0,0.018328255064463263,1,0.485465530333871,-0.20679364850592963,0.06297820623233703,-0.9037436796403324,0.7477143257351275,-0.9566700574223395,1.6181403746830016,-1.1274652035078123,True,0.41215012528395123,-0.16951093086008737,-1.1065085523462033,0
420,314,1.7188117177183087,5,18,17,1,0.4680530582090954,2,1.6539749880754304,-0.20679364850592963,0.3064429738515057,1.4936975956197558,-1.2844830085863659,-0.49218664963240616,1.6449685826758451,-0.05918446713426923,True,-1.412368743866803,2.8428715903170496,0.6694795090951026,0
421,231,-1.6021134136603268,27,640,1,1,-0.6000433492594058,1,-0.3192396785201743,-0.20679364850592963,-0.34752645319458614,0.9384867155321206,1.147995618859058,1.0515376174341369,0.34380049502293897,0.5512616679363268,True,1.2545869604657407,0.5114581711297818,1.0655450704792284,0
422,329,-0.591708872922256,11,77,69,0,0.6929154597814113,1,0.31106692419765586,-0.20679364850592963,0.848423398377614,-0.04858334816494942,1.332740831070103,-1.5714275089090157,1.323030086761724,0.1905434972127928,True,1.44013227129987,-0.1840610591203878,-20.583226477670014,0
423,258,1.872406644300243,7,228,4,2,-1.162199353190196,3,0.5243298950584547,-0.20679364850592963,-1.1314352473618305,-0.9416719390394835,0.8246914974897296,0.4914252727462762,-0.9573675926299672,-1.8905228723460574,True,-3.0038418916620735,0.9817587793126997,-1.0619410696405787,0
424,263,-0.5871534719790981,40,430,10,1,-0.8249057508317219,1,0.19838749507060127,-0.20679364850592963,-0.30192515821637333,-1.4300290888422078,0.5167828104713215,1.3520857048276231,-0.6086008887230027,1.2172029061951588,True,0.28522831376272473,-0.11648390652793975,-0.6992865234218982,0
425,484,-0.6808700180720879,41,263,78,2,0.7491310601744904,0,-1.4280464114595173,-0.20679364850592963,-1.4317808217605246,-0.12368464694290911,0.5013873761204011,-0.8063960137255962,-0.7561560326836414,1.078465148224569,True,-0.7509108036884367,0.9723139859782218,-8.085084391840677,0
426,226,-0.6156749330260021,33,371,32,0,0.4680530582090954,2,-0.9211999030702372,-0.20679364850592963,-0.1583886728465401,-1.5896796629667374,1.3943225684737848,-1.2845406982152334,1.564483958697315,-0.6002617232195703,True,0.45728626017946195,0.5671596886263279,-0.6290575933012257,0
427,194,0.8510331574342176,30,674,24,0,1.2550714637122016,2,1.61631929993183,-0.20679364850592963,0.2505355737527182,0.46948615955049416,-0.5147112910403457,-0.49218664963240616,1.1084044228189767,0.9813487176451559,True,-0.6004975836814994,1.3755413172428494,2.1299877891153662,0
428,180,1.3524298080799837,15,15,14,2,-0.9935525520109589,1,1.9782297698019935,-0.20679364850592963,-1.3162045522253218,-0.6119376547341827,-0.9919697559188781,0.6007154863439075,-0.5951867847265809,1.5362997495275161,True,-2.6686343603053055,2.6754169079114205,-1.6341536685624503,0
429,352,0.3898912258664106,19,603,84,1,-0.5438277488663268,0,1.6257663138470562,-0.20679364850592963,0.7289795350672305,-0.481104927201448,-1.253692139884525,-0.7790734603261885,1.6583826866722668,-1.0858438761166351,True,0.33908830920081984,0.6338720210781444,-2.0785490883908353,0
430,438,0.4020838215467591,4,523,33,1,-0.4876121484732478,1,-0.4226946174867851,-0.20679364850592963,0.3154978527847813,-1.6000396710901732,-0.006661957459972327,-0.17797728553921596,-0.6086008887230027,0.5790092195304448,False,-0.08658596876197777,-0.1699586671463321,-0.6249845429251845,0
431,493,0.9121213980627716,10,650,67,1,-1.162199353190196,3,-1.1795361053656206,-0.20679364850592963,-0.7923981174416203,-0.4810204818504702,-0.8380154124096743,-0.014041965142768923,0.11576072708376985,-1.5436784774195824,False,-1.704519515504392,-1.0758801214916065,-2.0789139872889204,0
432,281,-0.7347809213554614,19,138,37,0,0.2994062570298583,1,0.005104994666132303,-0.20679364850592963,-1.386971385983256,-1.467953648316187,-0.006661957459972327,-0.17797728553921596,-0.6086008887230027,0.5790092195304448,True,-0.6521904646277946,-0.0037510526842954093,-0.6812204658294861,0
433,470,-0.8576772819792184,42,497,73,0,1.1988558633191224,2,0.7599707599737691,-0.20679364850592963,-0.7281176499372686,-0.0017029021701968233,-0.2068026040219376,-1.6943789992063512,-1.158579152576293,-0.05918446713426923,True,0.12955963204194987,-0.6518096557979832,-587.2672806638554,1
434,215,-0.9043700291027517,33,260,54,1,-0.31896534729401077,1,0.8074766543044608,-0.20679364850592963,0.5160848419782178,-1.402527762683569,0.6707371539805255,0.02694186495634284,-1.3195484005333533,-1.5159309258254643,True,1.4204548710809695,-0.7302576853531177,-0.7129984146527417,0
435,447,1.507144350869888,29,100,53,2,1.7047962668568335,2,-0.04147294009483492,-0.20679364850592963,0.7904625875105702,-0.02026564439930648,0.7323188913842071,-0.7790734603261885,-1.668315104440318,1.2033291303981,False,-0.7166817633593179,-0.06250570737789572,-49.34483773523605,0
436,352,0.7036058475533213,31,446,57,2,-0.15031854611477377,1,0.36581652871821657,-0.20679364850592963,0.2936723984297913,-1.524930754819213,1.3789271341228642,0.9422474038365055,1.457171126725941,-1.4049407194489922,True,-0.40993344912353,0.2573906487377947,-0.6557675241426334,0
437,78,-0.27168176182736603,34,122,24,2,-0.5438277488663268,0,-0.057165238718669,-0.20679364850592963,1.2126704839191387,1.3337820415601351,-0.6686656345495497,0.02694186495634284,0.5718402629621081,1.369814439962808,True,1.4843522457465048,0.015530752770369954,0.7497476303216148,0
438,487,-1.508820887767107,20,306,69,0,-0.6000433492594058,1,0.5627146920237458,-0.20679364850592963,0.6426904412115572,-1.1956629875495333,-0.3607569475311417,-0.23262239233803164,1.5913121666901584,0.024058187648084785,True,2.151511328978664,-0.8490356811788623,-0.836356142197792,0
439,415,0.11026229837429356,16,157,18,1,0.5804842589952534,2,0.4984746518105413,-0.20679364850592963,-0.5575764374698868,0.7228018628953788,-1.6539734330084557,1.4477146417255506,-0.3403188087945684,-1.4049407194489922,False,-0.6678387358441804,0.054962960789955995,1.3835048205932223,0
440,38,1.995321056012388,2,76,59,1,0.8615622609606484,1,0.6751506888007894,-0.20679364850592963,1.1181872746349357,1.2306027724033932,1.6252540837375906,-0.4375415428335904,0.813294134897699,1.647289955903988,False,-0.8771337813774522,1.3471423853454823,0.8126098373612431,0
441,346,-0.8007643162273763,0,257,14,1,0.5242686586021743,1,0.08105364782325122,-0.20679364850592963,-0.7811196205072026,-1.3179758756251132,1.486695174579307,0.10890952515456638,-1.5073458564832574,-0.3921550862636853,True,0.019644695720173688,-0.06490486887692033,-0.7587392867867409,0
442,68,0.3818149630891742,31,429,46,1,1.3112870641052805,2,0.600636264246138,-0.20679364850592963,0.7190452781805824,1.2305243122254874,-0.8842017154624353,-0.5331704797315179,-0.6220149927194244,-0.04531069133721022,True,0.3372303150914082,0.22933191306315867,0.8126616506465172,0
443,269,-0.46655126650148854,24,531,59,2,-1.443277355155591,3,0.050926704720317545,-0.20679364850592963,-1.4644769844803713,0.9207472066537156,1.5944632150357498,1.4340533650258467,1.2425454627831938,0.8287371838775068,True,-0.9979257179788827,-0.023759918586011484,1.0860743146068095,0
444,276,0.1975950240922744,7,575,2,2,-0.4876121484732478,0,-1.3859719465647844,-0.20679364850592963,1.2234640156010785,1.4467199721785817,1.255763659315501,1.4886984718246623,0.34380049502293897,0.8564847354716248,True,1.0258689915088042,-0.273861160172685,0.6912187224264632,0
445,475,-1.1643082839691055,34,532,38,0,1.8172274676429916,2,-1.365032361609816,-0.20679364850592963,0.798375430755102,0.7037514922929039,-1.3614601803409678,0.8192959135391702,0.9340210708654944,-1.2384554098842842,False,1.9626837147242076,1.5893184865082202,1.4209559323935377,0
446,120,-1.4379647853871615,14,520,26,1,-0.6000433492594058,1,1.719041342019685,-0.20679364850592963,1.1513735296125431,1.6342329416299772,1.301949962368262,0.518747826145684,0.9608492788583377,1.34206688836869,True,2.5893383149997047,-2.4719209144489946,0.6119078335379905,0
447,70,-0.9594513649743706,4,135,95,1,-1.330846154369433,3,-1.664056411114758,-0.20679364850592963,-1.0405037588874784,-1.1012319738186347,1.4251134371756253,-0.6014768632300375,-0.7695701366800631,-1.3494456162607564,True,-0.08105239391310781,1.5965811950384068,-0.9080739704095172,0
448,91,-0.9857330377664566,22,284,65,0,-0.3751809476870898,0,1.7374428195258163,-0.20679364850592963,1.4929552066780518,0.6565062772047525,0.5013873761204011,-1.1069441011190826,0.8401223428905423,-1.3633193920578153,True,2.478688244444508,-1.7126547884367003,1.5232144495804616,0
449,402,1.3721191325904485,12,278,33,0,-1.274630553976354,3,-0.1530404922217351,-0.20679364850592963,-1.5043274935916613,-1.6935679030791753,0.8092960631388092,-1.188911761317306,-0.9707816966263889,-0.2672911040901542,True,-2.87644662618211,-0.20998978743850244,-0.5904694209359915,0
450,489,1.4586921502417523,13,30,74,2,-0.9373369516178799,3,1.4620277716649481,-0.20679364850592963,-1.5077732410598481,0.2715525684956439,-1.2844830085863659,-0.49218664963240616,1.6449685826758451,-0.05918446713426923,True,-2.9664653913016004,2.1326484339631007,3.6825268760562424,0
451,117,-1.1239237140387266,25,78,42,0,0.7491310601744904,1,0.6874037218721623,-0.20679364850592963,0.6684808584833152,1.4274307387598746,-1.1459240994280822,0.47776399604657227,-0.313490600801725,-1.5159309258254643,True,1.7924045725220417,-0.7725893441306044,0.7005593355883928,0
452,267,-1.1289902344586462,21,358,7,1,-0.9935525520109589,3,0.5114292264090835,-0.20679364850592963,-1.3805441434570618,-0.6689965948763005,0.8246914974897296,-0.32825132923595907,0.7193954069227468,1.369814439962808,True,-0.25155390899841557,-0.5773986022325952,-1.4947761425639503,0
453,231,-0.6803273279047203,2,588,36,2,1.2550714637122016,2,0.485465530333871,-0.20679364850592963,0.7497237132877667,-0.7909274112672375,-0.8380154124096743,1.0925214475332485,-0.6354290967158461,-0.2811648798872132,True,1.430051041192487,-0.3302754670418904,-1.264338689225161,0
454,260,1.2362136770974756,11,209,44,0,-1.387061754762512,3,1.934661294856368,4.772110297630446,-1.1996858187892543,0.9864338281896103,0.424410204365799,0.9968925106353214,-1.0780945285977626,0.7593683048922117,True,-2.43589949588673,2.391654753252554,1.013752641127508,0
455,303,0.04351318479240877,5,214,1,0,0.1869750562437003,0,-1.1795361053656206,-0.20679364850592963,0.8515186625436296,1.2017541293756104,0.5013873761204011,-1.1069441011190826,0.8401223428905423,-1.3633193920578153,True,0.8080054777512209,-0.051325372522092384,0.8321168967464879,0
456,429,-0.12771801416376766,27,484,98,1,0.5242686586021743,2,0.19838749507060127,-0.20679364850592963,0.17695271371096155,-1.3650877845857547,-0.8995971498133557,0.14989335525367814,-0.3000764968053033,0.3709025825745598,True,0.3046707278747292,-0.02533765690534144,-0.7325536749703057,0
457,286,-0.7907990712875751,30,415,10,2,0.35562185742293734,1,-0.20206945745702398,-0.20679364850592963,-0.5133699291357358,0.37497995028154724,1.1787864875608989,1.679956345620517,-1.0915086325941843,-1.4465620468401692,True,0.27742914215183934,0.15979633929259873,2.6668085388787146,0
458,20,0.30758955489369305,26,304,41,1,0.9739934617468065,2,-0.04147294009483492,-0.20679364850592963,-0.8721006091887396,0.704492347897874,-0.022057391810892734,0.9285861271368016,-1.5341740644761008,-1.6269211322019363,False,-1.1796901640824327,-0.012756643183903068,1.4194616322487024,0
459,493,0.6740096214587024,25,236,38,1,1.3112870641052805,2,1.7830899206543975,-0.20679364850592963,0.797759250641763,-1.467809786519805,0.45520107306763985,1.1471665543320644,-1.0646804246013408,1.244950457789277,True,0.12374962918306065,1.201819762447098,-0.6812872330683499,0
460,146,-1.562580519834266,11,223,62,2,1.1988558633191224,2,-0.9406610984409725,-0.20679364850592963,0.0233837776604765,0.44016174967416116,1.147995618859058,1.3247631514282154,1.0815762148261332,-0.9054847907548683,True,1.5859642974947423,1.4698587081897663,2.271891579745656,0
461,198,1.3850770676952129,1,269,79,2,1.3112870641052805,2,-0.3022664678409858,-0.20679364850592963,-0.7848468978921046,-0.5187123813239464,0.7631097600860479,-0.9566700574223395,0.18283124706587842,0.9674749418480969,True,-2.1699239655873175,-0.418662352939782,-1.9278510187721574,0
462,72,-1.477170260729892,29,610,58,0,-1.49949295554867,3,-0.3534180473878296,-0.20679364850592963,-0.8053497086645123,0.6566421950441484,-1.3152738772882067,0.2865061222507173,-0.729327824690798,-0.10080579452544622,True,0.6718205520653797,0.5220586292065296,1.5228991606956517,0
463,412,0.41407880115290896,18,121,13,2,1.9858742688222286,2,0.40622778730442793,6.431744946342571,-0.16463367833314388,0.9861655836146617,-0.4531295536366641,1.4886984718246623,-0.004966208884025563,-0.5586403958283933,True,-0.5787124794860529,0.1682103151620164,1.0140283895649567,0
464,180,0.8635341141898735,36,546,18,1,-1.218414953583275,3,0.3793476208697771,-0.20679364850592963,-0.8673438278667391,0.9673462406927612,0.424410204365799,1.5433435786234782,1.5376557507044715,-0.11467957032250523,True,-1.7308779420566127,0.3275796117578189,1.0337559134031087,0
465,175,1.259749165982295,38,158,4,0,-0.9935525520109589,3,1.6351911693495274,-0.20679364850592963,-1.2825639571772867,0.31857197932699266,1.4251134371756253,-0.6014768632300375,-0.7695701366800631,-1.3494456162607564,True,-2.5423131231595817,2.059930711809681,3.13900704076947,0
466,61,0.8705735307184876,14,38,14,0,-0.5438277488663268,0,1.5011713183792659,3.1124756489183207,1.5754925135672255,1.2959090633959025,1.101809315806297,-1.4348147419119766,-0.5281162647444724,-0.4060288620607443,True,0.7049189828487379,1.3068800148547643,0.7716590238312083,0
467,296,-1.0453284100259048,13,114,34,0,-1.0497681524040379,3,-1.3441580977555516,-0.20679364850592963,-0.9582511732619665,1.3339255768925316,0.424410204365799,1.5433435786234782,1.5376557507044715,-0.11467957032250523,True,0.0870772367639383,1.4050866471502554,0.7496669547058772,0
468,216,0.5764492962063171,18,126,24,0,-0.03788734532861575,0,-0.3534180473878296,-0.20679364850592963,0.6841117129795171,1.1368821443054626,-1.5462053925520127,0.2865061222507173,-0.876882968651437,-1.8350277691578212,True,0.10766241677319999,-0.20372758468332522,0.879598573210996,0
469,34,-0.9708838227026546,29,395,99,2,0.8053466605675694,1,-0.9994590305551175,-0.20679364850592963,1.0921247408736847,-1.3366044547580136,0.7477143257351275,-0.9566700574223395,1.6181403746830016,-1.1274652035078123,False,2.0630085635763393,0.9703586042200418,-0.7481645532877571,0
470,366,-1.5776930257105264,9,177,53,2,1.0302090621398854,2,-1.3441580977555516,-0.20679364850592963,0.5238103581416913,-1.2992311841346187,1.3789271341228642,0.9422474038365055,1.457171126725941,-1.4049407194489922,True,2.1015033838522177,2.1206688562812617,-0.7696860183006412,0
471,393,-0.026843857672145643,41,600,12,0,1.1426402629260435,2,1.9083055912122904,-0.20679364850592963,-0.13205027463983077,1.36250717237998,-0.052848260512733544,0.3001673989504212,-1.6817292084367397,0.8981060628628018,True,-0.10520641696768512,-0.05122628368546247,0.7339410366986409,0
472,211,0.8103669482098437,8,111,54,0,0.8615622609606484,1,-1.1189017032627826,-0.20679364850592963,-1.4035766753019223,0.1873071222984683,-0.7610382406550722,-0.9703313341220434,-1.104922736590606,-0.47539774104603927,True,-2.213943623511766,-0.9067209586198572,5.338822431558623,0
473,459,-1.298008705966788,7,407,12,2,0.5242686586021743,2,0.8309784133015728,-0.20679364850592963,0.10109596973409633,-0.9320537659129747,-1.2075058368317637,-0.7517509069267806,-0.7963983446729067,-0.5308928442342753,False,1.3991046757008843,-1.0786172149359092,-1.0728995942744024,0
474,217,-0.8308796174445634,33,388,53,1,-0.9373369516178799,3,-0.07294009438220465,-0.20679364850592963,-1.4720371900441902,-1.3270751886569543,0.8708778005424909,-1.011315164221155,1.4035147107402541,1.4253095431510439,False,-0.6411575725996268,0.06060443771665655,-0.7535368635485686,0
475,459,2.138897112207907,28,546,81,0,-1.49949295554867,3,0.7838085591320157,-0.20679364850592963,-1.145385085342394,0.5728301841987053,-1.638577998657535,-0.3145900525362552,0.7730518229084338,-0.6973781537989833,True,-3.2842821975503007,1.676485863651309,1.7457177589673605,0
476,437,-1.1311639867364596,33,643,78,0,0.5804842589952534,1,-1.3233493238148013,1.4528410002061956,-0.5908157372984589,0.9669918096255775,-1.222901271182684,-0.5741543098306296,1.2559595667796155,0.953601166051038,False,0.5403482494380006,1.4969250969713486,1.0341348154476322,0
477,52,-1.4275113607922392,27,584,86,2,0.5242686586021743,2,-0.5288762138917308,-0.20679364850592963,0.5569966015902886,-0.4624475104164741,0.5167828104713215,-0.12333217874040028,-0.8634688646550153,0.5790092195304448,True,1.9845079623825277,0.754976803783232,-2.1624080435425364,0
478,387,0.5351017892922187,13,677,39,2,-1.330846154369433,3,1.7374428195258163,-0.20679364850592963,-0.9150205558920418,0.1401945604098554,-1.253692139884525,-1.5714275089090157,-0.05862262486971242,1.4669308705422208,True,-1.4501223451842606,0.9297087615211818,7.132939279402842,0
479,345,0.47885319048797786,29,442,67,2,0.5242686586021743,2,-0.8824859019390859,-0.20679364850592963,0.28752048202144276,0.13965273901485753,1.5482769119829887,-0.8337185671250041,0.29014407903725214,1.508552197933398,False,-0.1913327084665351,-0.42258118970419206,7.160613468757416,0
480,302,-0.4108689230260213,28,96,48,0,-1.49949295554867,3,-0.3534180473878296,-0.20679364850592963,-1.4449133781949755,1.4655051452033083,-0.3145706444783804,0.5733929329444997,1.0279197988404463,-1.2800767372754611,True,-1.0340444551689543,0.14520849250819692,0.682358526708153,0
481,226,0.5827182659965113,14,171,66,1,1.3675026644983594,2,0.5499720170437528,-0.20679364850592963,-0.6321373275758428,-0.6030183321798123,0.4398056387167194,0.7646508067403546,-0.7829842406764849,1.300445560977513,False,-1.2148555935723542,0.3204787401183394,-1.6583246519515065,0
482,146,0.6404564004654743,28,467,51,0,0.9739934617468065,0,0.9347629233820862,-0.20679364850592963,1.3697593797802778,-1.6370034470541233,1.486695174579307,0.4367801659474605,-0.4878739527552072,-1.1690865308989893,True,0.7293029793148036,0.5986748971978748,-0.6108723001694252,0
483,301,-0.7459697084387127,30,190,14,2,0.5804842589952534,2,-1.862844008126029,-0.20679364850592963,0.2648619367273443,-0.6125359543987134,-1.099737796375321,1.2427954912299917,1.3632723987509892,0.3154074793863238,True,1.010831645166057,1.3896252016085766,-1.6325574949104569,0
484,325,1.0930860478560982,25,50,1,0,0.5804842589952534,2,0.25527654064195265,-0.20679364850592963,-0.15163959902568871,-0.41486908442021186,1.5790677806848294,-1.3118632516146413,-1.6414868964474745,-0.4337764136548623,True,-1.2447256468817869,0.27903922492068867,-2.4103995178080644,0
485,395,-0.1260148201509813,28,534,64,1,0.7491310601744904,1,-0.2853709610732421,-0.20679364850592963,0.7070409887876841,-0.2553421313249487,1.332740831070103,0.10890952515456638,0.2633158710444087,-0.6002617232195703,True,0.8330558089386654,0.03596097033595729,-3.91631567592332,0
486,146,2.128928303091069,26,403,14,0,0.07454385545754227,1,-0.9018081025139288,-0.20679364850592963,-0.20624765056456262,-1.5997663119127814,1.6252540837375906,-0.41021898943418267,1.5510698547008932,1.439183318948103,True,-2.3351759536556314,-1.9198847933987553,-0.6250913368174822,0
487,126,1.4054143239365129,12,647,58,0,-1.0497681524040379,3,1.422485627292018,-0.20679364850592963,-1.3819758767955928,-1.120518595525456,-0.4685249879875845,1.0788601708335448,-0.15252135284466442,0.38477635837161883,True,-2.787390200732106,1.999181676190018,-0.8924439926634679,0
488,458,0.4391700944390029,25,376,63,2,0.4680530582090954,0,0.8074766543044608,-0.20679364850592963,1.2218404146541662,-1.2047755767834611,-0.4223386849348233,1.2564567679296956,-0.9037111766442802,1.605668628512811,True,0.7826703202151633,0.35461959852818015,-0.8300301751408689,0
489,252,-0.26254730968239726,23,128,7,0,0.6929154597814113,2,0.4195783825648011,-0.20679364850592963,0.19389771035763426,-0.940916174912498,1.1326001845081377,-1.0386377176205628,0.9876774868511812,-1.6407949079989952,True,0.4564450200400315,-0.1101591755432802,-1.062794043658991,0
490,164,-1.6448354451273375,20,486,28,0,0.018328255064463263,1,0.33856840262911453,-0.20679364850592963,-0.03360840305849174,0.6567359990293841,1.1326001845081377,0.9695699572359133,0.6925671989299035,-1.5159309258254643,True,1.6112270420688457,-0.5568893092445112,1.5226816395169067,0
491,314,1.017388827595375,18,640,22,0,-0.8249057508317219,0,0.2693247864040974,6.431744946342571,0.24222829741763593,-1.0640640490422693,-0.8226199780587538,-0.5331704797315179,1.0145056948440245,0.7732420806892708,True,-0.7751605301777391,0.2740080286820395,-0.9397931401586049,0
492,211,-1.0174853958295138,33,404,39,1,-1.218414953583275,3,-0.5109923747150832,-0.20679364850592963,-0.9244816914083808,1.427790937357473,-1.4384373520955698,0.2591835688513095,-1.6146586884546312,0.5928829953275039,True,0.09300370442113304,0.5199272786528396,0.7003826006995952,0
493,73,0.06313827716863854,9,93,90,1,1.8172274676429916,2,0.9005177508105646,-0.20679364850592963,0.8351303938242738,-1.3831152346995812,1.301949962368262,-0.7517509069267806,1.1352326308118201,-0.3089124314813312,True,0.7719921166556353,0.0568571393459564,-0.7230056087971335,0
494,492,1.323265181669273,11,645,43,2,0.8615622609606484,1,0.06603168307879083,-0.20679364850592963,-0.1491434318362151,0.7225986934749208,-0.29917521012746007,1.3520857048276231,0.5047697429799994,0.7732420806892708,True,-1.4724086135054881,0.08737742710518401,1.3838938135934031,0
495,37,1.2794892591755658,6,149,8,0,-0.9935525520109589,3,-1.1592575015304638,-0.20679364850592963,-1.3320701510839124,0.33689847045175597,0.1318969516983113,-0.46486409623299824,-1.3463766085261968,-0.4476501894519213,True,-2.611559410259478,-1.4832575218269304,2.9682524287920673,0
496,112,0.35163276959123285,4,584,96,1,-0.8249057508317219,1,-0.8632335084751533,-0.20679364850592963,0.9510019903437328,1.0328404661197272,-1.5000190894992516,-0.0003806884430649987,0.04869020710166129,0.23216482460396978,False,0.5993692207524999,-0.30354118938907515,0.9682036442051208,0
497,322,0.4923804306966554,30,267,32,1,1.7610118672499127,2,0.7838085591320157,-0.20679364850592963,-0.647517249199504,1.361662501227545,0.33203759826027657,-1.3528470817137532,1.1352326308118201,-0.2811648798872132,False,-1.1398976798961593,0.3859319959291468,0.7343963174860612,0
498,445,1.3138839321789213,8,269,46,1,-1.443277355155591,3,0.06603168307879083,-0.20679364850592963,0.5895596188199991,0.3087305048342386,0.5321782448222419,-0.21896111563832774,0.33038639102651723,-1.5159309258254643,True,-0.7243243133589222,0.08675796741195403,3.239069869787975,0
499,321,-0.3189069299448101,30,615,8,1,0.1869750562437003,0,0.43287030725424697,-0.20679364850592963,0.29406598031076636,-0.13340663561688276,-0.376152381882062,1.4886984718246623,-0.5147021607480506,1.591794852715752,True,0.6129729102555765,-0.13804534075071856,-7.495884630958431,0
500,428,-0.5783663647557171,40,190,73,1,-0.2627497469009318,0,-1.0191957916838013,-0.20679364850592963,1.0444097197413942,0.0641588128833826,1.332740831070103,0.10890952515456638,0.2633158710444087,-0.6002617232195703,True,1.6227760844971113,0.5894685650104853,15.586299004436588,0
501,280,0.21462744503520512,10,210,30,1,0.6929154597814113,1,-0.9211999030702372,-0.20679364850592963,0.40856092803772154,-1.5810157440705432,-1.5000190894992516,-0.0003806884430649987,0.04869020710166129,0.23216482460396978,True,0.19393348300251642,-0.19771478156264363,-0.6325048102783866,0
502,101,1.531490016361068,33,275,13,2,1.1426402629260435,2,0.14033640788738985,-0.20679364850592963,0.2785405488032347,0.7981553006916575,-0.9149925841642762,1.693617622320221,1.6449685826758451,-1.4326882710431104,True,-1.2529494675578334,0.2149238076115122,1.2528888473766262,0
503,78,-0.3770713974153532,29,586,66,0,-0.31896534729401077,1,0.45928101948352285,-0.20679364850592963,0.3310122612477098,-0.8100991176510787,-1.7001597360612166,-0.697105800127965,-0.16593545684108613,-1.807280217563703,True,0.708083658663063,-0.17318173582300003,-1.2344170011457962,0
504,50,-1.6196456260220573,35,468,91,2,-0.09410294572169475,0,0.6628510710023714,-0.20679364850592963,1.8706182886105527,0.7692991489922026,0.5783645478750031,1.6253112388217015,0.04869020710166129,0.7454945290951528,False,3.49026391463261,-1.073583837853027,1.2998842795050431,0
505,93,-1.0034391503899653,14,572,25,2,-0.2627497469009318,0,1.0244620953927852,-0.20679364850592963,1.2048015886008188,-1.0641623147019768,0.3166421639093562,0.16355463195338205,-0.5549444727373157,1.314319336774572,False,2.208240738990784,-1.02798537460766,-0.9397063588468553,0
506,323,0.990010266358216,3,458,38,1,-0.31896534729401077,1,0.020463420386292647,-0.20679364850592963,-0.7070647301830493,-0.19869442698353335,-1.3152738772882067,0.2865061222507173,-0.729327824690798,-0.10080579452544622,True,-1.6970749965412653,0.02025899626723373,-5.032856323486651,0
507,485,-1.2815942433814305,12,407,47,0,0.6929154597814113,2,-1.2202938111117605,-0.20679364850592963,0.7957864688887788,-0.6589109253222137,0.9170641035952521,0.09524824845486245,-0.6488432007122678,0.8981060628628018,True,2.0773807122702093,1.563921523554819,-1.5176560493007385,0
508,348,-0.5334655516878516,26,23,14,1,-1.443277355155591,3,-0.7117529458539462,6.431744946342571,-1.3960552305832685,0.6756281434201042,0.6245508509277643,0.1362320785539742,0.49135563898357787,1.2865717851804541,False,-0.8625896788954169,0.37969567792542896,1.4801039029065606,0
509,262,-0.7636830080987915,34,286,4,0,0.8053466605675694,2,-0.9994590305551175,-0.20679364850592963,0.42056790522895965,-1.045415337963582,0.347433032611197,-0.3145900525362552,1.4035147107402541,-0.017563139743092215,True,1.1842509133277512,0.7632698789258342,-0.9565577042362147,0
510,165,0.878221210791519,1,437,30,0,-1.105983752797117,3,0.6996106650189345,-0.20679364850592963,-1.1987583755338502,-0.6128421776173365,0.4398056387167194,0.2728448455510134,1.3364441907581457,0.5790092195304448,True,-2.0769795863253693,0.6144129253155886,-1.6317417431386099,0
511,151,1.8907920750510303,36,613,56,0,0.35562185742293734,1,-0.9601914853903032,-0.20679364850592963,-1.3893645660165796,0.7040551037996411,0.7785051944369683,-0.7244283535273728,0.49135563898357787,1.161707803006923,True,-3.28015664106761,-1.8155224511074624,1.4203431699719082,0
512,11,-1.565945335800065,19,299,36,2,0.1869750562437003,0,1.8550979737486308,-0.20679364850592963,1.3557272342946711,-0.2833919169796287,1.332740831070103,0.10890952515456638,0.2633158710444087,-0.6002617232195703,True,2.921672570094736,-2.90498201944382,-3.528683399040714,0
513,464,-1.0263296107297286,24,629,38,2,-0.20653414650785276,1,-0.45778839002166005,-0.20679364850592963,0.7489468906090347,-0.8474024161601971,-1.7309506047630576,0.9559086805362094,-0.6756714087051112,0.6345043227186808,True,1.7752765013387632,0.46984178012751954,-1.180077020005401,0
514,125,1.0940692995005339,37,612,63,2,0.07454385545754227,1,0.889026224217017,-0.20679364850592963,-0.7721114531227112,-1.2615719310597162,-0.9611788872170373,0.9285861271368016,-0.5281162647444724,1.078465148224569,True,-1.866180752623245,0.9726562983667164,-0.7926619597712509,0
515,475,0.6318014336005617,18,129,67,0,1.0302090621398854,2,0.45928101948352285,-0.20679364850592963,-1.1528983056828888,-1.5809335839674656,0.3166421639093562,0.16355463195338205,-0.5549444727373157,1.314319336774572,True,-1.7846997392834505,0.29017440653521726,-0.632537681149259,0
516,90,-1.0322104409470878,11,161,42,1,0.35562185742293734,2,-0.6377279608971212,-0.20679364850592963,0.6069550701410864,-1.3273337481336596,-1.0535514933225598,1.6116499621219977,-0.5012880567516289,1.2310766819922179,False,1.6391655110881742,0.6582694597219046,-0.7533900774730471,0
517,120,0.6143299275977971,4,630,27,0,-1.49949295554867,3,0.6505043648705744,-0.20679364850592963,-1.3194031232982226,-0.8100610301860758,-0.2068026040219376,0.9559086805362094,0.5181838469764212,-1.8350277691578212,True,-1.9337330508960198,0.399624299372991,-1.2344750409951188,0
518,65,-0.2592372123479197,35,1,35,1,-0.8249057508317219,0,-0.4226946174867851,-0.20679364850592963,1.4444435760890175,-1.5805823087188107,-0.8842017154624353,-0.8337185671250041,1.3498582947545674,0.07955329083632079,True,1.7036807884369372,0.1095781743117444,-0.6326782589882374,0
519,13,-0.5708713357871585,6,257,14,1,0.8615622609606484,0,0.33856840262911453,-0.20679364850592963,1.9160412130965514,-0.08535026634549892,0.33203759826027657,-1.3528470817137532,1.1352326308118201,-0.2811648798872132,True,2.48691254888371,-0.19327899626420714,-11.71643879347561,0
520,96,-0.45773120569941256,21,212,66,2,0.5242686586021743,1,-0.6745960027047526,-0.20679364850592963,0.1839988226682836,1.4937176187442147,-1.1305286650771618,-1.6124113390081276,-1.3597907125226185,-0.47539774104603927,True,0.6417300283676961,0.3087836416780506,0.6694705347946941,0
521,340,1.082921976295408,28,342,6,2,0.5804842589952534,0,-1.1592575015304638,-0.20679364850592963,1.8165727268550114,1.4374997586506888,0.9940412753498541,-1.2845406982152334,-0.313490600801725,0.6483780985157398,True,0.7336507505596033,-1.255385424592647,0.6956522423164976,0
522,355,0.9181789281591657,23,516,9,2,0.2994062570298583,1,1.133471172798824,-0.20679364850592963,-0.6468867651243124,-1.073353799399125,1.3173453967191826,-0.341912605935663,-1.2658919845476666,0.12117461822749778,True,-1.565065693283478,1.0407293465397367,-0.9316593407744446,0
523,41,0.4820562248689921,25,139,20,2,0.8615622609606484,2,-0.21857193818218257,-0.20679364850592963,-0.4182909217165177,-1.4587179821596357,-0.4685249879875845,0.7373282533409466,1.1352326308118201,-0.9471061181460453,True,-0.9003471465855097,-0.10536396338240163,-0.6855335169535987,0
524,291,0.018829487352776356,0,37,37,2,-0.9373369516178799,3,-1.0191957916838013,-0.20679364850592963,0.8154171473332894,-0.4808775994460452,-1.3922510490428086,1.7346014524193327,1.175474942801085,1.009096269239274,True,0.7965876599805131,-0.01919093426951302,-2.079531691859084,0
525,309,1.3233846616159293,26,447,52,1,-1.387061754762512,3,-0.4226946174867851,-0.20679364850592963,-1.4029010637630337,0.9294181989362673,-0.5608975940931069,-1.6533951691072395,1.2962018787688805,0.6622518743127987,True,-2.726285725378963,-0.5593875733296237,1.0759418026786374,0
526,171,0.57291047914161,33,402,98,1,-0.2627497469009318,1,0.36581652871821657,-0.20679364850592963,0.4377021124539477,-0.08634380507543075,1.1941819219118193,-0.6287994166294454,-0.313490600801725,0.8564847354716248,True,-0.13520836668766228,0.20958012274587398,-11.581620213383125,0
527,359,-0.41610826188484173,30,417,95,0,1.4799338652845175,2,-0.49318295251244687,-0.20679364850592963,0.42599048789567806,0.9666918980440121,-0.4685249879875845,1.0788601708335448,-0.15252135284466442,0.38477635837161883,True,0.8420987497805198,0.2052175011611887,1.0344556508416154,0
528,335,-1.2347631759774147,39,33,12,1,0.4680530582090954,1,-1.491643875679105,-0.20679364850592963,0.7125903623597916,-0.9032354840358656,-1.1305286650771618,0.873941020337986,-0.3671470167874118,-1.5159309258254643,True,1.9473535383372063,1.8418269293607916,-1.107131117396849,0
529,261,1.840383212646035,29,28,69,2,-1.330846154369433,3,0.2693247864040974,-0.20679364850592963,-1.0745570672713367,-1.5904169274678643,-0.40694325058390285,-1.0659602710199707,-0.729327824690798,-0.9332323423489863,False,-2.9149402799173716,0.49566081564757997,-0.6287659830612587,0
530,364,1.0982910817233809,23,541,97,0,-1.274630553976354,3,0.22697317476508913,-0.20679364850592963,-0.9930359096667657,0.3463747405657969,-0.3145706444783804,0.5597316562447958,1.1486467348082419,1.147834027209864,True,-2.0913269913901464,0.24928261363493973,2.887045717196198,0
531,31,-1.2533082112094172,8,365,95,1,-1.0497681524040379,3,-0.805897272154619,-0.20679364850592963,-0.984393530544465,-1.3364585253563883,0.9170641035952521,1.693617622320221,-1.104922736590606,0.6483780985157398,True,0.26891468066495217,1.0100376685826544,-0.7482462462184963,0
532,75,-0.5832771298424037,25,553,86,1,-1.49949295554867,3,0.31106692419765586,1.4528410002061956,-0.811315387153473,0.5062883358415035,-0.9919697559188781,-1.3528470817137532,-1.1988214645655582,0.6761256501098578,True,-0.2280382573110693,-0.18143822273491325,1.9751586826941785,0
533,432,1.0023087539189255,24,670,35,2,-0.9373369516178799,3,1.5878438221604099,-0.20679364850592963,-0.8933471643341336,1.4368866592854712,-0.376152381882062,-1.6670564458069432,-0.3537329127909901,0.17666972141573378,True,-1.895655918253059,1.5915097628074644,0.6959490673414483,0
534,150,0.08242427515347342,12,338,73,0,0.4680530582090954,0,1.3522922991925097,-0.20679364850592963,-1.234142943851528,-0.9408866843324529,1.2865545280173418,0.8056346368394663,1.2023031507939286,-0.41990263785780324,True,-1.3165672190050013,0.11146171255656662,-1.062827355232711,0
535,159,1.9497160175867074,40,653,49,2,-0.8249057508317219,1,-1.3859719465647844,-0.20679364850592963,0.7868527907540604,1.4932141024568768,-0.26838434142561923,-1.4211534652122726,-0.5012880567516289,0.1350483940245568,True,-1.162863226832647,-2.702251704143188,0.669696282257856,0
536,123,-1.1029270023315842,5,525,42,2,1.7610118672499127,2,-0.6011506974392071,-0.20679364850592963,0.6399883670710027,1.4935222844594143,-0.6840610689004701,-0.6287994166294454,-0.876882968651437,-0.017563139743092215,False,1.742915369402587,0.6630253366761659,0.6695580932735424,0
537,307,1.270459792841519,7,193,55,0,1.3112870641052805,2,0.6751506888007894,-0.20679364850592963,0.500752200619604,0.11117789725074563,-1.4846236551483312,-0.5604930331309258,-1.6012445844582095,0.05180573924220279,True,-0.7697075922219151,0.8577518042306599,8.99458548209541,0
538,181,-1.0805481222020414,6,463,1,2,-0.5438277488663268,1,0.8774958557738228,-0.20679364850592963,0.2794164731417112,-0.20786904437475157,-0.7610382406550722,-1.544104955509608,-1.6951433124331614,-0.9748536697401633,True,1.3599645953437527,-0.9481764991964776,-4.81072342483817,0
539,402,-0.13957437600926054,27,529,14,1,-0.8249057508317219,1,-0.9797908625831017,-0.20679364850592963,0.967257947287969,1.6626637107560143,0.7477143257351275,0.3138286756501251,0.7059813029263252,0.4263976857627958,True,1.1068323232972295,0.13675369826461156,0.6014444973968005,0
540,91,0.09868940068630871,23,386,2,2,-1.443277355155591,3,0.9119708027708356,-0.20679364850592963,-1.5069564165315883,-0.6687170328831795,-0.8380154124096743,0.054264418355750674,1.6181403746830016,1.605668628512811,True,-1.605645817217897,0.09000185196886562,-1.4954010446370638,0
541,310,-1.030541618159808,39,419,65,2,-0.03788734532861575,1,0.6751506888007894,-0.20679364850592963,1.1110481309327331,-1.195083187510861,0.4705965074185602,-0.5058479263321101,0.31697228703009556,-0.04531069133721022,False,2.141589749092541,-0.6957708833384745,-0.8367619042143897,0
542,462,0.9008516566821289,26,270,32,2,0.5804842589952534,1,-0.805897272154619,-0.20679364850592963,0.9612126797796504,-0.38691604092663917,-1.4230419177446496,-0.4238802661338866,0.3706287030157824,-0.6141354990166293,False,0.06036102309752156,-0.725993892736097,-2.5845407082609815,0
543,312,1.1198367940258886,6,60,47,0,-0.03788734532861575,1,-0.1530404922217351,-0.20679364850592963,-1.3589932517926397,1.3900806470794669,0.6553417196296051,0.6143767630436114,0.5852543669585298,0.05180573924220279,False,-2.4788300458185284,-0.1713803741657318,0.719382670467871,0
544,143,0.6750407438179611,15,310,48,0,-0.6000433492594058,1,-0.8440511312458903,-0.20679364850592963,-1.2326137731059168,0.37476742222683124,-0.022057391810892734,-0.9839926108217473,0.4511133269943127,0.911979838659861,True,-1.9076545169238779,-0.5697689034566172,2.6683208674489713,0
545,43,-0.03730398560202605,36,92,12,1,-1.49949295554867,3,0.9119708027708356,-0.20679364850592963,-1.4232900168014362,0.638289586800526,-1.06894692767348,0.9422474038365055,-0.004966208884025563,-1.071970100319576,False,-1.38598603119941,-0.034020145696031394,1.5666867578772479,0
546,4,0.8024894293271926,42,657,1,1,-0.5438277488663268,0,0.485465530333871,-0.20679364850592963,0.9586092667378077,-0.46190351259490464,-0.052848260512733544,0.3001673989504212,-1.6817292084367397,0.8981060628628018,True,0.15611983741061508,0.38958095639565105,-2.1649547778444607,0
547,451,-0.7620823525948475,13,160,51,0,-1.162199353190196,3,1.1655389904582623,4.772110297630446,-0.945723307485542,-0.809385358556925,1.6560449524394316,1.0651988941338408,-1.104922736590606,-1.0164749971313403,True,-0.18364095489069454,-0.888236695889456,-1.235505575902046,0
548,39,-0.5511002467332751,5,36,24,1,-0.9935525520109589,3,0.8192481196371983,-0.20679364850592963,-1.5208240713255896,-0.5747062871232556,-0.4377341192857437,1.5160210252240702,1.4705852307223628,-0.7806208085813373,True,-0.9697238245923145,-0.45148784086783167,-1.7400195480852425,0
549,253,-0.9543080643829253,5,593,14,2,-0.31896534729401077,0,-1.3859719465647844,-0.20679364850592963,0.5212019387521541,-1.731595407529991,0.4398056387167194,0.2728448455510134,1.3364441907581457,0.5790092195304448,True,1.4755100031350794,1.3226442056152745,-0.5775021424760243,0
550,351,-0.9240572738668991,33,388,46,2,-1.330846154369433,3,0.7956636066243687,-0.20679364850592963,-1.021105983553099,-1.571846785388411,-0.2068026040219376,0.1225708018542703,-0.4878739527552072,0.7177469775010348,True,-0.09704870968619983,-0.735238743252419,-0.6361943625264541,0
551,460,-0.6905027971701837,31,653,97,0,0.6366998593883324,0,1.890643953049121,4.772110297630446,0.7434961257467275,-0.7722169984952454,-1.0073651902697986,-0.5331704797315179,0.5450120549692647,0.7316207532980938,True,1.4339989229169112,-1.3054949380333116,-1.2949729563657781,0
552,156,0.17366407282385593,14,94,53,1,0.5242686586021743,1,0.8309784133015728,-0.20679364850592963,0.8460823564851483,-0.27332344119545754,1.6252540837375906,-0.41021898943418267,1.5510698547008932,1.439183318948103,True,0.6724182836612924,0.1443110956826566,-3.6586703339210436,0
553,84,1.2570353874374982,16,660,99,0,1.0864246625329645,0,0.22697317476508913,-0.20679364850592963,0.7084608739153004,1.4935536250020451,0.3166421639093562,1.2837793213291036,-0.05862262486971242,1.411435767353985,True,-0.5485745135221978,0.2853133126787528,0.6695440433511226,0
554,318,-1.223757814112041,29,611,10,0,-0.6000433492594058,0,0.4984746518105413,-0.20679364850592963,1.2108281725866314,-0.8759020691872252,1.2403682249645807,-0.5468317564312217,-0.6354290967158461,-1.1413389793048714,True,2.4345859866986723,-0.6100122502899288,-1.1416802737958551,0
555,428,2.031259964710457,2,373,69,1,-1.443277355155591,3,-0.7117529458539462,-0.20679364850592963,-0.852353469285069,-0.4809315748250207,-0.791829109356913,1.679956345620517,0.5852543669585298,-0.8916110149578094,True,-2.883613433995526,-1.4457552636778508,-2.0792983041166813,0
556,81,-1.6340360135957663,11,263,11,0,-0.6562589496524849,1,-1.512971918718622,-0.20679364850592963,-0.43932657673898723,1.6906619151009477,-0.022057391810892734,-0.5741543098306296,0.29014407903725214,1.050717596630451,False,1.1947094368567792,2.472250602745315,0.5914842772050397,0
557,397,1.4960112120113844,17,117,15,2,-0.7686901504386429,0,0.3928177842655264,-0.20679364850592963,0.68210163384011,-0.0010603122249342354,0.7323188913842071,0.4504414426471644,-1.3463766085261968,-0.29503865568427223,True,-0.8139095781712744,0.5876598095386967,-943.2073847875407,1
558,313,0.23964526906248246,2,389,64,1,1.0302090621398854,0,0.050926704720317545,-0.20679364850592963,1.3891027344315146,-1.1955629807485684,1.255763659315501,1.3384244281279192,1.0279197988404463,1.355940664165749,True,1.1494574653690321,0.012204343855166094,-0.8364261019661952,0
559,29,0.6074663753658885,13,426,42,1,-1.0497681524040379,3,1.0022523781171095,-0.20679364850592963,-1.220047377029353,1.0513433566181183,0.8246914974897296,0.4914252727462762,-0.9573675926299672,-1.8905228723460574,False,-1.8275137523952414,0.6088346193366425,0.9511639547524497,0
560,112,-1.3823805452079998,41,45,3,1,1.9858742688222286,2,-1.2819289279963564,-0.20679364850592963,-0.19622208482457987,-1.1387961170523584,-0.9457834528661169,0.5597316562447958,-0.1391072488482427,0.38477635837161883,False,1.1861584603834199,1.7721136104015098,-0.878120387695405,0
561,297,-0.585885502629075,40,12,3,0,1.2550714637122016,0,-0.8632335084751533,-0.20679364850592963,0.5719417355599586,1.5688531962406769,0.8092960631388092,-0.669783246728557,0.9206069668690726,0.2876599277922058,True,1.1578272381890335,0.5057559979992251,0.6374082282876439,0
562,214,-0.688713295407609,41,469,2,2,-0.4313965480801688,0,1.925894152550876,-0.20679364850592963,1.118336142807522,-1.3358331291810412,1.5020906089302275,-1.1752504846176022,-1.574416376465366,-1.8905228723460574,True,1.807049438215131,-1.3263889084095581,-0.7485965522300865,0
563,221,-1.5315123347436312,13,518,52,2,-0.4313965480801688,1,-0.9018081025139288,-0.20679364850592963,0.46052346480044654,1.248774628420245,-1.2690875742354455,-0.014041965142768923,0.03527610310523958,0.2182910488069108,True,1.9920357995440778,1.381130232571831,0.8007849432259443,0
564,408,0.6388143070620068,15,50,44,1,-1.330846154369433,3,0.08105364782325122,1.4528410002061956,-1.4216220906252066,-1.4964941093414326,-0.4993158566894253,1.6389725155214054,1.457171126725941,0.1489221698216158,True,-2.0604363976872135,0.05177822986905817,-0.6682285353351154,0
565,84,-1.3599686945614322,3,52,63,1,-0.9373369516178799,3,-0.805897272154619,-0.20679364850592963,-0.9144131053229585,-1.3178945860926643,0.3936193356639582,-1.4348147419119766,1.1486467348082419,-0.47539774104603927,False,0.4455555892384737,1.0959950611627365,-0.7587860868625621,0
566,214,0.4809894901266184,10,572,82,0,0.8615622609606484,0,0.537177286385998,-0.20679364850592963,-1.2824878069349757,0.1959685383041051,1.6252540837375906,-1.325524528314345,0.34380049502293897,-0.10080579452544622,True,-1.763477297061594,0.2583766290864017,5.102857317649955,0
567,236,0.5875749867302416,20,178,47,2,1.7047962668568335,2,-1.302606210010628,-0.20679364850592963,-0.6469357992188005,-0.9690807670688295,0.7323188913842071,0.5460703795450919,-0.004966208884025563,-0.003689363946033215,False,-1.234510785949042,-0.765378826561725,-1.0319058402276169,0
568,294,-0.28009051169088045,41,340,40,1,0.41183745781601633,2,-0.6194028630245529,-0.20679364850592963,0.399527058242143,0.2719899214152054,0.6245508509277643,-1.0932828244193786,1.4303429187330976,0.39865013416867784,False,0.6796175699330235,0.17348886484734335,3.6766054680861013,0
569,455,-0.23818529730877652,28,138,88,1,-1.162199353190196,3,-0.9018081025139288,-0.20679364850592963,-1.2467940823048014,-1.4015287828872083,0.6861325883314459,0.09524824845486245,-0.8366406566621718,1.439183318948103,True,-1.0086087849960248,0.21479743101274376,-0.7135066247377526,0
570,419,0.2481576588147079,3,5,79,0,-0.2627497469009318,1,0.3793476208697771,-0.20679364850592963,0.3394891095123389,0.07412945829316069,0.9786458409989337,-0.16431600883951203,-0.24642008081961642,1.522425973730457,False,0.09133145069763102,0.0941380174719733,13.489895569663222,0
571,429,-1.2446790985411509,0,407,26,2,-1.162199353190196,3,-1.840507443699069,-0.20679364850592963,-1.1963359487895937,-0.6784413068050533,-1.253692139884525,-0.7790734603261885,1.6583826866722668,-1.0858438761166351,True,0.04834314975155718,2.290841145881635,-1.4739670732991679,0
572,466,-0.5744303247828135,34,238,61,1,0.41183745781601633,1,1.578306680802934,-0.20679364850592963,0.717652573152563,-0.9982597916501801,0.8862732348934113,-0.3692351593350709,0.10234662308734813,-0.8638634633636911,False,1.2920828979353765,-0.9066272192605138,-1.0017433423029865,0
573,456,0.5886515508068721,26,78,22,1,0.35562185742293734,2,0.7479871380105251,-0.20679364850592963,0.3708789866261274,1.4650834625550622,0.5937599822259234,1.4477146417255506,-0.8232265526657501,0.2599123761980878,True,-0.21777256418074475,0.44030378877348947,0.6825549242092579,0
574,186,0.047565397786942416,12,557,58,2,-1.0497681524040379,1,0.625667627837102,-0.20679364850592963,0.18751521239683072,0.5720298033270024,0.3012467295584358,1.2974405980288075,0.437699222997891,0.2044172730098518,False,0.1399498146098883,0.0297601296004844,1.7481603569741135,0
575,12,-1.3207135976771922,39,597,2,0,1.5361494656775965,2,0.020463420386292647,-0.20679364850592963,-0.23714451187585245,-1.2707281576464045,1.1633910532099787,1.6389725155214054,0.16941714306945668,-0.6280092748136883,True,1.0835690858013398,-0.02702631755916136,-0.7869504367851632,0
576,340,-0.7011882215515957,10,514,38,0,1.4237182648914386,0,1.3825332066107927,-0.20679364850592963,-1.031795828725779,0.3085320147309094,-0.5147112910403457,1.6253112388217015,-1.6146586884546312,-0.7389994811901603,True,-0.33060760717418325,-0.9694160003794465,3.241153683052294,0
577,12,0.17526400995769242,14,100,57,2,-0.8811213512248008,0,0.4461042836433006,-0.20679364850592963,0.703742562010822,1.6439077018473474,0.4705965074185602,-0.5058479263321101,0.31697228703009556,-0.04531069133721022,True,0.5284785520531295,0.07818602561062869,0.6083066208921488,0
578,292,-1.176409203803193,9,625,48,0,-1.443277355155591,3,0.8774958557738228,-0.20679364850592963,-0.9743247248594492,1.4652692205629476,-0.6994565032513905,1.7209401757196288,1.5778980626937367,0.9952224934422149,True,0.20208447894374382,-1.0322942010314844,0.6824683940122394,0
579,190,0.524891598163228,5,99,37,0,1.3675026644983594,2,-1.751781892697946,-0.20679364850592963,0.3960876783561714,-0.6503304723850402,1.2865545280173418,-1.4348147419119766,0.02186199910881786,-0.2395435524960362,True,-0.12880391980705652,-0.9194955972916292,-1.537679989222357,0
580,373,-0.5992707871513597,22,22,70,2,0.5242686586021743,1,0.7719110874194387,-0.20679364850592963,-1.2092380345496685,1.108000310772463,-0.052848260512733544,1.5706661320228859,-1.5073458564832574,-1.3910669436519334,True,-0.6099672473983088,-0.46258376496870907,0.9025267412155844,0
581,203,-0.8639808188186582,19,543,3,1,1.2550714637122016,0,-1.9077023575485814,-0.20679364850592963,0.32892001711349605,-0.7253719194322811,0.5937599822259234,0.16355463195338205,1.510827542711628,0.6206305469216218,False,1.1929008359321542,1.648218244937108,-1.3786033220626894,0
582,470,0.3884628385417656,17,219,20,2,-1.330846154369433,3,-0.45778839002166005,-0.20679364850592963,-1.1438892145821054,1.5219607798997805,0.8708778005424909,1.3247631514282154,-1.386618920515462,1.591794852715752,True,-1.532352053123871,-0.17783377743927894,0.6570471115301261,0
583,21,1.0381771341479515,30,462,16,1,-1.105983752797117,3,0.6874037218721623,-0.20679364850592963,-0.9407102233512118,-0.31189037297204236,1.6098586493866702,-1.011315164221155,1.0815762148261332,0.3292812551833828,True,-1.9788873574991634,0.7136468259758769,-3.206255810644147,0
584,148,1.768112000228127,35,200,6,0,-0.09410294572169475,0,0.7956636066243687,-0.20679364850592963,0.46114465760431667,-1.2043383326852282,-0.3607569475311417,-0.23262239233803164,1.5913121666901584,0.024058187648084785,True,-1.3069673426238104,1.4068223710173382,-0.8303315238696446,0
585,357,-0.7821598366788165,42,262,84,2,-0.31896534729401077,0,-1.3859719465647844,-0.20679364850592963,0.45075404528103696,1.399554849588265,-1.022760624620719,-0.6287994166294454,-0.6622573047086895,0.6206305469216218,True,1.2329138819598535,1.0840515913665332,0.7145128530281644,0
586,168,-0.8987334244043163,8,467,13,1,0.8053466605675694,2,0.6505043648705744,-0.20679364850592963,0.4068290565641463,-1.7129003385653285,0.6707371539805255,-1.1069441011190826,-0.16593545684108613,-1.6130473564048773,True,1.3055624809684625,-0.5846300154300861,-0.583805161261212,0
587,424,-1.1271798680786551,41,341,41,2,1.3112870641052805,0,-1.3233493238148013,-0.20679364850592963,1.9529634126188844,0.2430207043553563,-0.9611788872170373,1.6662950689208131,-0.05862262486971242,-0.1840484493078002,True,3.0801432806975395,1.4916527162395452,4.1148740440252745,0
588,413,-0.18649969757365834,9,99,25,1,1.7610118672499127,2,-0.268553453715343,4.772110297630446,0.07703025502813887,-0.1516349699032673,-1.1613195337790025,1.1198440009326565,0.39745691100862585,0.1627959456186748,False,0.26352995260179723,0.05008513790027292,-6.594789184294693,0
589,142,1.0483096640949428,18,98,37,2,-1.274630553976354,3,-0.45778839002166005,-0.20679364850592963,-0.8615457711584033,1.033508955541192,-0.6224793314967885,-1.011315164221155,1.0279197988404463,0.39865013416867784,True,-1.9098554352533461,-0.4799039933701711,0.967577395319826,0
590,444,-1.5455952946432439,21,468,80,2,0.5242686586021743,0,0.6996106650189345,-0.20679364850592963,1.7375078389901806,-0.6785772246444493,-1.1613195337790025,0.518747826145684,-1.158579152576293,1.522425973730457,True,3.2831031336334244,-1.0813149519354959,-1.4736718402111846,0
591,55,-0.07051639515044394,40,363,78,1,-0.9935525520109589,3,-0.4226946174867851,-0.20679364850592963,-1.0917832184785605,-0.4811439940584081,-0.2529889070746988,-1.6943789992063512,1.1084044228189767,-0.04531069133721022,False,-1.0212668233281166,0.02980690067466389,-2.078380318962555,0
592,421,-0.6837404681409579,24,608,37,1,-0.9935525520109589,3,-0.6194028630245529,-0.20679364850592963,-1.0105003152634586,-1.138496205470793,1.6560449524394316,-1.4348147419119766,0.42428511900146926,-0.6835043780019243,True,-0.3267598471225007,0.42351080353225745,-0.8783517090613834,0
593,37,-0.4436948451024743,13,216,29,0,-1.443277355155591,3,1.7648915736859019,3.1124756489183207,-1.461601999801799,1.2683059892950417,-1.5462053925520127,-1.339185805014049,-0.2732482888124598,-0.1424271219166232,True,-1.0179071546993248,-0.7830732934092284,0.78845320419129,0
594,49,0.45352157420471007,25,638,32,0,0.2431906566367793,1,0.537177286385998,4.772110297630446,1.11983887993579,-0.6029558687372075,1.4405088715265457,0.3957963358483486,-0.004966208884025563,-0.15630089771368225,True,0.6663173057310798,0.2436214885487922,-1.658496446753195,0
595,466,0.5739323777366052,9,350,6,1,-0.20653414650785276,1,1.280775265620233,-0.20679364850592963,1.1437478607924618,-1.7125685423344892,0.25506042650567456,-0.49218664963240616,1.0010915908476028,-1.2107078582901663,True,0.5698154830558566,0.7350783935436523,-0.583918268771115,0
596,37,-0.45428368043322376,5,183,98,1,-0.03788734532861575,1,0.6751506888007894,-0.20679364850592963,-1.1405670388479006,0.18681709985587433,-0.006661957459972327,-1.4621372953113845,-0.4476316407659421,-1.5020571500284052,True,-0.6862833584146768,-0.30670993975544875,5.352826189298842,0
597,270,-0.3185784514559087,27,31,25,0,0.2431906566367793,1,0.15496181434917897,-0.20679364850592963,1.1116560801354485,0.7226376515105523,-0.8226199780587538,0.341151229049533,-0.031794416876868986,-0.7806208085813373,True,1.4302345315913572,-0.04936749485015945,1.383819206662908,0
598,93,1.577196402114228,6,542,70,2,1.1988558633191224,2,-0.21857193818218257,-0.20679364850592963,-0.05241675686797619,0.14893106313221213,-1.669368867359376,1.693617622320221,-0.43421753676952035,-0.017563139743092215,False,-1.629613158982204,-0.3447308745040718,6.714511449240883,0
599,209,0.8442183954091783,28,446,7,0,0.5804842589952534,2,0.035737440378939764,-0.20679364850592963,0.6348208906759304,-0.48023762121266855,-1.592391695604774,0.8602797436382821,0.6120825749513732,0.24603860040102882,True,-0.20939750473324792,0.030170204572739705,-2.082302935170198,0
600,182,-0.6570255047222782,33,434,67,2,0.6929154597814113,0,-1.0988248781928884,-0.20679364850592963,1.3063464842952277,1.10809476768567,1.1326001845081377,-1.0386377176205628,0.9876774868511812,-1.6407949079989952,True,1.9633719890175059,0.7219559701960784,0.9024498074687112,0
601,431,0.5156309134085721,10,672,16,2,-0.6000433492594058,0,-0.7117529458539462,-0.20679364850592963,1.150290354207326,1.6250033694678263,-0.14522086661825598,0.36847378244894086,-0.07203672886613413,1.605668628512811,True,0.6346594407987538,-0.3670018215919123,0.6153833015061135,0
602,105,1.2804519026845007,10,1,17,0,0.1307594558506213,0,-0.057165238718669,-0.20679364850592963,-1.0755587649006184,0.7131308026031804,1.563672346333909,-0.4238802661338866,0.22307355905514353,0.2876599277922058,True,-2.356010667585119,-0.07319733868473341,1.4022670961946058,0
603,201,1.4950393849394656,36,378,57,1,-1.274630553976354,3,-1.6205716478482672,-0.20679364850592963,-1.0729316610808675,-1.3075269604762279,-1.3768556146918882,0.013280588256638914,-0.7024996166979546,0.7316207532980938,True,-2.5679710460203333,-2.4228184396494097,-0.7648026440051715,0
604,393,-0.20988817248655173,7,364,90,1,-1.0497681524040379,3,0.7956636066243687,-0.20679364850592963,-1.1523741382379045,0.5724563829350344,0.5167828104713215,-0.041364518542176765,0.22307355905514353,-1.3216980646666383,True,-0.9424859657513527,-0.16700038030844735,1.7468576735700725,0
605,308,-1.5796372130013632,19,59,27,1,1.8734430680360705,2,1.934661294856368,-0.20679364850592963,0.35083680016004537,-0.08635544895758877,0.7169234570332866,0.4367801659474605,-0.17934956083750783,-0.2672911040901542,True,1.9304740131614087,-3.0560629759085214,-11.580058584339975,0
606,223,-0.20939371651999863,11,354,89,0,-0.9935525520109589,3,-1.4280464114595173,-0.20679364850592963,-0.8960632940897412,1.1927043300482731,-1.5000190894992516,-1.0522989943202667,1.457171126725941,1.439183318948103,True,-0.6866695775697426,0.2990239454585555,0.8384306914660544,0
607,148,-1.3295285428787278,28,7,21,2,-1.105983752797117,3,0.957405412360788,4.772110297630446,-0.9587552359118138,-0.010996896558866888,-1.6847643017102962,-0.3692351593350709,0.8401223428905423,-1.3633193920578153,True,0.370773306966914,-1.272897822840246,-90.9355733414641,0
608,408,-0.5715382317268465,9,525,31,2,0.8615622609606484,0,0.14033640788738985,-0.20679364850592963,1.7451989695232446,0.6102912736342643,-1.1305286650771618,0.9559086805362094,1.5242416467080497,1.522425973730457,True,2.316737201250091,-0.08020762241085627,1.6385615841905716,0
609,474,-1.110301032129616,12,416,48,0,-0.8249057508317219,0,-0.12075648392093428,-0.20679364850592963,1.0125238708331483,0.657482839807426,-1.5769962612538535,0.5324091028453879,1.564483958697315,0.4818927889510318,True,2.1228249029627646,0.13407604873375673,1.520952011763067,0
610,76,0.8147687250674406,24,65,31,2,0.6366998593883324,2,0.9005177508105646,-0.20679364850592963,0.46676814356010676,-1.467873446997024,-0.8842017154624353,-0.16431600883951203,0.8401223428905423,-1.8905228723460574,False,-0.3480005815073338,0.7337136997285229,-0.6812576861932949,0
611,238,-1.304481256786947,6,74,28,1,-0.7124745500455638,1,0.29721907485255783,-0.20679364850592963,0.9396044414585988,1.0519780026063945,1.255763659315501,1.4886984718246623,0.34380049502293897,0.8564847354716248,True,2.244085698245546,-0.3877167123047183,0.950590128751147,0
612,147,-1.2990549468755233,24,673,27,1,1.1426402629260435,0,-0.3706226321335793,-0.20679364850592963,1.0562850849150722,-0.21772477446154956,1.4097180028247052,-0.8063960137255962,-0.8098124486693283,-0.017563139743092215,True,2.3553400317905955,0.48145916369715347,-4.592956689328298,0
613,82,-1.619438932806311,13,374,3,0,1.8734430680360705,2,-0.025863557847784793,-0.20679364850592963,0.7588830561411912,-1.571405950186335,-1.0535514933225598,-0.8747023972241159,-0.7024996166979546,-0.6973781537989833,True,2.3783219889475022,0.041884452519590894,-0.6363728376608891,0
614,461,2.0760830944933852,13,623,31,1,-1.330846154369433,3,1.5011713183792659,-0.20679364850592963,-1.2895582375465104,-0.6402539438225541,-1.3152738772882067,0.2865061222507173,-0.729327824690798,-0.10080579452544622,False,-3.3656413320398957,3.116556396025541,-1.5618805098140875,0
615,354,-0.44747548323433317,20,347,75,2,0.2994062570298583,1,-0.47544820431312024,-0.20679364850592963,-0.691550150958344,0.5255146705322915,0.5167828104713215,-0.041364518542176765,0.22307355905514353,-1.3216980646666383,False,-0.24407466772401087,0.21275141497790945,1.9028960860359923,0
616,22,0.2153113341725729,35,86,63,0,-0.9373369516178799,1,0.7956636066243687,-0.20679364850592963,-0.5133969934805629,0.7034253547711509,1.301949962368262,-1.4211534652122726,0.759637718912012,0.2876599277922058,False,-0.7287083276531358,0.17131539269485405,1.4216147471167864,0
617,361,-0.6217987760054906,0,612,10,2,-0.9373369516178799,1,0.4195783825648011,-0.20679364850592963,1.1896216410461167,-0.5746989960942407,1.1787864875608989,0.4914252727462762,0.4511133269943127,-0.7944945843783963,True,1.8114204170516073,-0.2608933247171568,-1.7400416231807363,0
618,168,-0.2345442889989235,37,168,83,0,0.6929154597814113,2,0.8192481196371983,-0.20679364850592963,0.48645196236597743,-0.4809407158166214,-0.8995971498133557,0.35481250574923695,0.46452743099073435,1.577921076918693,True,0.7209962513649009,-0.1921499677340117,-2.079258783960329,0
619,128,-0.25073563777582714,28,452,63,0,1.4237182648914386,0,0.45928101948352285,1.4528410002061956,1.7613754066108158,-1.440214329911945,0.0857106486455501,-0.3145900525362552,-0.5012880567516289,-0.15630089771368225,True,2.012111044386643,-0.11515811933853319,-0.6943411467758794,0
620,181,0.8038294370791012,24,317,53,1,0.35562185742293734,2,-0.564866129107652,-0.20679364850592963,0.5456715376903478,-1.242827892497193,-0.5762930284440273,-1.7490241060051668,0.5047697429799994,0.44027146155985475,True,-0.25815789938875333,-0.45405602258565475,-0.8046167023596382,0
621,217,0.7689793796544981,33,649,57,1,1.0864246625329645,2,-1.512971918718622,-0.20679364850592963,-0.3970021096165015,-1.1863268793067028,1.3481362654210234,-0.45120281953329433,0.7193954069227468,0.2182910488069108,True,-1.1659814892709996,-1.1634442074909217,-0.8429380651631304,0
622,349,1.9320093840775343,11,151,8,2,-0.8249057508317219,0,-1.1592575015304638,-0.20679364850592963,1.2848219856040448,0.45916336832143245,-0.791829109356913,0.3274899523498291,0.10234662308734813,-0.6141354990166293,False,-0.6471873984734895,-2.2396963715191327,2.177873609274074,0
623,286,0.5604407339558645,27,515,32,1,-1.330846154369433,3,1.61631929993183,-0.20679364850592963,-1.3835263046974788,1.5214420286264414,-0.34536151318022124,1.037876340734433,0.9876774868511812,0.4263976857627958,False,-1.9439670386533434,0.9058511747608239,0.6572711384709718,0
624,420,1.1779858715051916,30,198,45,0,0.4680530582090954,1,-0.2351536375112642,-0.20679364850592963,0.3291437415557406,0.722426211669122,0.02412891124186848,-1.339185805014049,-0.5951867847265809,0.44027146155985475,True,-0.8488421299494511,-0.2770076626213225,1.3842242230762067,0
625,365,1.566034618003043,1,140,43,1,1.9296586684291497,2,-1.3441580977555516,-0.20679364850592963,-0.11528488496525909,0.4503669050470283,-1.4538327864464902,-0.23262239233803164,0.8803646548798074,0.5373878921392677,False,-1.6813195029683021,-2.1049981131543123,2.220411328524339,0
626,449,0.208685008930138,1,373,76,1,-1.387061754762512,3,1.5302741201584202,-0.20679364850592963,-1.4828435119042978,-0.19877658708661095,-0.4993158566894253,1.6389725155214054,1.457171126725941,0.1489221698216158,True,-1.6915285208344357,0.319345268430819,-5.030776097598906,0
627,398,-1.4240660271073413,27,64,82,2,0.9739934617468065,2,-0.5829717049916499,-0.20679364850592963,-0.23911141941798283,-0.3489099742775537,-0.4993158566894253,-0.35557388263536693,1.3901006067438324,-1.3216980646666383,True,1.1849546076893585,0.8301901998434518,-2.866069646411072,0
628,353,0.267333629716239,4,57,25,2,-0.31896534729401077,1,-0.21857193818218257,-0.20679364850592963,0.6781584754024911,-0.01980326257417172,0.4090147700148786,-0.46486409623299824,-0.0452085208732907,-0.8916110149578094,False,0.4108248456862521,-0.05843162958835627,-50.49698482525464,0
629,292,0.6671748188002994,23,55,78,2,1.7047962668568335,2,-1.3233493238148013,-0.20679364850592963,-1.0174869567355052,0.5163118684169712,-1.222901271182684,-0.041364518542176765,1.3364441907581457,-1.0164749971313403,False,-1.6846617755358047,-0.8829053453256388,1.9368135181255466,0
630,388,0.5506892625633737,4,97,83,0,1.8734430680360705,2,-0.6745960027047526,-0.20679364850592963,0.15714875362052275,-1.4308414400600544,1.2865545280173418,-1.4348147419119766,0.02186199910881786,-0.2395435524960362,False,-0.393540508942851,-0.3714927752576799,-0.6988895078737581,0
631,221,1.5510934685209827,8,378,80,0,-1.387061754762512,3,-0.7304391794012987,-0.20679364850592963,1.086949230664229,-1.5903436907137303,0.3936193356639582,-1.4348147419119766,1.1486467348082419,-0.47539774104603927,True,-0.46414423785675374,-1.1329794403211806,-0.6287949383008549,0
632,481,-1.553926419557245,22,53,3,0,-1.162199353190196,3,-0.3879037737670492,-0.20679364850592963,-1.3006493337850522,0.17728576614957214,1.486695174579307,-0.41021898943418267,0.9608492788583377,0.0934270666333798,True,0.2532770857721929,0.6027739223025744,5.640607577573737,0
633,213,-0.47186080044495005,4,219,72,1,0.35562185742293734,0,0.09599387444033028,-0.20679364850592963,1.4493974218965284,-0.19873153505657898,0.5167828104713215,-0.12333217874040028,-0.8634688646550153,0.5790092195304448,False,1.9212582223414785,-0.045295746431226275,-5.031916564761379,0
634,271,0.5531173130234782,11,191,37,0,-0.09410294572169475,1,-1.3233493238148013,-0.20679364850592963,0.68969275910699,1.0706474985588408,0.7631097600860479,-0.9566700574223395,0.18283124706587842,0.9674749418480969,True,0.1365754460835118,-0.7319674221798796,0.9340141437257815,0
635,477,0.33909492735525426,7,384,38,1,-0.9935525520109589,1,0.25527654064195265,-0.20679364850592963,-0.7727395711767514,0.9766047593283144,0.22426955780383376,-1.530443678809904,-1.2658919845476666,0.6483780985157398,True,-1.1118344985320057,0.08656298000448355,1.0239555849514985,0
636,352,-0.7310619404416535,27,451,77,0,1.3112870641052805,0,0.06603168307879083,-0.20679364850592963,1.0173575155863017,-0.34952231189347116,-0.06824369486365395,-0.3145900525362552,0.7059813029263252,0.6899994259069169,True,1.7484194560279551,-0.04827325036220912,-2.8610484998440793,0
637,25,-0.8122328827971512,0,434,70,1,-1.49949295554867,3,0.8774958557738228,-0.20679364850592963,-0.15496213765826478,-1.270736319246048,1.2711590936664214,1.5843274087225898,0.9071928628726509,0.8564847354716248,True,0.6572707451388864,-0.7127309885777253,-0.7869453824125034,0
638,411,1.3150377784563936,39,606,82,0,-1.0497681524040379,1,1.7740007458305995,-0.20679364850592963,0.30853254670486324,-1.731611730729278,-1.5769962612538535,0.5324091028453879,1.564483958697315,0.4818927889510318,True,-1.0065052317515304,2.332877999777057,-0.577496698597967,0
639,56,0.48356276103574003,25,532,40,2,0.2994062570298583,1,0.12563405665017108,-0.20679364850592963,-1.392952117052141,-0.6124416063068349,1.3173453967191826,-1.6670564458069432,0.008447895112396148,0.23216482460396978,True,-1.876514878087881,0.060751951313877305,-1.6328089943319373,0
640,168,-1.24449174491646,31,668,83,2,-0.9373369516178799,3,-1.0988248781928884,-0.20679364850592963,-1.3235442208044,0.8541136219165211,-1.5000190894992516,-1.0522989943202667,1.457171126725941,1.439183318948103,True,-0.07905247588793984,1.3674784900198844,1.1708042785639001,0
641,258,-0.9745030900820681,17,405,29,1,1.3112870641052805,2,-1.2819289279963564,-0.20679364850592963,-0.6502715246030119,1.0985813894985834,-1.5769962612538535,0.8192959135391702,-0.689085512701533,0.2599123761980878,False,0.3242315654790563,1.2492437015980424,0.9102647455460239,0
642,30,0.9262288756062149,18,24,95,1,0.5242686586021743,2,-1.1592575015304638,-0.20679364850592963,-0.15303235255160783,0.7979345022159695,0.7477143257351275,0.3138286756501251,0.7059813029263252,0.4263976857627958,False,-1.0792612281578227,-1.0737377721806314,1.253235537377209,0
643,129,0.12310501386616508,11,139,37,1,-0.9373369516178799,3,-0.6745960027047526,-0.20679364850592963,-1.2398901490965475,0.7790043791815751,-0.6224793314967885,-0.27360622243714344,-0.6756714087051112,1.411435767353985,True,-1.3629951629627126,-0.08304615026702811,1.2836896663939643,0
644,174,-0.3100580956242786,39,431,32,1,-1.49949295554867,3,-0.1530404922217351,-0.20679364850592963,-1.4481103334519294,-1.598995312799795,-1.1767149681299232,1.3520857048276231,1.1888890467975068,0.12117461822749778,True,-1.1380522378276507,0.047451443571673406,-0.6253927416386873,0
645,137,-1.1582741143324695,30,406,75,2,-0.8249057508317219,0,-1.0988248781928884,-0.20679364850592963,1.1440679066772401,1.5590178157423231,1.1787864875608989,0.4914252727462762,0.4511133269943127,-0.7944945843783963,False,2.30234202100971,1.2727404125953516,0.6414294472837101,0
646,54,-1.1033761606164671,15,118,61,1,0.8053466605675694,1,-0.9406610984409725,-0.20679364850592963,-0.43192357773242657,-1.4300999315271132,-1.2690875742354455,-0.014041965142768923,0.03527610310523958,0.2182910488069108,False,0.6714525828840405,1.037903031239069,-0.6992518829487332,0
647,272,-1.4496352114224842,17,121,2,0,-0.09410294572169475,1,0.40622778730442793,-0.20679364850592963,0.29037989294156263,-1.100856322592378,0.8708778005424909,1.3247631514282154,-1.386618920515462,1.591794852715752,True,1.7400151043640468,-0.5888821043347423,-0.9083838374870842,0
648,442,-1.162204234856579,35,548,78,1,-0.4876121484732478,0,-0.4226946174867851,-0.20679364850592963,-0.9093106849018512,-0.9415701910972615,-1.06894692767348,0.9422474038365055,-0.004966208884025563,-1.071970100319576,True,0.2528935499547279,0.49125747449422347,-1.0620558251108496,0
649,141,-0.9543080643829253,20,390,8,1,0.4680530582090954,2,0.31106692419765586,-0.20679364850592963,-0.11073791859972823,-0.5464249296813581,0.3166421639093562,0.16355463195338205,-0.5549444727373157,1.314319336774572,True,0.843570145783197,-0.2968536743246151,-1.83007789119528,0
650,137,-0.587974287040309,36,100,16,0,-0.6562589496524849,0,-0.9994590305551175,-0.20679364850592963,1.20565206472042,-1.064071884177927,-0.22219803837285798,1.0515376174341369,0.6254966789477949,-0.2534173282930952,True,1.7936263517607292,0.5876562109166436,-0.9397862201304142,0
651,206,1.9981468076152678,24,103,88,1,-1.49949295554867,3,0.28330532668029007,-0.20679364850592963,-1.2644499754830947,1.305281844426464,0.6553417196296051,-0.4375415428335904,0.11576072708376985,-1.6407949079989952,True,-3.2625967830983624,0.5660856340866222,0.7661180055925743,0
652,421,-0.6106966466463658,33,626,37,1,-0.09410294572169475,1,1.61631929993183,-0.20679364850592963,-0.5714862113709009,0.534412772927589,-1.4384373520955698,0.2591835688513095,-1.6146586884546312,0.5928829953275039,True,0.03921043527546486,-0.9870807763781702,1.8712124102135848,0
653,418,2.4133886485531266,32,186,32,0,-0.8249057508317219,0,0.6996106650189345,-0.20679364850592963,1.4070825965947351,-0.07629361127446099,1.4405088715265457,0.3957963358483486,-0.004966208884025563,-0.15630089771368225,True,-1.0063060519583915,1.6884324373634005,-13.107274567591528,0
654,376,0.7204830046066341,26,437,31,0,1.0864246625329645,2,-0.5109923747150832,-0.20679364850592963,-0.7279747546527765,-0.15205142912774147,0.1165015173473909,-0.8337185671250041,0.23648766305156527,-1.6130473564048773,True,-1.4484577592594106,-0.36816132146580216,-6.576726462942519,0
655,453,-0.33017536865047786,41,132,58,1,0.07454385545754227,1,0.6874037218721623,-0.20679364850592963,0.8192290282420976,-1.7310593536654078,-0.9611788872170373,0.9285861271368016,-0.5281162647444724,1.078465148224569,False,1.1494043968925756,-0.22696377728085174,-0.5776809764787448,0
656,13,0.8211056775248374,28,609,64,1,0.2431906566367793,1,0.7238882179995157,-0.20679364850592963,0.8993451539120665,0.24311233191402035,1.0710184471044562,-1.216234314716714,-0.43421753676952035,1.009096269239274,False,0.07823947638722906,0.5943887256927396,4.113323173673249,0
657,69,0.8660175100504897,40,385,11,0,-1.49949295554867,3,0.3928177842655264,-0.20679364850592963,-1.2177498977909198,-0.6681719468483241,-1.5000190894992516,-0.46486409623299824,0.3840428070122041,-1.2523291856813432,True,-2.0837674078414095,0.34018707943318155,-1.4966209736564988,0
658,52,-0.7249806041605243,30,359,70,1,-0.7686901504386429,0,-1.5558203784823792,-0.20679364850592963,0.420165923854078,-1.2705099708826024,-0.5455021597421865,-0.8063960137255962,0.6120825749513732,0.953601166051038,True,1.1451465280146023,1.127939597957411,-0.7870855810866833,0
659,180,-1.0088407065807639,5,481,92,1,-0.4313965480801688,1,-0.04147294009483492,-0.20679364850592963,-0.5218643078107739,0.40279500833048093,0.7939006287878887,-1.2708794215155297,-0.917125280640702,0.5096403405451498,True,0.48697639876999,0.04183959018925495,2.4826517981929683,0
660,253,0.5044589479515242,10,180,24,2,0.6366998593883324,1,0.9119708027708356,-0.20679364850592963,0.8830283223301438,1.4466078862101448,-1.6539734330084557,-1.1479279312181943,0.5181838469764212,0.3292812551833828,True,0.3785693743786196,0.46005183172828273,0.6912722793822131,0
661,5,-0.3150345307801127,34,26,86,0,-0.6562589496524849,0,-0.1530404922217351,-0.20679364850592963,0.2613703700031431,-1.195285159896705,1.6098586493866702,1.5023597485243663,0.5986684709549516,0.6622518743127987,True,0.5764049007832558,0.0482130396574318,-0.8366205130066788,0
662,419,-1.111201445755645,22,440,2,2,-0.9935525520109589,3,0.45928101948352285,-0.20679364850592963,-0.2662778165287292,-0.1514812053659843,-0.4993158566894253,1.6389725155214054,1.457171126725941,0.1489221698216158,True,0.8449236292269158,-0.5103537328582172,-6.601483383580815,0
663,129,0.35889184948087155,32,125,86,2,-0.9935525520109589,3,-1.3441580977555516,-0.20679364850592963,-1.5076648804170698,-1.590258048328138,1.1941819219118193,-1.4074921885125689,0.6791530949334817,0.3292812551833828,True,-1.8665567298979413,-0.48240738569818004,-0.6288288016741654,0
664,131,0.1724392476627558,32,95,87,1,-1.162199353190196,3,-0.04147294009483492,-0.20679364850592963,-1.2662438927414246,-1.7307517157695131,-1.7001597360612166,-0.697105800127965,-0.16593545684108613,-1.807280217563703,False,-1.4386831404041804,-0.007151562588315874,-0.577783658202964,0
665,388,-0.3573325360344273,20,617,92,2,-0.31896534729401077,1,0.8774958557738228,4.772110297630446,-0.6271644235324894,0.3088592404659483,-1.1305286650771618,1.5843274087225898,-0.43421753676952035,1.1339602514128049,False,-0.2698318874980621,-0.31355781950336015,3.2377197933900588,0
666,356,-0.6275587699972299,12,257,24,1,-0.20653414650785276,1,-1.664056411114758,-0.20679364850592963,-1.3805523004685583,1.3616374723219717,1.22497279061366,1.2701180446293998,-1.4939317524868356,-1.071970100319576,False,-0.7529935304713283,1.0442931945651823,0.7344098167728444,0
667,90,0.6629535364136637,24,88,52,2,0.9177778613537274,0,-0.5109923747150832,-0.20679364850592963,0.9361872426923269,0.12127249015377588,-1.2075058368317637,-0.8337185671250041,-1.4134471285083055,-1.5714260290137003,False,0.27323370627866317,-0.3387642018977804,8.245886384812772,0
668,47,1.0161019033296,32,127,67,2,0.8615622609606484,1,0.7838085591320157,-0.20679364850592963,-0.18613549144874814,1.2303547685955605,-0.5608975940931069,-1.4621372953113845,0.31697228703009556,-0.8499896875666323,True,-1.202237394778348,0.7964293687800724,0.8127736359035108,0
669,22,-0.5391580842151781,1,92,80,0,0.07454385545754227,1,-0.5468342158350353,4.772110297630446,0.44164478364787285,-0.5845353559845515,-1.6077871299556943,1.3930695349267348,-1.1451650485798712,1.4253095431510439,True,0.9808028678630509,0.29483008819292683,-1.7107607963110245,0
670,319,1.5641899946432212,18,273,92,1,0.1307594558506213,0,0.9347629233820862,-0.20679364850592963,1.0055787554619242,1.5591896446201503,-1.5462053925520127,0.8192959135391702,-0.8634688646550153,-0.8638634633636911,True,-0.558611239181297,1.4621468121177073,0.6413587592212004,0
671,367,1.7624114425370165,15,91,38,2,1.3112870641052805,0,0.25527654064195265,-0.20679364850592963,1.966186665815702,-0.9040400001180547,0.48599194176948063,-0.7107670768276688,-1.5610022724689443,-1.7795326659695851,False,0.20377522327868536,0.4499022962386431,-1.1061458679748695,0
672,491,-1.5688025200560818,7,410,10,0,1.0302090621398854,2,0.36581652871821657,-0.20679364850592963,-1.1265874007985,-1.63762655798157,0.45520107306763985,1.1471665543320644,-1.0646804246013408,1.244950457789277,True,0.44221511925758183,-0.5738938921313061,-0.6106398654748982,0
673,128,-0.07692246467854574,14,629,6,2,0.4680530582090954,2,-1.4703801694062202,-0.20679364850592963,0.1578520803654848,-0.020323863810096567,0.8246914974897296,-0.8337185671250041,0.14258893507661327,1.2033291303981,False,0.23477454504403053,0.11310526664518408,-49.20348461751035,0
674,32,1.2850207491186563,27,626,65,1,0.7491310601744904,2,-0.3192396785201743,-0.20679364850592963,0.8384924818015997,1.0329748604605231,-0.14522086661825598,0.5050865494459801,1.1620608388046636,-1.0858438761166351,True,-0.4465282673170565,-0.4102296108403934,0.9680776768820977,0
675,282,-1.5165718441569767,39,567,0,0,-1.0497681524040379,3,-0.7680260388013285,-0.20679364850592963,-1.4665710166070238,-0.48093266303830645,0.8246914974897296,-0.8337185671250041,0.14258893507661327,1.2033291303981,True,0.05000082754995283,1.1647666660255085,-2.079293599257386,0
676,229,0.8350305887801099,37,257,47,0,0.2431906566367793,1,1.5495571485901265,-0.20679364850592963,-0.749413090823374,-1.0076297433261987,1.0556230127535355,-0.6014768632300375,-1.1451650485798712,1.2865717851804541,True,-1.584443679603484,1.2939276181356416,-0.9924281273613457,0
677,180,0.6689343971751295,13,220,52,0,0.35562185742293734,1,-0.7491969517311343,1.4528410002061956,0.28531604636928903,-0.2551208975639464,-0.022057391810892734,0.9285861271368016,-1.5341740644761008,-1.6269211322019363,True,-0.38361835080584045,-0.5011636112717109,-3.9197117975038807,0
678,134,1.293340282953598,14,261,33,1,0.2994062570298583,0,-0.2518142449081098,-0.20679364850592963,0.940047549333508,-1.2988974291198647,-0.8842017154624353,-0.16431600883951203,0.8401223428905423,-1.8905228723460574,True,-0.35329273362009006,-0.32568150676120133,-0.7698837911058004,0
679,99,-0.9155070367422777,38,460,32,2,0.41183745781601633,2,2.021362067533934,-0.20679364850592963,0.6105501157858233,1.3056733835666934,-1.2075058368317637,1.6116499621219977,-0.9841958006228106,-1.7517851143754672,False,1.526057152528101,-1.8505711966312357,0.7658882657770696,0
680,324,-0.44264587214435563,22,499,32,1,0.2431906566367793,1,1.1548811865240554,-0.20679364850592963,0.1721132057478485,-1.5994006722487537,1.6252540837375906,-0.41021898943418267,1.5510698547008932,1.439183318948103,True,0.6147590778922041,-0.5112033900320487,-0.6252342392212616,0
681,351,1.0053789373583983,38,98,45,1,-0.7686901504386429,1,2.0555620144374465,-0.20679364850592963,1.0210767341230897,0.26149366898838783,-1.6077871299556943,1.3930695349267348,-1.1451650485798712,1.4253095431510439,True,0.015697796764691407,2.0666187537494087,3.8241829006809223,0
682,308,-1.5514862593571768,0,477,28,2,-1.162199353190196,3,-1.0788156848149264,-0.20679364850592963,-1.3554472535509237,-1.5904285713500221,-1.3922510490428086,-0.49218664963240616,1.0547480068332897,-0.8499896875666323,True,0.1960390058062531,1.6737677113693612,-0.6287613797250236,0
683,238,-0.5804484619982974,33,23,86,0,-1.218414953583275,3,-0.40526119392890464,-0.20679364850592963,1.1126186842214891,-1.2049934370832773,0.3166421639093562,1.2837793213291036,-0.05862262486971242,1.411435767353985,True,1.6930671462197866,0.23523323672362642,-0.8298801074041872,0
684,121,1.173601196805014,26,448,31,1,0.8053466605675694,2,0.9233857416348982,-0.20679364850592963,0.5213671982869893,0.9673598433588336,1.2403682249645807,-0.5468317564312217,-0.6354290967158461,-1.1413389793048714,True,-0.6522339985180247,1.0836866114954018,1.0337413771008905,0
685,69,-0.590289033385932,23,579,57,1,-0.6000433492594058,1,-1.642282406264363,6.431744946342571,-1.4420891284963673,0.5060007210700674,-0.3607569475311417,-0.23262239233803164,1.5913121666901584,0.024058187648084785,True,-0.8518000951104353,0.9694212941405133,1.9762813781314539,0
686,365,0.3285979418048239,31,309,47,2,-0.20653414650785276,0,0.7838085591320157,-0.20679364850592963,0.23504032834164215,1.6915557734939004,0.1011060829964705,0.5733929329444997,-0.4476316407659421,-0.9332323423489863,True,-0.09355761346318173,0.25755787929978496,0.5911717228320131,0
687,326,-1.2359777644169025,34,67,41,2,-1.330846154369433,3,-0.12075648392093428,-0.20679364850592963,-1.3718105796840232,-0.32092744020393593,-0.8072245437078334,-0.45120281953329433,-0.6756714087051112,1.34206688836869,True,-0.13583281526712065,0.149252329035442,-3.115970111379547,0
688,216,-0.9274503986851904,14,661,29,0,1.2550714637122016,0,1.7282523977937572,-0.20679364850592963,1.4427436202292128,-0.1518255160496102,0.1165015173473909,-0.8337185671250041,0.23648766305156527,-1.6130473564048773,True,2.370194018914403,-1.6028683753624564,-6.586512495860652,0
689,432,-1.426231302221969,39,47,59,0,0.9739934617468065,2,-1.1592575015304638,-0.20679364850592963,-0.13073693440487466,-0.9419045990399867,-0.006661957459972327,-0.17797728553921596,-0.6086008887230027,0.5790092195304448,True,1.2954943678170943,1.6533693360183797,-1.0616787593850816,0
690,283,1.1541607642146698,3,215,96,0,0.35562185742293734,2,0.625667627837102,-0.20679364850592963,0.7427677661446392,0.9011311827852839,-0.7764336750059926,0.8602797436382821,0.5986684709549516,-1.3216980646666383,True,-0.4113929980700306,0.7221210274888492,1.1097162190498207,0
691,413,-1.3933931243719704,38,226,2,2,0.7491310601744904,2,1.2600886452227027,6.431744946342571,0.10642259842585529,0.9677964345290951,-1.099737796375321,1.2427954912299917,1.3632723987509892,0.3154074793863238,False,1.4998157227978257,-1.755798854352505,1.0332750369751782,0
692,460,-0.6922156782774024,28,515,73,1,0.35562185742293734,1,1.2183662282076309,-0.20679364850592963,0.40090963363888493,0.3085092710732363,0.7169234570332866,1.1471665543320644,-0.018380312880447277,-0.4337764136548623,True,1.0931253119162874,-0.8433722050490257,3.2413926245456333,0
693,10,1.4410918186438302,41,598,31,0,0.41183745781601633,0,-0.2518142449081098,6.431744946342571,1.2966937433934547,-1.0537457194876794,-1.5000190894992516,-1.0522989943202667,1.457171126725941,1.439183318948103,True,-0.1443980752503755,-0.36288744815505075,-0.9489956413637953,0
694,427,0.5876086442229514,14,228,51,0,-1.330846154369433,3,1.090266048425438,-0.20679364850592963,-1.4513998524445615,1.3616616306569165,-1.5769962612538535,0.5324091028453879,1.564483958697315,0.4818927889510318,False,-2.039008496667513,0.6406497545575864,0.7343967870181404,0
695,236,1.9221101103695932,18,203,54,0,1.1426402629260435,0,-0.07294009438220465,-0.20679364850592963,-1.1290321687133131,0.47831287515424337,-0.637874765847709,0.873941020337986,-0.3403188087945684,0.8287371838775068,True,-3.0511422790829066,-0.14019889286334794,2.0906813152570787,0
696,491,-0.15755781112528203,36,182,84,2,-1.443277355155591,3,1.5302741201584202,-0.20679364850592963,-1.2034683079057487,-0.0863328141212442,-0.5608975940931069,-1.6533951691072395,1.2962018787688805,0.6622518743127987,True,-1.0459104967804667,-0.24110664079382751,-11.58309466091402,0
697,25,0.31750749798285327,40,139,26,1,-0.8811213512248008,0,0.19838749507060127,-0.20679364850592963,0.5689203462082507,-0.8100541744423753,-0.40694325058390285,1.4477146417255506,-1.2122355685619797,-1.2245816340872253,True,0.25141284822539745,0.06298951719095225,-1.2344854887476242,0
698,273,0.9341207911908211,2,675,90,0,-0.2627497469009318,0,-0.3534180473878296,-0.20679364850592963,0.9521898627888971,0.6480697948852898,-1.1151332307262414,-0.2462836690377356,-1.0780945285977626,0.1905434972127928,True,0.018069071598075914,-0.33013514604703453,1.5430434400551856,0
699,114,0.24580130261046332,30,115,41,0,0.4680530582090954,2,-0.4226946174867851,-0.20679364850592963,0.1900666184502788,1.362121727234151,1.2865545280173418,-1.0386377176205628,-1.6549010004438962,-0.4060288620607443,True,-0.05573468416018451,-0.10389888758468331,0.734148722974761,0
700,362,0.6366858107501271,41,226,2,1,-1.274630553976354,3,-0.2518142449081098,-0.20679364850592963,-1.2178528671175044,-1.1392613282320363,-0.4223386849348233,1.2564567679296956,-0.9037111766442802,1.605668628512811,True,-1.8545386778676316,-0.16032655667775095,-0.8777618119698948,0
701,29,-0.0016305294877413993,24,633,69,1,0.6929154597814113,2,0.3793476208697771,-0.20679364850592963,0.6520201620195564,0.6661757051770223,-1.4538327864464902,1.365746981527327,-0.6756714087051112,0.5651354437333858,True,0.6536506915072978,-0.0006185374819327161,1.501105252140268,0
702,109,-1.4370761212018661,10,106,49,0,0.7491310601744904,0,1.5495571485901265,-0.20679364850592963,1.5502889451933346,-0.5843683152451818,-0.8226199780587538,-1.1615892079178982,0.4511133269943127,0.8148634080804479,True,2.987365066395201,-2.2268315766765228,-1.7112498146060742,0
703,218,-1.0438289592843433,8,80,92,0,-1.49949295554867,3,1.133471172798824,-0.20679364850592963,0.8660412692467405,0.6382272321792499,0.7631097600860479,0.013280588256638914,-0.7561560326836414,1.0229700450363328,True,1.9098702285310838,-1.1831500346814006,1.5668398227093543,0
704,291,0.488363763583172,35,537,4,0,1.0302090621398854,0,0.7719110874194387,-0.20679364850592963,1.6470189112111533,0.17705092972249734,0.424410204365799,1.5433435786234782,1.5376557507044715,-0.11467957032250523,True,1.1586551476279814,0.376973403803736,5.648089150158346,0
705,135,-1.5308044282031863,17,560,37,1,1.7047962668568335,2,0.25527654064195265,-0.20679364850592963,-0.8895243037724239,1.5026972283146183,-0.868806281111515,0.17721590865308595,0.9608492788583377,-0.3505337588725082,True,0.6412801244307624,-0.3907784588310918,0.6654700059402987,0
706,3,1.2930939882746906,25,643,24,1,-0.03788734532861575,1,-1.512971918718622,-0.20679364850592963,-0.3962229500198884,-0.5272007714171416,0.8092960631388092,-0.669783246728557,0.9206069668690726,0.2876599277922058,True,-1.689316938294579,-1.956414892523474,-1.8968109378767486,0
707,437,-0.005134302353168992,19,530,10,0,-0.9935525520109589,3,0.5114292264090835,-0.20679364850592963,-1.0738714050926836,1.493493555628669,0.4705965074185602,-0.5058479263321101,0.31697228703009556,-0.04531069133721022,True,-1.0687371027395147,-0.0026258322806315547,0.6695709728871003,0
708,199,0.457955481073512,6,280,16,1,0.5804842589952534,2,0.8426679393432855,-0.20679364850592963,-0.8320413621031312,-1.4684709849122546,-0.868806281111515,1.4203920883261427,1.1486467348082419,-0.2811648798872132,False,-1.289996843176643,0.38590440154717937,-0.6809804745020552,0
709,457,-0.7408058205818742,34,484,38,1,-1.0497681524040379,3,0.31106692419765586,-0.20679364850592963,-1.4018939349529318,0.30865454754689003,-1.1613195337790025,0.4914252727462762,0.0755184150945047,-1.0164749971313403,True,-0.6610881143710576,-0.2304401880361241,3.239866977373417,0
710,385,-0.6202096174917452,10,643,74,1,0.4680530582090954,2,0.050926704720317545,-0.20679364850592963,0.39268935287899137,0.1868203644957317,1.5020906089302275,-1.1342666545184903,-0.689085512701533,-1.2800767372754611,True,1.0128989703707365,-0.0315852320547032,5.352732650029607,0
711,293,-1.319278402236671,25,114,13,2,-1.218414953583275,3,-0.6377279608971212,-0.20679364850592963,-1.376491546033873,0.4406840920513433,0.4398056387167194,0.7646508067403546,-0.7829842406764849,1.300445560977513,True,-0.05721314379720188,0.8413407253140044,2.2691987097270143,0
712,171,1.0021223998285134,28,586,31,2,-0.6562589496524849,0,-1.4280464114595173,-0.20679364850592963,0.3766389941756149,-1.4683654282235323,-0.3145706444783804,0.5597316562447958,1.1486467348082419,1.147834027209864,False,-0.6254834056528984,-1.431077296918308,-0.6810294282893664,0
713,377,-0.7483564676361942,37,415,46,1,-0.9935525520109589,3,-0.3022664678409858,-0.20679364850592963,-1.248351171184107,0.5720773582475916,-1.1613195337790025,1.1198440009326565,0.39745691100862585,0.1627959456186748,True,-0.49999470354791287,0.22620306615834945,1.7480150381440238,0
714,173,-1.6356956520327124,42,161,13,0,1.1426402629260435,2,0.5243298950584547,-0.20679364850592963,0.7011997274823756,1.0052614415324828,-1.2844830085863659,1.3794082582270308,0.7059813029263252,0.8009896322833888,True,2.336895379515088,-0.8576441295778827,0.9947659973896328,0
715,33,-0.9114522936550018,17,116,74,2,0.8053466605675694,1,-0.2351536375112642,-0.20679364850592963,0.3178966708507325,-0.18865424474479292,0.5475736791731622,-0.6014768632300375,-0.24642008081961642,-1.6407949079989952,False,1.2293489645057343,0.2143313222709586,-5.3007051679292685,0
716,217,-0.09521649103328234,39,297,58,1,-0.31896534729401077,1,-1.9077023575485814,-0.20679364850592963,-0.4472566844518161,-1.534289715541045,0.7169234570332866,-0.861041120524412,-0.3403188087945684,-1.3771931678548743,False,-0.35204019341853376,0.18164472442169607,-0.6517674302627438,0
717,411,-1.3662614093627754,18,369,15,0,0.4680530582090954,1,0.9799010108010979,-0.20679364850592963,-0.5399334753763092,1.1077610126709163,-0.3145706444783804,-1.0386377176205628,-1.104922736590606,-0.4892715168430983,True,0.8263279339864662,-1.3388009360531163,0.902721704672324,0
718,462,-0.6954109550537115,7,2,25,2,-1.162199353190196,3,-0.3534180473878296,-0.20679364850592963,-1.0007791257232928,-0.1801866395253564,-0.9303880185151966,0.04060314165604677,0.9071928628726509,0.6483780985157398,True,-0.3053681706695812,0.24577078186718848,-5.5498041231835575,0
719,460,1.4472000172800341,24,40,5,2,-0.8249057508317219,0,-1.3859719465647844,-0.20679364850592963,0.7115554388451869,-1.0071122979088025,-0.3145706444783804,0.24552229215160554,1.6717967906686886,-1.6130473564048773,True,-0.7356445784348472,-2.0057786250181984,-0.9929380282320377,0
720,100,0.13509456238077552,30,266,43,0,-1.49949295554867,3,1.2497020334700657,-0.20679364850592963,-1.3778978065820697,-1.4019962793147862,0.33203759826027657,-0.7517509069267806,0.062104311098082995,-0.3505337588725082,True,-1.5129923689628453,0.16882794931800382,-0.7132687055457895,0
721,117,0.7722836144937719,18,598,23,1,1.1426402629260435,0,-0.33629030118055,-0.20679364850592963,1.504510067030756,0.19570029372915637,1.2865545280173418,-1.4348147419119766,0.02186199910881786,-0.2395435524960362,True,0.7322264525369842,-0.25971148931491433,5.109851753205826,0
722,413,-0.9402094697919904,14,579,8,2,-1.330846154369433,3,0.6505043648705744,-0.20679364850592963,-1.1546824358850334,0.44076614333309233,-0.9149925841642762,1.693617622320221,1.6449685826758451,-1.4326882710431104,False,-0.214472966093043,-0.6116103639923383,2.2687762847670894,0
723,233,-0.9640019559737395,31,398,66,0,1.0864246625329645,0,-1.796020240971909,-0.20679364850592963,1.5582637747193175,-0.6127081097405264,-0.12982543226733556,0.10890952515456638,0.39745691100862585,-1.4881833742313462,True,2.522265730693057,1.7313670252653472,-1.632098787844289,0
724,275,-1.2670458411036947,8,235,51,2,-1.0497681524040379,3,0.472401208410713,-0.20679364850592963,-1.360431779375272,0.5443744949884235,1.2711590936664214,-0.09600962534099243,1.5242416467080497,-1.7517851143754672,True,-0.09338593827157737,-0.5985539864491536,1.8369703678425071,0
725,65,2.0518944997455657,37,245,3,0,-1.218414953583275,3,0.4195783825648011,-0.20679364850592963,-1.0675430956170184,-1.139230858260034,-1.7001597360612166,0.9832312339356172,0.5315979509728429,0.4263976857627958,True,-3.119437595362584,0.8609305753968561,-0.8777852886690987,0
726,41,1.4351577342525996,20,428,92,0,1.3112870641052805,0,-0.3192396785201743,-0.20679364850592963,1.0663912888737168,1.239862161609575,-0.22219803837285798,1.0515376174341369,0.6254966789477949,-0.2534173282930952,True,-0.3687664453788828,-0.4581592937085417,0.8065412029734749,0
727,11,-0.4582945983406184,13,156,39,0,-0.6000433492594058,1,-1.058874311958881,-0.20679364850592963,0.010401762316455287,0.19603676927712452,-1.099737796375321,-0.9156862273232276,-1.5610022724689443,-0.33665998307544925,True,0.4686963606570737,0.48527637749239405,5.101081259292941,0
728,240,1.016285844390143,11,8,59,2,-0.8811213512248008,1,-0.8440511312458903,-0.20679364850592963,0.46081055096469975,-0.809392867228597,-1.3768556146918882,0.2728448455510134,-0.4610457447623638,0.5651354437333858,True,-0.5554752934254432,-0.8577972166266851,-1.2354941142160831,0
729,390,0.6572589010786093,25,641,96,1,-1.162199353190196,3,-0.9018081025139288,-0.20679364850592963,-1.095274978679493,-0.3401414780845946,-1.253692139884525,-0.7790734603261885,1.6583826866722668,-1.0858438761166351,False,-1.7525338797581025,-0.5927214024420907,-2.9399539851082035,0
730,249,0.8302719401919081,5,94,6,2,-0.4876121484732478,0,1.197326685405432,-0.20679364850592963,-1.42732623537495,-1.2705365232867758,1.5944632150357498,1.4340533650258467,1.2425454627831938,0.8287371838775068,True,-2.257598175566858,0.9941067501351144,-0.7870691321175037,0
731,389,0.09799075391417651,19,264,14,1,-0.5438277488663268,1,-0.9406610984409725,-0.20679364850592963,-1.250597990514228,-0.48039715328036625,-0.9919697559188781,0.6280380397433154,0.4108710150050475,0.05180573924220279,True,-1.3485887444284044,-0.0921760902139683,-2.0816114361475617,0
732,452,-0.5723535865431306,6,654,14,0,0.41183745781601633,2,0.43287030725424697,-0.20679364850592963,0.38051023821009883,0.5815511254710753,-0.5608975940931069,1.0925214475332485,0.8937787588762292,0.8564847354716248,True,0.9528638247532295,-0.24775487286499517,1.7195389781699242,0
733,44,-0.7478789426365267,11,57,59,2,-1.387061754762512,3,0.9119708027708356,-0.20679364850592963,-1.3544768568976115,-1.721631726685242,1.6252540837375906,-1.325524528314345,0.34380049502293897,-0.10080579452544622,True,-0.6065979142610849,-0.682043759691637,-0.580844348175317,0
734,10,-0.6033988219891425,14,86,45,0,-1.162199353190196,3,-1.365032361609816,-0.20679364850592963,-1.208336596531143,-0.4434615620405183,-1.6847643017102962,-0.3692351593350709,0.8401223428905423,-1.3633193920578153,True,-0.6049377745420005,0.8236589189724202,-2.2549873790580515,0
735,43,0.16757557012072036,40,168,71,1,-0.8249057508317219,0,-0.1047360641534968,-0.20679364850592963,1.072292717264974,-1.2605952596357142,-0.7302473719532313,1.7346014524193327,-1.6012445844582095,-1.6685424595931133,True,0.9047171471442538,-0.017551205662722568,-0.793276090548356,0
736,179,0.4886197687459452,26,82,91,0,0.018328255064463263,1,-1.862844008126029,-0.20679364850592963,-0.012001339933571374,1.4283225295475845,-1.0535514933225598,1.5433435786234782,-1.520759960479679,0.9952224934422149,True,-0.5006211086795166,-0.9102224084603099,0.7001219327574093,0
737,147,1.868668139224098,8,668,63,1,0.7491310601744904,2,-1.885242359436149,-0.20679364850592963,-1.0170033532953024,-1.5337680260918345,-0.8842017154624353,-0.5331704797315179,-0.6220149927194244,-0.04531069133721022,True,-2.8856714925194007,-3.5228923317939964,-0.6519891197282247,0
738,284,0.33818565054431354,12,675,60,2,-0.2627497469009318,1,-0.18564650983431563,-0.20679364850592963,-0.7874723916662997,-1.4023697541144715,0.5013873761204011,-0.8063960137255962,-0.7561560326836414,1.078465148224569,True,-1.1256580422106133,-0.06278298569959934,-0.7130787500043643,0
739,13,0.5757695755449735,42,76,61,2,-0.8249057508317219,1,-0.8632335084751533,-0.20679364850592963,0.494093076707048,1.6907402664575248,-1.0843423620244006,-0.41021898943418267,1.5510698547008932,-0.41990263785780324,True,-0.08167649883792555,-0.4970235907709374,0.5914568669672335,0
740,151,0.6890105665665663,19,650,96,2,1.0864246625329645,2,0.73595977530185,-0.20679364850592963,0.4119849182185696,-1.4964724538970453,1.1326001845081377,1.2974405980288075,0.16941714306945668,0.8009896322833888,True,-0.27702564834799676,0.5070840617509305,-0.668238205267104,0
741,162,0.7105015876550258,28,276,64,0,1.7610118672499127,2,-1.1998816021188639,-0.20679364850592963,0.8279219891142566,-1.2616429913872786,-1.1305286650771618,1.5843274087225898,-0.43421753676952035,1.1339602514128049,True,0.11742040145923083,-0.8525177833035087,-0.7926173141596502,0
742,157,-1.361516679173526,35,417,67,0,-1.162199353190196,3,0.5754059049627287,-0.20679364850592963,-0.9195882979598787,0.008515638226085595,-1.06894692767348,-0.8337185671250041,0.14258893507661327,-0.15630089771368225,True,0.4419283812136473,-0.7834247369016919,117.42963128396528,0
743,355,-1.1957502812864391,7,453,77,1,1.2550714637122016,2,0.5627146920237458,-0.20679364850592963,-0.4967528179653362,0.24331604544112137,1.2711590936664214,1.5843274087225898,0.9071928628726509,0.8564847354716248,True,0.6989974633211029,-0.672866251271406,4.1098793431362495,0
744,322,0.5825154687110092,38,215,97,2,0.6929154597814113,2,0.2693247864040974,-0.20679364850592963,-0.35335514785451116,-0.24577532186552958,0.3166421639093562,1.2837793213291036,-0.05862262486971242,1.411435767353985,True,-0.9358706165655204,0.15688585418767526,-4.068758406195754,0
745,108,0.4784844809159767,40,429,87,2,1.5923650660706756,2,-0.47544820431312024,-0.20679364850592963,0.5274258813093552,-1.646773099470015,-1.638577998657535,-1.3665083584134572,0.29014407903725214,1.2310766819922179,True,0.04894140039337852,-0.22749458724319657,-0.6072482365947417,0
746,108,-0.9537085874437425,18,325,11,0,-1.0497681524040379,3,-0.564866129107652,-0.20679364850592963,-1.423618728503416,1.1361571766144651,-1.6539734330084557,1.037876340734433,-0.219591872826773,-1.7934064417666442,True,-0.46991014105967355,0.5387176780860735,0.8801598340150686,0
747,253,0.7134658652673718,23,625,99,2,-0.9935525520109589,1,-0.1693034138610984,-0.20679364850592963,1.1789088822302978,-1.3085435693278185,0.6399462852786847,0.16355463195338205,-1.2524778805512449,-1.3078242888695795,True,0.465443016962926,-0.12079220666312851,-0.764208467995096,0
748,143,0.03296082667872256,6,168,24,0,-1.443277355155591,3,-1.1592575015304638,-0.20679364850592963,-1.011846632725823,-1.044792009393478,1.5790677806848294,-1.3118632516146413,-1.6414868964474745,-0.4337764136548623,True,-1.0448074594045456,-0.03821008558395458,-0.9571283917967163,0
749,450,-0.06363169581667213,9,318,81,0,-1.330846154369433,3,0.5627146920237458,-0.20679364850592963,-1.2845803180895965,-1.600133692718066,-1.0073651902697986,-1.4894598487107924,-0.3671470167874118,1.0368438208333919,True,-1.2209486222729244,-0.03580649011442733,-0.624947819701323,0
750,278,-1.1082310228227639,5,259,32,0,-0.03788734532861575,0,-0.5829717049916499,-0.20679364850592963,0.1818986090468767,-1.374422586972642,0.8092960631388092,-0.669783246728557,0.9206069668690726,0.2876599277922058,True,1.2901296318696405,0.6460673288996267,-0.7275783170592909,0
751,43,0.187806041905875,37,439,67,1,1.1426402629260435,2,-1.491643875679105,-0.20679364850592963,-0.4236254062604215,-0.18029143446477855,-1.1613195337790025,1.1198440009326565,0.39745691100862585,0.1627959456186748,False,-0.6114314481662965,-0.2801397322244318,-5.546578281028579,0
752,385,-0.4227455208195953,35,627,47,0,-0.6562589496524849,1,0.4984746518105413,-0.20679364850592963,0.8172178001186776,-0.1520586113354277,0.3936193356639582,-1.4348147419119766,1.1486467348082419,-0.47539774104603927,True,1.239963320938273,-0.21072792629501372,-6.57641582320958,0
753,30,1.7978765095253662,13,656,86,0,-0.9373369516178799,3,-0.3706226321335793,-0.20679364850592963,-1.1214252936749753,0.1771247105832743,0.8092960631388092,-0.669783246728557,0.9206069668690726,0.2876599277922058,True,-2.9193018032003417,-0.6663337242114235,5.645736453899298,0
754,151,-0.8660574199792721,22,476,38,2,0.7491310601744904,2,1.6257663138470562,3.1124756489183207,0.2389482735447395,-0.25545410847205713,1.332740831070103,0.10890952515456638,0.2633158710444087,-0.6002617232195703,True,1.1050056935240116,-1.408006979259593,-3.914598976079035,0
755,455,2.2500158346334844,31,69,30,0,-0.7686901504386429,1,0.6381100577755286,-0.20679364850592963,0.46397330602884923,0.6001497787386162,-0.29917521012746007,-1.2435568681161218,1.6583826866722668,-0.11467957032250523,True,-1.7860425286046353,1.435757734233827,1.6662504408095216,0
756,152,0.5311905376278299,36,429,56,0,0.8615622609606484,2,-0.18564650983431563,-0.20679364850592963,0.597255862425963,1.3904960180906554,-0.9919697559188781,-1.325524528314345,0.7998800309012772,-0.7528732569872193,True,0.0660653247981331,-0.09861366936762032,0.7191677754362515,0
757,188,0.5269831269076796,35,159,59,2,0.5804842589952534,2,0.472401208410713,-0.20679364850592963,-0.9919031508043602,0.07416166940642024,0.8092960631388092,-1.188911761317306,-0.9707816966263889,-0.2672911040901542,True,-1.5188862777120398,0.24894746596324394,13.484036424748911,0
758,154,0.12999061274276863,28,266,12,1,-1.274630553976354,3,-1.796020240971909,-0.20679364850592963,-1.2417515522602671,1.0610719833931352,1.1633910532099787,0.5460703795450919,0.6120825749513732,-1.3216980646666383,True,-1.3717421650030357,-0.23346577162235344,0.9424430400639354,0
759,4,0.7955405363285173,30,610,65,1,-0.9935525520109589,3,0.29721907485255783,-0.20679364850592963,-0.9685687824737028,-0.08625740094053855,-0.9919697559188781,-1.325524528314345,0.7998800309012772,-0.7528732569872193,False,-1.76410931880222,0.23644982221526958,-11.59322154873997,0
760,124,0.47885319048797786,35,168,51,0,0.2994062570298583,0,0.5627146920237458,-0.20679364850592963,1.2698563835255263,0.3088339939177178,1.5020906089302275,-0.4238802661338866,-0.5147021607480506,0.0656795150392618,True,0.7910031930375485,0.26945772561003056,3.2379844702846454,0
761,199,0.6966378862745424,11,480,3,1,-0.15031854611477377,1,0.8309784133015728,-0.20679364850592963,-1.2980884937706598,-0.3956844282982698,1.3173453967191826,-0.341912605935663,-1.2658919845476666,0.12117461822749778,True,-1.9947263800452022,0.5788910453821807,-2.527267138177362,0
762,163,1.5648141256821757,14,602,83,1,0.9177778613537274,0,0.6628510710023714,-0.20679364850592963,0.4157468871175352,-1.1671171942791874,-1.022760624620719,-0.6287994166294454,-0.6622573047086895,0.6206305469216218,False,-1.1490672385646405,1.0372387191280696,-0.8568120584486864,0
763,415,0.9451530617087526,16,45,72,2,0.6366998593883324,1,-1.058874311958881,-0.20679364850592963,-0.7335405424184546,1.6249870462685392,-0.14522086661825598,0.36847378244894086,-0.07203672886613413,1.605668628512811,False,-1.6786936041272071,-1.0007982979126853,0.6153894831084059,0
764,325,1.1002681956066853,16,556,99,1,-0.09410294572169475,0,-0.2853709610732421,-0.20679364850592963,0.4126283245926063,0.5727892673791595,-1.222901271182684,-0.5741543098306296,1.2559595667796155,0.953601166051038,False,-0.687639871014079,-0.3139845924186017,1.745842463130164,0
765,35,-0.9040332079748303,13,461,69,0,1.5923650660706756,2,-0.564866129107652,-0.20679364850592963,0.49771578442344144,1.5971137688088155,1.1633910532099787,0.9559086805362094,-0.7963983446729067,1.605668628512811,True,1.4017489923982718,0.5106577387735153,0.6261294323026796,0
766,289,-1.2004640241657059,36,573,42,1,0.6929154597814113,1,-1.0191957916838013,-0.20679364850592963,-0.5891103530877921,-1.0735731831975415,-0.5147112910403457,0.36847378244894086,-1.5073458564832574,0.8426109596745658,True,0.6113536710779137,1.2235078814974885,-0.9314689569354603,0
767,476,0.5098962649813237,37,500,53,0,0.9177778613537274,0,-0.9797908625831017,-0.20679364850592963,1.3234800322036775,1.324610471166117,-0.3607569475311417,-0.23262239233803164,1.5913121666901584,0.024058187648084785,True,0.8135837672223538,-0.4995917012939529,0.7549388641218927,0
768,230,0.8715717714449374,19,298,51,0,0.41183745781601633,0,0.6996106650189345,-0.20679364850592963,-1.2799514042722768,0.017529526514991744,1.4405088715265457,0.3957963358483486,-0.004966208884025563,-0.15630089771368225,True,-2.151523175717214,0.6097609066323234,57.04628100004166,0
769,231,-1.1123723546136104,14,446,25,2,1.5361494656775965,2,0.5627146920237458,-0.20679364850592963,-0.22204400794146906,0.4028574717730856,0.9478549722970928,1.3930695349267348,1.0681621108297115,1.328193112571631,True,0.8903283466721413,-0.6259482669421267,2.4822668607138954,0
770,320,-0.31601828363015666,34,120,12,1,-0.9373369516178799,3,-1.773869888025952,-0.20679364850592963,-0.971080023695595,-1.374308215756305,1.147995618859058,1.3247631514282154,1.0815762148261332,-0.9054847907548683,True,-0.6550617400654384,0.5605753173971796,-0.7276388668123983,0
771,28,-0.7294810042607068,10,507,32,2,1.0864246625329645,0,-0.5829717049916499,-0.20679364850592963,1.899449780849772,1.3813745055077842,-0.5147112910403457,0.36847378244894086,-1.5073458564832574,0.8426109596745658,False,2.628930785110479,0.42526678481288527,0.7239165943928776,0
772,91,1.5734293251406941,12,625,17,1,-0.4876121484732478,1,1.7830899206543975,4.772110297630446,1.188072903654651,-1.590178826400932,1.563672346333909,-0.4238802661338866,0.22307355905514353,0.2876599277922058,True,-0.3853564214860432,2.8055659705204223,-0.6288601296178263,0
773,139,-1.0580582752522962,31,470,55,0,1.6485806664637546,2,-0.2351536375112642,-0.20679364850592963,0.6421878504661789,-0.41440169681396244,-1.592391695604774,1.2974405980288075,1.3096159827653022,-1.1968340824931072,True,1.700246125718475,0.24880625212447186,-2.4131181146218665,0
774,59,-1.3810184066468474,38,680,49,0,1.9296586684291497,2,-0.12075648392093428,-0.20679364850592963,-0.2749121658093085,-0.1989780153658118,-1.3152738772882067,0.2865061222507173,-0.729327824690798,-0.10080579452544622,True,1.1061062408375388,0.16676692701676432,-5.0256833687374085,0
775,90,-0.21812964890533024,15,125,73,2,1.9858742688222286,2,-0.7869262188093323,-0.20679364850592963,0.13314546961229698,0.6100546960659321,0.7323188913842071,0.6690218698424271,-1.1451650485798712,1.078465148224569,True,0.3512751185176272,0.17165193982327875,1.6391970138563166,0
776,349,-0.20347149461970118,38,549,90,1,-0.3751809476870898,1,-0.07294009438220465,-0.20679364850592963,1.0715148776565104,0.33701273284676464,-0.4223386849348233,1.2564567679296956,-0.9037111766442802,1.605668628512811,True,1.2749863722762116,0.01484123002164925,2.9672460587122123,0
777,353,-0.8325213045435128,13,110,64,2,0.07454385545754227,1,0.8543170953229892,-0.20679364850592963,-0.5898110577856667,1.2024949849805804,-0.022057391810892734,0.9285861271368016,-1.5341740644761008,-1.6269211322019363,True,0.24271024675784614,-0.7112371826921196,0.8316042306452749,0
778,76,1.1524651849185044,8,346,41,2,0.4680530582090954,2,-1.8182328072643317,-0.20679364850592963,-0.1943230288673857,-0.14265100747972054,1.5328814776320683,1.0788601708335448,-0.8634688646550153,0.5512616679363268,True,-1.34678821378589,-2.0954500084487795,-7.010120143414871,0
779,12,-0.4539322067144635,31,221,0,2,1.3112870641052805,2,-0.08879715270593434,-0.20679364850592963,-0.07455611651817294,1.4937631060595609,-1.4384373520955698,0.2591835688513095,-1.6146586884546312,0.5928829953275039,False,0.37937609019629054,0.040307887477765966,0.6694501484193921,0
780,29,0.9004424535478406,41,570,5,1,-0.9373369516178799,1,1.0684665314000334,-0.20679364850592963,0.7005209176753444,0.7787227495832111,1.5482769119829887,-0.8337185671250041,0.29014407903725214,1.508552197933398,False,-0.19992153587249617,0.962092625067597,1.284153920146585,0
781,72,-0.7276641148313101,1,190,35,2,1.1988558633191224,2,0.5114292264090835,-0.20679364850592963,0.5340633275201577,-0.6689568750913689,-0.022057391810892734,-0.9839926108217473,0.4511133269943127,0.911979838659861,True,1.261727442351468,-0.37214869533382744,-1.4948648959619486,0
782,394,0.40803736552489345,12,84,5,2,-0.03788734532861575,0,-1.0390009501597688,-0.20679364850592963,0.8276560481920743,-0.6124005806659605,0.7939006287878887,-1.2708794215155297,-0.917125280640702,0.5096403405451498,True,0.41961868266718083,-0.42395121048105316,-1.6329183786932056,0
783,319,0.2645743633295607,4,564,84,2,0.5242686586021743,1,0.32484974849802,-0.20679364850592963,0.5906509894625552,-0.28375146264925566,-0.11442999791641516,1.5843274087225898,-1.6817292084367397,-1.2384554098842842,True,0.32607662613299454,0.08594691538663156,-3.524212150607705,0
784,105,0.5719900159077579,36,53,49,2,-0.8811213512248008,1,-1.058874311958881,-0.20679364850592963,-0.7575065855956997,-1.5249021348097964,1.563672346333909,-0.4238802661338866,0.22307355905514353,0.2876599277922058,True,-1.3294966015034575,-0.6056655345416766,-0.6557798318662036,0
785,209,0.7777503144364704,20,477,22,0,-0.20653414650785276,0,-0.3534180473878296,-0.20679364850592963,1.4100417648868697,-1.6559021207245581,-0.9457834528661169,-1.7353628293054628,-0.6488432007122678,-1.4743095984342873,True,0.6322914504503994,-0.2748709974834079,-0.6039004648127907,0
786,293,-0.6515022111628342,32,386,75,1,-0.5438277488663268,0,0.020463420386292647,-0.20679364850592963,1.0591067819091258,0.4411290624639054,1.5790677806848294,0.3138286756501251,-0.8366406566621718,-1.3355718404636974,True,1.71060899307196,-0.013331963629624279,2.266909751362954,0
787,100,0.4681147088180339,7,581,87,0,0.4680530582090954,1,-0.3879037737670492,-0.20679364850592963,0.06687260223122142,0.5065641979094527,1.6098586493866702,-0.6151381399297413,-1.668315104440318,-0.5863879474225113,True,-0.4012421065868125,-0.18158346210637874,1.97408306137427,0
788,194,0.24107541672796787,13,547,4,1,-0.4313965480801688,1,0.45928101948352285,-0.20679364850592963,0.7533283056443073,1.5789549713513935,-1.1921104024808433,-1.5714275089090157,1.510827542711628,0.49576656474809083,True,0.5122528889163395,0.1107213631672362,0.6333302436174587,0
789,338,-0.8001962073618512,9,580,91,0,-0.8811213512248008,1,0.485465530333871,-0.20679364850592963,0.4932062927275249,-0.9416668244370402,-1.7001597360612166,0.9832312339356172,0.5315979509728429,0.4263976857627958,True,1.293402500089376,-0.3884676761780733,-1.061946837505417,0
790,26,0.24744676737057314,28,393,28,1,1.0302090621398854,0,0.12563405665017108,-0.20679364850592963,1.7873616498018972,0.6376237090909475,-1.06894692767348,-0.7517509069267806,-1.6549010004438962,1.120086475615746,True,1.539914882431324,0.03108774118973629,1.5683228664652407,0
791,335,-1.035726663145256,10,75,61,0,1.6485806664637546,2,1.452180050845441,-0.20679364850592963,-1.0321586698059946,0.40351594963232085,-1.4692282207974106,-0.7654121836264846,-0.15252135284466442,-0.3505337588725082,True,0.0035679933392613883,-1.5040615983482568,2.478216172346028,0
792,463,0.2090514967898574,17,110,6,0,-0.9373369516178799,1,-0.40526119392890464,6.431744946342571,-0.5113203812264032,-1.646782566925601,-1.1151332307262414,-0.6287994166294454,-0.9573675926299672,0.3709025825745598,True,-0.7203718780162607,-0.08472045918168218,-0.6072447454865806,0
793,258,0.7684613224224653,26,618,27,1,-1.330846154369433,3,0.22697317476508913,3.1124756489183207,-1.0814728546521388,-1.0546081285166728,0.4398056387167194,0.2728448455510134,1.3364441907581457,0.5790092195304448,False,-1.849934177074604,0.17442010603440572,-0.9482195971962397,0
794,420,-0.20451870856954538,16,423,43,0,0.6929154597814113,2,-0.33629030118055,-0.20679364850592963,-0.21016421737146224,-0.28372186324788207,-1.022760624620719,0.5324091028453879,0.6925671989299035,0.30153370358926485,True,-0.00564550880191686,0.06877765810190954,-3.524579815635503,0
795,159,-0.06571621557824382,11,568,40,2,0.6929154597814113,0,0.45928101948352285,-0.20679364850592963,0.42594751846103956,0.3744963482973394,-0.48392042233850485,-0.5468317564312217,1.5376557507044715,1.244950457789277,True,0.4916637340392834,-0.030182210487374787,2.670252293570562,0
796,412,-1.156082562045504,9,112,16,1,1.0302090621398854,2,0.33856840262911453,-0.20679364850592963,-0.04106363627679956,-1.5335191517133728,0.7477143257351275,0.9559086805362094,1.229131358786772,-0.6141354990166293,True,1.1150189257687044,-0.39141302633912045,-0.65209493086031,0
797,206,0.8451868061677809,17,455,74,0,0.6366998593883324,2,0.35222372312429456,-0.20679364850592963,-0.18746529437146936,1.662914108633076,0.5167828104713215,-0.041364518542176765,0.22307355905514353,-1.3216980646666383,True,-1.0326521005392502,0.29769484360394727,0.6013539332386877,0
798,300,-0.9470368242574705,17,549,8,1,1.0864246625329645,2,0.711772004452503,-0.20679364850592963,0.49322486743193733,-1.468001529700762,-0.32996607882930085,0.710005699941539,-0.6086008887230027,-1.1968340824931072,False,1.4402616916894078,-0.6740742986920726,-0.6811982466555502,0
799,164,-0.16283636212290392,21,482,12,2,-1.218414953583275,3,-1.8182328072643317,-0.20679364850592963,-1.0702674445590408,1.0514199668334383,-1.2075058368317637,-0.7517509069267806,-0.7963983446729067,-0.5308928442342753,False,-0.9074310824361369,0.2960744158274389,0.9510946495549584,0
800,275,1.2678288879967134,2,400,4,2,-0.03788734532861575,0,-0.025863557847784793,-0.20679364850592963,1.5313977050211436,-1.5624613810837342,1.2711590936664214,-0.09600962534099243,1.5242416467080497,-1.7517851143754672,True,0.26356881702443014,-0.032790565785795665,-0.6400158596611065,0
801,112,0.2752711273441337,35,218,20,2,-0.8811213512248008,0,0.889026224217017,-0.20679364850592963,1.1180529230076075,-1.2608138816848307,-0.4993158566894253,-0.35557388263536693,1.3901006067438324,-1.3216980646666383,True,0.8427817956634738,0.2447232509787169,-0.793138538399934,0
802,406,0.6277100526547872,17,72,50,0,1.9858742688222286,2,-1.1189017032627826,-0.20679364850592963,0.4106567483437068,-0.5186452385642127,-0.6840610689004701,0.4367801659474605,-1.5073458564832574,0.2876599277922058,True,-0.2170533043110804,-0.7023458470706123,-1.9281005944996268,0
803,375,1.1366482333144199,22,476,58,2,0.2994062570298583,1,-0.2853709610732421,-0.20679364850592963,-1.2401009168196349,0.3750936685699129,-0.3145706444783804,0.5597316562447958,1.1486467348082419,1.147834027209864,False,-2.3767491501340547,-0.3243663987431387,2.6660000346383046,0
804,268,0.5937853410539597,6,496,0,0,1.9858742688222286,2,-1.1592575015304638,1.4528410002061956,-0.23011954096142442,-0.21766089634167335,-1.515414523850172,0.6553605931427232,-0.7561560326836414,0.8009896322833888,True,-0.8239048820153841,-0.6883501109156277,-4.594304609775701,0
805,200,-0.4947341037534772,7,198,93,1,-0.9373369516178799,3,0.6874037218721623,-0.20679364850592963,-1.4418376917824811,-1.0732238667328007,-1.1151332307262414,-1.7490241060051668,-1.5610022724689443,-0.4060288620607443,True,-0.947103588029004,-0.3400820642572287,-0.9317721345701142,0
806,51,-1.4048296284298558,26,434,1,2,-0.2627497469009318,1,-1.751781892697946,-0.20679364850592963,-1.376837983935723,1.1174589518312739,1.6868358211412722,-1.3118632516146413,-0.7561560326836414,0.2737861519951468,False,0.027991644494132828,2.4609551054090053,0.8948873771805921,0
807,312,1.3380391626263997,11,662,18,2,-0.03788734532861575,0,0.472401208410713,4.772110297630446,1.767238224400542,1.1741524699520214,1.0864138814553765,-0.9430087807226356,-1.3195484005333533,-0.8916110149578094,True,0.42919906177414235,0.6320913173255697,0.8516780745460212,0
808,417,-0.9003307521159302,27,586,15,1,0.4680530582090954,0,-0.9018081025139288,-0.20679364850592963,0.851353729955908,-0.44311823074884965,1.1787864875608989,-0.49218664963240616,-0.8500547606585935,1.147834027209864,False,1.751684482071838,0.8119255672006054,-2.256734560398251,0
809,81,-1.565945335800065,23,103,59,0,1.3112870641052805,2,1.1227184347359322,-0.20679364850592963,-0.06762735241731484,1.295891760804658,1.5944632150357498,1.4340533650258467,1.2425454627831938,0.8287371838775068,True,1.4983179833827502,-1.7581156962914828,0.7716693269290773,0
810,123,-0.186316831746437,29,40,34,0,-1.49949295554867,3,-1.7077935573996443,-0.20679364850592963,1.0184174566413926,-1.054562532379998,-1.2075058368317637,-0.8337185671250041,-1.4134471285083055,-1.5714260290137003,True,1.2047342883878296,0.3181906848916787,-0.9482605953856537,0
811,224,-0.6209662290554504,37,181,62,1,-0.9935525520109589,1,-0.025863557847784793,-0.20679364850592963,-1.205072138115589,1.4653899034163425,-0.5762930284440273,-1.7490241060051668,0.5047697429799994,0.44027146155985475,True,-0.5841059090601387,0.016060395986696424,0.6824121890204289,0
812,288,-0.2950134102458687,38,606,76,2,0.07454385545754227,0,1.8817854608487634,-0.20679364850592963,1.0956152319207835,1.6250174074192132,-1.222901271182684,-0.5741543098306296,1.2559595667796155,0.953601166051038,True,1.3906286421666523,-0.5551519461560873,0.6153779854274674,0
813,315,1.1003319114936003,26,621,44,1,1.4237182648914386,2,-0.805897272154619,-0.20679364850592963,-0.7101796150474471,1.4565358736591196,-0.48392042233850485,-0.17797728553921596,0.9742633828547594,-1.3771931678548743,False,-1.8105115265410474,-0.8867544859373702,0.6865604544512506,0
814,426,0.47219915323165235,34,59,82,2,1.2550714637122016,0,-1.773869888025952,-0.20679364850592963,1.9335055484861399,-0.6123106942485537,0.0857106486455501,0.47776399604657227,1.175474942801085,0.34315503098044187,False,1.4613063952544876,-0.8376198590689805,-1.6331580890368729,0
815,360,0.32888956488607274,15,359,95,1,0.018328255064463263,1,-1.491643875679105,-0.20679364850592963,1.176265267637454,-1.270253043725826,-1.5769962612538535,0.5324091028453879,1.564483958697315,0.4818927889510318,True,0.8473757027513813,-0.490586105237076,-0.7872447806079181,0
816,48,-1.4105118763237015,36,97,60,0,-0.8811213512248008,1,-1.512971918718622,-0.20679364850592963,-0.5252294988714126,-1.3832743314819647,1.1172047501572173,0.09524824845486245,-1.668315104440318,0.1627959456186748,True,0.8852823774522889,2.134064859896874,-0.7229224525701274,0
817,127,1.1900164143616403,23,498,13,0,-0.4876121484732478,0,-0.3879037737670492,-0.20679364850592963,0.5623405537672111,0.38406751060990174,1.1326001845081377,0.9695699572359133,0.6925671989299035,-1.5159309258254643,True,-0.6276758605944291,-0.4616118579756128,2.6037082335893773,0
818,361,0.6602362475857301,36,350,87,0,0.5804842589952534,2,0.472401208410713,-0.20679364850592963,-0.36666212298101436,-0.15132983489793006,1.5482769119829887,-0.041364518542176765,0.062104311098082995,-0.6696306022048653,True,-1.0268983705667445,0.31189640119605355,-6.6080866438739685,0
819,447,-1.0474464966873334,14,627,38,0,-1.387061754762512,3,0.537177286385998,-0.20679364850592963,-0.9094744708582694,0.1872521675275356,-0.006661957459972327,0.1225708018542703,0.35721459901936065,-0.4892715168430983,True,0.13797202582906398,-0.562664466725022,5.34038926846613,0
820,335,0.695380393048014,7,131,63,2,0.5242686586021743,1,1.9608554183122706,-0.20679364850592963,0.9224300690978925,1.1081054321758708,-0.09903456356549475,1.6389725155214054,-0.08545083286255585,-1.7240375627813491,True,0.22704967604987847,1.3635404114963148,0.9024411222245274,0
821,384,0.17948955474448466,6,80,95,1,1.1426402629260435,2,0.5499720170437528,-0.20679364850592963,-0.5746139568067916,-0.41468506755358375,-0.8842017154624353,-0.5331704797315179,-0.6220149927194244,-0.04531069133721022,False,-0.7541035115512763,0.09871423246110932,-2.4114691349904898,0
822,186,-1.1770521327474666,18,70,5,1,-1.49949295554867,3,0.3793476208697771,-0.20679364850592963,-1.3468250776964954,0.3463827933441118,-0.022057391810892734,1.2837793213291036,-1.6951433124331614,-1.4881833742313462,False,-0.16977294494902884,-0.44651192619744845,2.8869785985838408,0
823,37,-1.6121079872423298,29,208,18,1,0.8615622609606484,2,0.14033640788738985,-0.20679364850592963,0.41396260434507287,0.9950755475347742,0.8092960631388092,-1.188911761317306,-0.9707816966263889,-0.2672911040901542,False,2.026070591587403,-0.22623744405615867,1.0049487217152038,0
824,315,-1.0667509663770536,28,631,36,1,-0.6000433492594058,1,-0.9018081025139288,-0.20679364850592963,0.6998162979266876,0.25257619639660317,-1.669368867359376,-1.0659602710199707,0.34380049502293897,0.44027146155985475,True,1.7665672643037413,0.9620046648433906,3.959199712192188,0
825,75,0.7682022050437967,23,355,37,1,-1.0497681524040379,1,1.559163501032625,-0.20679364850592963,0.6053718595651001,1.53109545986341,-1.4538327864464902,-1.4757985720110882,-1.520759960479679,1.355940664165749,True,-0.16283034547869657,1.1977528395170685,0.6531270981474276,0
826,129,1.0610613724789475,12,575,1,1,0.7491310601744904,0,-0.564866129107652,-0.20679364850592963,1.7049835691655333,-0.8379351782164283,-1.06894692767348,-0.7517509069267806,-1.6549010004438962,1.120086475615746,True,0.6439221966865858,-0.5993576302178356,-1.1934098786370564,0
827,178,-0.6688035345053704,25,234,69,0,-1.0497681524040379,3,1.61631929993183,-0.20679364850592963,0.7664499970582843,0.9111129279705771,-0.9919697559188781,-1.325524528314345,0.7998800309012772,-0.7528732569872193,True,1.4352535315636548,-1.0810000606836538,1.0975586664888448,0
828,245,-0.9874644071182156,26,4,72,1,1.0302090621398854,2,-1.0788156848149264,-0.20679364850592963,0.7102266259514686,1.5600004723393972,1.22497279061366,1.2701180446293998,-1.4939317524868356,-1.071970100319576,True,1.6976910330696842,1.0652920905956031,0.6410254058435292,0
829,449,-0.5492645642638726,21,620,50,2,0.41183745781601633,2,-0.5109923747150832,-0.20679364850592963,0.5750896618811557,0.7416636461354253,-1.4692282207974106,-0.7654121836264846,-0.15252135284466442,-0.3505337588725082,True,1.1243542261450283,0.28067000404004167,1.348319916148906,0
830,74,0.496311084152323,41,622,42,0,0.5242686586021743,2,-1.4703801694062202,-0.20679364850592963,-0.7016583518524213,-0.0014484779039776994,-0.19140716967101717,-0.10967090204069636,0.20965945505872183,-1.1968340824931072,True,-1.1979694360047444,-0.7297659759940774,-690.4275446716542,1
831,381,-1.261582019141532,2,522,88,2,1.4237182648914386,2,0.7238882179995157,-0.20679364850592963,-0.2736285786938016,-0.6782230112199226,1.6252540837375906,-0.41021898943418267,1.5510698547008932,1.439183318948103,True,0.9879534404477304,-0.9132443596965945,-1.4744414903372927,0
832,439,-0.32068170305635085,29,74,18,1,0.7491310601744904,1,-1.1390459728740463,-0.20679364850592963,0.9148803543746777,1.3997172110105056,-1.4230419177446496,0.846618466938578,-1.5475881684725226,1.2033291303981,False,1.2355620574310286,0.3652712024407272,0.7144299724907056,0
833,303,-0.8916821039882603,39,222,50,2,-1.274630553976354,3,-0.7117529458539462,-0.20679364850592963,-0.8584231413970639,1.1737227345254604,1.3481362654210234,-0.45120281953329433,0.7193954069227468,0.2182910488069108,False,0.03325896259119643,0.6346573642788891,0.8519898996463701,0
834,392,-0.09792249606163157,18,514,41,1,-0.4313965480801688,1,0.8774958557738228,-0.20679364850592963,-0.16154592676966428,-0.715623378354134,-1.5000190894992516,-0.0003806884430649987,0.04869020710166129,0.23216482460396978,True,-0.06362343070803271,-0.0859265844811102,-1.3973832744791443,0
835,76,-1.4843593908077395,29,640,21,2,1.9296586684291497,2,0.7479871380105251,-0.20679364850592963,0.7650915744391995,1.3904605423375385,1.4097180028247052,-1.1342666545184903,1.4437570227295193,-1.3078242888695795,True,2.2494509652469388,-1.1102817325093275,0.7191861240451041,0
836,343,0.9433835786285875,38,623,30,0,0.6929154597814113,2,1.2910757245429476,-0.20679364850592963,-0.981595566425285,0.3376750194525001,-1.3768556146918882,0.013280588256638914,-0.7024996166979546,0.7316207532980938,True,-1.9249791450538725,1.2179796372998224,2.9614263604063593,0
837,167,-1.266103200075814,24,58,92,0,1.1988558633191224,0,1.5973582042816943,4.772110297630446,1.1137173357117132,-0.5282132450582463,-0.12982543226733556,-0.5604930331309258,1.1486467348082419,-0.29503865568427223,True,2.379820535787527,-2.022420334108409,-1.8931751497583982,0
838,6,1.2846304557570098,9,544,27,1,1.9296586684291497,2,0.5880462384367718,-0.20679364850592963,-0.06712830968833151,0.17691359720582986,1.0864138814553765,-0.9703313341220434,0.437699222997891,0.9397273902539789,True,-1.3517587654453413,0.7554221072892255,5.652473583413681,0
839,8,-0.3479040839255664,32,262,0,1,1.1988558633191224,2,0.8543170953229892,-0.20679364850592963,0.10587845771203507,-0.5840345602304281,1.3943225684737848,-0.10967090204069636,-0.6220149927194244,-0.4337764136548623,False,0.45378254163760146,-0.2972204064302953,-1.7122277332838451,0
840,63,-0.14010736354304304,40,537,85,1,-1.49949295554867,3,0.4195783825648011,-0.20679364850592963,1.1732598388114377,1.0512782814636277,1.0864138814553765,0.7783120834400585,1.1084044228189767,-0.8916110149578094,True,1.3133672023544807,-0.05878602098080858,0.9512228327265362,0
841,357,1.2957998974675635,1,362,17,2,-1.162199353190196,3,-0.9601914853903032,-0.20679364850592963,-0.7976816179892686,-0.5465079603550644,-0.868806281111515,1.4203920883261427,1.1486467348082419,-0.2811648798872132,True,-2.093481515456832,-1.2442160283179824,-1.8297998483504025,0
842,439,0.0795924180385904,2,624,0,1,-0.20653414650785276,0,0.7838085591320157,-0.20679364850592963,1.2606577329610162,1.6447559641036253,-1.5000190894992516,-0.46486409623299824,0.3840428070122041,-1.2523291856813432,True,1.1810653149224257,0.0623852185006606,0.6079928944022404,0
843,104,0.4250715251487099,31,590,2,0,-1.274630553976354,3,1.3724795730738664,-0.20679364850592963,-1.1898316563561162,0.9295791456812366,1.3173453967191826,-0.341912605935663,-1.2658919845476666,0.12117461822749778,True,-1.614903181504826,0.5834019853619586,1.075755514815906,0
844,237,0.11179432610993548,26,456,10,1,-0.15031854611477377,0,-1.3233493238148013,-0.20679364850592963,0.7395915900646358,-1.5995799009769245,-1.1613195337790025,0.4914252727462762,0.0755184150945047,-1.0164749971313403,False,0.6277972639547004,-0.1479429458639145,-0.6251641833619441,0
845,90,1.527588715057565,22,501,34,2,1.3112870641052805,0,-0.564866129107652,-0.20679364850592963,1.7589526585661934,-0.5280518630279627,0.9170641035952521,1.4203920883261427,-0.07203672886613413,1.06459137242751,True,0.23136394350862832,-0.8628831243430988,-1.893753737826353,0
846,171,0.06702842781915995,15,259,16,0,0.41183745781601633,0,-0.268553453715343,-0.20679364850592963,0.9427686670427688,0.7318816969094043,-1.0381560589716394,0.3001673989504212,0.6523248869406384,0.4818927889510318,True,0.8757402392236089,-0.01800071578794498,1.3663408547976015,0
847,358,0.018299271088028642,40,222,8,0,-1.218414953583275,3,-0.805897272154619,-0.20679364850592963,-1.1714030967379618,-1.0069589686568339,1.4097180028247052,-1.1342666545184903,1.4437570227295193,-1.3078242888695795,False,-1.1897023678259904,-0.01474733265226017,-0.9930892225358557,0
848,183,-0.28318136226817225,3,148,36,1,1.0302090621398854,2,0.020463420386292647,-0.20679364850592963,0.6288451931815702,0.609805712866142,-1.1459240994280822,0.013280588256638914,-0.018380312880447277,-0.3644075346695672,False,0.9120265554497424,-0.005794859261656639,1.6398662966164759,0
849,365,-0.09119533282297489,17,427,96,1,-0.6000433492594058,1,-0.3022664678409858,-0.20679364850592963,-1.0249870337489435,1.3995566995508506,0.9170641035952521,1.4203920883261427,-0.07203672886613413,1.06459137242751,True,-0.9337917009259686,0.027565291135983737,0.7145119085705721,0
850,122,-1.418265220700904,12,78,26,0,0.07454385545754227,0,0.8659262724603146,4.772110297630446,1.9620973553413994,-1.382915982846952,-0.6070838971458681,-0.9566700574223395,0.5181838469764212,-0.9609798939431042,True,3.3803625760423035,-1.2281131159216394,-0.7231097801417548,0
851,407,0.0838379116864289,34,221,54,2,-0.6000433492594058,0,1.890643953049121,-0.20679364850592963,1.4739803386470962,-1.0732493309236886,0.3166421639093562,0.16355463195338205,-0.5549444727373157,1.314319336774572,True,1.3901424269606673,0.15850764076621304,-0.9317500271016763,0
852,66,0.23781053521622358,28,534,82,2,-1.0497681524040379,3,-0.1530404922217351,-0.20679364850592963,-1.2018807557546858,-0.12393602421192801,-1.5308099582010923,0.9832312339356172,0.9474351748619161,-0.1424271219166232,True,-1.4396912909709094,-0.03639464136500513,-8.068685543426614,0
853,317,-1.0799237424881463,9,256,85,2,-0.4876121484732478,0,-0.9601914853903032,-0.20679364850592963,1.2154622147507126,-0.8667141755939203,-0.4223386849348233,1.2564567679296956,-0.9037111766442802,1.605668628512811,False,2.295385957238859,1.0369335824079484,-1.1537830389044332,0
854,298,-1.16010150420929,8,303,44,2,1.0864246625329645,2,0.472401208410713,-0.20679364850592963,0.08381046273360857,-0.39654944903914907,-1.6077871299556943,1.3930695349267348,-1.1451650485798712,1.4253095431510439,True,1.2439119669428984,-0.5480333524675544,-2.5217542341779904,0
855,215,1.8517210093240704,17,654,88,1,-1.387061754762512,3,-0.3022664678409858,-0.20679364850592963,-1.3554269506646521,-0.3117321467602876,0.8246914974897296,-0.45120281953329433,0.8669505508833859,-1.1690865308989893,True,-3.2071479599887223,-0.559713168915332,-3.2078832137812556,0
856,294,-0.6382814292581996,35,258,90,2,1.5923650660706756,2,-1.449180960650241,-0.20679364850592963,-0.18562089109505348,1.3339687789599777,0.4398056387167194,0.4367801659474605,-0.031794416876868986,1.4946784221363392,False,0.45266053816314616,0.9249852948176066,0.7496426759068361,0
857,323,-1.5338391957528998,31,286,71,0,-1.330846154369433,3,0.31106692419765586,-0.20679364850592963,-1.4415903874825502,-1.205194430077164,-0.26838434142561923,0.4641027193468683,-1.5475881684725226,-0.7112519295960422,True,0.09224880827034965,-0.47712664083666073,-0.8297417064150757,0
858,52,0.5147008965054264,34,153,17,1,0.5804842589952534,0,-1.8182328072643317,-0.20679364850592963,1.5568931943015494,1.239556917782909,-1.6539734330084557,1.037876340734433,-0.219591872826773,-1.7934064417666442,True,1.0421922977961229,-0.9358460559545296,0.8067398156388284,0
859,398,-0.34357302798548206,23,127,48,0,0.9177778613537274,2,-0.45778839002166005,-0.20679364850592963,0.43597917965658206,1.1642238295750749,1.6252540837375906,-0.41021898943418267,1.5510698547008932,1.439183318948103,True,0.7795522076420641,0.1572837433363406,0.8589412866345959,0
860,392,0.11347254518485908,6,322,36,2,-1.387061754762512,3,2.0640702978270924,-0.20679364850592963,-0.9037788753357711,-1.5623711682023418,-1.1767149681299232,1.1608278310317683,-0.5549444727373157,1.189455354601041,True,-1.0172514205206302,0.2342153101349103,-0.6400528148224073,0
861,378,-0.42815404256608625,6,45,87,0,-1.49949295554867,3,0.09599387444033028,-0.20679364850592963,-0.9016267220828716,1.2498651269539414,1.0864138814553765,-1.6943789992063512,1.698624998661532,0.0934270666333798,True,-0.4734726795167854,-0.04110016540320871,0.8000862640503326,0
862,445,-0.01282070680120112,11,357,11,1,0.5804842589952534,1,0.24115965527084843,-0.20679364850592963,0.9201574849338728,0.9017384057987582,0.9478549722970928,1.1198440009326565,-1.0646804246013408,-0.6835043780019243,True,0.9329781917350739,-0.0030918372325062842,1.1089689456193312,0
863,84,1.910018935770709,3,477,73,0,-1.0497681524040379,3,0.485465530333871,-0.20679364850592963,-0.9271713271223657,-1.3271115349807,1.5328814776320683,1.0788601708335448,-0.8634688646550153,0.5512616679363268,True,-2.8371902628930745,0.9272483556016632,-0.7535162260240361,0
864,154,0.2433513892991123,35,212,39,0,-0.15031854611477377,1,0.711772004452503,-0.20679364850592963,0.4337268194950072,-0.4802130275924096,1.1172047501572173,0.09524824845486245,-1.668315104440318,0.1627959456186748,True,0.1903754301958949,0.17321070614773054,-2.0824095782127094,0
865,413,-0.724586204228535,13,204,86,0,0.018328255064463263,0,-0.07294009438220465,-0.20679364850592963,1.8276263435210969,-0.05747361542458913,0.7169234570332866,1.1471665543320644,-0.018380312880447277,-0.4337764136548623,True,2.552212547749632,0.052851386124472766,-17.39931849674478,0
866,259,-0.7491525350557032,13,268,69,0,-0.7124745500455638,0,0.11085360647837106,-0.20679364850592963,1.2397452002359721,0.7040585860821555,-0.5301067253912661,1.3520857048276231,1.0145056948440245,-0.2672911040901542,True,1.9888977352916752,-0.083046260313339,1.42033614493794,0
867,8,-0.8409089969303907,1,344,53,1,-1.330846154369433,3,1.6633342388534342,-0.20679364850592963,-0.9737850460735532,-1.1667109642595999,-1.7001597360612166,0.9832312339356172,0.5315979509728429,0.4263976857627958,True,-0.13287604914316253,-1.3987127263542163,-0.8571103866720267,0
868,431,-0.873962368642384,29,68,41,1,-0.7124745500455638,0,0.6628510710023714,-0.20679364850592963,1.7289961829460627,0.7033715970348325,0.33203759826027657,-0.7517509069267806,0.062104311098082995,-0.3505337588725082,True,2.6029585515884466,-0.5793068920703736,1.4217233991865865,0
869,394,0.27161387132591963,5,136,83,2,0.07454385545754227,1,-1.2613176508759902,-0.20679364850592963,-0.030078409201094905,-0.20860250012937812,0.8708778005424909,-0.3965577127344787,-1.4939317524868356,1.120086475615746,True,-0.3016922805270145,-0.34259137012614244,-4.793808697214347,0
870,180,1.6282084054601542,12,96,76,0,-0.8811213512248008,0,-1.2819289279963564,-0.20679364850592963,-1.205447488439562,0.534411467071646,-0.5147112910403457,-0.5195092030318139,-1.2256496725584014,0.1350483940245568,True,-2.8336558938997163,-2.0872474557661924,1.871216982595616,0
871,477,-0.3430406459106792,40,54,14,0,-0.3751809476870898,1,1.8192490974560211,-0.20679364850592963,0.6329505059194742,1.6909463740538548,-1.6231825643066147,1.5843274087225898,0.4779415349871561,0.6761256501098578,False,0.9759911518301534,-0.6240763854637337,0.5913847749435923,0
872,470,-0.2764269420324622,21,103,55,1,1.8734430680360705,2,0.005104994666132303,-0.20679364850592963,-0.26449470289041205,-0.28298057235759777,1.1633910532099787,1.6389725155214054,0.16941714306945668,-0.6280092748136883,True,0.01193223914205016,-0.0014111580646509827,-3.5338127456947506,0
873,249,1.4779421658083716,37,398,27,0,1.3675026644983594,2,-0.3192396785201743,-0.20679364850592963,0.44904275911431973,-0.01950661563246371,1.0094367097007746,0.054264418355750674,1.457171126725941,0.6345043227186808,True,-1.0288994066940518,-0.4718177818840747,-51.26492187747515,0
874,371,-0.7092513764416356,18,647,84,2,-0.9373369516178799,1,1.013374784664033,-0.20679364850592963,1.1571102333066443,-0.9230689329187993,-0.5301067253912661,-1.1069441011190826,0.66573899093706,-1.6269211322019363,True,1.8663616097482798,-0.7187374608742115,-1.0833428281160133,0
875,56,1.184293019449624,18,414,23,2,0.5804842589952534,1,0.4195783825648011,-0.20679364850592963,0.4957589855564123,0.2521772574060303,-1.253692139884525,0.5597316562447958,-0.5147021607480506,-1.3216980646666383,True,-0.6885340338932117,0.4969037495834578,3.9654630783916964,0
876,300,-0.04006978754111627,42,665,68,2,1.8172274676429916,2,0.6751506888007894,-0.20679364850592963,-0.02378053930557127,-1.731714458063457,0.5629691135240826,1.406730811626439,-1.426861232504727,0.45414523735691387,True,0.016289248235545003,-0.02705314465848594,-0.5774624408140157,0
877,33,-1.133883191114407,27,651,29,2,0.6366998593883324,2,0.7479871380105251,-0.20679364850592963,0.35473281292839726,1.061010716985145,0.347433032611197,0.6007154863439075,0.3035581830336738,-0.8222421359725143,True,1.4886160040428043,-0.8481300429599065,0.9424974599613348,0
878,361,1.8833854529942364,20,341,45,1,-0.8249057508317219,1,1.7557622794849694,-0.20679364850592963,1.0902392403558088,0.5342703258084783,-1.0073651902697986,-0.5331704797315179,0.5450120549692647,0.7316207532980938,True,-0.7931462126384277,3.3067771360979923,1.8717113126498852,0
879,357,-1.1389650282202346,5,632,60,2,1.3112870641052805,2,-1.8182328072643317,-0.20679364850592963,0.4891257105810294,0.3093070402330534,0.5321782448222419,1.4477146417255506,1.1218185268153984,0.4263976857627958,False,1.628090738801264,2.070903580636776,3.233032380844913,0
880,92,-0.5837985726369335,32,51,22,0,0.2431906566367793,0,-0.07294009438220465,-0.20679364850592963,0.26203022808091786,0.3183223431992311,-1.022760624620719,0.5324091028453879,0.6925671989299035,0.30153370358926485,True,0.8458288007178514,0.04258232298833429,3.1414687257037723,0
881,223,0.04958684596449883,16,515,20,2,-0.7686901504386429,1,-1.512971918718622,-0.20679364850592963,0.8758760534894047,0.5916249335003467,-1.592391695604774,1.2974405980288075,1.3096159827653022,-1.1968340824931072,True,0.8262892075249059,-0.07502350548211255,1.6902597817463956,0
882,469,-0.5924565000706765,30,403,68,0,0.018328255064463263,0,-0.3706226321335793,-0.20679364850592963,1.1877280283910452,-1.0730571524574168,-1.5308099582010923,0.9832312339356172,0.9474351748619161,-0.1424271219166232,True,1.7801845284617217,0.21957778748084225,-0.9319168982766497,0
883,443,-0.1596551600484828,33,435,40,0,-1.330846154369433,3,-0.6011506974392071,-0.20679364850592963,-1.5174293130671102,-0.5281173734677677,0.7477143257351275,1.0788601708335448,-0.6622573047086895,0.4680190131539728,True,-1.3577741530186274,0.09597681081291366,-1.8935188266683962,0
884,434,1.6142598532360226,17,374,84,2,0.8615622609606484,1,1.422485627292018,-0.20679364850592963,0.6423561204225563,0.449714412360865,0.5013873761204011,-1.024976440920859,-1.480517648490414,-1.2384554098842842,True,-0.9719037328134663,2.2962614399427648,2.2236329327028,0
885,131,-1.5373826675431217,37,304,91,2,-0.20653414650785276,1,0.2693247864040974,-0.20679364850592963,-0.6632693580575564,-1.3365356796783514,-1.5462053925520127,0.8192959135391702,-0.8634688646550153,-0.8638634633636911,False,0.8741133094855653,-0.41405525855741276,-0.7482030521332312,0
886,475,-1.063377511818446,8,73,0,1,1.7047962668568335,2,0.73595977530185,-0.20679364850592963,-0.040401109333642514,-1.4023548455924562,-0.868806281111515,0.17721590865308595,0.9608492788583377,-0.3505337588725082,True,1.0229764024848036,-0.7826030746589439,-0.713086330789666,0
887,261,-0.714588553231003,25,294,95,1,0.2431906566367793,1,0.5627146920237458,-0.20679364850592963,1.089200539593291,-1.204922920862358,-0.7302473719532313,1.7346014524193327,-1.6012445844582095,-1.6685424595931133,False,1.8037890928242941,-0.40210947765507793,-0.8299286748376999,0
888,174,-1.6425486273182826,1,355,38,1,0.5804842589952534,2,1.101116147891736,-0.20679364850592963,0.7550022818057379,0.4406266343898533,-0.26838434142561923,-0.17797728553921596,-0.7963983446729067,1.300445560977513,True,2.3975509091240204,-1.808636817237566,2.2694946129056937,0
889,274,0.8160941787927087,7,479,50,2,-1.0497681524040379,1,0.8309784133015728,-0.20679364850592963,1.2022714082771817,0.8538302511768997,-0.5608975940931069,-0.49218664963240616,0.8937787588762292,-1.5852998048107594,False,0.386177229484473,0.6781566457978152,1.1711928471758162,0
890,214,-1.0670174438632665,7,88,64,0,0.41183745781601633,2,1.5302741201584202,-0.20679364850592963,0.4548500682334584,1.0326906191502732,1.0864138814553765,0.7783120834400585,1.1084044228189767,-0.8916110149578094,True,1.5218675120967249,-1.6328291801015467,0.9683441338785613,0
891,426,-1.0382783929992723,29,510,27,0,0.35562185742293734,0,-1.3233493238148013,-0.20679364850592963,1.634069574529608,-1.6657233544501964,0.3166421639093562,1.2837793213291036,-0.05862262486971242,1.411435767353985,True,2.6723479675288804,1.3740050093071055,-0.600339820752559,0
892,61,1.0575726731130526,17,669,9,2,0.4680530582090954,2,-0.4402037724726214,-0.20679364850592963,0.042948325316895235,-0.442663575238044,0.16268782040015212,0.710005699941539,1.323030086761724,-0.3782813104666262,True,-1.0146243477961574,-0.46554748036832017,-2.259052431335669,0
893,88,-1.1634848033703187,19,260,54,1,1.1426402629260435,2,0.73595977530185,-0.20679364850592963,-0.9683576873643114,1.1930168649039536,-0.9457834528661169,-1.7353628293054628,-0.6488432007122678,-1.4743095984342873,True,0.1951271160060073,-0.8562780144555369,0.8382110476362816,0
894,131,-0.6601762339634683,11,543,58,1,-1.443277355155591,3,-0.2351536375112642,-0.20679364850592963,-0.9956206568605371,1.296219313003683,1.4405088715265457,0.3957963358483486,-0.004966208884025563,-0.15630089771368225,True,-0.3354444228970689,0.15524284281499695,0.7714743275467042,0
895,352,-1.1251896134269235,30,419,99,1,-1.218414953583275,3,-1.3859719465647844,-0.20679364850592963,-1.1168355063133701,1.2305933049478068,1.1787864875608989,-0.49218664963240616,-0.8500547606585935,1.147834027209864,False,0.008354107113553333,1.5594812387757904,0.8126160890992367,0
896,399,-0.9043700291027517,18,108,42,2,1.3112870641052805,0,0.08105364782325122,-0.20679364850592963,1.2713947383853048,-0.8760038171294471,1.6560449524394316,0.5597316562447958,-1.0378522166084974,0.2182910488069108,True,2.1757647674880563,-0.07330248984079789,-1.1415476674880707,0
897,385,-1.4837597918743741,11,306,22,2,-0.8249057508317219,0,0.5114292264090835,-0.20679364850592963,-1.3536852337215846,1.1643582239158707,1.3943225684737848,-0.10967090204069636,-0.6220149927194244,-0.4337764136548623,False,0.13007455815278957,-0.7588381225352139,0.8588421446044935,0
898,81,2.2039087034141858,36,308,77,2,-1.49949295554867,3,-0.8249389814020169,4.772110297630446,-1.2234121901492423,1.0332650869438451,-0.34536151318022124,1.037876340734433,0.9876774868511812,0.4263976857627958,True,-3.427320893563428,-1.8180902008975381,0.9678057604531942,0
899,159,-0.9996984658308417,29,43,90,1,-0.8811213512248008,0,0.6505043648705744,-0.20679364850592963,1.8303571884898644,-0.0578228230680011,0.8246914974897296,-0.8337185671250041,0.14258893507661327,1.2033291303981,True,2.830055654320706,-0.6503082155773793,-17.294239131975377,0
900,420,-0.3242362587480792,27,662,67,1,-1.387061754762512,3,1.9171089531407197,-0.20679364850592963,-0.9584204420538328,-1.0729941449081695,0.3012467295584358,1.2974405980288075,0.437699222997891,0.2044172730098518,True,-0.6341841833057535,-0.6215962345787936,-0.9319716215998044,0
901,358,1.2945708468957733,11,245,43,2,-1.49949295554867,3,-0.07294009438220465,-0.20679364850592963,-1.1498361951059528,1.1645918633083312,-0.09903456356549475,1.6253112388217015,1.0145056948440245,-0.9054847907548683,False,-2.444407042001726,-0.09442611975702832,0.8586698444657266,0
902,380,0.5118347746418166,36,239,13,2,-0.15031854611477377,1,-1.449180960650241,-0.20679364850592963,-0.49674608242712537,0.9291555042490762,-0.11442999791641516,1.5843274087225898,-1.6817292084367397,-1.2384554098842842,False,-1.0085808570689418,-0.7417412104096274,1.0762459973624965,0
903,43,-0.964603492471346,39,677,71,2,1.3675026644983594,2,-1.1795361053656206,-0.20679364850592963,0.4613352189290442,0.14941390336711985,-0.40694325058390285,1.4477146417255506,-1.2122355685619797,-1.2245816340872253,True,1.4259387114003903,1.1377846467317272,6.692813106298581,0
904,475,0.6030233396772187,11,133,64,1,0.35562185742293734,0,1.9083055912122904,-0.20679364850592963,1.2478325734134907,-0.4622754638959897,-0.9149925841642762,1.693617622320221,1.6449685826758451,-1.4326882710431104,True,0.6448092337362721,1.1507528107375447,-2.1632128339527874,0
905,364,1.528624208081347,20,306,35,0,-1.274630553976354,3,1.6633342388534342,-0.20679364850592963,-1.0120254091169454,-1.2521365777652211,-0.376152381882062,1.4886984718246623,-0.5147021607480506,1.591794852715752,False,-2.5406496171982926,2.542612983641921,-0.7986349872857091,0
906,107,-1.361516679173526,11,640,55,0,-0.9935525520109589,1,-0.6931384774092352,-0.20679364850592963,0.8073239864037887,-1.2042569343314506,1.6098586493866702,-0.6151381399297413,-1.668315104440318,-0.5863879474225113,True,2.1688406655773145,0.943719597969616,-0.830387647793716,0
907,260,1.3130047329624877,24,449,66,2,-0.4313965480801688,1,-0.1530404922217351,-0.20679364850592963,-0.1615823769148377,0.8544631560239188,0.424410204365799,1.5433435786234782,1.5376557507044715,-0.11467957032250523,True,-1.4745871098773253,-0.20094289062204695,1.1703253392700683,0
908,74,0.6411640418254214,32,68,79,2,-1.330846154369433,3,-0.2853709610732421,-0.20679364850592963,-0.9529016367290669,-1.4682617214973959,-1.1305286650771618,1.5843274087225898,-0.43421753676952035,1.1339602514128049,False,-1.5940656785544882,-0.1829695988213249,-0.6810775309785441,0
909,433,-0.5786636937665223,7,34,80,2,-0.6562589496524849,0,0.711772004452503,4.772110297630446,1.7843758428049337,1.258865630219432,1.0864138814553765,0.24552229215160554,-1.5610022724689443,-0.6696306022048653,True,2.363039536571456,-0.4118766172160869,0.7943658930374493,0
910,448,0.11495153262235132,4,358,55,2,1.5361494656775965,2,0.45928101948352285,-0.20679364850592963,0.08842514238910716,-1.3365800787804116,-1.6539734330084557,-1.1479279312181943,0.5181838469764212,0.3292812551833828,True,-0.026526390233244157,0.05279505709398695,-0.7481781979949075,0
911,220,0.9379342336793406,33,159,79,0,-1.49949295554867,3,0.40622778730442793,-0.20679364850592963,-1.1507784914099524,0.8074096841167245,0.3628284669621174,-1.2982019749149374,-0.6488432007122678,0.44027146155985475,True,-2.0887127250892927,0.3810149483846328,1.238528464321202,0
912,177,0.010693912688452144,13,198,86,1,1.5923650660706756,2,-0.1530404922217351,-0.20679364850592963,-0.7862155776354766,0.3745741555472738,1.301949962368262,-0.7517509069267806,1.1352326308118201,-0.3089124314813312,False,-0.7969094903239287,-0.0016366016616169746,2.6696976238768584,0
913,381,0.2120710162748924,31,470,29,0,0.1869750562437003,1,-1.1390459728740463,-0.20679364850592963,-0.6176405987522868,-0.41516758132450576,0.3628284669621174,-1.2982019749149374,-0.6488432007122678,0.44027146155985475,True,-0.8297116150271793,-0.24155863705122252,-2.4086664899902743,0
914,169,1.1720958385258053,38,510,32,0,-0.4313965480801688,0,-0.805897272154619,-0.20679364850592963,1.9790545455569044,1.2018904825003205,-0.3145706444783804,0.24552229215160554,1.6717967906686886,-1.6130473564048773,True,0.8069587070310991,-0.9445888389717274,0.8320224940274322,0
915,332,-0.239882846984873,6,430,52,0,-0.9935525520109589,3,1.7830899206543975,-0.20679364850592963,-0.8017284029862788,0.7695936195073391,-1.6539734330084557,-1.1479279312181943,0.5181838469764212,0.3292812551833828,True,-0.5618455560014057,-0.4277326865966082,1.2993869033132928,0
916,268,0.5450509923638146,35,464,64,2,1.8734430680360705,2,-0.04147294009483492,4.772110297630446,0.6392379985661866,-0.40558336045251386,1.6252540837375906,0.8876022970376899,1.510827542711628,0.2182910488069108,True,0.09418700620237197,-0.02260486715493481,-2.4655849920538846,0
917,397,0.5199496016130459,26,628,98,1,1.0864246625329645,2,0.050926704720317545,-0.20679364850592963,-0.6044338418400268,0.007647570488006057,1.1172047501572173,-1.011315164221155,-0.7829842406764849,1.522425973730457,False,-1.1243834434530728,0.026479319830794334,130.75877178133044,0
918,134,-0.4949490097134592,31,422,3,0,-0.5438277488663268,1,-1.1189017032627826,-0.20679364850592963,0.7372236591695585,1.2019158378698798,-0.39154781623298246,-0.9976538875214511,0.3035581830336738,-0.4892715168430983,False,1.2321726688830177,0.553799289996617,0.8320049418533134,0
919,276,1.3448599859082806,7,32,67,1,0.07454385545754227,1,0.12563405665017108,-0.20679364850592963,0.2576097418350681,0.33694374012444517,0.8554823661915704,-0.8337185671250041,1.2559595667796155,-1.3771931678548743,False,-1.0872502440732126,0.16896021565614922,2.967853632910057,0
920,347,-0.9529380078296519,22,101,93,2,-1.49949295554867,3,-0.7491969517311343,-0.20679364850592963,-0.9043923672611754,-1.2419395839919976,1.147995618859058,-0.055025795241880684,0.7328095109191686,-1.7240375627813491,True,0.048545640568476434,0.713938250654715,-0.8051922117699928,0
921,489,-0.07868480469409807,40,41,10,2,-0.9373369516178799,1,0.36581652871821657,-0.20679364850592963,-0.4054828205878566,-0.5373933035158935,1.1633910532099787,-1.4757985720110882,1.3096159827653022,1.161707803006923,True,-0.32679801589375856,-0.028784202116065787,-1.8608348476636896,0
922,59,-1.4404343773664803,8,468,57,1,1.4237182648914386,2,0.9233857416348982,-0.20679364850592963,-0.29195104731852695,1.2957589987837912,0.7015280226823664,-1.2435568681161218,-1.29272019254051,0.24603860040102882,True,1.1484833300479533,-1.3300765658209501,0.7717483913009812,0
923,127,0.03694091481820779,15,631,74,0,0.9739934617468065,0,-0.07294009438220465,-0.20679364850592963,1.2130734851769942,-0.28367234954337833,0.5167828104713215,-0.12333217874040028,-0.8634688646550153,0.5790092195304448,True,1.1761325703587864,-0.0026944738134050588,-3.525195015055863,0
924,233,1.1961535146105196,38,242,43,2,-0.8811213512248008,0,0.43287030725424697,3.1124756489183207,1.1865745839033666,-1.4024129561819174,1.2865545280173418,0.4641027193468683,-0.9573675926299672,0.1489221698216158,True,-0.009578930707152988,0.517779339392703,-0.7130567832375052,0
925,227,1.3858782585988327,27,362,91,2,-0.03788734532861575,1,0.600636264246138,-0.20679364850592963,0.6001605099856452,1.3616200609093991,0.7323188913842071,-1.4074921885125689,-0.5951867847265809,-1.7379113385784082,True,-0.7857177486131875,0.8324087399447461,0.7344192078737434,0
926,222,0.4164094479454123,34,620,42,0,-0.3751809476870898,1,-0.3534180473878296,3.1124756489183207,0.9636344014696079,1.2585844359063822,1.6560449524394316,-1.4348147419119766,0.42428511900146926,-0.6835043780019243,True,0.5472249535241955,-0.1471666140067117,0.794543371121146,0
927,349,-0.38555266820616163,40,513,64,1,-1.387061754762512,3,-1.365032361609816,-0.20679364850592963,-0.9799553575831697,-1.5339967685245088,-1.1613195337790025,0.4914252727462762,0.0755184150945047,-1.0164749971313403,True,-0.594402689377008,0.5262918692064226,-0.6518918981498576,0
928,474,-1.4294815199287039,35,27,56,1,-1.443277355155591,3,-0.9406610984409725,-0.20679364850592963,0.30763974938751903,-1.4674013800736456,1.5020906089302275,-1.1342666545184903,-0.689085512701533,-1.2800767372754611,True,1.7371212693162228,1.3446576567372055,-0.6814768486162233,0
929,325,-1.6461873325245169,7,81,49,0,-1.105983752797117,3,0.4195783825648011,-0.20679364850592963,-1.0298751273766442,-1.3361891925681537,0.1011060829964705,-1.530443678809904,0.7998800309012772,-1.6546686837960543,True,0.6163122051478727,-0.6907046183793012,-0.748397068619982,0
930,158,1.476456037970632,1,647,70,1,1.1426402629260435,0,1.176165671975607,-0.20679364850592963,1.318050494704364,-1.53380284891698,-1.5308099582010923,0.9832312339356172,0.9474351748619161,-0.1424271219166232,True,-0.15840554326626788,1.7365569080421708,-0.6519743172360992,0
931,48,-1.2698752713856296,41,277,0,2,-1.105983752797117,3,0.4984746518105413,-0.20679364850592963,-0.9307300047848968,-0.6400163868622649,0.1011060829964705,-1.3118632516146413,0.2767299750408304,1.0229700450363328,False,0.33914526660073285,-0.6330006337467684,-1.5624602381645414,0
932,198,-0.9318673099577895,23,236,15,2,0.2431906566367793,1,0.15496181434917897,4.772110297630446,1.1300035204025791,-0.8761562758107871,1.332740831070103,-1.4484760186116805,0.9206069668690726,1.4808046463392799,False,2.061870830360369,-0.1444038490837478,-1.141349028413352,0
933,250,-1.3302960689041712,5,519,91,2,-0.7686901504386429,0,-1.9077023575485814,-0.20679364850592963,0.9776138278919673,-1.1006576148463916,0.6553417196296051,0.8056346368394663,0.7462236149155903,1.383688215759867,True,2.3079098967961382,2.5378089468860976,-0.9085478330101263,0
934,451,1.799943757932693,38,285,90,1,0.9739934617468065,0,0.6628510710023714,-0.20679364850592963,-1.4881460139774614,-1.5716519952102537,1.1787864875608989,0.4914252727462762,0.4511133269943127,-0.7944945843783963,False,-3.2880897719101543,1.1930946476897186,-0.6362732123109369,0
935,316,-1.4454772723368254,5,62,78,1,-1.274630553976354,3,-0.8824859019390859,-0.20679364850592963,-1.1880394554039868,-0.7163338728084303,1.2865545280173418,-1.4348147419119766,0.02186199910881786,-0.2395435524960362,True,0.2574378169328386,1.2756133144106132,-1.395997282215857,0
936,441,1.326945376480351,1,401,99,1,-1.218414953583275,3,1.3421582569085093,-0.20679364850592963,-0.7919629499675798,-1.4399539204726537,0.48599194176948063,1.6116499621219977,0.5986684709549516,1.2310766819922179,True,-2.1189083264479307,1.7809706935096734,-0.6944667153782458,0
937,288,0.36088269667077116,20,407,24,0,0.5804842589952534,1,0.005104994666132303,-0.20679364850592963,1.0119265976189402,1.2301797838992043,-0.29917521012746007,-1.2435568681161218,1.6583826866722668,-0.11467957032250523,True,0.651043900948169,0.0018423042416037285,0.8128892474085812,0
938,109,-1.3055293812753204,4,572,46,1,-0.8249057508317219,0,-0.07294009438220465,-0.20679364850592963,1.891351651154106,0.7891451123279231,0.02412891124186848,1.5433435786234782,0.7998800309012772,0.38477635837161883,True,3.1968810324294266,0.09522543628896311,1.2671939009172597,0
939,155,0.017768842803756478,20,102,60,0,0.07454385545754227,0,-1.5558203784823792,-0.20679364850592963,0.2529678751234885,1.2026782400979084,-0.868806281111515,0.518747826145684,0.2767299750408304,1.4669308705422208,False,0.23519903231973202,-0.027645127736134305,0.831477517021377,0
940,424,-1.3988626764394831,21,216,23,1,0.6929154597814113,1,-0.7491969517311343,-0.20679364850592963,0.9699161039227044,1.032466229570742,1.3481362654210234,-0.1916385622389199,0.5181838469764212,0.0656795150392618,True,2.3687787803621876,1.0480236530789169,0.9685545875532422,0
941,180,1.2483350572561664,22,114,35,0,-0.20653414650785276,1,-1.2613176508759902,-0.20679364850592963,0.38723714841387236,-1.4682967619651985,-0.2068026040219376,-1.6943789992063512,-1.158579152576293,-0.05918446713426923,True,-0.8610979088422941,-1.5745470419244927,-0.6810612772636692,0
942,164,0.8731461117769977,15,100,18,0,1.0302090621398854,2,-0.5468342158350353,-0.20679364850592963,0.8211633618724504,1.503245034882688,0.6399462852786847,-1.2435568681161218,-1.4402753365011487,-1.2939505130725202,True,-0.05198274990454732,-0.4774661693429847,0.6652274980274852,0
943,4,0.677536630260289,33,348,28,1,-0.6562589496524849,1,1.1867614863444798,-0.20679364850592963,-0.6992983842241965,-1.2516635314498856,1.0094367097007746,-1.1615892079178982,1.5913121666901584,-0.07305824293132822,True,-1.3768350144844854,0.8040743783805308,-0.7989368186954484,0
944,454,-1.5416389708246687,31,618,35,2,-0.8249057508317219,1,-1.1998816021188639,-0.20679364850592963,0.6352614210833121,-1.3359951641392964,0.8400869318406499,-1.2572181448158257,-1.0378522166084974,0.4263976857627958,True,2.1769003919079806,1.84978423820198,-0.7485057593713803,0
945,427,0.3056389391891006,13,26,31,0,-0.4876121484732478,0,-0.7304391794012987,-0.20679364850592963,1.1698913741175176,0.17729643063977293,-1.2690875742354455,-0.7244283535273728,-0.2866623928088815,-1.6269211322019363,True,0.8642524349284171,-0.22325065593437007,5.640268291722963,0
946,313,-0.18114403197623885,30,37,38,2,1.8734430680360705,2,-0.47544820431312024,-0.20679364850592963,0.3879502741678347,0.06411299910405059,1.22497279061366,0.846618466938578,-1.3061342965369318,-1.0164749971313403,True,0.5690943061440735,0.08612460472514119,15.59743662331901,0
947,372,-1.3314476607339694,18,602,79,1,-0.03788734532861575,0,-1.1592575015304638,-0.20679364850592963,0.8179087657923716,-0.13306580721577144,0.9632504066480132,-0.4375415428335904,-0.5817726807301593,1.61954240430987,True,2.149356426526341,1.543490688601042,-7.515084246149607,0
948,128,0.29908643232688464,32,626,52,1,1.9296586684291497,2,-0.010337456390444507,-0.20679364850592963,0.03096321015301702,-0.010476730608256355,0.03952434559278888,-1.1615892079178982,-0.5147021607480506,1.147834027209864,True,-0.26812322217386764,-0.0030917929511528022,-95.45053532878465,0
949,232,0.6698131863054085,13,300,14,1,-1.443277355155591,3,-1.4280464114595173,-0.20679364850592963,-1.048997131136302,1.4375275080894765,-1.669368867359376,1.693617622320221,-0.43421753676952035,-0.017563139743092215,True,-1.7188103174417106,-0.9565243170517037,0.6956388137331388,0
950,239,0.7115006172149058,14,531,4,0,-1.218414953583275,3,0.625667627837102,-0.20679364850592963,-0.8564247632455703,0.4405881116395361,-0.5455021597421865,-0.8063960137255962,0.6120825749513732,0.953601166051038,True,-1.567925380460476,0.445162903377484,2.2696930457552558,0
951,16,0.9886429174571604,16,497,80,0,-1.105983752797117,3,-1.302606210010628,-0.20679364850592963,-1.3364512916513125,-1.1857748287068184,-0.4993158566894253,1.6389725155214054,1.457171126725941,0.1489221698216158,True,-2.3250942091084728,-1.2878124037627217,-0.843330504345104,0
952,291,-0.3797814793734236,23,426,20,0,0.6929154597814113,0,-1.5773404800409108,-0.20679364850592963,0.8086681588611172,1.3806506260300726,0.6399462852786847,-1.2435568681161218,-1.4402753365011487,-1.2939505130725202,True,1.1884496382345409,0.5990447009855232,0.7242961461190138,0
953,185,-0.5854381472476179,30,283,91,1,0.9739934617468065,2,-1.1189017032627826,6.431744946342571,-0.5797854766370152,-0.8096319476874864,1.5482769119829887,-1.3118632516146413,-0.23300597682319468,0.8426109596745658,False,0.005652670610602706,0.6550477401103674,-1.2351292786422041,0
954,390,0.719581914089604,14,263,61,1,0.2994062570298583,1,-0.1047360641534968,-0.20679364850592963,-0.6458641907289736,0.04583623932644815,0.0857106486455501,0.47776399604657227,1.175474942801085,0.34315503098044187,True,-1.3654461048185778,-0.0753661775177848,21.816750959930765,0
955,223,-0.14372459598978815,14,654,25,1,-0.20653414650785276,1,-0.9994590305551175,-0.20679364850592963,-1.4078082068605695,-0.678410075083751,-1.1459240994280822,0.013280588256638914,-0.018380312880447277,-0.3644075346695672,False,-1.2640836108707814,0.1436468453748796,-1.4740349298026583,0
956,350,0.49062934885099646,17,629,65,0,-0.9935525520109589,3,-0.9211999030702372,-0.20679364850592963,-1.075435468236896,-1.073567306845798,1.486695174579307,0.10890952515456638,-1.5073458564832574,-0.3921550862636853,True,-1.5660648170878926,-0.45196770860495156,-0.9314740554883912,0
957,215,-1.4491399833880625,24,629,64,1,-1.49949295554867,3,-1.642282406264363,-0.20679364850592963,-1.2486498966757391,1.4275305279181822,-0.4223386849348233,-0.341912605935663,-1.668315104440318,-1.4881833742313462,True,0.20049008671232338,2.3798970989324464,0.70051036415123,0
958,278,0.3273056477793852,23,469,84,0,0.1307594558506213,1,0.28330532668029007,3.1124756489183207,0.82627920818793,1.3617700167001818,1.1172047501572173,0.09524824845486245,-1.668315104440318,0.1627959456186748,True,0.4989735604085448,0.09272743346844269,0.7343383348895796,0
959,472,-0.06825550467253934,15,347,4,0,0.9177778613537274,2,1.8192490974560211,-0.20679364850592963,0.0633097187915489,-0.34943754007850764,0.5167828104713215,-0.46486409623299824,1.5510698547008932,-1.4049407194489922,True,0.13156522346408822,-0.12417376527192242,-2.861742576225751,0
960,156,-0.7055689208915795,21,601,80,2,1.0302090621398854,2,-0.025863557847784793,-0.20679364850592963,0.15891067951746185,0.976317253378207,-1.5769962612538535,0.8192959135391702,-0.689085512701533,0.2599123761980878,False,0.8644796004090414,0.018248522601078458,1.0242571194088146,0
961,172,0.5991302049020036,27,301,45,1,0.41183745781601633,2,-0.010337456390444507,6.431744946342571,-0.8555307487164288,0.3468625865818193,1.301949962368262,-1.4211534652122726,0.759637718912012,0.2876599277922058,False,-1.4546609536184323,-0.006193482365372544,2.8829852235031805,0
962,122,-1.1126426239353784,39,206,6,2,-0.31896534729401077,1,-0.7117529458539462,-0.20679364850592963,0.24732375301263038,-1.5338030665596372,1.332740831070103,0.10890952515456638,0.2633158710444087,-0.6002617232195703,True,1.3599663769480088,0.7919266652686701,-0.6519742247226369,0
963,243,-1.544377549591232,16,247,95,0,-0.7686901504386429,0,0.9005177508105646,-0.20679364850592963,1.343499908847269,-1.1202614507260225,-1.1767149681299232,1.3520857048276231,1.1888890467975068,0.12117461822749778,True,2.887877458438501,-1.3907393973602273,-0.8926488442647039,0
964,293,-0.7744322612288831,21,577,59,1,-0.6562589496524849,1,-1.0390009501597688,-0.20679364850592963,-0.6359217401305305,-0.8102038037691722,-1.099737796375321,-1.7080402759060551,-1.6549010004438962,-0.4892715168430983,True,0.1385105210983526,0.8046358552511877,-1.2342575025859186,0
965,112,0.9507863847181482,8,486,95,2,-0.9935525520109589,1,1.899483960335307,-0.20679364850592963,0.5426062648161056,1.3617481436131371,-0.5147112910403457,-0.7244283535273728,-0.4610457447623638,-0.9748536697401633,True,-0.4081801199020426,1.8060034874773172,0.7343501302022555,0
966,168,-1.5613576423218583,37,155,46,2,0.41183745781601633,2,-0.805897272154619,-0.20679364850592963,-0.5132853543356718,-1.1769881593519864,-0.9303880185151966,0.04060314165604677,0.9071928628726509,0.6483780985157398,False,1.0480722879861863,1.2582938648049529,-0.8496262914940441,0
967,183,-1.4378660347546772,21,90,61,2,0.6929154597814113,0,-0.1693034138610984,-0.20679364850592963,-1.3036699923011899,1.4275328131660823,1.255763659315501,0.4914252727462762,0.5986684709549516,0.1350483940245568,True,0.13419604245348737,0.2434356283588876,0.700509242748127,0
968,481,0.31754953438645356,17,37,96,1,-0.9373369516178799,3,-1.5558203784823792,-0.20679364850592963,-1.0338242631700272,0.8351630404723537,0.5321782448222419,-1.1752504846176022,-0.05862262486971242,-1.8766490965489986,True,-1.3513737975564808,-0.4940500367760355,1.1973708507231504,0
969,276,0.7088346058864258,20,633,18,2,1.5923650660706756,2,-1.2613176508759902,-0.20679364850592963,-0.4360767392242114,0.44096561282837876,-0.19140716967101717,-0.5195092030318139,-1.158579152576293,0.7871158564863298,False,-1.1449113451106372,-0.8940655999562749,2.2677500107342676,0
970,16,0.02126575554145975,11,394,18,0,-0.9935525520109589,3,1.3115920440518973,-0.20679364850592963,-0.9446054931985965,-0.13326353556980058,1.2711590936664214,-0.09600962534099243,1.5242416467080497,-1.7517851143754672,True,-0.9658712487400563,0.027891995778931155,-7.503933811433377,0
971,490,-0.09475638138172697,25,149,23,0,1.1988558633191224,0,0.6996106650189345,-0.20679364850592963,1.9003312824646081,-0.6591771022919195,0.7169234570332866,0.4367801659474605,-0.17934956083750783,-0.2672911040901542,True,1.995087663846335,-0.06629257499325779,-1.5170432168037704,0
972,300,-1.2803638278154457,24,332,37,0,-1.387061754762512,3,-0.010337456390444507,-0.20679364850592963,-0.8855157699541278,-0.05818019231105653,0.8246914974897296,-0.8337185671250041,0.14258893507661327,1.2033291303981,True,0.3948480578613178,0.013235705233944768,-17.188009854875396,0
973,470,-1.4558805343751808,5,512,15,1,1.0864246625329645,2,0.18398627147097865,-0.20679364850592963,-1.1439946534483978,-0.1793316303467064,0.8708778005424909,-1.011315164221155,1.4035147107402541,1.4253095431510439,True,0.31188588092678304,-0.26786203122686547,-5.576264241244545,0
974,109,-0.8910114468276589,15,236,27,2,-0.20653414650785276,1,-0.1047360641534968,-0.20679364850592963,0.6807355776069494,-1.5336673663628984,1.4097180028247052,-0.8063960137255962,-0.8098124486693283,-0.017563139743092215,True,1.5717470244346083,0.09332103205644168,-0.6520319119619123,0
975,312,0.46128901743853085,41,164,34,1,0.7491310601744904,1,1.4324091610751095,-0.20679364850592963,1.2097793656379043,0.8070203214030668,0.03952434559278888,1.4886984718246623,1.2962018787688805,-1.1968340824931072,False,0.7484903481993734,0.6607546144822876,1.239126016490913,0
976,6,0.9250038897365588,19,315,81,0,0.7491310601744904,0,-1.885242359436149,-0.20679364850592963,1.378364496314521,0.5721305718772671,0.27045586085659495,-1.188911761317306,-1.0915086325941843,-1.7101637869842903,True,0.4533606065779622,-1.7438565155745653,1.7478524560111663,0
977,31,0.7355459078274889,20,43,57,0,-1.274630553976354,3,-0.1530404922217351,-0.20679364850592963,-1.2793385157722383,0.30920409525621706,-0.32996607882930085,0.710005699941539,-0.6086008887230027,-1.1968340824931072,True,-2.014884423599727,-0.1125683077856019,3.2341087712971235,0
978,448,0.9395151284001102,27,147,98,1,0.5804842589952534,1,-0.3706226321335793,-0.20679364850592963,0.6670056348892481,-1.2048231317040503,-1.5769962612538535,-1.7080402759060551,-0.9037111766442802,1.314319336774572,True,-0.27250949351086207,-0.3482055698169666,-0.8299974134671402,0
979,145,-1.0125052023293317,16,641,0,2,0.8053466605675694,0,-1.8182328072643317,-0.20679364850592963,1.0479677159242091,1.2962147425078825,1.1941819219118193,-0.5058479263321101,-1.0915086325941843,0.3154074793863238,True,2.0604729182535406,1.840970176401001,0.7714770477903387,0
980,396,-0.7178119131531439,0,95,90,1,1.9296586684291497,2,0.14033640788738985,-0.20679364850592963,0.06276645938447775,-0.5276138571804297,1.563672346333909,-0.4238802661338866,0.22307355905514353,0.2876599277922058,True,0.7805783725376216,-0.10073514543068726,-1.8953258636469306,0
981,332,0.9084961555204781,14,32,80,2,-0.5438277488663268,0,0.5114292264090835,3.1124756489183207,0.6369264022134463,-1.1390063598591744,1.147995618859058,-0.697105800127965,-0.5817726807301593,-0.8916110149578094,False,-0.2715697533070318,0.46463148601346455,-0.8779583003552931,0
982,277,0.8916076022495757,39,455,87,1,1.1988558633191224,0,0.5243298950584547,-0.20679364850592963,0.49629007339410847,-1.7317299106921153,-1.1305286650771618,1.3384244281279192,0.9340210708654944,-1.4188144952460513,True,-0.3953175288554672,0.46749652052084045,-0.577457287982086,0
983,80,0.2699559084456946,39,618,99,0,-1.0497681524040379,3,0.8074766543044608,-0.20679364850592963,-1.0201876396383034,0.46871015465639293,0.7323188913842071,0.6690218698424271,-1.1451650485798712,1.078465148224569,True,-1.290143548083998,0.2179830937614508,2.1335142341468303,0
984,243,-0.6511191077097301,4,100,95,0,1.1988558633191224,0,-1.1998816021188639,-0.20679364850592963,1.8940507778850557,0.41236780296297193,0.3782239013130378,1.2564567679296956,-0.876882968651437,-0.7251257053931014,True,2.545169885594786,0.7812658381289561,2.4250190007872505,0
985,274,-0.5763603829482962,31,556,52,0,1.3112870641052805,0,0.6628510710023714,-0.20679364850592963,1.7010310346039854,1.6253875087577123,0.6399462852786847,-1.4894598487107924,-0.09886493685897756,-1.8905228723460574,True,2.2773914175522814,-0.382041097120615,0.6152378636406011,0
986,174,0.01005371528300229,23,33,87,1,0.35562185742293734,2,-0.2518142449081098,-0.20679364850592963,0.11210241172635707,1.6257568483469116,0.6553417196296051,0.08158697175515853,-0.0452085208732907,1.61954240430987,True,0.10204869644335478,-0.002531668722510345,0.6150980938551802,0
987,157,-0.13254407094246093,26,33,16,0,0.8615622609606484,1,0.9233857416348982,-0.20679364850592963,-0.7349751846917333,0.33694994294017416,1.1633910532099787,0.9559086805362094,-0.7963983446729067,1.605668628512811,True,-0.6024311137492724,-0.12238930524651284,2.96779899855229,0
988,33,0.9380331067623072,38,306,53,2,-0.6000433492594058,0,0.4461042836433006,-0.20679364850592963,1.959688588505599,1.0993645766003708,0.3012467295584358,-0.8337185671250041,1.6583826866722668,0.3709025825745598,False,1.021655481743292,0.4184605871258988,0.9096162731845796,0
989,458,-0.870631293112867,26,172,30,0,0.6929154597814113,1,-1.1189017032627826,-0.20679364850592963,0.17276950581495387,0.929285763379386,-1.5616008269029331,1.6116499621219977,0.5852543669585298,1.4253095431510439,True,1.043400798927821,0.9741508367778658,1.0760951386513717,0
990,335,0.0039564101182592735,2,261,46,1,1.5361494656775965,2,-0.07294009438220465,-0.20679364850592963,0.687742955021566,0.37489191382672626,-1.06894692767348,-0.8337185671250041,0.14258893507661327,-0.15630089771368225,True,0.6837865449033067,-0.0002885809274405409,2.667434789534344,0
991,235,-0.7455721256610797,37,556,44,2,1.9296586684291497,2,1.1655389904582623,-0.20679364850592963,-0.5760102352330071,-1.1951079987737774,-0.4531295536366641,1.4886984718246623,-0.004966208884025563,-0.5586403958283933,True,0.16956189042807257,-0.8689933826568355,-0.8367445324610733,0
992,88,1.5893249571826968,21,562,70,1,0.8615622609606484,0,-0.3879037737670492,-0.20679364850592963,1.4793282562056453,-0.6034933372790623,0.9324595379461724,-0.9156862273232276,-0.6622573047086895,-1.1413389793048714,False,-0.1099967009770515,-0.616505148633322,-1.6570193967850353,0
993,142,-1.3548456184568884,30,534,33,2,1.7610118672499127,2,-1.1998816021188639,3.1124756489183207,-0.498635887236138,0.2428571458985012,-0.006661957459972327,-1.4621372953113845,-0.4476316407659421,-1.5020571500284052,False,0.8562097312207504,1.6256543312977743,4.117645311756258,0
994,482,-1.6111796379689265,36,220,85,2,-0.3751809476870898,1,-1.302606210010628,-0.20679364850592963,0.8128311975190661,-0.7442346820642848,-0.5608975940931069,1.0925214475332485,0.8937787588762292,0.8564847354716248,True,2.4240108354879926,2.098732601860999,-1.3436623668122196,0
995,37,-1.163210354705115,33,482,27,2,0.7491310601744904,0,-0.7869262188093323,-0.20679364850592963,0.7679552669242423,0.7034878182137556,0.8862732348934113,0.3001673989504212,0.6925671989299035,0.49576656474809083,False,1.9311656216293573,0.9153607261079584,1.4214885204270828,0
996,470,-0.4698770385841684,14,415,14,2,0.6929154597814113,2,1.8192490974560211,-0.20679364850592963,-0.9830775279239712,0.2714539763719508,-0.7456428063041518,-1.380169635113161,1.1486467348082419,-0.10080579452544622,True,-0.5132004893398028,-0.8548233783595564,3.6838643698604243,0
997,363,0.6478972785793947,33,453,98,1,1.3112870641052805,0,-1.3859719465647844,-0.20679364850592963,1.8028242978433802,-0.8761026268957973,-1.2690875742354455,-0.014041965142768923,0.03527610310523958,0.2182910488069108,True,1.1549270192639853,-0.89796745236671,-1.1414189199330307,0
998,335,-1.472185582666164,34,396,26,1,1.0864246625329645,0,0.36581652871821657,-0.20679364850592963,1.6045503248752815,-0.2833060569513794,0.8246914974897296,0.4914252727462762,-0.9573675926299672,-1.8905228723460574,False,3.0767359075414458,-0.5385498194799412,-3.5297528183342037,0
999,293,-0.5276419187004974,41,361,25,1,-0.7686901504386429,1,-1.1189017032627826,-0.20679364850592963,0.9727845535063312,-1.1769939268824012,-1.222901271182684,0.5597316562447958,1.4169288147366759,-1.3771931678548743,False,1.5004264722068286,0.5903794415468292,-0.8496221281370532,0
1000,340,-1.4843593908077395,15,396,72,2,0.018328255064463263,1,-1.0988248781928884,-0.20679364850592963,-0.7178202403678507,-1.251614017745382,-1.330669311639127,1.188150384431176,-0.11227904085539928,-0.5863879474225113,True,0.7665391504398887,1.6310510267987843,-0.7989684245453011,0
1001,453,0.4709010514410943,13,6,17,1,-0.03788734532861575,0,-0.49318295251244687,-0.20679364850592963,1.9022304733089768,1.493199846862833,-0.868806281111515,1.4203920883261427,1.1486467348082419,-0.2811648798872132,True,1.4313294218678825,-0.2322403708909345,0.6697026758546095,0
1002,60,0.9497109592161993,5,677,36,0,1.9296586684291497,2,0.08105364782325122,-0.20679364850592963,0.12795887837459993,0.1867756389296855,-1.253692139884525,-1.5714275089090157,-0.05862262486971242,1.4669308705422208,True,-0.8217520808415993,0.07697753762219192,5.354014422485914,0
1003,68,-0.32806155769595957,32,78,82,1,-1.162199353190196,3,0.6874037218721623,-0.20679364850592963,1.0392123914345859,0.7034039169694207,-1.0073651902697986,-1.325524528314345,0.9340210708654944,-1.5575522532166413,True,1.3672739491305455,-0.2255107357633817,1.4216580739877596,0
1004,181,-1.1193163419776164,15,213,20,2,-0.6000433492594058,1,1.7466127372067244,-0.20679364850592963,-0.19047949903118916,0.703496741562699,0.5937599822259234,0.16355463195338205,1.510827542711628,0.6206305469216218,False,0.9288368429464273,-1.9550121798617426,1.4214704898726618,0
1005,188,-1.4942660281028486,10,63,50,1,-0.9935525520109589,3,-1.302606210010628,-0.20679364850592963,-1.2911114980519298,-1.6659314208304408,0.347433032611197,1.6662950689208131,0.437699222997891,-0.6002617232195703,True,0.20315453005091877,1.946440207614686,-0.6002648413510322,0
1006,251,0.5994301343124376,19,595,29,2,1.4237182648914386,2,0.4984746518105413,-0.20679364850592963,0.5897181095447882,1.1643114307445817,0.5167828104713215,1.4477146417255506,-1.426861232504727,-1.2523291856813432,True,-0.00971202476764943,0.29880072748613834,0.8588766610947296,0
1007,307,0.39444305743687763,31,265,33,2,1.7610118672499127,2,0.9005177508105646,-0.20679364850592963,0.2736573457335966,0.9298903746809744,0.1318969516983113,-0.46486409623299824,-1.3463766085261968,-0.4476501894519213,True,-0.120785711703281,0.3552029749058994,1.0753954656252165,0
1008,73,1.302393325855594,29,557,33,1,-0.4876121484732478,0,0.16951140238744397,-0.20679364850592963,1.8146590518161387,1.4275572979650129,-0.2529889070746988,-0.3009287758365513,-1.628072792451053,-0.8361159117695732,True,0.5122657259605448,0.22077051912582904,0.7004972279401884,0
1009,12,-0.9443893646559295,12,36,55,0,0.2431906566367793,1,0.9005177508105646,-0.20679364850592963,1.1611255535188842,0.20550574836215058,-0.9457834528661169,-1.7353628293054628,-0.6488432007122678,-1.4743095984342873,True,2.105514918174814,-0.8504393865493758,4.86604156509337,0
1010,243,0.29908643232688464,41,584,85,2,-0.9373369516178799,3,-1.365032361609816,-0.20679364850592963,-1.1567177176695371,-0.5463547399244243,-0.19140716967101717,-0.5195092030318139,-1.158579152576293,0.7871158564863298,True,-1.4558041499964218,-0.4082626590446217,-1.8303129998828729,0
1011,325,0.023433444882396872,17,265,72,1,0.35562185742293734,2,-0.7491969517311343,-0.20679364850592963,-0.23230279430250744,-0.4530494828376819,0.5475736791731622,-0.6014768632300375,-0.24642008081961642,-1.6407949079989952,False,-0.2557362391849043,-0.017556265474451285,-2.2072648984454726,0
1012,253,1.7374786514724374,21,367,54,0,-0.20653414650785276,1,1.6257663138470562,-0.20679364850592963,0.5748044696481425,0.054926629009345765,-1.253692139884525,-1.5714275089090157,-0.05862262486971242,1.4669308705422208,True,-1.162674181824295,2.8247342625922984,18.206072308253606,0
1013,409,0.8033829451018183,21,122,85,1,-1.0497681524040379,3,-0.9601914853903032,-0.20679364850592963,-0.8715948025732698,-0.7444814888375033,1.1633910532099787,0.7509895300406507,-1.0244381126120756,0.1489221698216158,True,-1.6749777476750882,-0.7714014633945513,-1.3432169225364856,0
1014,10,1.3706072523567434,22,229,6,1,-1.218414953583275,3,-1.642282406264363,-0.20679364850592963,0.207008490615444,-0.048591400943264314,1.332740831070103,0.10890952515456638,0.2633158710444087,-0.6002617232195703,False,-1.1635987617412995,-2.2509241764438195,-20.57981532883036,0
1015,411,0.34622207658943466,34,498,83,1,0.5804842589952534,0,0.5627146920237458,-0.20679364850592963,1.9616530768383709,-1.120380065974174,-0.052848260512733544,1.6253112388217015,0.35721459901936065,-0.9193585665519273,False,1.6154310002489363,0.19482424919984545,-0.8925543390366649,0
1016,172,0.011493725825446818,4,660,76,0,1.0302090621398854,0,-1.796020240971909,-0.20679364850592963,0.2193430569563821,-0.9137693886423717,0.7323188913842071,-1.4074921885125689,-0.5951867847265809,-1.7379113385784082,True,0.2078493311309353,-0.02064296422668405,-1.094368143501239,0
1017,216,0.9161382505904707,19,205,77,1,0.35562185742293734,0,0.6751506888007894,-0.20679364850592963,1.264540005709098,0.7789428951309276,-0.9919697559188781,-1.325524528314345,0.7998800309012772,-0.7528732569872193,False,0.34840175511862737,0.6185313709229066,1.2837909914472192,0
1018,319,-0.37179735570263667,8,313,58,0,1.5923650660706756,2,0.8774958557738228,-0.20679364850592963,0.744257844478899,0.04533304950309603,1.6252540837375906,1.2427954912299917,-0.12569314485182098,-0.003689363946033215,True,1.1160552001815356,-0.32625063881672955,22.058912980041345,0
1019,207,0.8255203237493107,14,265,48,1,0.35562185742293734,2,0.31106692419765586,-0.20679364850592963,-0.7486735124721979,0.9008435680138479,-1.6539734330084557,1.037876340734433,-0.219591872826773,-1.7934064417666442,True,-1.5741938362215087,0.2567920679713512,1.1100705211202393,0
1020,333,0.44251748044878414,5,574,93,2,0.7491310601744904,0,0.5243298950584547,-0.20679364850592963,-1.1791229616487662,-0.2832551285696041,-1.6539734330084557,1.037876340734433,-0.219591872826773,-1.7934064417666442,True,-1.6216404420975503,0.23202514408524277,-3.5303874570200984,0
1021,81,0.6749158081678379,23,122,89,1,-1.0497681524040379,3,-0.6561257527358736,-0.20679364850592963,0.5111851847571609,-1.3174779092255329,0.347433032611197,0.4641027193468683,-0.20617776883035127,-0.017563139743092215,False,-0.163730623410677,-0.4428296426674631,-0.7590260670787623,0
1022,242,-0.9255836959662257,41,140,58,1,1.3112870641052805,0,0.6505043648705744,-0.20679364850592963,1.856425976968895,1.5973184617278737,-1.0535514933225598,0.7373282533409466,-1.3195484005333533,0.1627959456186748,True,2.782009672935121,-0.6020962342790684,0.6260491951701018,0
1023,192,-0.39290954981867116,32,505,2,0,1.0864246625329645,2,1.8461644354538786,-0.20679364850592963,-0.13018112932162043,0.6095631501247382,-0.5608975940931069,-1.6533951691072395,1.2962018787688805,0.6622518743127987,True,0.2627284204970507,-0.7253756372254246,1.6405188465599998,0
1024,356,-0.5363830113547123,35,614,30,1,-1.274630553976354,3,0.5114292264090835,-0.20679364850592963,-1.1832094537767919,-0.37785361832518655,1.6560449524394316,1.0651988941338408,-1.104922736590606,-1.0164749971313403,True,-0.6468264424220795,-0.2743219485561152,-2.646528221921662,0
1025,212,-0.7282959323391084,4,484,67,0,-1.162199353190196,3,-1.1390459728740463,-0.20679364850592963,-1.28585545633273,-1.1669336126978738,0.5167828104713215,1.3520857048276231,-0.6086008887230027,1.2172029061951588,True,-0.5575595239936216,0.8295625487914103,-0.8569468518288292,0
1026,202,-0.14979163256812872,10,176,11,1,0.7491310601744904,0,1.8102386896473939,-0.20679364850592963,-1.1070362716441604,-0.08610309229661266,0.424410204365799,0.9968925106353214,-1.0780945285977626,0.7593683048922117,True,-0.9572446390760316,-0.2711586086602732,-11.613998228483641,0
1027,389,0.8855571297162219,7,239,93,0,0.07454385545754227,1,0.8659262724603146,-0.20679364850592963,-1.0301614665862449,-1.2049506703011457,1.3481362654210234,-0.1916385622389199,0.5181838469764212,0.0656795150392618,True,-1.9157185963024668,0.7668271843858233,-0.8299095619748753,0
1028,1,1.0429864255715147,5,405,25,0,-1.105983752797117,3,-0.2518142449081098,-0.20679364850592963,-1.0498288715991584,1.5875824351025134,-0.8380154124096743,0.054264418355750674,1.6181403746830016,1.605668628512811,False,-2.092815297170673,-0.2626388392046994,0.6298885115509462,0
1029,333,1.6405056249928562,34,56,92,0,-1.105983752797117,3,-1.491643875679105,-0.20679364850592963,-1.4656604769773356,1.099454136553792,-0.7302473719532313,1.7346014524193327,-1.6012445844582095,-1.6685424595931133,True,-3.106166101970192,-2.4470501685377166,0.9095421771573426,0
1030,182,0.599463455087366,38,458,67,2,0.8053466605675694,1,0.7238882179995157,-0.20679364850592963,1.1345886634127,0.4498528330908182,-0.9919697559188781,-1.3528470817137532,-1.1988214645655582,0.6761256501098578,True,0.5351252083253341,0.43394453225902613,2.2229487159931796,0
1031,254,-1.01652368259224,35,604,42,1,-1.105983752797117,3,0.43287030725424697,-0.20679364850592963,-1.0862740103886563,1.117115402896948,-0.9457834528661169,-1.0659602710199707,1.1084044228189767,-1.2107078582901663,False,-0.06975032779641643,-0.4400229188149215,0.8951625838212436,0
1032,162,-0.7728251473113408,20,39,63,1,-0.7686901504386429,1,0.7956636066243687,-0.20679364850592963,-1.4344354433469946,0.06440834018981564,1.1787864875608989,-0.49218664963240616,-0.8500547606585935,1.147834027209864,True,-0.6616102960356538,-0.6149088439997504,15.525915501958103,0
1033,30,-1.2220820956177532,0,498,72,2,-0.9935525520109589,3,-0.3879037737670492,-0.20679364850592963,-0.8612952918425043,0.4034847179110185,0.5475736791731622,-0.6014768632300375,-0.24642008081961642,-1.6407949079989952,True,0.36078680377524885,0.47405025674327034,2.4784079985396934,0
1034,90,-0.7545721736163263,12,677,94,1,0.5242686586021743,1,0.7479871380105251,-0.20679364850592963,0.4863029465058279,1.5600409538736286,-0.9919697559188781,-1.4757985720110882,1.1352326308118201,1.2865717851804541,True,1.2408751201221542,-0.564410280565657,0.6410087718633879,0
1035,479,1.2483350572561664,4,247,56,0,-0.15031854611477377,1,0.2693247864040974,-0.20679364850592963,0.6728689236765061,-1.3082384343224813,-1.222901271182684,0.5597316562447958,1.4169288147366759,-1.3771931678548743,True,-0.5754661335796604,0.3362075726562637,-0.7643867128522008,0
1036,65,1.650875836542248,35,353,91,2,0.9739934617468065,2,-0.12075648392093428,-0.20679364850592963,0.8277778566373192,-0.20847365567633988,1.22497279061366,1.215472937830584,1.6315544786794234,0.7177469775010348,True,-0.8230979799049288,-0.19935396141087292,-4.796771450248221,0
1037,4,-0.680249810294062,29,215,79,1,-1.274630553976354,3,0.28330532668029007,-0.20679364850592963,-1.3309663027872884,1.4281551623442292,-1.06894692767348,-0.7517509069267806,-1.6549010004438962,1.120086475615746,True,-0.6507164924932265,-0.19271839472956456,0.7002039808742933,0
1038,287,-1.291073188356622,29,597,50,0,0.9739934617468065,2,-0.6931384774092352,-0.20679364850592963,-0.5844502715087054,0.30883312334708923,1.6560449524394316,-1.4348147419119766,0.42428511900146926,-0.6835043780019243,True,0.7066229168479166,0.8948925040013956,3.2379935978459393,0
1039,280,1.1679049296301445,28,662,80,2,-0.09410294572169475,0,0.28330532668029007,-0.20679364850592963,-1.477077147707113,-0.21705617621875647,0.03952434559278888,0.6416993164430193,-1.5475881684725226,1.189455354601041,True,-2.644982077337257,0.33087368762038927,-4.6071043825198705,0
1040,23,-0.8614909033416382,38,598,17,0,-0.4313965480801688,1,-0.6745960027047526,-0.20679364850592963,0.08458344129340029,-0.41492197158590155,1.3481362654210234,-0.2052998389386238,0.5181838469764212,0.9258536144569199,True,0.9460743446350386,0.5811583197607756,-2.410092281175323,0
1041,306,1.5801912463079413,2,151,60,1,1.3675026644983594,2,-0.3879037737670492,-0.20679364850592963,0.5538322061152826,0.06441878703735929,-0.6224793314967885,0.38213505914864476,1.094990318822555,-1.5298047016225234,False,-1.0263590401926588,-0.6129621477165071,15.523397655412097,0
1042,242,-0.17574518456789023,5,535,11,1,-1.274630553976354,3,-1.302606210010628,6.431744946342571,-1.2408247478576708,1.4280938959362388,-1.592391695604774,1.2974405980288075,1.3096159827653022,-1.1968340824931072,True,-1.0650795632897805,0.2289267687975978,0.70023402020146,0
1043,458,-1.5750340594108507,19,361,90,2,0.41183745781601633,2,-0.4226946174867851,-0.20679364850592963,0.723546678039767,-0.9415151275050002,0.8708778005424909,-0.3965577127344787,-1.4939317524868356,1.120086475615746,False,2.2985807374506178,0.665758419271328,-1.062117938414625,0
1044,314,-0.6661813697086063,13,5,19,1,0.6366998593883324,0,-1.5343641390551084,-0.20679364850592963,1.7763083942234985,0.2618434207384427,-0.3145706444783804,0.24552229215160554,1.6717967906686886,-1.6130473564048773,True,2.442489763932105,1.0221648037874986,3.8190748320975523,0
1045,469,0.09679220359484188,2,44,5,2,1.9296586684291497,2,0.21271612150727617,-0.20679364850592963,0.008991798133704619,-0.6127789524254317,-0.3145706444783804,-1.0386377176205628,-1.104922736590606,-0.4892715168430983,True,-0.08780040546113727,0.020589262140837398,-1.6319101027098333,0
1046,190,0.6265710143457357,11,627,17,0,0.5242686586021743,2,0.020463420386292647,-0.20679364850592963,0.7406654678825548,-1.2710182753083976,-1.330669311639127,1.188150384431176,-0.11227904085539928,-0.5863879474225113,True,0.11409445353681913,0.01282178606842259,-0.7867708105412118,0
1047,98,-0.976573187190641,6,333,74,0,1.3112870641052805,2,-0.9601914853903032,1.4528410002061956,0.687865264633427,-1.4398926540646637,-0.022057391810892734,-0.5741543098306296,0.29014407903725214,1.050717596630451,True,1.664438451824068,0.9376972592009242,-0.694496264444945,0
1048,402,-0.5668739764658032,27,488,64,1,0.07454385545754227,0,-0.18564650983431563,-0.20679364850592963,0.694264225923451,-1.599807337553656,0.0857106486455501,-1.1615892079178982,-1.3195484005333533,0.9258536144569199,True,1.2611382023892541,0.10523817524677634,-0.6250753069033175,0
1049,272,1.293076393475577,23,197,47,0,1.1426402629260435,0,0.2693247864040974,-0.20679364850592963,1.4600227937081531,0.3745308446584992,-1.669368867359376,-1.0659602710199707,0.34380049502293897,0.44027146155985475,True,0.16694640023257623,0.34825752347699035,2.6700063486391206,0
1050,415,-1.0501844642921172,15,263,89,1,-1.105983752797117,3,-1.449180960650241,-0.20679364850592963,-1.152303731715063,-0.5469535836955979,1.332740831070103,0.10890952515456638,0.2633158710444087,-0.6002617232195703,True,-0.10211926742294586,1.5219073308228093,-1.8283090423765196,0
1051,225,-0.20902296922055352,23,58,48,0,1.3675026644983594,0,-0.6931384774092352,-0.20679364850592963,0.41915828290004525,1.5882684447578792,-0.26838434142561923,0.4641027193468683,-1.5475881684725226,-0.7112519295960422,False,0.6281812521205987,0.1448818626290919,0.629616448238886,0
1052,21,-0.25415674371373703,40,649,52,1,-0.7124745500455638,1,-1.885242359436149,-0.20679364850592963,-0.2818690554664204,0.46832253308399235,-0.637874765847709,-0.0003806884430649987,0.11576072708376985,0.49576656474809083,False,-0.02771231175268335,0.4791470591854942,2.1352801025541144,0
1053,50,-1.5373826675431217,6,226,55,2,1.2550714637122016,2,-0.6194028630245529,-0.20679364850592963,0.5563744567314031,0.9011748201380443,1.5944632150357498,-0.6287994166294454,-1.0780945285977626,-1.3771931678548743,True,2.093757124274525,0.952259225840534,1.1096624835573736,0
1054,149,0.6903983057010935,29,307,90,1,0.9739934617468065,0,0.5243298950584547,-0.20679364850592963,1.2502822252633166,-0.2831290046497803,-1.4230419177446496,-0.4238802661338866,0.3706287030157824,-0.6141354990166293,False,0.559883919562223,0.3619964711767893,-3.531960119850575,0
1055,313,-1.5169749050978343,19,271,93,2,-1.49949295554867,3,-1.685893511431728,3.1124756489183207,-1.3590745148280015,0.7229005638404006,-1.253692139884525,0.5597316562447958,-0.5147021607480506,-1.3216980646666383,True,0.15790039026983282,2.5574581495092,1.38331592433117,0
1056,343,-1.0285226555889062,23,664,93,0,-0.9373369516178799,3,-0.9797908625831017,-0.20679364850592963,1.0733011649075261,1.1265741527770878,-1.1305286650771618,-1.6124113390081276,-1.3597907125226185,-0.47539774104603927,True,2.101823820496432,1.0077370999057167,0.887646772980056,0
1057,189,-0.8766300325533561,24,178,25,1,-0.9935525520109589,1,2.0127699128464025,4.772110297630446,0.5735128314747092,-1.6940844779259427,0.3782239013130378,1.1198440009326565,0.9340210708654944,-1.6269211322019363,True,1.4501428640280654,-1.7644545542209575,-0.5902893698980295,0
1058,118,1.4362532067397074,6,438,52,1,1.8172274676429916,2,-0.268553453715343,-0.20679364850592963,0.5003725660980756,0.18709753241962396,1.1787864875608989,0.4914252727462762,0.4511133269943127,-0.7944945843783963,False,-0.9358806406416318,-0.38571075907968494,5.344803069218923,0
1059,481,-0.8580086970778678,18,320,18,0,0.9739934617468065,2,-1.5343641390551084,-0.20679364850592963,0.43267245913296437,1.4932138848142196,-1.0535514933225598,-0.8747023972241159,-0.7024996166979546,-0.6973781537989833,True,1.290681156210832,1.3164977757936778,0.6696963798691026,0
1060,171,1.430931557623234,31,139,80,0,-1.49949295554867,3,1.890643953049121,-0.20679364850592963,-1.1647060520811454,1.1360837222176738,1.486695174579307,1.365746981527327,1.3364441907581457,-1.0026012213342812,True,-2.5956376097043794,2.705382096647527,0.8802167414442768,0
1061,87,-0.5088189309010039,33,358,23,1,0.018328255064463263,1,-0.805897272154619,-0.20679364850592963,-0.015304927119201615,-0.8759744353707306,0.7631097600860479,0.013280588256638914,-0.7561560326836414,1.0229700450363328,True,0.4935140037818023,0.4100557884337487,-1.1415859570552134,0
1062,451,-1.0042226602006306,25,229,88,0,-1.387061754762512,3,-1.1189017032627826,-0.20679364850592963,-1.0201190565648257,-1.7317801861459192,-0.29917521012746007,1.3520857048276231,0.5047697429799994,0.7732420806892708,True,-0.015896396364195153,1.123626444953568,-0.5774405237708342,0
1063,24,-1.0290492156952815,34,472,25,1,-1.0497681524040379,3,-0.6377279608971212,-0.20679364850592963,0.720905253338543,1.4653784771768414,-0.5608975940931069,1.0925214475332485,0.8937787588762292,0.8564847354716248,True,1.7499544690338245,0.6562534579881337,0.6824175101062094,0
1064,156,-0.1106539689415557,17,643,15,1,1.0302090621398854,0,-1.0390009501597688,-0.20679364850592963,-0.797300381921894,0.21500867970169352,0.7939006287878887,-0.1916385622389199,1.3096159827653022,-1.2384554098842842,True,-0.6866464129803383,0.11496957886922592,4.6509728643984465,0
1065,39,0.007917493459265271,14,643,61,2,-0.31896534729401077,0,0.18398627147097865,-0.20679364850592963,0.6469976270375654,-0.4426200467066122,1.0864138814553765,0.24552229215160554,-1.5610022724689443,-0.6696306022048653,True,0.6390801335783001,0.0014567101009660781,-2.259274593114629,0
1066,453,-0.8326855265893631,41,98,25,0,-0.8249057508317219,1,0.40622778730442793,-0.20679364850592963,-0.2164154320014623,-1.5906663459529686,-1.4538327864464902,-1.4757985720110882,-1.520759960479679,1.355940664165749,True,0.6162700945879008,-0.33825999898681935,-0.6286673917575335,0
1067,244,-1.177143989720127,2,265,12,2,-0.15031854611477377,1,-1.0390009501597688,-0.20679364850592963,-0.7761163731645797,-0.18910128276259794,-0.052848260512733544,1.6253112388217015,0.35721459901936065,-0.9193585665519273,False,0.4010276165555473,1.223053723794073,-5.2881742218155425,0
1068,351,0.36222167054898335,3,583,63,0,-0.9935525520109589,3,1.207861517634937,-0.20679364850592963,-1.463359918194329,0.054690595547656595,-0.12982543226733556,-0.5604930331309258,1.1486467348082419,-0.29503865568427223,True,-1.8255815887433124,0.4375136167095572,18.284645861353436,0
1069,63,0.7148546267337614,12,572,56,2,-1.0497681524040379,1,-1.0788156848149264,-0.20679364850592963,-0.5726923252924181,0.9011687261436439,-1.0073651902697986,-0.5331704797315179,0.5450120549692647,0.7316207532980938,True,-1.2875469520261795,-0.7711963836829014,1.1096699874531644,0
1070,245,-1.1815560590919605,36,286,59,2,-0.4313965480801688,1,1.568746625805482,-0.20679364850592963,1.0207753218437297,0.7699859203968685,1.6560449524394316,-0.3145900525362552,1.564483958697315,1.591794852715752,True,2.20233138093569,-1.8535620809005358,1.298724877478395,0
1071,491,0.5313669958180659,14,62,96,0,1.0302090621398854,2,0.36581652871821657,-0.20679364850592963,-0.9154007188136709,0.24336523268163937,0.1165015173473909,-0.8337185671250041,0.23648766305156527,-1.6130473564048773,True,-1.4467677146317368,0.19438282988559197,4.109048684054599,0
1072,43,1.851085414945853,32,145,80,1,1.2550714637122016,2,-0.5109923747150832,-0.20679364850592963,-0.786447354558978,-1.7032983798167782,0.3782239013130378,1.1198440009326565,0.9340210708654944,-1.6269211322019363,True,-2.637532769504831,-0.9458905319836366,-0.5870962307949779,0
1073,437,-0.7367612644020705,24,289,44,2,1.9296586684291497,2,-1.0390009501597688,-0.20679364850592963,-0.035913188690623266,0.04578487565935858,0.4705965074185602,-0.5058479263321101,0.31697228703009556,-0.04531069133721022,True,0.7008480757114472,0.7654956537546639,21.841225982951837,0
1074,244,-1.216223468222004,35,45,47,0,-0.7686901504386429,1,0.73595977530185,-0.20679364850592963,-1.4242433317964038,0.9668111662201353,-0.4993158566894253,-0.8337185671250041,1.2827877747724588,1.411435767353985,True,-0.20801986357439994,-0.8950915503895026,1.034328037890601,0
1075,76,1.9265281595542465,31,21,53,2,0.41183745781601633,0,-1.2613176508759902,-0.20679364850592963,-1.2326058304957141,0.7316538250473585,-1.1305286650771618,-1.1342666545184903,-0.7695701366800631,-0.22566977669897723,False,-3.159133990049961,-2.429963972555407,1.3667663983833231,0
1076,340,-0.8841462030709661,13,649,95,1,-0.9373369516178799,3,-1.664056411114758,-0.20679364850592963,-0.8222814364884343,1.5599275620492488,0.25506042650567456,-1.3528470817137532,1.3901006067438324,-1.6685424595931133,True,0.061864766582531816,1.471269157583012,0.6410553670715206,0
1077,327,1.8228423820667556,3,530,35,2,-1.443277355155591,3,0.5627146920237458,-0.20679364850592963,-1.342204947781446,1.0985577752702815,1.3173453967191826,-0.341912605935663,-1.2658919845476666,0.12117461822749778,True,-3.1650473298482016,1.0257401896325256,0.9102843122889333,0
1078,328,0.875843520808554,5,271,55,2,-0.7124745500455638,1,-0.7680260388013285,-0.20679364850592963,0.44159972021666793,1.55920422667818,1.5328814776320683,-1.544104955509608,-1.574416376465366,1.61954240430987,True,-0.43424380059188605,-0.6726706298964026,0.6413527610781189,0
1079,443,1.1966374799086394,2,502,88,1,-1.105983752797117,3,-1.0988248781928884,-0.20679364850592963,-1.1414217778541331,-0.15207243164415732,0.8400869318406499,-0.9976538875214511,-1.2256496725584014,1.4808046463392799,False,-2.3380592577627723,-1.3148950331016558,-6.575818159610762,0
1080,100,-0.10421695324428742,25,376,26,1,1.4799338652845175,2,0.6505043648705744,-0.20679364850592963,-0.776987186463416,0.9669664542560186,1.0556230127535355,-0.6014768632300375,-1.1451650485798712,1.2865717851804541,True,-0.6727702332191285,-0.06779358297892153,1.034161932073646,0
1081,198,-0.3991293387659684,37,262,16,2,-1.0497681524040379,3,1.8192490974560211,-0.20679364850592963,-1.4823122754724063,-0.6691474212377118,-0.637874765847709,0.873941020337986,-0.3403188087945684,0.8287371838775068,True,-1.0831829367064378,-0.7261156893182065,-1.494439218781172,0
1082,198,-0.4684611862923826,1,350,67,2,-1.162199353190196,3,-0.805897272154619,3.1124756489183207,-1.1183429585777378,-1.534220069890754,-0.48392042233850485,-0.17797728553921596,0.9742633828547594,-1.3771931678548743,True,-0.6498817722853552,0.3775315921433479,-0.6517970171325603,0
1083,84,-1.5362686672939432,27,533,36,1,0.6366998593883324,2,-0.7869262188093323,-0.20679364850592963,-0.7683735221046956,1.5778887399739703,0.03952434559278888,-0.3009287758365513,1.0815762148261332,0.03793196344514379,False,0.7678951451892476,1.208930093428875,0.6337582056898866,0
1084,137,-0.7204092527127175,35,361,75,2,0.35562185742293734,0,-0.5288762138917308,-0.20679364850592963,1.102912944264729,-0.45295426417517476,0.03952434559278888,-1.1615892079178982,-0.5147021607480506,1.147834027209864,True,1.8233221969774465,0.3810073180272731,-2.2077289030358966,0
1085,152,-1.5744206980154027,4,62,89,0,-0.4876121484732478,1,1.8550979737486308,-0.20679364850592963,-0.704346450638794,-1.6652006856090287,-1.1305286650771618,-1.1342666545184903,-0.7695701366800631,-0.22566977669897723,True,0.8700742473766088,-2.9207046467162785,-0.600528253858535,0
1086,398,-0.9071502932738239,9,378,8,0,1.6485806664637546,2,-0.6377279608971212,-0.20679364850592963,0.5451760781628032,0.17746564780571422,0.45520107306763985,1.1471665543320644,-1.0646804246013408,1.244950457789277,True,1.452326371436627,0.5785151067567412,5.634890182272125,0
1087,326,0.7054021127850257,33,312,97,1,0.7491310601744904,2,0.3928177842655264,-0.20679364850592963,-0.835705959184982,-1.4587540020193956,-0.09903456356549475,1.6253112388217015,1.0145056948440245,-0.9054847907548683,True,-1.5411080719700077,0.27709449496043476,-0.6855165896150618,0
1088,357,-1.1547135705591616,14,82,39,1,-1.218414953583275,3,-0.45778839002166005,-0.20679364850592963,-0.9139361447090938,-0.05812229936425218,-0.9919697559188781,-1.3528470817137532,-1.1988214645655582,0.6761256501098578,True,0.24077742585006778,0.5286144664024411,-17.20513006971732,0
1089,418,0.22045154777467024,26,294,8,0,0.5242686586021743,2,-1.365032361609816,-0.20679364850592963,0.6192425647837666,-0.2648779267057227,-1.6847643017102962,-0.3145900525362552,0.10234662308734813,-0.2534173282930952,True,0.39879101700909636,-0.3009234968793973,-3.7753254488568144,0
1090,282,-1.5747273671726483,20,208,96,1,-0.6000433492594058,0,2.072562082796827,-0.20679364850592963,-1.0441627731854395,-0.17980859422987083,1.6560449524394316,-0.3145900525362552,1.564483958697315,1.591794852715752,True,0.5305645939872088,-3.2637202319445078,-5.561472522658355,0
1091,328,0.11480370946556483,21,460,72,1,1.0302090621398854,0,-1.885242359436149,-0.20679364850592963,0.43263675037986365,0.8448582590994969,-1.2075058368317637,-0.8337185671250041,-1.4134471285083055,-1.5714260290137003,True,0.3178330409142988,-0.21643281610488357,1.183630355585122,0
1092,78,-0.2018711321948929,4,484,56,1,0.5804842589952534,2,0.24115965527084843,-0.20679364850592963,-0.6407727186380849,-1.5998760038119895,0.23966499215475415,-0.35557388263536693,0.7730518229084338,0.7316207532980938,True,-0.43890158644319205,-0.04868317264925624,-0.6250484788334657,0
1093,148,-0.5655430530464508,25,110,28,1,-1.330846154369433,3,0.600636264246138,-0.20679364850592963,-1.4256160503684332,-0.7153074700372674,1.6252540837375906,0.8876022970376899,1.510827542711628,0.2182910488069108,True,-0.8600729973219824,-0.3396856666521757,-1.3980004147698075,0
1094,436,-0.8489089454676166,14,60,98,0,1.7047962668568335,2,0.22697317476508913,-0.20679364850592963,-0.4009595709699428,-0.9412591797401809,0.8400869318406499,-0.9976538875214511,0.9742633828547594,1.078465148224569,True,0.44794937449767386,-0.19267955843926887,-1.062406750196804,0
1095,194,-1.4362863703221989,37,635,70,0,0.5242686586021743,2,-0.6561257527358736,-0.20679364850592963,0.7643319542326417,1.0607397518769817,0.347433032611197,-0.3145900525362552,1.4035147107402541,-0.017563139743092215,True,2.2006183245548403,0.9423844758719284,0.9427382201493586,0
1096,439,-0.8799681177804176,25,451,13,1,-1.0497681524040379,3,-1.1390459728740463,-0.20679364850592963,-1.4538279270190788,0.47801046068212066,1.101809315806297,-1.4348147419119766,-0.5281162647444724,-0.4060288620607443,True,-0.5738598092386612,1.0023241408153392,2.0920039895624916,0
1097,291,0.8860755624621087,3,425,27,1,0.1307594558506213,1,1.3825332066107927,-0.20679364850592963,0.7892859994710818,0.5822494319365706,-1.099737796375321,-0.9156862273232276,-1.5610022724689443,-0.33665998307544925,False,-0.09678956299102692,1.225028888670201,1.7174766919502453,0
1098,155,0.4033788235078371,38,499,4,1,1.0302090621398854,2,-0.9994590305551175,-0.20679364850592963,0.08452823717741137,1.4279068320724104,0.3012467295584358,-0.8883636739238198,-0.407389328776677,-1.5991735806078182,False,-0.31885058633042573,-0.4031606078896067,0.7003257548085697,0
1099,451,1.1018599329443899,20,373,91,0,-1.49949295554867,3,0.18398627147097865,-0.20679364850592963,0.449132608108773,0.3748042038358911,0.7169234570332866,1.1471665543320644,-0.018380312880447277,-0.4337764136548623,True,-0.6527273248356169,0.20272710074570086,2.6680590104372235,0
1100,267,0.5761434702171666,38,290,54,1,-1.330846154369433,3,0.09599387444033028,-0.20679364850592963,-0.9239476845449938,1.6626150676221392,-1.1459240994280822,0.013280588256638914,-0.018380312880447277,-0.3644075346695672,False,-1.5000911547621603,0.05530624393964286,0.601462093859154,0
1101,457,-1.189014467721202,12,193,26,1,-1.162199353190196,3,-0.7491969517311343,-0.20679364850592963,-1.3332753321298543,-1.270756233549178,1.2711590936664214,1.5843274087225898,0.9071928628726509,0.8564847354716248,True,-0.14426086440865227,0.8908060147809418,-0.7869330500156899,0
1102,306,-1.0320347334556557,1,108,81,1,0.7491310601744904,1,1.510896241113236,-0.20679364850592963,0.28188508412592517,-0.44259893536886774,1.1172047501572173,-0.9703313341220434,0.3035581830336738,1.2310766819922179,True,1.313919817581581,-1.5592973994764505,-2.259382357313676,0
1103,187,0.5895255366757746,14,659,34,0,-0.9373369516178799,3,-1.0988248781928884,-0.20679364850592963,-0.7968538334795611,0.26174297865216367,-1.0381560589716394,0.3001673989504212,0.6523248869406384,0.4818927889510318,False,-1.3863793701553355,-0.6477853260293551,3.8205403755066345,0
1104,324,-1.615720213841769,5,278,56,2,1.1426402629260435,0,0.8543170953229892,-0.20679364850592963,0.35312398695635816,0.2521497256098997,-1.6231825643066147,1.5843274087225898,0.4779415349871561,0.6761256501098578,True,1.9688442007981273,-1.380337399943939,3.965896060333182,0
1105,55,-1.4267235816408557,12,74,43,2,-1.0497681524040379,1,-1.2202938111117605,-0.20679364850592963,0.6692311140737868,0.5154595797715357,0.7323188913842071,0.4504414426471644,-1.3463766085261968,-0.29503865568427223,True,2.095954695714642,1.7410219568435408,1.940015949342972,0
1106,355,1.49098413726588,23,426,38,1,0.9739934617468065,2,-1.302606210010628,-0.20679364850592963,0.08374419530878427,0.5155053935508677,-1.5000190894992516,-0.46486409623299824,0.3840428070122041,-1.2523291856813432,False,-1.4072399419570958,-1.9421651962298738,1.9398435370918599,0
1107,207,-0.25752092995642695,34,1,23,0,-0.5438277488663268,1,-0.1047360641534968,-0.20679364850592963,-0.6856901894803026,1.3998151502062275,0.9478549722970928,0.518747826145684,-0.15252135284466442,0.6345043227186808,True,-0.42816925952387563,0.02697172864078449,0.7143799868251722,0
1108,385,-1.2245028382904366,5,230,65,1,-0.8249057508317219,1,1.2704463137422914,-0.20679364850592963,-0.48658286194350797,1.0984131517245992,-1.1151332307262414,-0.6287994166294454,-0.9573675926299672,0.3709025825745598,False,0.7379199763469286,-1.5556651170730584,0.9104041656725441,0
1109,59,0.7178377955818738,14,282,28,2,0.6366998593883324,2,-0.07294009438220465,-0.20679364850592963,0.6137177535591808,-0.6406632208393421,-1.2075058368317637,1.2564567679296956,1.4974134387152063,-0.1285533461195642,True,-0.10412004202269298,-0.0523591565608556,-1.5608827283360485,0
1110,340,0.7169045057253307,32,531,44,2,-0.03788734532861575,0,-1.3859719465647844,-0.20679364850592963,0.2866475588725069,1.0982942100124617,1.024832144051695,1.3111018747285115,-0.9707816966263889,-0.29503865568427223,True,-0.4302569468528238,-0.9936095333012013,0.9105027594913548,0
1111,250,1.0241883678348023,23,9,37,0,-0.31896534729401077,1,0.31106692419765586,-0.20679364850592963,0.31404238774078225,-0.9316860586437042,-1.638577998657535,-1.3665083584134572,0.29014407903725214,1.2310766819922179,True,-0.71014598009402,0.31859112538138934,-1.0733230341431177,0
1112,267,-1.2892702530923748,30,365,52,2,1.1426402629260435,2,-0.025863557847784793,-0.20679364850592963,-1.0790971289420899,-0.8100435099521744,-0.8534108467605945,-1.7353628293054628,-1.332962504529775,-0.17017467351074123,False,0.21017312415028488,0.033345115772282774,-1.2345017411585888,0
1113,446,0.5260618868688196,18,126,38,0,-0.9935525520109589,3,-0.1368580718294795,-0.20679364850592963,-1.4944262335155805,-0.14239462442958697,-0.9457834528661169,-1.7353628293054628,-0.6488432007122678,-1.4743095984342873,True,-2.0204881203844,-0.07199581549984443,-7.022741948862595,0
1114,59,0.6271243999722004,27,434,92,1,-0.7124745500455638,1,-1.449180960650241,-0.20679364850592963,0.547654646159743,-1.2048566486732528,1.1326001845081377,-1.0386377176205628,0.9876774868511812,-1.6407949079989952,True,-0.07946975381245736,-0.9088167403989194,-0.8299743244132807,0
1115,241,-1.2344829464821627,38,373,56,2,-0.8249057508317219,0,-0.49318295251244687,-0.20679364850592963,1.7727138390773434,-1.4024913075384948,1.5482769119829887,1.6253112388217015,0.5047697429799994,-0.7806208085813373,True,3.007196785559506,0.608825944372338,-0.7130169477176936,0
1116,103,-0.5676137088139039,1,629,7,1,0.4680530582090954,2,1.013374784664033,-0.20679364850592963,0.5207634877788174,-0.7908374160285022,1.6252540837375906,1.2427954912299917,-0.12569314485182098,-0.003689363946033215,False,1.0883771965927214,-0.5752054199416431,-1.2644825676940608,0
1117,120,0.18645477670092675,6,127,57,2,-0.9373369516178799,1,0.050926704720317545,-0.20679364850592963,-0.5884787919649552,-1.4302218114151222,0.9478549722970928,0.518747826145684,-0.15252135284466442,0.6345043227186808,True,-0.774933568665882,0.00949552735674084,-0.6991922944663995,0
1118,200,0.9114378278996046,34,594,43,2,0.5242686586021743,0,0.8192481196371983,-0.20679364850592963,-1.2967582892691054,0.5065466776755515,0.347433032611197,0.6007154863439075,0.3035581830336738,-0.8222421359725143,False,-2.20819611716871,0.7466937266729634,1.9741513401562107,0
1119,418,-1.0598303650898813,5,315,81,1,0.6366998593883324,0,-1.0788156848149264,-0.20679364850592963,1.6056593943186708,0.797826660279347,-0.8995971498133557,0.35481250574923695,0.46452743099073435,1.577921076918693,True,2.665489759408552,1.1433616211020938,1.2534049367432414,0
1120,357,0.2775732349095232,6,125,21,1,-0.8811213512248008,1,0.537177286385998,-0.20679364850592963,0.9984460148622918,0.3745394415434569,1.3173453967191826,-1.6670564458069432,0.008447895112396148,0.23216482460396978,True,0.7208727799527685,0.14910603710208084,2.6699450634212205,0
1121,421,0.42109613232024473,13,209,55,2,-1.162199353190196,3,-0.5468342158350353,6.431744946342571,-0.9414822725556916,-1.4399358561321096,-1.638577998657535,0.24552229215160554,-1.2256496725584014,-0.1979222251048592,True,-1.3625784048759364,-0.23026977330850731,-0.6944754276302957,0
1122,202,0.04033545495928449,36,427,92,2,0.5242686586021743,1,-0.7117529458539462,-0.20679364850592963,0.7198673959937701,1.690815353174245,1.1326001845081377,1.2974405980288075,0.16941714306945668,0.8009896322833888,False,0.6795319410344857,-0.0287088788896299,0.5914306012064501,0
1123,364,-0.5470636887879664,3,131,79,1,-1.387061754762512,3,-1.449180960650241,-0.20679364850592963,-0.847136432101709,0.5064487384798297,-1.0073651902697986,-0.5331704797315179,0.5450120549692647,0.7316207532980938,True,-0.30007274331374256,0.7927942820546097,1.9745331098036014,0
1124,360,-1.1879084845743675,2,574,25,2,0.4680530582090954,1,0.08105364782325122,-0.20679364850592963,-1.0202295519906326,-1.2417925663770866,0.7631097600860479,-0.9566700574223395,0.18283124706587842,0.9674749418480969,True,0.1676789325837349,-0.09628431595494284,-0.8052875396462076,0
1125,61,1.2015801668517547,22,435,75,2,1.6485806664637546,2,1.6257663138470562,-0.20679364850592963,0.7479393868825794,0.6663180434748044,1.22497279061366,-0.27360622243714344,-1.4671035444939922,-0.29503865568427223,True,-0.4536407799691753,1.953488558654308,1.5007845873520225,0
1126,450,0.6605209129764463,26,608,72,0,-1.274630553976354,3,1.2600886452227027,-0.20679364850592963,-0.15697814117323639,0.9675253605996034,1.4097180028247052,-1.1342666545184903,1.4437570227295193,-1.3078242888695795,True,-0.8174990541496827,0.8323149023737529,1.0335645321212232,0
1127,410,-1.6062319578482143,13,592,50,1,-0.7124745500455638,1,-1.685893511431728,-0.20679364850592963,0.10009825048390451,-0.7445233850490064,-1.0535514933225598,-0.8747023972241159,-0.7024996166979546,-0.6973781537989833,True,1.7063302083321188,2.7079360355905853,-1.3431413363172078,0
1128,275,-0.4065359343013912,14,134,92,1,-0.15031854611477377,1,-0.6011506974392071,-0.20679364850592963,0.6142394056040582,-0.4716758855440107,0.424410204365799,-0.09600962534099243,-1.29272019254051,-1.4465620468401692,True,1.0207753399054493,0.244389360439381,-2.120100354201229,0
1129,258,0.4688211888981875,10,442,51,2,-0.9373369516178799,1,1.7466127372067244,-0.20679364850592963,0.9751859330469137,0.5163189418033288,-1.5462053925520127,0.8192959135391702,-0.8634688646550153,-0.8638634633636911,True,0.5063647441487262,0.8188490600019741,1.9367869844725003,0
1130,302,-1.5605425956397876,37,518,95,2,-1.274630553976354,3,0.43287030725424697,-0.20679364850592963,-1.2125366994516273,0.008477441939754152,-0.48392042233850485,-0.5468317564312217,1.5376557507044715,1.244950457789277,True,0.34800589618816025,-0.675512552857935,117.95872047658663,0
1131,162,0.8051957175352656,13,407,6,2,-1.105983752797117,3,-0.7491969517311343,-0.20679364850592963,0.6769109525682423,-1.7034668352334195,0.6553417196296051,0.08158697175515853,-0.0452085208732907,1.61954240430987,True,-0.12828476496702335,-0.6032501771243844,-0.5870381729896087,0
1132,232,-0.14538774463205667,41,615,83,1,0.1869750562437003,1,1.0793829379893547,-0.20679364850592963,-0.5512112438064581,0.30859186646162823,-1.253692139884525,-0.7790734603261885,1.6583826866722668,-1.0858438761166351,True,-0.40582349917440147,-0.15692905094859536,3.2405250579468494,0
1133,93,2.1393851252217626,21,256,80,1,0.8615622609606484,2,0.40622778730442793,-0.20679364850592963,-0.034414118498528455,0.610081139648777,-0.12982543226733556,-0.5604930331309258,1.1486467348082419,-0.29503865568427223,True,-2.173799243720291,0.8690776856108431,1.6391259639055593,0
1134,15,-1.3901737172600688,32,320,26,2,0.018328255064463263,1,0.889026224217017,-0.20679364850592963,1.0152174644495306,-1.0358721427324646,-0.791829109356913,-1.380169635113161,1.457171126725941,0.8703585112686838,False,2.405391181709599,-1.235900890861454,-0.9653701989699037,0
1135,381,0.39396886976784107,2,317,40,2,0.9177778613537274,2,0.5754059049627287,-0.20679364850592963,-1.1334886850676358,0.6098054952234848,1.301949962368262,-1.216234314716714,-1.2256496725584014,-1.5714260290137003,True,-1.5274575548354767,0.226692014035908,1.639866881892933,0
1136,30,0.5587175746957344,29,157,36,1,0.4680530582090954,2,-0.21857193818218257,6.431744946342571,-0.9975051353412229,-1.1391403189146558,0.4090147700148786,-0.46486409623299824,-0.0452085208732907,-0.8916110149578094,True,-1.5562227100369572,-0.12211998319769501,-0.877855055414315,0
1137,150,-0.742711304095412,36,323,82,0,0.41183745781601633,1,0.25527654064195265,-0.20679364850592963,-0.18860867181636,-0.8096660087633318,-1.3768556146918882,0.7236669766412428,1.4705852307223628,1.34206688836869,True,0.554102632279052,-0.1895967724051501,-1.2350773191468327,0
1138,19,1.641800753832231,31,299,92,1,-0.9373369516178799,3,-1.773869888025952,-0.20679364850592963,1.2147269087348236,1.230215042009664,-0.40694325058390285,-1.0659602710199707,-0.729327824690798,-0.9332323423489863,True,-0.4270738450974074,-2.9123409193613035,0.812865949907276,0
1139,355,-0.4428556248551138,16,485,24,2,0.41183745781601633,1,0.9233857416348982,-0.20679364850592963,1.1466771804645437,-0.1892710440351821,0.5167828104713215,-0.12333217874040028,-0.8634688646550153,0.5790092195304448,True,1.5895328053196576,-0.4089265695940255,-5.283431142046387,0
1140,282,-1.2331755070342711,26,188,0,0,-0.4313965480801688,1,0.472401208410713,-0.20679364850592963,-0.5547157378788927,0.4028916416702596,1.1172047501572173,0.09524824845486245,-1.668315104440318,0.1627959456186748,True,0.6784597691553784,-0.5825535997054834,2.4820563356655603,0
1141,237,-0.6399587318119778,42,584,27,1,-0.7686901504386429,0,-1.751781892697946,-0.20679364850592963,1.157800741405535,-0.9417887043250495,1.1633910532099787,1.6389725155214054,0.16941714306945668,-0.6280092748136883,True,1.7977594732175128,1.1210681184621638,-1.0618094075545421,0
1142,327,1.1544027633375946,26,310,75,1,-1.443277355155591,3,-0.07294009438220465,-0.20679364850592963,-1.048755684261648,-1.3648975649033976,1.5328814776320683,-1.544104955509608,-1.574416376465366,1.61954240430987,True,-2.2031584475992423,-0.08420224651292202,-0.7326557677142262,0
1143,254,-0.12578004367637083,28,73,45,0,-0.9373369516178799,3,-1.058874311958881,-0.20679364850592963,-0.8210401426760444,-0.7155944318807318,-1.1151332307262414,-0.6287994166294454,-0.9573675926299672,0.3709025825745598,True,-0.6952600989996736,0.13318525720597515,-1.3974397999657018,0
1144,38,-0.06385690402213505,11,136,37,0,-1.387061754762512,3,0.7238882179995157,-0.20679364850592963,-1.5049773265553381,0.17697257836592,-1.2075058368317637,1.6116499621219977,-0.9841958006228106,-1.7517851143754672,True,-1.441120422533203,-0.04622526045954945,5.6505897364130755,0
1145,141,-0.12548662313518807,24,621,10,1,1.3112870641052805,0,1.5302741201584202,-0.20679364850592963,1.3577957957616178,-1.073533681055267,1.486695174579307,0.10890952515456638,-1.5073458564832574,-0.3921550862636853,True,1.483282418896806,-0.1920289318098512,-0.9315032316148094,0
1146,66,1.7321173388484445,22,179,96,1,-0.7686901504386429,1,0.36581652871821657,-0.20679364850592963,1.219242357960903,-0.010965882480221695,0.7169234570332866,1.1471665543320644,-0.018380312880447277,-0.4337764136548623,True,-0.5128749808875415,0.6336371522301729,-91.19276274206955,0
1147,50,0.7722262317615461,0,415,41,2,-0.5438277488663268,0,-1.058874311958881,-0.20679364850592963,1.9231520648176184,-1.0077684905201376,0.3628284669621174,-1.2982019749149374,-0.6488432007122678,0.44027146155985475,True,1.150925833056072,-0.8176905198331066,-0.992291492178944,0
1148,347,0.5848792742081682,16,387,46,0,-0.9373369516178799,3,1.5973582042816943,-0.20679364850592963,-1.3217114270015584,-1.6656184506894458,1.3173453967191826,-0.9430087807226356,-0.7829842406764849,0.9813487176451559,False,-1.9065907012097267,0.9342617071707402,-0.6003776312779409,0
1149,250,0.3378548396405304,3,368,88,2,-1.162199353190196,3,0.9233857416348982,-0.20679364850592963,-1.3258905883957766,0.34629758624383394,-1.1921104024808433,-0.697105800127965,-0.43421753676952035,1.605668628512811,True,-1.6637454280363069,0.3119703416664108,2.887688944291367,0
1150,98,-0.3597471310899384,6,335,12,0,0.35562185742293734,2,-0.07294009438220465,-0.20679364850592963,-0.7197807177288623,0.11124612822376503,0.7939006287878887,-0.1916385622389199,1.3096159827653022,-1.2384554098842842,True,-0.36003358663892393,0.026239989695427457,8.989068806796404,0
1151,407,0.852503317636525,38,335,34,2,-0.4313965480801688,1,-0.1047360641534968,-0.20679364850592963,1.0416020862469253,1.0989809814171276,1.22497279061366,1.215472937830584,1.6315544786794234,0.7177469775010348,True,0.18909876861040031,-0.08928784216704794,0.9099337712988723,0
1152,11,1.1972372795326847,25,523,49,0,1.9296586684291497,2,-0.268553453715343,-0.20679364850592963,-0.36967154409794717,-0.06752914147065929,0.5629691135240826,1.406730811626439,-1.426861232504727,0.45414523735691387,True,-1.5669088236306319,-0.321522206335264,-14.808443570674557,0
1153,348,-1.0424183634040243,6,638,91,2,1.0302090621398854,2,-1.449180960650241,-0.20679364850592963,-0.028238601315726364,0.6476963200856046,-0.2068026040219376,-0.0003806884430649987,-0.7561560326836414,1.0229700450363328,True,1.014179762088298,1.510652845277296,1.5439331899778483,0
1154,440,-0.9275352769267304,24,543,52,2,0.8053466605675694,0,0.32484974849802,-0.20679364850592963,-1.24686575431855,0.40264537900368397,1.255763659315501,1.4886984718246623,0.34380049502293897,0.8564847354716248,False,-0.3193304773918195,-0.3013096014326897,2.483574390241323,0
1155,277,1.008069747875451,31,311,87,1,0.1307594558506213,1,1.228841059057093,-0.20679364850592963,1.0091520240712006,0.4409410192081198,1.024832144051695,1.3111018747285115,-0.9707816966263889,-0.29503865568427223,True,0.0010822761957496319,1.238757496582686,2.267876495156284,0
1156,209,1.6855491552466593,18,211,46,0,1.0864246625329645,2,-0.5829717049916499,1.4528410002061956,-0.386416829564741,0.52577910636074,-1.099737796375321,-0.9156862273232276,-1.5610022724689443,-0.33665998307544925,True,-2.0719659848114,-0.9826274648813801,1.901939041906299,0
1157,374,-1.5628862968694612,28,666,7,2,1.7610118672499127,2,-0.12075648392093428,-0.20679364850592963,-0.34532358839631067,0.8538256806810994,-1.5769962612538535,0.5324091028453879,1.564483958697315,0.4818927889510318,True,1.2175627084731506,0.18872865397816563,1.1711991165250328,0
1158,106,-0.21899949446869016,2,161,42,2,-1.330846154369433,3,0.6874037218721623,-0.20679364850592963,-1.4000316184835466,1.3711862174408467,0.5783645478750031,1.6253112388217015,0.04869020710166129,0.7454945290951528,True,-1.1810321240148565,-0.15054106758589963,0.7292954919987671,0
1159,239,-0.3760560686089912,6,76,38,0,0.4680530582090954,2,0.19838749507060127,-0.20679364850592963,-1.1543419953473455,-0.6033198760813064,0.6245508509277643,0.1362320785539742,0.49135563898357787,1.2865717851804541,True,-0.7782859267383543,-0.07460482145743594,-1.657495808433826,0
1160,30,0.7091681957184922,8,372,12,1,0.4680530582090954,0,1.5205971193345007,-0.20679364850592963,1.1746483372993959,1.5686519856041332,0.48599194176948063,1.6116499621219977,0.5986684709549516,1.2310766819922179,False,0.4654801415809037,1.0783591155331846,0.6374899884921716,0
1161,455,0.9683067550350866,4,392,25,2,0.9177778613537274,2,1.452180050845441,3.1124756489183207,0.8306508483114471,0.9767340390666669,-0.3145706444783804,0.4367801659474605,-0.5817726807301593,0.8287371838775068,False,-0.13765590672363948,1.406155752760836,1.0238200550208731,0
1162,454,-0.5404737783080323,5,252,18,1,1.1426402629260435,2,0.7719110874194387,-0.20679364850592963,0.4197925953632626,-0.15195392521733414,1.6560449524394316,0.5597316562447958,-1.0378522166084974,0.2182910488069108,False,0.9602663736712949,-0.41719770193544586,-6.580946538000841,0
1163,305,-1.1472396553716044,7,300,69,1,0.2994062570298583,0,-1.449180960650241,-0.20679364850592963,0.9351185636050753,0.20526742965256126,-0.12982543226733556,-0.5604930331309258,1.1486467348082419,-0.29503865568427223,False,2.0823582189766796,1.6625578658674731,4.871691113020233,0
1164,107,0.7136773069228558,2,408,29,1,0.9739934617468065,0,1.3115920440518973,-0.20679364850592963,0.6662114216691898,-1.101577699179532,0.6399462852786847,0.4914252727462762,-1.4536894404975704,1.369814439962808,False,-0.04746588525366602,0.9360534777804017,-0.9077889753248539,0
1165,388,-0.29845444628923434,24,0,1,0,-1.443277355155591,3,-0.08879715270593434,-0.20679364850592963,-1.4751244865057667,-0.8097911532911983,0.05491977994370929,-0.8337185671250041,0.8803646548798074,1.0368438208333919,False,-1.1766700402165324,0.02650190504291022,-1.234886451184838,0
1166,173,0.4433149306760885,35,369,9,2,1.2550714637122016,2,0.3928177842655264,-0.20679364850592963,-0.01619697513761157,-0.5468746882323776,-1.1305286650771618,-1.6124113390081276,-1.3597907125226185,-0.47539774104603927,False,-0.4595119058137001,0.17414198880000653,-1.8285728053889396,0
1167,9,1.588341867255179,31,415,39,0,-0.20653414650785276,0,1.8550979737486308,-0.20679364850592963,1.9249807715868028,-0.08635501367227444,0.02412891124186848,-1.339185805014049,-0.5951867847265809,0.44027146155985475,True,0.3366389043316238,2.9465297795651995,-11.580116955418431,0
1168,118,-0.04845577938509157,9,27,28,0,-1.330846154369433,3,-1.3859719465647844,1.4528410002061956,-1.2864690714651474,1.2404185650626025,-0.9611788872170373,1.6662950689208131,-1.0780945285977626,0.17666972141573378,True,-1.238013292080056,0.0671583508766691,0.806179420034389,0
1169,472,1.4272088059762378,13,142,1,1,-0.20653414650785276,0,0.35222372312429456,-0.20679364850592963,1.3796285499734027,-1.4026442015051492,-0.14522086661825598,0.36847378244894086,-0.07203672886613413,1.605668628512811,True,-0.04758025600283511,0.5026967993167294,-0.7129392259425752,0
1170,405,-0.548237225226867,42,409,61,0,-1.162199353190196,3,-0.5288762138917308,-0.20679364850592963,-1.3104775240119646,-1.2613196832200686,-1.1305286650771618,0.873941020337986,-0.3671470167874118,-1.5159309258254643,True,-0.7622402987850976,0.2899496279924935,-0.7928204820597994,0
1171,42,0.9755420493520791,18,333,4,1,0.41183745781601633,0,0.73595977530185,-0.20679364850592963,0.7892859994710818,0.9957098670590647,-1.2075058368317637,-0.7517509069267806,-0.7963983446729067,-0.5308928442342753,True,-0.1862560498809973,0.7179597074386623,1.004308516619158,0
1172,484,1.281360218436848,17,273,73,1,0.07454385545754227,0,-0.5288762138917308,-0.20679364850592963,1.7413291938498372,1.3712934064494977,0.6399462852786847,-1.2435568681161218,-1.4402753365011487,-1.2939505130725202,False,0.4599689754129892,-0.6776809409583613,0.7292384856318345,0
1173,338,-0.03129351525879628,15,103,79,1,0.9739934617468065,2,0.485465530333871,-0.20679364850592963,-0.25555683791557726,0.0737296487319592,0.6707371539805255,0.4914252727462762,1.5913121666901584,-0.08693201872838723,True,-0.22426332265678098,-0.015191922981122619,13.563046357793105,0
1174,457,-1.2642186715162753,21,344,29,1,-1.105983752797117,3,0.32484974849802,-0.20679364850592963,-1.1988688709011057,1.3617079885428913,-0.8534108467605945,0.846618466938578,-1.574416376465366,-0.003689363946033215,True,0.0653498006151696,-0.410681117488563,0.7343717852701157,0
1175,263,0.2111110342125331,26,421,97,1,-0.5438277488663268,0,-0.805897272154619,-0.20679364850592963,0.3584260556968218,-0.4806685536738437,-0.9919697559188781,-1.325524528314345,0.7998800309012772,-0.7528732569872193,True,0.14731502148428868,-0.17013380659362087,-2.080436093437801,0
1176,358,0.8477114739968857,15,32,97,1,-0.4876121484732478,1,1.280775265620233,-0.20679364850592963,0.023007017973735666,1.2583242441097484,0.6091554165768439,0.6826831465421311,0.5315979509728429,-0.6002617232195703,True,-0.82470445602315,1.0857278882776804,0.7947076639508948,0
1177,209,0.06978550071981406,24,4,1,1,1.7610118672499127,2,-0.805897272154619,-0.20679364850592963,0.7569131446434599,-1.3743062569723905,-1.7001597360612166,-0.35557388263536693,0.008447895112396148,0.39865013416867784,True,0.6871276439236459,-0.05623994466604235,-0.727639903908318,0
1178,202,1.470003920903396,9,177,55,0,1.1426402629260435,0,0.08105364782325122,-0.20679364850592963,1.913161730702875,-0.34851353817753816,-1.7309506047630576,-0.41021898943418267,-1.3597907125226185,-0.3089124314813312,False,0.44315780979947905,0.1191491801037023,-2.869329817608308,0
1179,451,-0.9149998861276066,38,557,6,1,-0.7686901504386429,0,-1.240772553225037,-0.20679364850592963,1.8443684077551765,-1.32745551920034,0.8092960631388092,-1.188911761317306,-0.9707816966263889,-0.2672911040901542,False,2.7593682938827833,1.1353067449111687,-0.7533209669688197,0
1180,15,-1.165864298235507,17,299,17,0,0.4680530582090954,0,-0.3706226321335793,-0.20679364850592963,-1.4972380467218074,-1.2326560364508712,0.5629691135240826,1.406730811626439,-1.426861232504727,0.45414523735691387,False,-0.3313737484863004,0.4320956949226119,-0.8112563858486362,0
1181,91,-0.4943043550430812,10,18,68,0,-1.49949295554867,3,0.73595977530185,-0.20679364850592963,-1.2765873692289456,0.17699477791695026,1.3789271341228642,0.6280380397433154,1.1888890467975068,1.2865717851804541,True,-0.7822830141858643,-0.3637881220682319,5.649881012202066,0
1182,396,-1.5352562084170993,13,16,77,1,1.7610118672499127,2,-0.07294009438220465,-0.20679364850592963,0.7373688273271811,1.230098059081441,-1.0843423620244006,-0.41021898943418267,1.5510698547008932,-0.41990263785780324,True,2.2726250357442805,0.11198173274280888,0.8129432538511693,0
1183,361,-0.8758795001629848,20,36,90,0,0.9177778613537274,2,0.889026224217017,-0.20679364850592963,-0.421619893963663,0.3931955524724879,-1.0535514933225598,-0.8747023972241159,-0.7024996166979546,-0.6973781537989833,True,0.45425960619932176,-0.7786798448989866,2.5432631152247303,0
1184,105,-0.37862924333519954,13,334,18,1,0.07454385545754227,1,0.8774958557738228,-0.20679364850592963,1.112653251394469,0.5438000271948518,1.3173453967191826,-0.9430087807226356,-0.7829842406764849,0.9813487176451559,False,1.4912824947296683,-0.33224559190141595,1.8389109343508576,0
1185,58,-0.9509696505883433,22,243,89,2,0.8053466605675694,0,0.537177286385998,-0.20679364850592963,1.802866823358094,0.0739308593685029,1.1787864875608989,0.4914252727462762,0.4511133269943127,-0.7944945843783963,False,2.7538364739464374,-0.510839296338487,13.526133145595754,0
1186,379,1.6362529846657108,32,347,55,0,0.9739934617468065,2,0.12563405665017108,-0.20679364850592963,-0.2053533343873399,0.6376911783146667,1.255763659315501,0.4914252727462762,0.5986684709549516,0.1350483940245568,False,-1.8416063190530507,0.20556910016950342,1.5681569342501707,0
1187,478,1.2445015249278513,17,629,58,0,-0.15031854611477377,0,0.33856840262911453,-0.20679364850592963,1.8930739383480137,0.769451281209557,0.8400869318406499,-0.9976538875214511,0.9742633828547594,1.078465148224569,True,0.6485724134201625,0.42134889336431974,1.2996272726524019,0
1188,124,1.293955754299018,17,369,1,2,-0.4876121484732478,1,-1.0191957916838013,-0.20679364850592963,-0.4827261242675135,0.2522420060965352,-0.14522086661825598,0.36847378244894086,-0.07203672886613413,1.605668628512811,False,-1.7766818785665315,-1.318794259406598,3.964445173230878,0
1189,432,-1.5730920650364186,31,145,86,0,1.9296586684291497,2,-0.7680260388013285,-0.20679364850592963,0.3194795620933914,-1.6656695967138782,-0.19140716967101717,-0.10967090204069636,0.20965945505872183,-1.1968340824931072,True,1.89257162712981,1.2081756673797224,-0.6003591960907332,0
1190,377,0.2862227308025769,21,106,65,1,1.8172274676429916,2,0.472401208410713,-0.20679364850592963,0.03966435304849542,-0.7065101361922347,0.8862732348934113,-0.3692351593350709,0.10234662308734813,-0.8638634633636911,False,-0.24655837775408146,0.13521196390575152,-1.4154080604283297,0
1191,335,1.0041937704334325,5,236,11,0,-1.162199353190196,3,0.33856840262911453,-0.20679364850592963,-1.0738213323177699,-1.5903656726221034,1.332740831070103,-1.5714275089090157,1.323030086761724,0.1905434972127928,True,-2.0780151027512024,0.339988280785755,-0.6287862471464706,0
1192,492,1.5921261924244061,1,639,19,1,-1.105983752797117,3,1.9782297698019935,-0.20679364850592963,-1.42839124306301,-0.41525344135275505,1.4405088715265457,0.3957963358483486,-0.004966208884025563,-0.15630089771368225,False,-3.020517435487416,3.149591431135457,-2.408168461070868,0
1193,176,-0.4489475644967588,13,476,29,2,1.8172274676429916,2,-0.9994590305551175,-0.20679364850592963,-0.4103111120020138,0.966710288848542,-0.4685249879875845,1.0788601708335448,-0.15252135284466442,0.38477635837161883,True,0.03863645249474501,0.4487046975820117,1.0344359712437865,0
1194,199,0.10366889129494064,24,133,46,1,0.8615622609606484,1,-0.4402037724726214,-0.20679364850592963,0.07673946604562445,-0.2553524693511638,-0.5608975940931069,1.0925214475332485,0.8937787588762292,0.8564847354716248,False,-0.026929425249316186,-0.04563543703608697,-3.916157122571232,0
1195,122,0.37424784184418736,8,611,66,0,1.5361494656775965,2,-1.4280464114595173,-0.20679364850592963,0.8387855948891797,1.6632340433391002,1.6098586493866702,-1.011315164221155,1.0815762148261332,0.3292812551833828,True,0.46453775304499234,-0.5344432875420607,0.6012382586088602,0
1196,399,-1.040303654651805,3,148,25,2,0.5242686586021743,0,1.719041342019685,-0.20679364850592963,0.8395212616081138,1.0983033510040625,1.0556230127535355,1.3247631514282154,-1.668315104440318,0.2737861519951468,True,1.8798249162599188,-1.7883249906006218,0.9104951815327593,0
1197,342,0.12217437070763051,4,291,6,1,1.2550714637122016,0,-0.6011506974392071,-0.20679364850592963,0.39692865594260174,0.9669280403270298,-0.11442999791641516,1.5843274087225898,-1.6817292084367397,-1.2384554098842842,True,0.27475428523497125,-0.07344520816008832,1.034203017053351,0
1198,475,-0.05303072522168213,3,240,95,2,0.6929154597814113,1,-0.5288762138917308,-0.20679364850592963,0.5613381773867705,0.5822187443219112,1.5482769119829887,-0.8337185671250041,0.29014407903725214,1.508552197933398,True,0.6143689026084527,0.02804668917517596,1.71756721678197,0
1199,299,-0.2970902498579622,26,560,50,0,-0.9373369516178799,3,-1.840507443699069,-0.20679364850592963,-1.0637976186232154,0.637735903880713,-1.222901271182684,-0.5741543098306296,1.2559595667796155,0.953601166051038,True,-0.7667073687652532,0.5467968163139957,1.5680469566009445,0
1200,245,-1.4676053042005162,1,27,71,1,0.4680530582090954,0,0.7838085591320157,-0.20679364850592963,0.906026944474943,1.39969773199269,-0.8534108467605945,0.846618466938578,-1.574416376465366,-0.003689363946033215,True,2.373632248675459,-1.1503215988599103,0.7144399149181668,0
1201,259,0.9377117364692579,38,428,47,1,-0.6000433492594058,0,-1.240772553225037,-0.20679364850592963,1.6948159667080815,-0.2734632766026823,-0.2068026040219376,-1.6943789992063512,-1.158579152576293,-0.05918446713426923,False,0.7571042302388237,-1.1634869854480443,-3.6567994726869975,0
1202,106,0.36594693982718024,25,391,4,1,0.5804842589952534,1,1.6068499798655516,-0.20679364850592963,0.08764518819282116,0.7699207364210494,0.9170641035952521,1.693617622320221,-1.104922736590606,0.6483780985157398,True,-0.2783017516343591,0.5880218328931648,1.2988348317061604,0
1203,484,-1.183764250237411,27,648,59,1,-0.9935525520109589,1,-1.302606210010628,-0.20679364850592963,0.24436520089769556,-0.4524633711619522,0.17808325475107253,1.3247631514282154,1.1486467348082419,1.4946784221363392,True,1.4281294511351066,1.5419786635478265,-2.210124144291185,0
1204,406,0.6184026500601307,3,550,88,1,0.5804842589952534,0,-1.4703801694062202,-0.20679364850592963,-0.8765075716059855,-0.3495247059626999,-1.3922510490428086,0.47776399604657227,0.24990176704798697,0.8148634080804479,True,-1.494910221666116,-0.9092869933566705,-2.861028903088776,0
1205,85,-1.3259808353589673,13,455,35,2,-1.443277355155591,3,1.6912830499874785,-0.20679364850592963,-1.3976340031118961,-0.5844523253108452,-0.9149925841642762,1.693617622320221,1.6449685826758451,-1.4326882710431104,True,-0.07165316775292885,-2.2426089114508585,-1.7110038369143732,0
1206,194,-1.615720213841769,10,599,73,1,1.2550714637122016,2,0.43287030725424697,-0.20679364850592963,0.4774246944018714,0.31821188955072277,-0.8842017154624353,-0.16431600883951203,0.8401223428905423,-1.8905228723460574,True,2.0931449082436404,-0.6993973054025842,3.1425591518782188,0
1207,263,-1.3365382050164856,13,621,32,2,0.35562185742293734,2,0.5499720170437528,-0.20679364850592963,-1.0110593340422755,-0.8472897860851172,0.5167828104713215,-0.1916385622389199,-0.47445984875878555,-0.05918446713426923,True,0.32547887097421,-0.7350586124689533,-1.1802338874446558,0
1208,263,0.0464756410472358,4,280,46,2,-0.9373369516178799,3,-0.12075648392093428,-0.20679364850592963,-1.1387409472040155,0.6377209953586976,-1.3922510490428086,1.7346014524193327,1.175474942801085,1.009096269239274,True,-1.1852165882512513,-0.005612235000835643,1.5680836141033287,0
1209,123,0.9482427543768822,15,454,2,1,1.8172274676429916,2,-0.1693034138610984,-0.20679364850592963,0.3997611627440213,0.5436320070635249,0.25506042650567456,-0.49218664963240616,1.0010915908476028,-1.2107078582901663,False,-0.5484815916328609,-0.16054073548505718,1.8394792857279627,0
1210,423,-0.42739044671060855,24,68,50,1,-1.218414953583275,3,-1.0788156848149264,-0.20679364850592963,-1.2503947823925219,-1.5714960542463992,0.5937599822259234,1.4477146417255506,-0.8232265526657501,0.2599123761980878,True,-0.8230043356819133,0.46107551745146247,-0.6363363502768569,0
1211,472,-0.7721825717749488,42,87,69,2,-0.9935525520109589,3,-0.3022664678409858,-0.20679364850592963,-0.890962600580539,1.3991609163788068,0.3012467295584358,-0.8337185671250041,1.6583826866722668,0.3709025825745598,True,-0.11878002880559024,0.23340489849878227,0.7147140238284494,0
1212,412,-1.155352363502764,20,209,18,1,0.07454385545754227,1,1.133471172798824,-0.20679364850592963,1.0412020856140585,-1.1858927910269987,1.6560449524394316,1.0651988941338408,-1.104922736590606,-1.0164749971313403,False,2.1965544491168227,-1.3095585984553713,-0.8432466171403644,0
1213,168,1.9576832972132918,17,170,92,1,0.8615622609606484,2,-0.1047360641534968,6.431744946342571,0.8115403011430528,1.5873293166922373,-1.1305286650771618,-1.6124113390081276,-1.3597907125226185,-0.47539774104603927,False,-1.146142996070239,-0.2050400434091605,0.6299889547085027,0
1214,145,-1.1590049506774411,4,622,17,0,0.9739934617468065,0,0.9799010108010979,-0.20679364850592963,0.9028607260113929,0.3751978105813636,0.6707371539805255,-1.1069441011190826,-0.16593545684108613,-1.6130473564048773,True,2.061865676688834,-1.1357101226923012,2.6652600448934134,0
1215,95,-0.14919579811767467,7,311,61,1,-1.274630553976354,3,0.6751506888007894,-0.20679364850592963,-1.3127257184454852,1.5687717978868994,-0.5762930284440273,0.10890952515456638,-0.4610457447623638,1.369814439962808,True,-1.1635299203278107,-0.10072964586533158,0.6374413012796682,0
1216,428,0.38009741568757904,34,249,25,2,-0.2627497469009318,1,-1.1592575015304638,-0.20679364850592963,-0.686761767504828,-1.5995756569451098,-1.5000190894992516,-0.46486409623299824,0.3840428070122041,-1.2523291856813432,True,-1.066859183192407,-0.440630780448169,-0.6251658420623862,0
1217,376,-1.4184617134887723,22,397,61,1,-0.7124745500455638,1,-0.33629030118055,-0.20679364850592963,1.2176686739160218,0.7702864849064054,-1.6539734330084557,1.037876340734433,-0.219591872826773,-1.7934064417666442,True,2.636130387404794,0.4770149168422182,1.2982181172498366,0
1218,393,0.3465506692539569,1,135,61,0,-0.9373369516178799,3,-0.268553453715343,-0.20679364850592963,-1.5047940332331071,1.1171272644217631,-0.7610382406550722,-0.9703313341220434,-1.104922736590606,-0.47539774104603927,True,-1.851344702487064,-0.09306737911551366,0.8951530790919354,0
1219,28,-0.515461233238335,39,304,0,0,-0.7686901504386429,1,0.9119708027708356,-0.20679364850592963,0.7631285816668407,-1.402507630737782,-0.11442999791641516,1.5843274087225898,-1.6817292084367397,-1.2384554098842842,True,1.2785898149051758,-0.47008559467360933,-0.7130086492112846,0
1220,287,1.4557165306591136,27,101,49,0,0.2994062570298583,1,0.8543170953229892,-0.20679364850592963,-0.094133884734527,0.2054341439279452,-0.6224793314967885,-1.011315164221155,1.0279197988404463,0.39865013416867784,True,-1.5498504153936405,1.243643518086353,4.867737631661564,0
1221,426,0.39724493303240455,25,404,69,0,-0.9373369516178799,3,-0.21857193818218257,-0.20679364850592963,-0.9081457385821994,-1.4021132622430093,1.4097180028247052,-1.1342666545184903,1.4437570227295193,-1.3078242888695795,False,-1.305390671614604,-0.08682659494594398,-0.7132091951838361,0
1222,271,0.1059530914494079,16,272,48,0,1.1988558633191224,0,-1.862844008126029,-0.20679364850592963,0.3403230134476291,0.04600970052420404,-1.022760624620719,-0.6287994166294454,-0.6622573047086895,0.6206305469216218,True,0.2343699219982212,-0.1973740815489587,21.734499793667595,0
1223,91,0.38917723930953885,6,86,40,1,0.1307594558506213,1,-1.1390459728740463,-0.20679364850592963,0.38508921315460315,1.521484577765916,0.4705965074185602,1.365746981527327,0.5584261589656864,-1.807280217563703,False,-0.004088026154935698,-0.44329076716976923,0.6572527575291509,0
1224,437,0.41679745820323255,20,3,80,2,0.5804842589952534,0,1.8729083741707675,-0.20679364850592963,0.21956960859947341,-0.019449810898945152,0.4705965074185602,-0.5058479263321101,0.31697228703009556,-0.04531069133721022,True,-0.19722784960375914,0.7806234498019247,-51.414645965469575,0
1225,460,-0.893275539977358,29,191,88,0,0.7491310601744904,1,-0.9406610984409725,-0.20679364850592963,0.8059156282109098,0.7131703047454548,0.0857106486455501,-1.1615892079178982,-1.3195484005333533,0.9258536144569199,True,1.6991911681882677,0.8402695506455543,1.4021894253406668,0
1226,156,1.5030556541175888,23,607,69,1,1.9296586684291497,2,0.6628510710023714,-0.20679364850592963,-0.15794268766790912,0.44080651604599536,-0.6224793314967885,-0.27360622243714344,-0.6756714087051112,1.411435767353985,False,-1.6609983417854979,0.9963020501080136,2.2685684914848383,0
1227,330,-0.18924511128169938,3,155,40,1,-1.0497681524040379,3,0.3793476208697771,-0.20679364850592963,-1.0844981298147298,1.635082836206184,-1.7309506047630576,0.9559086805362094,-0.6756714087051112,0.6345043227186808,True,-0.8952530185330304,-0.07178968272594886,0.6115897719049402,0
1228,91,0.0027228554375291554,16,470,74,2,-1.387061754762512,3,0.9347629233820862,-0.20679364850592963,-1.1966751796682258,0.7037224369981733,0.8092960631388092,-0.669783246728557,0.9206069668690726,0.2876599277922058,True,-1.199398035105755,0.002545224308731563,1.421014600819294,0
1229,226,-1.4795651691636653,29,598,3,2,-1.218414953583275,3,1.3421582569085093,-0.20679364850592963,-1.2019281385012042,1.6253282011336365,0.0857106486455501,-1.1615892079178982,-1.3195484005333533,0.9258536144569199,True,0.27763703066246115,-1.9858106084272487,0.6152603134409943,0
1230,368,-0.5538197595058915,5,506,12,0,-1.218414953583275,3,0.8309784133015728,-0.20679364850592963,1.169408799915712,-0.4429024380542763,0.25506042650567456,-1.3528470817137532,1.3901006067438324,-1.6685424595931133,True,1.7232285594216035,-0.4602122650092644,-2.2578340958711602,0
1231,324,-1.274029192778852,35,222,2,0,1.0302090621398854,0,0.36581652871821657,-0.20679364850592963,0.9758625987682906,0.5435935931345363,0.347433032611197,0.4641027193468683,-0.20617776883035127,-0.017563139743092215,True,2.249891791547143,-0.46606093678803123,1.8396092755117854,0
1232,158,0.2813430702936875,38,197,12,0,0.41183745781601633,1,-1.751781892697946,-0.20679364850592963,-1.0547992247880127,0.8445272246179576,-0.48392042233850485,-0.17797728553921596,0.9742633828547594,-1.3771931678548743,True,-1.3361422950817001,-0.49285169617652713,1.184094310331965,0
1233,13,1.2255649215252353,23,471,84,0,-1.330846154369433,3,-1.40697668519828,-0.20679364850592963,-1.4119526136029912,-0.20855842749130343,-1.3614601803409678,0.8192959135391702,0.9340210708654944,-1.2384554098842842,True,-2.6375175351282265,-1.7243412707828656,-4.794821726990012,0
1234,88,-1.5401183443394104,2,369,89,0,0.8615622609606484,1,-1.2613176508759902,-0.20679364850592963,1.2016486070131365,-1.7311794924121597,1.255763659315501,1.4886984718246623,0.34380049502293897,0.8564847354716248,True,2.741766951352547,1.9425784521532046,-0.5776408871218355,0
1235,51,-1.3618069983552856,26,291,3,1,0.7491310601744904,0,-1.240772553225037,-0.20679364850592963,1.5608979798546008,-1.5148916607937584,0.5013873761204011,-1.024976440920859,-1.480517648490414,-1.2384554098842842,False,2.9227049782098864,1.6896927463490117,-0.6601132555494795,0
1236,473,1.3920732353186331,39,36,54,2,0.9177778613537274,2,-0.7869262188093323,-0.20679364850592963,0.5596508237928595,-0.04841467510565103,1.22497279061366,-0.6151381399297413,-1.6951433124331614,0.6483780985157398,False,-0.8324224115257737,-1.095458927374966,-20.654937027078823,0
1237,351,1.6186032865312505,18,135,69,1,0.6929154597814113,0,-0.6377279608971212,-0.20679364850592963,1.2062739363466548,-0.387178844435159,-0.9919697559188781,0.6280380397433154,0.4108710150050475,0.05180573924220279,True,-0.4123293501845957,-1.0322285734209533,-2.5827864116323425,0
1238,240,0.7761788374310827,20,299,25,0,-1.274630553976354,3,-1.1592575015304638,-0.20679364850592963,-1.5115879426385428,0.7695927489367105,0.5321782448222419,-0.21896111563832774,0.33038639102651723,-1.5159309258254643,True,-2.2877667800696253,-0.899791139821177,1.2993883731919107,0
1239,101,-1.287278591845189,41,528,86,1,-0.20653414650785276,1,-0.5109923747150832,-0.20679364850592963,-0.4932217317524203,0.459479820744942,0.9478549722970928,1.1198440009326565,-1.0646804246013408,-0.6835043780019243,True,0.7940568600927687,0.6577895445668615,2.1763736669465943,0
1240,51,-0.4575903808480539,26,424,64,0,-0.8249057508317219,0,-0.2351536375112642,-0.20679364850592963,1.3392759284988192,-1.7222088061906997,0.7323188913842071,-1.4074921885125689,-0.5951867847265809,-1.7379113385784082,True,1.796866309346873,0.10760404254658461,-0.5806497182399392,0
1241,149,-0.2534593152191518,27,49,14,2,0.35562185742293734,0,-1.862844008126029,-0.20679364850592963,1.3346668697059454,-0.4433701521245115,0.5013873761204011,-0.8063960137255962,-0.7561560326836414,1.078465148224569,False,1.5881261849250972,0.4721551666597234,-2.2554522913946617,0
1242,488,0.8319873883161599,3,172,57,1,-1.162199353190196,3,-0.268553453715343,-0.20679364850592963,-1.3398598562508344,0.9110982370912188,0.8400869318406499,-0.9976538875214511,0.9742633828547594,1.078465148224569,True,-2.1718472445669943,-0.22343308657991295,1.0975763639220433,0
1243,217,-1.5130468046418077,31,650,76,1,-1.162199353190196,3,-1.685893511431728,-0.20679364850592963,-1.1858935539460833,1.4941739065749489,-1.1767149681299232,1.3520857048276231,1.1888890467975068,0.12117461822749778,True,0.32715325069572443,2.550835790438133,0.6692660932392142,0
1244,200,1.293340282953598,17,623,59,0,1.7610118672499127,2,-0.7491969517311343,-0.20679364850592963,-0.8522725956637572,-0.38697676322798663,0.424410204365799,1.5433435786234782,1.5376557507044715,-0.11467957032250523,True,-2.145612878617355,-0.9689665975399184,-2.584135156002551,0
1245,250,-0.20988817248655173,19,391,99,2,-0.9373369516178799,1,0.7956636066243687,1.4528410002061956,1.0934665145942362,1.3242963039905076,-0.8534108467605945,0.846618466938578,-1.574416376465366,-0.003689363946033215,True,1.303354687080788,-0.16700038030844735,0.7551179607425468,0
1246,281,0.41664226885497657,17,282,19,0,-0.4876121484732478,1,0.8659262724603146,-0.20679364850592963,1.1135300151214629,1.136225298766156,-0.5301067253912661,-1.1069441011190826,0.66573899093706,-1.6269211322019363,True,0.6968877462664863,0.3607814868189981,0.8801070642197532,0
1247,69,2.2732352331982013,21,575,48,0,1.2550714637122016,2,-1.0191957916838013,-0.20679364850592963,-0.9817732264205423,1.625459004370589,-0.006661957459972327,0.1225708018542703,0.35721459901936065,-0.4892715168430983,True,-3.2550084596187436,-2.3168717831829513,0.6152108024810753,0
1248,71,0.7642216437878201,27,72,15,2,1.1988558633191224,2,-0.4226946174867851,-0.20679364850592963,-0.8021354685325334,1.4369719752070778,1.4405088715265457,0.3957963358483486,-0.004966208884025563,-0.15630089771368225,True,-1.5663571123203535,-0.32303237539601476,0.6959077474458876,0
1249,378,0.2215859691068882,27,97,65,2,0.4680530582090954,2,0.8309784133015728,-0.20679364850592963,-0.0670901514663023,-0.8572109177903915,0.3012467295584358,-0.8883636739238198,-0.407389328776677,-1.5991735806078182,True,-0.2886761205731905,0.18413315701833327,-1.1665741720078524,0
1250,322,-0.8942823740310548,17,175,77,2,-1.443277355155591,3,-0.20206945745702398,-0.20679364850592963,-1.183882318213283,0.7887235385010056,-0.4993158566894253,1.6389725155214054,1.457171126725941,0.1489221698216158,False,-0.2895999441822281,0.18070715413383465,1.2678712177316402,0
1251,151,-0.772584163403852,1,206,60,2,-1.274630553976354,3,-1.5343641390551084,-0.20679364850592963,-1.4616598993893255,-0.9791451076425147,1.6560449524394316,-1.4348147419119766,0.42428511900146926,-0.6835043780019243,True,-0.6890757359854734,1.1854254347287627,-1.0212991867340444,0
1252,455,0.682574373676193,16,648,39,1,-0.20653414650785276,0,0.12563405665017108,-0.20679364850592963,1.6388144880633504,-1.7218687395388883,-0.06824369486365395,-0.3145900525362552,0.7059813029263252,0.6899994259069169,False,0.9562401143871574,0.08575458753038988,-0.5807643957484453,0
1253,434,1.668378800920389,12,278,27,2,-1.274630553976354,3,-0.7680260388013285,-0.20679364850592963,0.9720341472070028,0.008377761602775232,0.9324595379461724,-0.9156862273232276,-0.6622573047086895,-1.1413389793048714,True,-0.6963446537133863,-1.2813583616909965,119.36220093069362,0
1254,68,-0.42544801605193966,15,401,4,1,-1.49949295554867,3,-1.5343641390551084,4.772110297630446,-1.3580263109272672,-0.18885099370686484,-0.4377341192857437,0.8602797436382821,-0.6354290967158461,0.34315503098044187,True,-0.9325782948753276,0.6527921788622383,-5.295182778177392,0
1255,84,1.5997636550705923,17,453,41,1,-0.9373369516178799,3,0.8659262724603146,-0.20679364850592963,-1.3996715034820175,-0.1520543673036131,0.5783645478750031,1.6253112388217015,0.04869020710166129,0.7454945290951528,True,-2.99943515855261,1.3852773786527663,-6.576599379504807,0
1256,326,0.38663526295013584,9,124,99,1,1.1988558633191224,0,-1.449180960650241,-0.20679364850592963,1.6967332467391285,-0.5369421302876024,1.332740831070103,-1.5714275089090157,1.323030086761724,0.1905434972127928,False,1.3100979837889928,-0.5603044617833364,-1.8623984407858138,0
1257,26,-1.4671077726074309,5,131,31,1,1.3112870641052805,2,1.280775265620233,-0.20679364850592963,0.49980531895686825,1.2959062340413594,0.8092960631388092,-1.188911761317306,-0.9707816966263889,-0.2672911040901542,True,1.9669130915642992,-1.8790353471547905,0.7716607085956912,0
1258,19,1.2214364515368104,11,232,16,1,-0.9373369516178799,3,-1.0988248781928884,-0.20679364850592963,-1.5255498340862939,0.4689531526831112,-1.1613195337790025,1.1198440009326565,0.39745691100862585,0.1627959456186748,True,-2.7469862856231044,-1.3421447600802896,2.132408708711391,0
1259,229,-1.1249183082670267,30,49,81,1,0.6929154597814113,2,0.5243298950584547,-0.20679364850592963,-0.8951094971347798,1.3149178642508599,-0.8072245437078334,-0.45120281953329433,-0.6756714087051112,1.34206688836869,False,0.22980881113224683,-0.5898282985229845,0.7605037174845534,0
1260,243,0.7869920126018454,37,560,13,2,-0.8811213512248008,0,1.864012582378731,-0.20679364850592963,0.31163215530146054,1.691254338413735,-0.9919697559188781,-1.4757985720110882,1.1352326308118201,1.2865717851804541,True,-0.4753598573003848,1.4669630137214007,0.5912770883474647,0
1261,134,1.6479942667280223,7,595,80,1,0.9177778613537274,2,-0.6931384774092352,-0.20679364850592963,0.8294217014066894,0.4407314293292755,0.03952434559278888,-0.3009287758365513,1.0815762148261332,0.03793196344514379,True,-0.8185725653213329,-1.1422882368190104,2.268954983823925,0
1262,318,0.8563432872048581,38,552,98,2,0.2431906566367793,1,-0.3534180473878296,-0.20679364850592963,-0.979279029458033,1.3804118720351688,-1.669368867359376,-0.7380896302270766,-1.574416376465366,-0.1979222251048592,True,-1.835622316662891,-0.3026471724576163,0.7244214192996893,0
1263,456,-1.3016242843528214,26,237,4,0,0.6366998593883324,2,1.9608554183122706,-0.20679364850592963,-0.9633318666403167,-0.9794818008331398,1.22497279061366,-0.6151381399297413,-1.6951433124331614,0.6483780985157398,True,0.33829241771250473,-2.5522970305800614,-1.0209481189382175,0
1264,77,-0.9328875363861343,10,490,18,1,-1.49949295554867,3,1.3421582569085093,-0.20679364850592963,0.40401932913812866,-1.6278369912625485,0.347433032611197,1.6662950689208131,0.437699222997891,-0.6002617232195703,True,1.3369068655242629,-1.2520827097276876,-0.6143121619663019,0
1265,174,1.2075145132917262,35,62,84,0,-1.443277355155591,3,0.711772004452503,-0.20679364850592963,-0.9105206043539265,0.3377329123993044,1.332740831070103,0.10890952515456638,0.2633158710444087,-0.6002617232195703,False,-2.1180351176456527,0.8594750255311405,2.9609187236268513,0
1266,412,-1.592759036171299,6,346,34,1,1.7610118672499127,2,-0.6745960027047526,-0.20679364850592963,-0.3482653705923167,0.32835849904881403,-0.4223386849348233,-0.6151381399297413,-0.876882968651437,0.0934270666333798,True,1.2444936655789824,1.0744688790730328,3.045450927421393,0
1267,256,0.18962101964772737,5,481,87,0,-1.0497681524040379,1,1.1119335175736063,-0.20679364850592963,-0.4331475048334858,0.38425479211638724,0.5937599822259234,0.16355463195338205,1.510827542711628,0.6206305469216218,True,-0.6227685244812131,0.2108459673827914,2.6024392155223603,0
1268,466,0.805947857403734,38,34,63,1,-1.387061754762512,3,-0.7304391794012987,-0.20679364850592963,-1.421178486214178,0.3843262877292641,0.9786458409989337,0.6007154863439075,0.7730518229084338,0.3709025825745598,True,-2.227126343617912,-0.5886958916022184,2.60195508798746,0
1269,228,-0.12144309747452288,33,282,10,1,0.7491310601744904,1,-1.5989242880013395,-0.20679364850592963,0.5431272676743593,-1.2052110797404367,0.03952434559278888,-1.1615892079178982,-0.5147021607480506,1.147834027209864,True,0.6645703651488821,0.19417831816212877,-0.829730243758124,0
1270,182,-0.9602236212888913,1,66,24,1,1.7610118672499127,2,1.280775265620233,-0.20679364850592963,-0.6956563895520294,0.9855752279071172,0.5937599822259234,0.16355463195338205,1.510827542711628,0.6206305469216218,True,0.2645672317368619,-1.2298306636111016,1.014635788543443,0
1271,470,-0.1310711259601778,17,154,90,2,1.7047962668568335,2,1.1227184347359322,-0.20679364850592963,0.1644044200337421,-0.31118847540270383,0.9478549722970928,1.1198440009326565,-1.0646804246013408,-0.6835043780019243,False,0.2954755459939199,-0.14715596937708705,-3.2134876462075943,0
1272,325,-1.348958036051682,17,509,4,1,0.9739934617468065,0,0.18398627147097865,-0.20679364850592963,1.601941531752546,-0.443149462470152,-0.14522086661825598,0.5050865494459801,1.1620608388046636,-1.0858438761166351,True,2.9508995678042282,-0.24818975942396296,-2.2565755131089786,0
1273,426,1.993802953472334,38,210,47,1,-1.387061754762512,3,0.12563405665017108,-0.20679364850592963,-1.400518627895491,-0.39657284562479367,-0.6840610689004701,-0.6287994166294454,-0.876882968651437,-0.017563139743092215,False,-3.394321581367825,0.2504895532058216,-2.5216054583491787,0
1274,393,1.9293523123951484,28,285,90,2,-0.20653414650785276,0,0.5627146920237458,-0.20679364850592963,0.5269610659515348,0.9292507229115833,0.9170641035952521,0.09524824845486245,-0.6488432007122678,0.8981060628628018,True,-1.4023912464436137,1.0856748922747377,1.0761357163685272,0
1275,219,-0.24000865706858918,37,148,49,1,0.9739934617468065,2,0.33856840262911453,-0.20679364850592963,0.202254700120344,-0.28367550536190717,-1.022760624620719,0.5324091028453879,0.6925671989299035,0.30153370358926485,True,0.44226335718893317,-0.08125934764087117,-3.5251557981356223,0
1276,295,-1.1058026872132336,2,459,68,1,0.5242686586021743,0,0.16951140238744397,-0.20679364850592963,1.0391169828395175,-1.2044690271008525,-1.0073651902697986,-1.325524528314345,0.9340210708654944,-1.5575522532166413,True,2.144919670052751,-0.18744616427331928,-0.830241426324706,0
1277,262,-1.1372399591355011,19,416,61,0,-0.6000433492594058,0,-0.6745960027047526,-0.20679364850592963,0.8316037394095301,-0.7064036001115552,0.02412891124186848,-0.4375415428335904,-0.43421753676952035,0.2737861519951468,True,1.9688436985450313,0.7671775305489252,-1.4156215248679827,0
1278,293,1.1907563656123543,29,9,6,2,-0.9935525520109589,3,0.485465530333871,-0.20679364850592963,-1.3676298807683913,0.24342660791095827,-0.9765743215679576,1.0105537873350252,-1.5878304804617878,-1.1552127551019302,True,-2.5583862463807456,0.5780711705304344,4.1080126687075955,0
1279,368,-0.3981712012643977,31,620,97,1,-0.09410294572169475,0,-0.5829717049916499,-0.20679364850592963,1.8152843814419715,-1.6934183825737068,-0.8226199780587538,0.518747826145684,1.4035147107402541,1.383688215759867,True,2.213455582706369,0.2321225440796793,-0.5905215564817043,0
1280,483,-1.439248774930173,16,371,69,2,0.9739934617468065,2,0.06603168307879083,-0.20679364850592963,0.7234789838654302,0.1772608460653274,1.2865545280173418,-1.4348147419119766,0.02186199910881786,-0.2395435524960362,False,2.162727758795603,-0.09503601897772714,5.641400557748699,0
1281,126,2.115702139053462,2,115,19,0,-1.0497681524040379,3,0.485465530333871,-0.20679364850592963,-1.1155265592400325,1.2304999362478857,-1.6847643017102962,0.08158697175515853,-0.6488432007122678,0.4263976857627958,False,-3.2312286982934944,1.0271004609640941,0.8126777493231612,0
1282,404,-0.9360354522660584,0,624,86,2,-0.6000433492594058,0,1.0244620953927852,-0.20679364850592963,1.950549841550403,0.06440235501674377,1.0402275784026154,1.2974405980288075,1.60472627068658,-0.1840484493078002,False,2.8865852938164616,-0.9589328407904196,15.527358386260484,0
1283,405,-0.2403232219064081,20,249,76,1,-0.9935525520109589,3,0.6381100577755286,6.431744946342571,-1.2687939471462781,0.01766751195963069,-0.052848260512733544,0.3001673989504212,-1.6817292084367397,0.8981060628628018,False,-1.02847072523987,-0.15335266501549927,56.600745040412534,0
1284,355,-0.3351388162058631,33,7,80,0,1.3112870641052805,0,-1.796020240971909,-0.20679364850592963,0.2508542020636401,0.44124811299737143,1.3173453967191826,-0.341912605935663,-1.2658919845476666,0.12117461822749778,True,0.5859930182695032,0.6019160974410946,2.2662981300412817,0
1285,417,-0.4748398755323979,7,619,99,2,1.5361494656775965,2,-1.058874311958881,-0.20679364850592963,0.3803277729207531,-1.0073390815575627,-0.5608975940931069,1.0925214475332485,0.8937787588762292,0.8564847354716248,True,0.855167648453151,0.5027957464950086,-0.992714486690255,0
1286,223,-1.2635593238517495,29,420,16,0,0.6366998593883324,2,-1.302606210010628,-0.20679364850592963,0.383092456103741,-0.37756730940969363,0.5937599822259234,1.4477146417255506,-0.8232265526657501,0.2599123761980878,True,1.6466517799554905,1.645920221966119,-2.648535082173707,0
1287,257,0.886930444623023,15,111,71,2,-0.6562589496524849,1,-1.796020240971909,-0.20679364850592963,-0.015218616594952532,-0.7340028654659156,1.486695174579307,0.4367801659474605,-0.4878739527552072,-1.1690865308989893,True,-0.9021490612179754,-1.5929450308771642,-1.3623926871246048,0
1288,463,-1.460645655198219,7,529,6,2,0.2431906566367793,1,0.6874037218721623,-0.20679364850592963,0.9433490351321956,0.7035722635647333,0.5321782448222419,-1.4074921885125689,0.437699222997891,-0.6418830506107474,False,2.4039946903304146,-1.0040532597196588,1.4213179081301328,0
1289,136,0.6038203420816344,13,51,52,2,-1.0497681524040379,3,-1.40697668519828,-0.20679364850592963,-1.4974044674941682,0.5156623139066795,0.02412891124186848,1.5433435786234782,0.7998800309012772,0.38477635837161883,False,-2.1012248095758026,-0.8495611433573094,1.9392532265905504,0
1290,12,0.8229997995380848,33,335,87,0,-0.09410294572169475,1,1.510896241113236,-0.20679364850592963,-0.6328492483039326,-0.9325942814520296,-1.3768556146918882,0.2728448455510134,-0.4610457447623638,0.5651354437333858,True,-1.4558490478420174,1.2434673035590391,-1.0722777601325164,0
1291,271,0.21503782249815692,4,287,12,1,-1.218414953583275,3,-0.12075648392093428,-0.20679364850592963,-1.2872030930671425,-1.5056041956848032,-0.8380154124096743,-0.014041965142768923,0.11576072708376985,-1.5436784774195824,True,-1.5022409155652994,-0.02596721135489141,-0.6641852282855035,0
1292,123,-1.4569720232660308,9,654,1,0,-0.9935525520109589,1,0.06603168307879083,-0.20679364850592963,0.08568172693207135,0.04524446894163224,-1.5000190894992516,-0.0003806884430649987,0.04869020710166129,0.23216482460396978,True,1.5426537501981021,-0.0962063148949672,22.10210028279969,0
1293,198,-0.11910387110095931,3,452,42,0,0.2431906566367793,0,1.7830899206543975,-0.20679364850592963,1.6867604876409246,-0.24556877898388552,0.5321782448222419,0.7236669766412428,0.9206069668690726,1.2588242335863358,True,1.805864358741884,-0.21237291207104111,-4.072180557137016,0
1294,211,-0.8081605125855268,17,591,12,0,1.1426402629260435,2,0.9119708027708356,-0.20679364850592963,-0.6471704706888713,-0.8758877047718526,0.7631097600860479,0.013280588256638914,-0.7561560326836414,1.0229700450363328,True,0.16099004189665544,-0.7370187914303129,-1.1416989971681075,0
1295,33,-0.02591180046450827,28,233,22,2,0.8053466605675694,2,0.2693247864040974,-0.20679364850592963,0.772447036248076,1.4556213392137367,0.02412891124186848,-1.339185805014049,-0.5951867847265809,0.44027146155985475,False,0.7983588367125842,-0.006978690125449282,0.6869918050534872,0
1296,68,-0.7932262485351947,5,138,29,2,0.41183745781601633,2,-1.0191957916838013,-0.20679364850592963,-1.1624050661541159,-0.838104286561041,-0.6686656345495497,0.02694186495634284,0.5718402629621081,1.369814439962808,True,-0.36917881761892113,0.8084528543601995,-1.1931690785405327,0
1297,271,1.1113809391852323,28,212,69,0,-0.9373369516178799,3,0.8192481196371983,-0.20679364850592963,-1.0293712109487327,1.042287572117709,-0.5301067253912661,1.3520857048276231,1.0145056948440245,-0.2672911040901542,True,-2.140752150133965,0.910496744628125,0.9594280223694968,0
1298,58,1.2904865845166005,7,56,98,0,-1.218414953583275,3,-1.5773404800409108,-0.20679364850592963,-0.9372675298878113,1.4932395666477645,0.03952434559278888,-0.3009287758365513,1.0815762148261332,0.03793196344514379,True,-2.2277541144044117,-2.03553672870777,0.669684861938433,0
1299,300,0.4613264209165371,9,496,0,1,-0.9935525520109589,3,-1.7077935573996443,1.4528410002061956,-1.1267625445101108,-0.6688243307131589,-1.1305286650771618,0.873941020337986,-0.3671470167874118,-1.5159309258254643,False,-1.588088965426648,-0.7878502894994985,-1.4951611411173193,0
1300,367,1.5855940240066482,41,94,42,2,0.9177778613537274,2,-0.805897272154619,-0.20679364850592963,-0.8889276173555252,-1.205259396410326,0.6553417196296051,0.08158697175515853,-0.0452085208732907,1.61954240430987,True,-2.4745216413621733,-1.2778258986916233,-0.8296969813701847,0
1301,492,1.8708925025582623,37,193,75,0,-0.8811213512248008,1,-1.0191957916838013,-0.20679364850592963,0.9845554060744955,-0.743995166320081,-0.34536151318022124,-0.341912605935663,0.2767299750408304,0.41252390996573685,True,-0.8863370964837668,-1.9068057653001564,-1.3440949345889623,0
1302,460,-0.12331703933806534,4,82,7,1,0.4680530582090954,0,-0.8249389814020169,-0.20679364850592963,1.6398636650339404,-0.9979369187682844,-0.7610382406550722,-0.9703313341220434,-1.104922736590606,-0.47539774104603927,False,1.7631807043720058,0.10172903282105608,-1.0020674467490458,0
1303,391,-0.8044192731794535,23,283,22,1,1.2550714637122016,2,-0.49318295251244687,-0.20679364850592963,-0.8961523747366936,-0.00123671159856178,-1.3152738772882067,-0.10967090204069636,0.04869020710166129,-0.2534173282930952,False,-0.09173310155724013,0.39672587220455946,-808.6613461842287,1
1304,81,1.2332492390110488,42,652,75,0,1.8734430680360705,2,0.7956636066243687,-0.20679364850592963,-0.28615567513223283,0.21450200759582685,0.17808325475107253,1.3247631514282154,1.1486467348082419,1.4946784221363392,True,-1.5194049141432817,0.9812515373782892,4.661958855361172,0
1305,474,1.6147881891686788,7,66,65,1,1.8734430680360705,2,-0.7117529458539462,-0.20679364850592963,-1.1108722234941277,0.25260688401126263,-0.5608975940931069,-1.6533951691072395,1.2962018787688805,0.6622518743127987,False,-2.7256604126628066,-1.1493302505709666,3.9587187342192185,0
1306,89,-0.7388224140342962,30,482,60,0,0.2994062570298583,0,-0.805897272154619,-0.20679364850592963,0.5024713896798448,-0.05814591359255395,-0.48392042233850485,-0.17797728553921596,0.9742633828547594,-1.3771931678548743,True,1.241293803714141,0.5954149680769298,-17.198142707354915,0
1307,23,-1.3657769750018998,40,40,95,2,-0.2627497469009318,0,-1.0390009501597688,-0.20679364850592963,-1.2949704517435714,0.3085320147309094,1.1172047501572173,0.09524824845486245,-1.668315104440318,0.1627959456186748,False,0.07080652325832837,1.4190435747333086,3.241153683052294,0
1308,361,-0.6524985588305368,6,476,63,2,1.4237182648914386,0,-0.4402037724726214,-0.20679364850592963,0.6471328562027135,-0.48060445791131035,0.9478549722970928,1.3930695349267348,1.0681621108297115,1.328193112571631,True,1.2996314150332502,0.28723232713015096,-2.0807135506343823,0
1309,465,0.935756755683529,16,582,35,2,1.3675026644983594,0,0.21271612150727617,1.4528410002061956,1.701069221182213,-1.1016977291049554,-0.11442999791641516,1.5843274087225898,-1.6817292084367397,-1.2384554098842842,False,0.7653124654986839,0.1990505477432321,-0.9076900717417565,0
1310,30,-1.1455102835761408,37,86,15,1,-0.9373369516178799,3,-0.21857193818218257,-0.20679364850592963,-1.530973742831262,0.6384154930776926,0.6245508509277643,0.1362320785539742,0.49135563898357787,1.2865717851804541,False,-0.38546345925512115,0.25037640288885865,1.5663777809360369,0
1311,134,-0.9139858486853163,28,504,83,1,-0.7124745500455638,0,-1.0191957916838013,-0.20679364850592963,-1.0284894817413561,0.24299023438335404,-0.5147112910403457,-0.5195092030318139,-1.2256496725584014,0.1350483940245568,True,-0.11450363305603983,0.9315305306386219,4.11539003202633,0
1312,0,-1.1861580800167055,10,629,33,1,-1.105983752797117,3,-1.3233493238148013,-0.20679364850592963,-0.9194055020001833,0.6755558860579274,-0.8380154124096743,-1.5850887856087197,-0.407389328776677,-1.7379113385784082,True,0.2667525780165222,1.5697014931275703,1.4802622145875743,0
1313,185,0.5318609401707481,14,295,10,1,0.41183745781601633,0,-1.1592575015304638,-0.20679364850592963,0.21908002120700054,-0.9888985456804478,-0.23759347272377843,-1.216234314716714,1.1486467348082419,1.1755815788039818,True,-0.3127809189637476,-0.616563784663985,-1.0112261823931914,0
1314,447,-1.3455841598272167,14,14,24,0,-0.6562589496524849,0,2.047037141793286,-0.20679364850592963,1.89385021585406,0.06436024116258346,-1.222901271182684,-0.49218664963240616,1.2693736707760372,0.6483780985157398,True,3.2394343756812765,-2.7544607525750258,15.537518632380404,0
1315,34,1.405869488363243,36,383,6,2,1.2550714637122016,2,0.08105364782325122,-0.20679364850592963,0.31806899254190385,-1.12019039039846,1.1633910532099787,0.9559086805362094,-0.7963983446729067,1.605668628512811,True,-1.0878004958213392,0.11395085039524869,-0.8927054702860284,0
1316,123,0.04663137570941778,25,643,58,0,-0.20653414650785276,1,-1.0988248781928884,-0.20679364850592963,-0.3010726467505531,0.7044180229304541,-1.4538327864464902,-1.4757985720110882,-1.520759960479679,1.355940664165749,True,-0.3477040224599709,-0.051239715733867805,1.419611403295381,0
1317,398,-1.3803375234814348,1,81,69,0,-0.8811213512248008,0,-0.21857193818218257,-0.20679364850592963,1.3373639644516664,1.6249956431534973,1.22497279061366,-0.27360622243714344,-1.4671035444939922,-0.29503865568427223,True,2.717701487933101,0.3017030478529311,0.6153862274490524,0
1318,260,-0.7268745589773428,40,1,85,0,0.2431906566367793,1,-0.18564650983431563,-0.20679364850592963,-0.7838043844179674,0.3274497321338457,-0.7764336750059926,-0.6287994166294454,0.08893251909092642,0.03793196344514379,True,-0.05692982544062464,0.1349417249615011,3.05390292455929,0
1319,121,-0.28840907807725,27,165,87,0,0.8053466605675694,1,0.5243298950584547,-0.20679364850592963,1.134617532489051,-0.5184181284514672,-0.022057391810892734,-0.5741543098306296,0.29014407903725214,1.050717596630451,True,1.4230266105663012,-0.15122150164215017,-1.9289452625462022,0
1320,294,-1.546914934422274,18,135,18,0,0.5804842589952534,2,-1.4703801694062202,-0.20679364850592963,-0.6225841352653628,0.1304871537939114,-1.7309506047630576,1.5023597485243663,0.49135563898357787,-1.0442225487254582,True,0.9243307991569111,2.274553043332835,7.663583767188305,0
1321,231,0.2853604511416601,20,147,26,1,-0.3751809476870898,0,-1.3233493238148013,-0.20679364850592963,0.5322085758304851,-0.9414532081690385,0.48599194176948063,-0.7107670768276688,-1.5610022724689443,-1.7795326659695851,True,0.246848124688825,-0.37763156006180254,-1.062187793871991,0
1322,255,-0.049626005500655906,27,22,48,2,-1.387061754762512,3,0.35222372312429456,-0.20679364850592963,-1.0812105440681634,-1.6563615643738214,0.5013873761204011,1.6662950689208131,0.23648766305156527,0.49576656474809083,True,-1.0315845385675075,-0.017479456421227745,-0.6037329541339244,0
1323,325,0.18140992927428762,35,110,67,0,-0.31896534729401077,1,0.5880462384367718,-0.20679364850592963,-1.2556687025582551,-0.3485954806379586,-1.253692139884525,1.529682301923774,0.66573899093706,-1.0026012213342812,True,-1.4370786318325428,0.10667742652482565,-2.8686553395226198,0
1324,477,1.3670377784885739,10,101,29,0,0.9177778613537274,2,-0.21857193818218257,-0.20679364850592963,-0.7023364261528707,0.8449997268266503,1.3173453967191826,0.9695699572359133,-0.8902970726478585,1.189455354601041,True,-2.0693742046414445,-0.29879609681251273,1.1834321951939852,0
1325,19,0.6191565221146106,17,131,84,2,-1.105983752797117,3,1.9955343394275866,-0.20679364850592963,-1.483250271755096,-1.6369749358660355,-1.0535514933225598,-0.8747023972241159,-0.7024996166979546,-0.6973781537989833,False,-2.1024067938697066,1.2355481013602614,-0.6108829397312964,0
1326,448,-0.661483809156943,39,500,73,1,-0.3751809476870898,0,-0.3192396785201743,-0.20679364850592963,1.6870866869585064,-0.6127754701429171,0.9170641035952521,0.09524824845486245,-0.6488432007122678,0.8981060628628018,True,2.3485704961154497,0.21117187858156283,-1.6319193765355986,0
1327,362,0.023010759406873946,8,662,31,1,-0.8249057508317219,1,0.3928177842655264,-0.20679364850592963,0.9854416156052918,0.9204321689074776,-0.3145706444783804,0.3138286756501251,-0.9976099046192323,0.2182910488069108,False,0.9624308561984178,0.009039035524475342,1.0864460469068156,0
1328,165,0.9837250105068439,8,188,47,2,1.1988558633191224,2,0.6381100577755286,-0.20679364850592963,0.5073216162384522,-1.571757007792333,-1.4846236551483312,-1.2572181448158257,0.0755184150945047,0.911979838659861,True,-0.47640339426839173,0.6277248232897547,-0.6362307014795218,0
1329,108,0.06748834197475463,6,305,67,2,1.0864246625329645,2,-0.7117529458539462,-0.20679364850592963,0.35325932756236667,-1.3177618240717972,1.1633910532099787,-1.4757985720110882,1.3096159827653022,1.161707803006923,True,0.28577098558761205,-0.04803502621133014,-0.7588625331369208,0
1330,76,1.2416353347410158,9,673,85,0,1.3112870641052805,2,-1.0390009501597688,-0.20679364850592963,-0.5050367945599863,-0.5468518357533759,-0.8534108467605945,0.846618466938578,-1.574416376465366,-0.003689363946033215,True,-1.7466721293010021,-1.290060292547858,-1.828649219924921,0
1331,210,1.2318853020861034,13,384,14,2,0.5804842589952534,1,0.6505043648705744,-0.20679364850592963,-0.44633999683919656,1.1368924823316777,0.6861325883314459,0.013280588256638914,-1.0378522166084974,1.439183318948103,True,-1.6782252989253,0.8013467660269163,0.8795905748184918,0
1332,49,-0.14040354576990788,30,48,2,1,0.1869750562437003,1,1.9868907279010775,-0.20679364850592963,-1.481125464923547,-0.1330728806021291,-0.8226199780587538,0.518747826145684,1.4035147107402541,1.383688215759867,True,-1.3407219191536393,-0.2789665032546645,-7.514684787341105,0
1333,246,1.5903974010808117,7,672,13,1,-1.387061754762512,3,-0.7117529458539462,-0.20679364850592963,-1.0760789560771804,-1.0075927440744814,-1.3922510490428086,0.47776399604657227,0.24990176704798697,0.8148634080804479,False,-2.6664763571579924,-1.1319700352977278,-0.9924645697652392,0
1334,300,-0.04406216855972357,31,56,60,0,0.8615622609606484,0,-0.7491969517311343,-0.20679364850592963,1.7872861159580642,1.578266023520156,-0.6840610689004701,-0.6287994166294454,-0.876882968651437,-0.017563139743092215,True,1.8313482845177878,0.033011242371608324,0.6336067061805809,0
1335,6,-0.8122328827971512,7,84,70,0,-1.0497681524040379,1,1.952141824805067,-0.20679364850592963,0.6645226075713591,1.2961593524516355,0.9478549722970928,1.1198440009326565,-1.0646804246013408,-0.6835043780019243,True,1.4767554903685103,-1.585593781990311,0.771510016077527,0
1336,16,-1.0745768933386743,0,616,66,1,0.9177778613537274,2,0.18398627147097865,-0.20679364850592963,0.6900615280308533,1.3621950728096137,-1.6231825643066147,1.5706661320228859,-1.6414868964474745,0.024058187648084785,False,1.7646384213695276,-0.19770739601425022,0.7341091937196024,0
1337,156,0.7263527588306519,22,487,60,1,1.5361494656775965,2,-1.1189017032627826,-0.20679364850592963,0.7077435811376872,-0.4715272356091709,0.424410204365799,0.5597316562447958,-0.7963983446729067,-1.4188144952460513,True,-0.018609177692964662,-0.8127173390252376,-2.120768720358139,0
1338,108,-1.4578652886923984,7,285,61,0,-0.09410294572169475,0,-1.1592575015304638,-0.20679364850592963,1.1964406163504664,1.2677584003696292,1.3481362654210234,-0.45120281953329433,0.7193954069227468,0.2182910488069108,True,2.6543059050428646,1.6900412721375382,0.7887937645130668,0
1339,173,1.1310126407219276,42,176,86,2,1.9858742688222286,2,-1.0788156848149264,-0.20679364850592963,-0.45379329047423167,-0.7724159238838888,1.2403682249645807,-1.3528470817137532,-0.9305393846371237,0.3709025825745598,False,-1.5848059311961593,-1.2201541765347648,-1.2946394533604506,0
1340,77,-1.1017594810550515,4,244,26,2,-0.7686901504386429,0,-0.1693034138610984,-0.20679364850592963,1.1024436151880894,0.4779148067342991,0.03952434559278888,0.6416993164430193,-1.5475881684725226,1.189455354601041,False,2.204203096243141,0.1865316413964524,2.0924227010059733,0
1341,398,0.7303782745119469,24,44,84,2,-1.49949295554867,3,0.7719110874194387,-0.20679364850592963,-0.8770139256422014,0.3087546631691833,0.5629691135240826,-0.6151381399297413,-1.6414868964474745,1.411435767353985,False,-1.6073922001541483,0.5637870881060503,3.2388164306700795,0
1342,225,0.3620188887480703,27,476,87,0,1.7047962668568335,2,0.09599387444033028,-0.20679364850592963,0.3324946025453323,-0.24547987195843596,0.9324595379461724,-0.9156862273232276,-0.6622573047086895,-1.1413389793048714,True,-0.029524286202738004,0.034751595751510156,-4.073655405583958,0
1343,339,-1.201666606208682,37,180,47,2,-0.6562589496524849,0,1.4816486612115676,-0.20679364850592963,0.21604907053499572,-0.9415626824255895,-1.5462053925520127,-0.5468317564312217,1.6717967906686886,-1.1552127551019302,True,1.4177156767436778,-1.7804477183117418,-1.0620642946790302,0
1344,461,0.5372457739966264,34,314,2,0,1.0302090621398854,2,-1.1189017032627826,-0.20679364850592963,0.5145340406141008,0.3742964435167387,-0.09903456356549475,1.6253112388217015,1.0145056948440245,-0.9054847907548683,True,-0.022711733382525634,-0.6011252115955573,2.671678425358688,0
1345,202,0.7087436100369394,39,407,66,2,-1.162199353190196,3,-0.7117529458539462,-0.20679364850592963,-1.4541913983138937,0.5817634358831341,-1.06894692767348,0.9422474038365055,-0.004966208884025563,-1.071970100319576,True,-2.162935008350833,-0.5044503522989521,1.7189114448054412,0
1346,29,1.0527846614130587,34,299,16,2,0.35562185742293734,1,-0.7491969517311343,-0.20679364850592963,1.0798890514383164,-1.007615161268169,1.0094367097007746,0.054264418355750674,1.457171126725941,0.6345043227186808,False,0.027104390025257663,-0.7887430591599579,-0.9924424896362856,0
1347,450,1.5196536147406787,22,339,80,2,-1.105983752797117,3,-1.2819289279963564,-0.20679364850592963,-1.4495835797373007,-0.15204783802389832,0.5629691135240826,-1.4074921885125689,0.9876774868511812,-1.1135914277107533,True,-2.969237194477979,-1.9480879292703062,-6.576881793814148,0
1348,92,-1.3375956215611324,33,578,73,0,0.1869750562437003,0,0.16951140238744397,-0.20679364850592963,-1.2695815868419715,-0.32107271667758974,-0.006661957459972327,0.08158697175515853,1.5510698547008932,-0.7528732569872193,False,0.0680140347191609,-0.22673770963813233,-3.114560221135788,0
1349,183,-1.4290874068104837,30,34,29,0,-1.330846154369433,3,-0.3192396785201743,-0.20679364850592963,-1.0901290516060658,-0.6125628332668727,0.3012467295584358,-0.8883636739238198,-0.407389328776677,-1.5991735806078182,True,0.33895835520441797,0.45622140432740843,-1.6324858593125253,0
1350,346,-0.04528433014640591,38,3,77,0,0.6366998593883324,2,0.9347629233820862,-0.20679364850592963,-0.9521727937751869,-1.580949254238781,-0.5608975940931069,-1.4621372953113845,0.31697228703009556,-0.8499896875666323,True,-0.9068884636287811,-0.04233011283105393,-0.6325314114744537,0
1351,331,0.46651430968376795,33,605,23,1,0.2431906566367793,0,0.8309784133015728,-0.20679364850592963,0.7917065808925392,-1.2048349932288656,-1.6231825643066147,1.5843274087225898,0.4779415349871561,0.6761256501098578,False,0.32519227120877126,0.3876633208434961,-0.8299892421940706,0
1352,404,-0.10711312789108751,0,115,57,2,0.5242686586021743,1,-1.2819289279963564,3.1124756489183207,-0.5749475042698713,1.6532487070499637,0.8246914974897296,0.4914252727462762,-0.9573675926299672,-1.8905228723460574,True,-0.4678343763787838,0.13731141721175844,0.6048696334972032,0
1353,308,2.1909574598364885,28,104,59,2,1.1988558633191224,2,-1.0390009501597688,-0.20679364850592963,-0.7689469895214064,-0.18950261582239952,1.22497279061366,1.1061827242329525,0.10234662308734813,1.34206688836869,True,-2.9599044493578948,-2.276406882529745,-5.2769747971957965,0
1354,95,-1.652432454666869,28,233,89,2,-1.387061754762512,3,0.8426679393432855,-0.20679364850592963,-0.8513647054399839,1.324035023980588,-0.8226199780587538,0.9422474038365055,0.5450120549692647,-1.3355718404636974,True,0.8010677492268851,-1.3924518514780975,0.755266972822891,0
1355,442,-0.0034082187865925877,23,8,93,0,1.4799338652845175,2,0.6996106650189345,-0.20679364850592963,0.26020365667198225,-0.33053712526681545,0.4705965074185602,-0.5058479263321101,0.31697228703009556,-0.04531069133721022,True,0.26361187545857484,-0.0023844262118180664,-3.0253796808172457,0
1356,276,0.7637592250219363,23,12,61,0,0.6929154597814113,0,-0.04147294009483492,-0.20679364850592963,1.7017550238088777,1.1838818584763384,0.5167828104713215,1.4477146417255506,-1.426861232504727,-1.2523291856813432,True,0.9379957987869414,-0.031675340586212304,0.8446788067342496,0
1357,22,0.8097842896336405,40,231,26,0,-0.2627497469009318,1,0.020463420386292647,-0.20679364850592963,0.7703506237163845,-1.2051600425373328,1.024832144051695,1.3111018747285115,-0.9707816966263889,-0.29503865568427223,True,-0.039433665917255944,0.016570956340988548,-0.8297653819248333,0
1358,75,-1.445675167698606,30,607,13,0,-0.5438277488663268,0,1.402561453377276,-0.20679364850592963,1.6281415318934773,-0.13294479789839092,1.0864138814553765,-0.9430087807226356,-1.3195484005333533,-0.8916110149578094,False,3.0738166995920833,-2.0276482643187936,-7.5219246484301,0
1359,111,-0.21409687448571255,37,77,14,0,-1.443277355155591,3,-1.3441580977555516,-0.20679364850592963,-1.1185217066156496,-1.6659128123832536,-0.23759347272377843,1.7346014524193327,0.4511133269943127,-0.3644075346695672,True,-0.9044248321299371,0.28778004754412445,-0.6002715463821635,0
1360,386,-1.5740118417086824,34,64,52,1,1.7610118672499127,2,-0.3022664678409858,-0.20679364850592963,-0.2430989940774626,0.9669640601867897,1.3481362654210234,-0.2052998389386238,0.5181838469764212,0.9258536144569199,False,1.3309128476312198,0.4757709997331683,1.0341644925152436,0
1361,134,-1.0579696967183598,10,361,37,2,0.2431906566367793,1,-1.1795361053656206,-0.20679364850592963,0.2125388949437133,-1.721467406479087,-1.4384373520955698,0.2591835688513095,-1.6146586884546312,0.5928829953275039,True,1.270508591662073,1.2479134556620208,-0.5808997918440274,0
1362,202,-1.1217547339455978,37,279,70,1,0.7491310601744904,2,-1.2613176508759902,-0.20679364850592963,-0.5349996400844005,0.5811944091559913,1.5482769119829887,-0.8337185671250041,0.29014407903725214,1.508552197933398,False,0.5867550938611973,1.4148890458792829,1.72059436943442,0
1363,87,-0.03653054251760446,28,347,31,1,0.2431906566367793,0,-0.2351536375112642,6.431744946342571,0.1875284119672,0.7316368489201002,0.424410204365799,0.9968925106353214,-1.0780945285977626,0.7593683048922117,True,0.22405895448480445,0.008590289953274583,1.3667981113802483,0
1364,301,-1.4861587383633972,40,461,8,1,-1.0497681524040379,1,0.6751506888007894,-0.20679364850592963,0.4312770441239219,0.6380075219168476,1.5482769119829887,-1.3118632516146413,-0.23300597682319468,0.8426109596745658,True,1.9174357824873192,-1.0033810958733598,1.5673793943018621,0
1365,334,-0.8086488776585711,25,341,55,1,0.7491310601744904,1,-0.5468342158350353,-0.20679364850592963,-0.5723933386038998,1.2019919039785567,-0.9919697559188781,-1.3528470817137532,-1.1988214645655582,0.6761256501098578,True,0.23625553905467123,0.4421968749003061,0.8319522897740006,0
1366,264,-0.0883297121720384,22,456,15,0,-0.7686901504386429,0,1.2704463137422914,-0.20679364850592963,1.5498055488364635,-0.21779333189855474,0.5167828104713215,1.3520857048276231,-0.6086008887230027,1.2172029061951588,True,1.6381352610085018,-0.1122181572228838,-4.591510908225959,0
1367,358,-1.1693450531565994,32,79,54,0,0.5804842589952534,1,0.020463420386292647,-0.20679364850592963,-0.17535399309010705,1.4556958818238135,-1.4538327864464902,1.365746981527327,-0.6756714087051112,0.5651354437333858,True,0.9939910600664924,-0.023928799399375214,0.6869566258932165,0
1368,312,0.9751599340595598,20,349,76,1,-0.9373369516178799,3,-0.4226946174867851,-0.20679364850592963,-1.44119472226381,-1.7317866066043053,0.6553417196296051,-0.4375415428335904,0.11576072708376985,-1.6407949079989952,False,-2.41635465632337,-0.41219485531574424,-0.5774383829568025,0
1369,165,0.7607199205691697,40,623,30,2,-0.4313965480801688,1,-1.1795361053656206,-0.20679364850592963,1.1800177465195605,0.3185601178021775,-1.1921104024808433,-0.697105800127965,-0.43421753676952035,1.605668628512811,True,0.4192978259503908,-0.8972966123822027,3.1391239210571773,0
1370,400,1.0350642569453257,8,323,65,1,0.6929154597814113,1,0.472401208410713,-0.20679364850592963,1.1496535138873833,0.9670888782506705,-1.6539734330084557,1.4477146417255506,-0.3403188087945684,-1.4049407194489922,True,0.11458925694205768,0.48896560576370857,1.0340310172998364,0
1371,96,0.5733534101394128,32,342,99,0,-0.7686901504386429,0,0.7238882179995157,-0.20679364850592963,0.7720382683465165,0.9014223886605629,0.23966499215475415,-0.35557388263536693,0.7730518229084338,0.7316207532980938,True,0.1986848582071037,0.41504377834976497,1.1093577235752294,0
1372,114,0.6089877336142481,27,384,99,2,0.1307594558506213,1,-1.0191957916838013,-0.20679364850592963,-0.6181517118498603,0.9013578576127151,0.6707371539805255,0.02694186495634284,-1.3195484005333533,-1.5159309258254643,True,-1.2271394454641085,-0.6206777352866975,1.1094371459797643,0
1373,263,-1.5490475741697287,21,71,53,2,-0.4876121484732478,1,1.9171089531407197,-0.20679364850592963,-0.740947964929393,-1.6282072014223763,-0.6070838971458681,-0.9566700574223395,0.5181838469764212,-0.9609798939431042,True,0.8080996092403357,-2.9696929732817,-0.6141724840325384,0
1374,442,0.001541862419684648,1,654,65,1,-0.8249057508317219,0,0.020463420386292647,-0.20679364850592963,0.5070307360141881,1.0042781320074374,1.332740831070103,-1.5714275089090157,1.323030086761724,0.1905434972127928,True,0.5054888735945035,3.155177887183333e-05,0.9957399932896227,0
1375,40,0.05315567887015145,28,198,51,1,-1.218414953583275,3,1.101116147891736,-0.20679364850592963,-1.2842555659186397,0.6572159010884201,-0.5762930284440273,-1.7490241060051668,0.5047697429799994,0.44027146155985475,False,-1.3374112447887911,0.058530576356071305,1.521569770583633,0
1376,72,0.3173393382284268,14,513,18,2,0.1869750562437003,1,-0.4402037724726214,-0.20679364850592963,0.9085854474878854,-0.5839985403706683,0.03952434559278888,-0.3009287758365513,1.0815762148261332,0.03793196344514379,True,0.5912461092594585,-0.13969397384211862,-1.712333340077573,0
1377,61,-0.6084372047503014,22,23,25,0,0.018328255064463263,0,1.7648915736859019,-0.20679364850592963,0.7912185303702696,0.8542726098775758,-1.3922510490428086,0.47776399604657227,0.24990176704798697,0.8148634080804479,True,1.399655735120571,-1.0738256957808108,1.1705863811841866,0
1378,83,0.5133761662435413,36,131,32,2,-0.31896534729401077,0,1.61631929993183,-0.20679364850592963,0.6317503495580244,-0.8754025792890449,-0.19140716967101717,-0.10967090204069636,0.20965945505872183,-1.1968340824931072,False,0.11837418331448313,0.8297798056244475,-1.1423316973149842,0
1379,124,-0.9232096038182938,21,505,51,1,0.5242686586021743,2,-0.9601914853903032,-0.20679364850592963,0.19847673970606877,0.1870665183409788,1.3789271341228642,1.5979886854222938,1.1888890467975068,-1.030348772928399,True,1.1216863435243625,0.8864580008168808,5.3456891928052785,0
1380,466,0.806560340407829,38,327,13,2,1.2550714637122016,0,-0.1047360641534968,-0.20679364850592963,1.556463494424519,-0.14237764830232855,-0.6224793314967885,-0.27360622243714344,-0.6756714087051112,1.411435767353985,True,0.74990315401669,-0.08447595555662059,-7.02357929268856,0
1381,300,0.4581054996303308,28,206,33,1,1.5923650660706756,2,0.5880462384367718,-0.20679364850592963,0.6593906916161868,-1.10160468686902,-0.9303880185151966,0.04060314165604677,0.9071928628726509,0.6483780985157398,True,0.20128519198585598,0.269387215864814,-0.9077667358323186,0
1382,238,0.7783212201304415,42,102,13,1,-0.8811213512248008,0,0.600636264246138,-0.20679364850592963,0.9552383076509354,-0.1417550814815246,0.8092960631388092,-1.188911761317306,-0.9707816966263889,-0.2672911040901542,True,0.17691708752049395,0.46748795004264443,-7.054425809581396,0
1383,257,1.025488398532817,6,305,70,1,0.8053466605675694,2,-0.33629030118055,-0.20679364850592963,0.7753583753430405,0.08299349961261271,0.9016686692443318,0.7646508067403546,-1.2256496725584014,-1.4881833742313462,True,-0.2501300231897764,-0.3448618023997609,12.049121916240248,0
1384,334,-0.3513090964880969,29,617,56,0,-1.162199353190196,3,1.1548811865240554,-0.20679364850592963,-1.0547570171895664,1.3619087638941207,0.25506042650567456,-1.3528470817137532,1.3901006067438324,-1.6685424595931133,True,-0.7034479207014694,-0.4057202661888672,0.7342635227005493,0
1385,288,-1.4220986618015485,19,351,89,1,1.0302090621398854,2,0.7599707599737691,-0.20679364850592963,0.39986010727141535,-0.24523306518521737,-0.8995971498133557,0.35481250574923695,0.46452743099073435,1.577921076918693,True,1.821958769072964,-1.0807534007670028,-4.077755204096354,0
1386,23,-0.993965799060935,20,364,69,2,-1.105983752797117,3,0.28330532668029007,-0.20679364850592963,-1.283658232339572,1.098502820499349,1.0864138814553765,-1.6943789992063512,1.698624998661532,0.0934270666333798,True,-0.28969243327863703,-0.28159580541199375,0.9103298510534935,0
1387,436,-1.1544398395192765,2,111,43,1,-0.9373369516178799,3,-0.7491969517311343,-0.20679364850592963,-0.8842939034940333,0.5154316126900906,-0.19140716967101717,1.2974405980288075,-0.5951867847265809,1.61954240430987,False,0.2701459360252433,0.8649028087248218,1.940121213692689,0
1388,407,0.7666462566082715,10,12,94,0,-1.105983752797117,3,1.7648915736859019,-0.20679364850592963,-1.460774924670853,0.3090056051528879,-1.6231825643066147,0.10890952515456638,0.6925671989299035,-0.2811648798872132,True,-2.2274211812791247,1.353047518285778,3.2361862040871587,0
1389,311,0.9063610495301183,40,242,42,1,-1.105983752797117,3,-0.8824859019390859,-0.20679364850592963,-1.5202101179801768,-0.4057950179366012,-1.3152738772882067,0.2865061222507173,-0.729327824690798,-0.10080579452544622,True,-2.426571167510295,-0.799850848277043,-2.4642989741833916,0
1390,118,0.4117437118717477,39,13,10,1,0.2431906566367793,0,0.12563405665017108,-0.20679364850592963,1.2903336536257535,-1.3738020877570811,0.6399462852786847,-1.2435568681161218,-1.4402753365011487,-1.2939505130725202,True,0.8785899417540057,0.05172903282264687,-0.727906939218101,0
1391,457,-1.4749762175590273,36,401,60,2,1.0302090621398854,0,-0.3022664678409858,-0.20679364850592963,-1.1492732449531522,-0.07628403499754598,-1.4230419177446496,-0.4238802661338866,0.3706287030157824,-0.6141354990166293,True,0.3257029726058751,0.4458358514310246,-13.108919984688383,0
1392,476,-1.6003642770960045,37,119,7,2,-0.7124745500455638,0,0.32484974849802,-0.20679364850592963,1.6871781931753818,-1.072692383364018,-0.791829109356913,-1.380169635113161,1.457171126725941,0.8703585112686838,False,3.2875424702713865,-0.5198779329198526,-0.9322337966895303,0
1393,164,0.7483929037440886,20,389,30,1,-0.09410294572169475,1,1.6539749880754304,-0.20679364850592963,0.8904242233847377,0.7034895593550129,-1.7309506047630576,0.9559086805362094,-0.6756714087051112,0.6345043227186808,True,0.14203131964064908,1.2378231440458658,1.4214850022342043,0
1394,433,-0.4033093748435999,40,68,43,2,-0.3751809476870898,1,-1.5989242880013395,-0.20679364850592963,0.22093626519983536,0.00836372365138846,-0.9919697559188781,0.6280380397433154,0.4108710150050475,0.05180573924220279,True,0.6242456400434353,0.6448611550160683,119.56254001529459,0
1395,88,1.1288035700752013,39,362,30,2,-0.4313965480801688,0,-1.1390459728740463,-0.20679364850592963,1.5415843331745855,0.9950906736994468,-0.8380154124096743,-0.014041965142768923,0.11576072708376985,-1.5436784774195824,True,0.4127807630993843,-1.2857591606600043,1.0049334457019456,0
1396,39,-1.3125883234040776,30,341,93,0,-1.162199353190196,3,1.6539749880754304,-0.20679364850592963,-0.9814254725996084,-0.6407755244504363,0.8246914974897296,-0.45120281953329433,0.8669505508833859,-1.1690865308989893,True,0.33116285080446917,-2.1709882565502086,-1.5606091648375156,0
1397,139,1.5101043174918192,40,436,57,2,-1.218414953583275,3,0.4984746518105413,-0.20679364850592963,0.5301214423288421,-0.0668012356037903,1.1941819219118193,-1.4074921885125689,0.6791530949334817,0.3292812551833828,False,-0.9799828751629771,0.7527487238593297,-14.969805392698445,0
1398,405,0.3357852771910674,13,606,11,0,-0.5438277488663268,0,0.6996106650189345,-0.20679364850592963,1.8176475550045081,-1.1199612126804712,0.33203759826027657,-0.7517509069267806,0.062104311098082995,-0.3505337588725082,True,1.4818622778134407,0.23491896107920993,-0.8928881446665939,0
1399,357,0.4261114833891275,19,637,58,2,1.3112870641052805,0,0.5243298950584547,-0.20679364850592963,1.696309584442401,0.7881709437944785,-0.868806281111515,0.518747826145684,0.2767299750408304,1.4669308705422208,True,1.2701981010532735,0.2234229893686237,1.2687601350916382,0
1400,311,-0.14479356214585704,2,676,32,2,-0.7124745500455638,0,0.09599387444033028,-0.20679364850592963,1.1504051486440448,0.7223801802471329,1.3481362654210234,-0.1916385622389199,0.5181838469764212,0.0656795150392618,True,1.2951987107899017,-0.01389929502439756,1.3843124284315886,0
1401,90,-1.0224735945267047,25,306,41,2,0.2431906566367793,1,0.9119708027708356,-0.20679364850592963,-0.28901876641964896,0.8736813291150635,-0.9919697559188781,0.6007154863439075,-0.5951867847265809,1.5362997495275161,True,0.7334548281070558,-0.9324660648125008,1.144581957078889,0
1402,131,0.8772289505627426,40,427,1,1,-0.8811213512248008,1,-0.5829717049916499,-0.20679364850592963,0.7553490594022298,-1.6465812474677288,-1.4538327864464902,-1.4757985720110882,-1.520759960479679,1.355940664165749,True,-0.12187989116051279,-0.5113996569775978,-0.6073189903442636,0
1403,67,0.32182983530183074,28,654,78,0,-1.443277355155591,3,-1.0988248781928884,-0.20679364850592963,-1.0927342231382398,-0.12341716411726043,-0.5608975940931069,-1.4621372953113845,0.31697228703009556,-0.8499896875666323,True,-1.4145640584400705,-0.35363462957437153,-8.10260726223308,0
1404,492,-1.385495868679786,16,520,95,2,-0.6562589496524849,0,-1.5343641390551084,-0.20679364850592963,1.5615029106562868,-0.5469235490089099,0.27045586085659495,-1.188911761317306,-1.0915086325941843,-1.7101637869842903,True,2.946998779336073,2.1258551757112696,-1.8284094452562207,0
1405,5,1.236288142578434,11,43,8,0,-0.9935525520109589,3,0.16951140238744397,-0.20679364850592963,-1.2103571369092139,0.3465761688449978,-0.9611788872170373,1.6662950689208131,-1.0780945285977626,0.17666972141573378,True,-2.446645279487648,0.20956493680343863,2.88536778162165,0
1406,102,0.30453507229944593,27,120,57,2,0.5242686586021743,1,-0.47544820431312024,-0.20679364850592963,-1.0786383113804263,0.46880874678008605,-0.8380154124096743,-1.5850887856087197,-0.407389328776677,-1.7379113385784082,True,-1.3831733836798723,-0.14479065327513782,2.133065548716257,0
1407,307,0.823274044493444,38,17,15,1,-1.49949295554867,3,1.0244620953927852,-0.20679364850592963,-0.9833497747175388,-1.2609933280556582,1.3789271341228642,-0.3965577127344787,-0.407389328776677,-0.3089124314813312,True,-1.8066238192109827,0.8434130527042467,-0.7930256703613809,0
1408,142,0.9312146344491904,35,484,8,0,0.5242686586021743,0,0.4195783825648011,-0.20679364850592963,-1.0651009102876972,1.428107825066297,-0.7764336750059926,0.8602797436382821,0.5986684709549516,-1.3216980646666383,False,-1.9963155447368877,0.3907175301428638,0.7002271904300068,0
1409,155,-0.7167108005076829,39,75,73,1,1.7610118672499127,2,-1.1189017032627826,-0.20679364850592963,-0.36828499212003757,1.4275099606870807,-1.4230419177446496,-1.3665083584134572,-1.2658919845476666,-1.8766490965489986,True,0.3484258083876453,0.8019289354348788,0.7005204569407278,0
1410,169,-1.4260344082339842,39,249,98,2,-1.443277355155591,3,0.4984746518105413,-0.20679364850592963,-1.1245133753627017,1.5879630921098848,-0.5762930284440273,0.10890952515456638,-0.4610457447623638,1.369814439962808,True,0.3015210328712825,-0.7108420051142865,0.6297375184567888,0
1411,369,-1.0026558399225423,4,629,99,2,0.6366998593883324,1,2.0299372612623108,-0.20679364850592963,-0.37338915667826494,-0.25449267203405634,0.5321782448222419,-0.21896111563832774,0.33038639102651723,-1.5159309258254643,True,0.6292666832442773,-2.0353284496810273,-3.9293877695816577,0
1412,217,-1.3188957792636853,27,454,66,2,1.0302090621398854,0,0.5114292264090835,-0.20679364850592963,1.6609715744898907,0.7039075420780871,-0.9919697559188781,-1.325524528314345,0.7998800309012772,-0.7528732569872193,False,2.9798673537535763,-0.674521848103032,1.4206409196635292,0
1413,400,0.6290429462021915,24,272,13,0,1.0302090621398854,2,0.3928177842655264,-0.20679364850592963,-0.7758959877253693,-1.5993274354946199,0.9016686692443318,-0.23262239233803164,-0.6756714087051112,-0.9887274455372222,False,-1.4049389339275606,0.24709925633500357,-0.6252628700870249,0
1414,73,-0.9598803717401944,37,126,89,1,-1.387061754762512,3,0.8309784133015728,-0.20679364850592963,-1.0479930960692696,-0.11435202098259328,-0.7302473719532313,1.3384244281279192,0.7059813029263252,0.7871158564863298,True,-0.08811272432907524,-0.7976398682679906,-8.744933984556505,0
1415,134,1.313901163611942,2,365,59,2,-1.105983752797117,3,-0.08879715270593434,-0.20679364850592963,-1.5060897034207104,1.2959323511602185,0.8246914974897296,-0.32825132923595907,0.7193954069227468,1.369814439962808,False,-2.8199908670326526,-0.11667068226575443,0.7716451572030031,0
1416,54,-1.4661129004321805,22,184,93,1,0.2431906566367793,1,0.6996106650189345,-0.20679364850592963,-0.059083255199129,-0.6783015802191571,-1.1151332307262414,-0.6287994166294454,-0.9573675926299672,0.3709025825745598,False,1.4070296452330515,-1.0257082212641968,-1.4742707028693245,0
1417,363,0.7117124209410536,9,364,74,0,-0.9935525520109589,3,-1.240772553225037,-0.20679364850592963,-1.2627484965344293,-1.6935589797302317,-1.638577998657535,-0.3145900525362552,0.7730518229084338,-0.6973781537989833,True,-1.9744609174754828,-0.8830732376930034,-0.5904725321149099,0
1418,257,-1.5789208257347953,15,10,75,2,1.2550714637122016,2,-0.07294009438220465,-0.20679364850592963,-0.4687735692201252,-1.054513671603466,0.6553417196296051,-0.4375415428335904,0.11576072708376985,-1.6407949079989952,True,1.1101472565146702,0.11516663405112447,-0.9483045329415969,0
1419,88,-0.6647942812921359,3,120,7,2,0.9177778613537274,2,-0.268553453715343,-0.20679364850592963,0.7191766655826299,-0.08574169666439978,-1.4846236551483312,-1.2572181448158257,0.0755184150945047,0.911979838659861,True,1.3839709468747659,0.17853280025121235,-11.662950526966378,0
1420,293,-1.0146011504170933,39,492,46,0,-0.31896534729401077,0,-0.40526119392890464,-0.20679364850592963,-1.2189579319852162,-1.467428476584462,-0.9611788872170373,0.9285861271368016,-0.5281162647444724,1.078465148224569,True,-0.20435678156812287,0.4111784735796714,-0.6814642649391632,0
1421,142,0.5371755404412282,28,206,39,1,0.018328255064463263,1,0.625667627837102,-0.20679364850592963,-0.4357323860850017,-1.1769892475652723,-0.09903456356549475,1.6253112388217015,1.0145056948440245,-0.9054847907548683,True,-0.9729079265262299,0.33609334611997643,-0.849625505951866,0
1422,205,-1.2762024970706796,0,555,25,2,-1.443277355155591,3,0.8543170953229892,-0.20679364850592963,-1.1215808200330617,1.6533346758995418,-0.006661957459972327,0.08158697175515853,1.5510698547008932,-0.7528732569872193,True,0.15462167703761787,-1.0902816103413686,0.6048381819440789,0
1423,438,1.853672992240274,11,458,89,1,0.8615622609606484,0,0.8426679393432855,-0.20679364850592963,1.5257802008473087,1.5786496187033991,-0.9919697559188781,-1.325524528314345,0.7998800309012772,-0.7528732569872193,True,-0.32789279139296523,1.5620308005874137,0.633452746453048,0
1424,177,0.6203682566169836,9,71,3,2,1.3112870641052805,2,-0.7117529458539462,-0.20679364850592963,0.5041986125895843,-1.3742997276926758,-0.9919697559188781,-1.325524528314345,0.7998800309012772,-0.7528732569872193,True,-0.11616964402739927,-0.44154893416141494,-0.7276433609160683,0
1425,173,1.1520408560018347,22,587,85,2,1.0302090621398854,0,-0.49318295251244687,-0.20679364850592963,1.829341850929121,-1.4016672036171616,-1.6539734330084557,1.037876340734433,-0.219591872826773,-1.7934064417666442,True,0.6773009949272863,-0.5681669107779515,-0.7134361628516401,0
1426,381,0.0359993446061534,2,606,77,0,-1.443277355155591,3,0.9799010108010979,-0.20679364850592963,-1.3190117747385566,-0.40588446906869363,0.7939006287878887,-1.2708794215155297,-0.917125280640702,0.5096403405451498,True,-1.35501111934471,0.03527579416774677,-2.463755877799659,0
1427,65,-0.007619453754480488,10,366,13,0,-1.443277355155591,3,-1.2613176508759902,-0.20679364850592963,-0.8131806418273478,0.6004644900208683,0.17808325475107253,-0.5331704797315179,0.49135563898357787,1.2172029061951588,True,-0.8055611880728674,0.009610551510559572,1.66537713733502,0
1428,364,-1.5418417645275582,40,309,7,1,-1.443277355155591,3,1.9171089531407197,-0.20679364850592963,-1.181974125371855,1.2301367994744152,1.3789271341228642,0.6280380397433154,1.1888890467975068,1.2865717851804541,True,0.3598676391557032,-2.955878651102067,0.8129176520330843,0
1429,253,-0.8736290858872131,27,607,11,2,0.6366998593883324,2,-0.010337456390444507,-0.20679364850592963,-0.8379735895332863,-0.3400819528178615,-1.3922510490428086,1.7346014524193327,1.175474942801085,1.009096269239274,True,0.03565549635392684,0.009031102576782964,-2.940468571651697,0
1430,57,0.5700444639371259,2,257,49,2,-0.6000433492594058,0,-0.057165238718669,-0.20679364850592963,0.30614933280836065,-1.0072170928482247,1.5482769119829887,-0.8337185671250041,0.29014407903725214,1.508552197933398,True,-0.2638951311287653,-0.03258672786122151,-0.9928347189339843,0
1431,337,-0.22716021135027767,12,458,33,0,-0.4876121484732478,1,1.9434104844676099,-0.20679364850592963,0.9861461661616281,-1.467970515622117,-0.637874765847709,-0.0003806884430649987,0.11576072708376985,0.49576656474809083,True,1.2133063775119057,-0.44146553639200775,-0.681212638455119,0
1432,352,-0.08804345409568337,29,142,38,2,0.8615622609606484,2,1.6912830499874785,-0.20679364850592963,-0.5121995858961524,0.1110862696920816,0.7323188913842071,0.9149248504370977,0.6120825749513732,0.1627959456186748,True,-0.42415613180046907,-0.14890640157437993,9.002004501289248,0
1433,450,-0.7291649322669591,7,676,14,2,0.018328255064463263,1,-0.3706226321335793,-0.20679364850592963,0.4502388958618208,0.2813107946720346,0.8862732348934113,0.3001673989504212,0.6925671989299035,0.49576656474809083,True,1.17940382812878,0.27024502645628345,3.554785893258228,0
1434,341,-0.17689625571546128,14,441,0,0,-1.105983752797117,3,-1.3859719465647844,-0.20679364850592963,-1.2345680112842292,-1.073463817762319,0.5167828104713215,-0.1916385622389199,-0.47445984875878555,-0.05918446713426923,True,-1.057671755568768,0.24517324787397973,-0.9315638558185672,0
1435,116,1.3774004838872347,5,560,57,1,0.4680530582090954,2,-0.010337456390444507,-0.20679364850592963,-0.6300511574766756,-1.1297186771075618,1.024832144051695,1.3111018747285115,-0.9707816966263889,-0.29503865568427223,True,-2.00745164136391,-0.01423881743436145,-0.8851762025196731,0
1436,271,-0.39024978835285185,23,58,4,2,-0.6000433492594058,0,-0.2853709610732421,-0.20679364850592963,1.792772130955208,-0.21755773372217985,-0.2068026040219376,-1.6943789992063512,-1.158579152576293,-0.05918446713426923,False,2.18302191930806,0.11136595716088266,-4.596483161225203,0
1437,27,-0.680249810294062,20,604,57,1,-1.387061754762512,3,-0.1047360641534968,-0.20679364850592963,-1.0214184884785833,-1.392673338452714,0.1011060829964705,-1.3118632516146413,0.2767299750408304,1.0229700450363328,True,-0.34116867818452135,0.07124668777136291,-0.7180435240581048,0
1438,177,2.370781643635737,8,240,11,2,0.9739934617468065,0,-0.4402037724726214,-0.20679364850592963,1.4728113956265574,0.6757675435420146,0.424410204365799,-0.09600962534099243,-1.29272019254051,-1.4465620468401692,False,-0.8979702480091798,-1.0436270232372933,1.479798581001203,0
1439,88,-0.8896706004668875,42,78,58,1,-1.105983752797117,3,-0.20206945745702398,-0.20679364850592963,-1.2211806351304133,0.336782249272833,1.2095773562627397,-0.45120281953329433,-1.2122355685619797,1.522425973730457,True,-0.3315100346635258,0.1797752555518087,2.9692767514662215,0
1440,362,0.6381052393012824,39,300,81,2,1.7610118672499127,2,1.3115920440518973,-0.20679364850592963,0.6710225987035693,-0.4147033495367851,-1.06894692767348,0.9422474038365055,-0.004966208884025563,-1.071970100319576,False,0.032917359402286905,0.836933755135394,-2.411362826592218,0
1441,436,0.9845304338764913,15,393,66,2,-0.5438277488663268,1,0.22697317476508913,-0.20679364850592963,0.8151009330024969,-0.2837737710216145,0.9478549722970928,1.1198440009326565,-1.0646804246013408,-0.6835043780019243,False,-0.16942950087399444,0.2234619982297979,-3.5239351008143105,0
1442,262,0.8898269353859742,20,510,33,1,1.9858742688222286,2,0.5754059049627287,-0.20679364850592963,0.11340024707426588,1.3336367650864813,1.5020906089302275,-1.1342666545184903,-0.689085512701533,-1.2800767372754611,True,-0.7764266883117084,0.512011673015978,0.7498293022479952,0
1443,70,1.29748299753545,22,498,13,1,1.4237182648914386,2,-0.5288762138917308,-0.20679364850592963,0.7168445775376824,1.597052828864811,-1.592391695604774,0.8602797436382821,0.6120825749513732,0.24603860040102882,True,-0.5806384199977677,-0.6862078953254427,0.6261533239920873,0
1444,241,-0.24605819621509845,30,221,56,1,0.018328255064463263,0,0.06603168307879083,-0.20679364850592963,0.1905385992167018,-0.9411735373545888,1.6098586493866702,1.5023597485243663,0.5986684709549516,0.6622518743127987,True,0.43659679543180024,-0.016247636831414308,-1.062503424247457,0
1445,117,-0.8323570921955491,12,428,95,0,0.9739934617468065,0,-0.3022664678409858,-0.20679364850592963,1.6100988966662872,0.985635623744479,-1.1767149681299232,0.2045384620524938,-0.9305393846371237,-1.6130473564048773,True,2.4424559888618362,0.2515936382403424,1.014573615697441,0
1446,59,-0.33500629011839644,3,490,40,0,-0.8811213512248008,1,-0.7491969517311343,-0.20679364850592963,-0.12494397012721364,-0.9697735236465673,-0.5608975940931069,-1.4621372953113845,0.31697228703009556,-0.8499896875666323,True,0.2100623199911828,0.25098569136745863,-1.0311686994264844,0
1447,78,1.7677408890266435,25,479,41,2,-0.09410294572169475,1,2.089496516746594,-0.20679364850592963,-0.283592494378919,1.4274528294895763,-0.791829109356913,0.3274899523498291,0.10234662308734813,-0.6141354990166293,True,-2.0513333834055625,3.693688430131699,0.700548493993127,0
1448,250,-1.2658204567465998,9,160,94,0,1.8172274676429916,2,-0.057165238718669,-0.20679364850592963,0.5184459664740724,1.2402982086731935,1.5482769119829887,-0.8337185671250041,0.29014407903725214,1.508552197933398,True,1.7842664232206722,0.072360928584894,0.8062576502823323,0
1449,216,-0.3584723897085974,13,392,94,0,-0.15031854611477377,1,0.020463420386292647,3.1124756489183207,0.053883793994456156,-1.242601108848433,-0.5147112910403457,-0.7244283535273728,-0.4610457447623638,-0.9748536697401633,True,0.41235618370305355,-0.0073355712074859546,-0.8047635507126614,0
1450,264,-0.912718796442874,19,292,84,0,0.1869750562437003,1,-1.058874311958881,-0.20679364850592963,0.520320365775447,-0.5460600517666307,-0.7610382406550722,-1.544104955509608,-1.6951433124331614,-0.9748536697401633,False,1.433039162218321,0.9664544875953862,-1.8313007514372144,0
1451,455,-1.3879315198170812,16,171,62,2,0.1869750562437003,1,0.9119708027708356,-0.20679364850592963,0.1172567167857232,-1.3836015572170035,-1.6077871299556943,1.3930695349267348,-1.1451650485798712,1.4253095431510439,True,1.5051882366028044,-1.2657530223185296,-0.7227514793251337,0
1452,253,-0.8720465245127809,33,537,68,0,0.1869750562437003,0,0.5114292264090835,-0.20679364850592963,1.6508678269850725,-0.12351281806508191,1.3635316997719438,-1.4621372953113845,-0.08545083286255585,-1.2800767372754611,True,2.522914351497853,-0.4459900794243014,-8.096332229309983,0
1453,393,-0.42136099523828324,36,482,20,1,1.3112870641052805,0,0.5627146920237458,-0.20679364850592963,1.5057271439243558,-0.5374531552466123,-0.5147112910403457,-0.7244283535273728,-0.4610457447623638,-0.9748536697401633,True,1.927088139162639,-0.23710602266632957,-1.8606276217764661,0
1454,160,-1.1114716182524174,12,508,36,0,-0.5438277488663268,0,-0.2351536375112642,-0.20679364850592963,-1.19464800655792,1.230026563468564,1.563672346333909,-0.4238802661338866,0.22307355905514353,0.2876599277922058,True,-0.08317638830550256,0.26136659402258716,0.8129905063847074,0
1455,14,1.5014663423822219,21,227,12,1,0.9177778613537274,0,-1.449180960650241,-0.20679364850592963,1.4911597552055194,-1.1393502352574858,-0.5762930284440273,0.10890952515456638,-0.4610457447623638,1.369814439962808,True,-0.01030658717670252,-2.175896436437472,-0.8776933174927886,0
1456,457,-0.6966589833068595,34,315,42,0,-1.105983752797117,3,0.6874037218721623,-0.20679364850592963,-1.1413163914319406,-0.5179103681323147,0.7785051944369683,-0.7244283535273728,0.49135563898357787,1.161707803006923,True,-0.44465740812508114,-0.4788859780008118,-1.9308364045497584,0
1457,216,-0.593802825440196,41,310,38,2,-0.9373369516178799,3,2.047037141793286,-0.20679364850592963,-0.9319642128864917,-0.0863226937376863,1.1787864875608989,1.679956345620517,-1.0915086325941843,-1.4465620468401692,True,-0.33816138744629565,-1.2155364385778764,-11.584452652555374,0
1458,215,-1.2006490092912012,38,618,48,1,-1.218414953583275,3,1.321808337944639,-0.20679364850592963,-1.3796714103295253,1.2301773898299755,-0.9919697559188781,-1.325524528314345,0.7998800309012772,-0.7528732569872193,True,-0.17902240103832412,-1.5870278714260802,0.8128908293861005,0
1459,455,1.3228554268575077,38,93,51,1,-1.330846154369433,3,0.537177286385998,-0.20679364850592963,-1.5301997974978965,-0.57524223216651,0.5629691135240826,-0.6151381399297413,-1.6414868964474745,1.411435767353985,False,-2.853055224355404,0.7106078884803071,-1.7383983962261984,0
1460,66,0.677692444648828,24,190,27,2,1.5361494656775965,2,0.6874037218721623,-0.20679364850592963,-0.6281194627639044,1.2678310930171204,0.3782239013130378,-0.5604930331309258,0.7193954069227468,1.633416180106929,True,-1.3058119074127323,0.4658483087362487,0.7887485380606946,0
1461,212,-0.6294565040766037,4,267,23,1,1.3675026644983594,2,0.537177286385998,-0.20679364850592963,0.3812958966016474,-0.41479922112726375,-0.7456428063041518,0.2865061222507173,-1.5475881684725226,1.550173525324575,True,1.0107524006782511,-0.3381297367578869,-2.4108054937107544,0
1462,262,-1.5390035841807275,21,511,43,2,0.5804842589952534,2,-1.240772553225037,-0.20679364850592963,-0.8128235591867401,1.3993649563698936,-1.592391695604774,0.8602797436382821,0.6120825749513732,0.24603860040102882,False,0.7261800249939874,1.9095534065664046,0.7146098121058629,0
1463,191,-0.7748341904077496,29,350,30,2,0.6929154597814113,2,-1.751781892697946,-0.20679364850592963,-0.10372473628058128,-0.4153085049450163,0.9786458409989337,-0.16431600883951203,-0.24642008081961642,1.522425973730457,True,0.6711094541271683,1.3573405045995683,-2.407849174476477,0
1464,130,-0.5050013986188858,15,402,60,1,-0.9373369516178799,1,0.5499720170437528,-0.20679364850592963,-1.2233091138539474,-1.3835671696771723,1.22497279061366,1.2701180446293998,-1.4939317524868356,-1.071970100319576,False,-0.7183077152350615,-0.27773663780834484,-0.7227694427804863,0
1465,237,0.2950271636773894,4,618,32,2,1.3112870641052805,2,0.8543170953229892,-0.20679364850592963,0.8104981190486715,-0.743500246917701,-0.7302473719532313,1.3384244281279192,0.7059813029263252,0.7871158564863298,True,0.5154709553712822,0.2520467495142474,-1.3449896468019007,0
1466,14,-0.9588508584822825,37,328,92,1,-1.162199353190196,3,-1.1189017032627826,-0.20679364850592963,-1.0972868316309996,-1.0734066865648146,-1.6077871299556943,1.3930695349267348,-1.1451650485798712,1.4253095431510439,True,-0.13843597314871714,1.0728598587308071,-0.931613437551436,0
1467,347,-1.354555845356669,37,259,62,0,0.7491310601744904,0,1.578306680802934,-0.20679364850592963,1.3784353778569773,0.9385663727446408,-1.7001597360612166,-0.697105800127965,-0.16593545684108613,-1.807280217563703,True,2.7329912232136464,-2.1379045402470966,1.0654546364475495,0
1468,391,0.43367264528980065,38,567,95,0,-1.443277355155591,3,0.3793476208697771,1.4528410002061956,-0.9116526308518452,1.126517348043569,-1.4846236551483312,-0.5604930331309258,-1.6012445844582095,0.05180573924220279,True,-1.3453252761416459,0.1645126862269886,0.8876915326404461,0
1469,172,-1.1611069935139218,4,362,28,2,-1.387061754762512,3,0.43287030725424697,-0.20679364850592963,-1.1208110107308775,0.9668403303361948,0.5783645478750031,1.6253112388217015,0.04869020710166129,0.7454945290951528,True,0.04029598278304425,-0.5026087410374263,1.0342968380545225,0
1470,23,1.564601702553216,13,181,40,2,0.4680530582090954,1,1.578306680802934,-0.20679364850592963,0.3171473006290961,-0.8760360282427067,-0.376152381882062,-1.4621372953113845,0.39745691100862585,1.2865717851804541,False,-1.2474544019241198,2.469421319935386,-1.1415056937287495,0
1471,246,-0.3513759212260836,11,486,33,0,0.6366998593883324,1,0.09599387444033028,-0.20679364850592963,1.018896363836701,-0.8751648046860984,-0.32996607882930085,1.1744891077314723,-0.6756714087051112,0.2876599277922058,True,1.3702722850627846,-0.03372993606353205,-1.142642058855284,0
1472,368,-1.139055846208168,40,157,51,1,-0.20653414650785276,0,0.5114292264090835,-0.20679364850592963,0.6369877223104883,-0.21740886614468297,-0.23759347272377843,1.7346014524193327,0.4511133269943127,-0.3644075346695672,True,1.7760435685186562,-0.5825464502629873,-4.599630538055268,0
1473,29,0.6975877638976143,17,281,92,0,0.8615622609606484,1,-0.7680260388013285,-0.20679364850592963,0.8146336799263388,-0.744204320913611,0.8400869318406499,-0.9976538875214511,0.9742633828547594,1.078465148224569,True,0.1170459160287245,-0.5357655670225611,-1.3437171839369106,0
1474,417,0.12320293755045764,31,409,59,1,0.35562185742293734,2,0.8659262724603146,-0.20679364850592963,0.45107064233734695,0.046230281357234906,-0.12982543226733556,-0.5604930331309258,1.1486467348082419,-0.29503865568427223,True,0.3278677047868893,0.10668466046922871,21.630797121761212,0
1475,226,-0.6284694970137416,9,207,88,0,0.6366998593883324,0,-0.7869262188093323,-0.20679364850592963,1.1387227666673427,-0.264393780614872,-0.11442999791641516,1.5843274087225898,-1.6817292084367397,-1.2384554098842842,True,1.7671922636810842,0.49455912492202664,-3.782238658936202,0
1476,1,-1.5256506054556762,12,459,67,1,-0.6562589496524849,0,-0.8440511312458903,-0.20679364850592963,0.5087893395929292,-0.5750736679285402,-0.3145706444783804,0.4367801659474605,-0.5817726807301593,0.8287371838775068,True,2.0344399450486055,1.2877271194208408,-1.738907951554925,0
1477,224,1.7736072453647633,13,609,52,0,-1.218414953583275,3,0.4984746518105413,-0.20679364850592963,-1.1111399558659565,1.5975438306993621,-1.253692139884525,-0.7790734603261885,1.6583826866722668,-1.0858438761166351,True,-2.88474720123072,0.8840982540818537,0.6259608770584648,0
1478,388,0.6637422547677497,7,653,25,0,-0.5438277488663268,1,1.5011713183792659,-0.20679364850592963,0.5110814673250402,0.769340501097063,1.6252540837375906,-1.325524528314345,0.34380049502293897,-0.10080579452544622,True,-0.1526607874427095,0.9963908356537294,1.2998144106446765,0
1479,40,0.5391755786816623,35,43,18,1,-0.9373369516178799,3,0.73595977530185,-0.20679364850592963,-0.9249560005678468,-0.6782402049898382,-0.376152381882062,1.4886984718246623,-0.5147021607480506,1.591794852715752,True,-1.464131579249509,0.39681153773480116,-1.4744041124123477,0
1480,109,0.6427707233002186,15,677,77,2,1.1988558633191224,2,-1.40697668519828,-0.20679364850592963,0.5719462322579699,1.4942167821784091,-1.0535514933225598,0.7373282533409466,-1.3195484005333533,0.1627959456186748,True,-0.07082449104224864,-0.9043634216114422,0.669246889074166,0
1481,176,-0.6433931645721808,39,670,6,1,0.7491310601744904,0,-0.12075648392093428,-0.20679364850592963,0.7186298792547067,0.9954584897900459,1.3173453967191826,-1.6670564458069432,0.008447895112396148,0.23216482460396978,True,1.3620230438268874,0.07769389633249957,1.004562128707847,0
1482,216,0.9936324138520775,34,309,66,0,-0.2627497469009318,1,0.32484974849802,-0.20679364850592963,0.6178084465404471,-0.9041533919424346,-1.0535514933225598,0.7373282533409466,-1.3195484005333533,0.1627959456186748,True,-0.37582396731163037,0.3227812397393279,-1.1060071438236467,0
1483,196,1.1395773543706138,34,223,21,2,1.1426402629260435,0,-1.6205716478482672,-0.20679364850592963,1.512484596041399,-0.11394187339517674,0.8708778005424909,0.35481250574923695,-0.7695701366800631,-0.4337764136548623,True,0.37290724167078526,-1.8467667510229544,-8.77641246228252,0
1484,58,0.858763113664386,35,131,7,2,-0.15031854611477377,0,0.537177286385998,-0.20679364850592963,0.7044609999427006,0.6573957827445622,1.1633910532099787,-1.4757985720110882,1.3096159827653022,1.161707803006923,True,-0.15430211372168534,0.46130803904662526,1.5211534271025549,0
1485,392,-0.9713144608177063,20,536,12,1,-0.8811213512248008,0,-1.0390009501597688,-0.20679364850592963,1.3291706693893626,-1.2708999865242316,0.347433032611197,0.6007154863439075,0.3035581830336738,-0.8222421359725143,True,2.300485130207069,1.0091966476935204,-0.7868440390964923,0
1486,334,0.22321776373924387,33,362,44,2,0.5242686586021743,2,0.3928177842655264,-0.20679364850592963,-0.8657839243371759,0.11150914937494197,-0.19140716967101717,1.2974405980288075,-0.5951867847265809,1.61954240430987,False,-1.0890016880764197,0.08768390736075554,8.967865944802217,0
1487,99,-0.2633757937716657,15,371,64,1,0.8053466605675694,0,-0.1693034138610984,-0.20679364850592963,1.6980097370326284,0.07416819868613501,0.5321782448222419,-1.4074921885125689,0.437699222997891,-0.6418830506107474,False,1.961385530804294,0.04459042101391962,13.482849380593105,0
1488,379,0.3090293641694838,21,297,23,1,0.6366998593883324,0,0.472401208410713,-0.20679364850592963,-1.5243335697708442,-1.3364766985182612,-0.2529889070746988,-0.3009287758365513,-1.628072792451053,-0.8361159117695732,True,-1.833362933940328,0.14598584506805842,-0.7482360717042785,0
1489,363,-1.3016242843528214,16,654,72,0,1.2550714637122016,0,0.73595977530185,-0.20679364850592963,0.33468290515722,0.1206948665416753,-0.4685249879875845,-0.6561219700288532,-0.5012880567516289,-1.4881833742313462,True,1.6363071895100414,-0.9579431158397337,8.285349660001815,0
1490,230,-1.2762024970706796,32,15,71,1,0.2994062570298583,1,0.7479871380105251,-0.20679364850592963,1.2021236380272768,-0.8384514265992099,0.7169234570332866,1.1471665543320644,-0.018380312880447277,-0.4337764136548623,True,2.4783261350979564,-0.9545830533057831,-1.1926750763887959,0
1491,370,1.0198434776018366,3,650,13,0,1.0864246625329645,2,-0.3879037737670492,-0.20679364850592963,0.473041266337003,1.559919509270934,1.332740831070103,0.10890952515456638,0.2633158710444087,-0.6002617232195703,False,-0.5468022112648336,-0.39560113361346355,0.6410586763938265,0
1492,273,1.4456653103210384,16,486,53,2,-0.7686901504386429,0,-1.512971918718622,-0.20679364850592963,1.8828807497911781,-0.791133845327553,-0.7610382406550722,-1.544104955509608,-1.6951433124331614,-0.9748536697401633,True,0.43721543947013974,-2.1872510183813736,-1.2640087796861326,0
1493,200,0.7128615316397375,2,469,4,0,0.41183745781601633,1,0.5754059049627287,-0.20679364850592963,0.5155534467964088,1.362321305550766,-1.592391695604774,0.21819973875219772,0.062104311098082995,-0.6557568264078063,False,-0.19730808484332873,0.41018473472628003,0.7340411711403119,0
1494,140,-1.3969083524586074,29,82,47,0,0.8615622609606484,1,0.7599707599737691,-0.20679364850592963,0.5817340442214477,1.2583493818366505,1.2403682249645807,-1.3528470817137532,-0.9305393846371237,0.3709025825745598,True,1.9786423966800553,-1.0616095022316736,0.7946917882784271,0
1495,176,0.8723854600247818,39,429,67,0,-1.105983752797117,3,1.578306680802934,-0.20679364850592963,-1.164831518283642,0.7134805543532353,-0.5455021597421865,-0.8063960137255962,0.6120825749513732,0.953601166051038,True,-2.0372169783084235,1.3768917997924541,1.4015796979197597,0
1496,128,-0.3873213058611468,33,63,33,1,-1.218414953583275,3,-1.796020240971909,-0.20679364850592963,-0.8963862196547115,0.5814779975382698,-1.5616008269029331,1.6116499621219977,0.5852543669585298,1.4253095431510439,True,-0.5090649137935648,0.6956369050862914,1.7197552310801962,0
1497,17,1.9881933326772256,37,366,33,0,-1.0497681524040379,3,1.681988130596236,-0.20679364850592963,-0.856023722411288,-1.2708282732686977,-0.7764336750059926,0.8602797436382821,0.5986684709549516,-1.3216980646666383,True,-2.8442170550885137,3.3441175868936672,-0.7868884409667277,0
1498,289,-1.2005565154786468,14,338,14,2,1.8172274676429916,2,1.934661294856368,-0.20679364850592963,0.18507728891003325,-0.3489713495068726,-1.222901271182684,-0.5741543098306296,1.2559595667796155,0.953601166051038,True,1.38563380438868,-2.322670222784168,-2.865565577144504,0
1499,444,0.2620726806729572,42,613,12,1,-0.6562589496524849,1,-0.5468342158350353,-0.20679364850592963,0.2171493192673498,-0.3771041658352588,0.9170641035952521,1.693617622320221,-1.104922736590606,0.6483780985157398,True,-0.044923361405607404,-0.14331030882758217,-2.6517879031218365,0
1500,490,0.5618174634046545,4,333,99,2,-1.387061754762512,3,-0.3022664678409858,-0.20679364850592963,-1.4338015172998844,-1.430451968525068,-0.7610382406550722,-1.544104955509608,-1.6951433124331614,-0.9748536697401633,True,-1.9956189807045388,-0.16981858023470725,-0.6990797956949751,0
1501,365,0.7940217728280099,27,179,48,2,-0.7124745500455638,0,-1.1592575015304638,-0.20679364850592963,1.2993218491541145,-1.2048694895900252,-1.4846236551483312,-1.2572181448158257,0.0755184150945047,0.911979838659861,False,0.5053000763261046,-0.9204756965293883,-0.8299654789472782,0
1502,337,-1.3190870857076795,8,539,23,2,1.0302090621398854,2,-0.564866129107652,-0.20679364850592963,-0.03171104309434706,1.1362021198231684,0.424410204365799,1.5433435786234782,1.5376557507044715,-0.11467957032250523,True,1.2873760426133325,0.7451076160595905,0.8801250187274179,0
1503,395,-1.0350231028902335,12,627,55,1,0.5804842589952534,2,0.8426679393432855,-0.20679364850592963,0.47903666583793736,1.4281639768718442,-1.4230419177446496,0.846618466938578,-1.5475881684725226,1.2033291303981,True,1.514059768728171,-0.8721807852852065,0.7001996592648749,0
1504,297,-1.419935733077833,24,556,63,1,-1.330846154369433,3,0.18398627147097865,-0.20679364850592963,-1.4627476897426377,-0.7161165566152569,0.6553417196296051,-0.4375415428335904,0.11576072708376985,-1.6407949079989952,False,-0.04281195666480464,-0.26124868125740125,-1.3964209183608571,0
1505,245,-0.302227458784275,17,248,33,0,1.8734430680360705,2,0.035737440378939764,-0.20679364850592963,0.25574640210743343,0.3086017692025289,-0.23759347272377843,1.7346014524193327,0.4511133269943127,-0.3644075346695672,False,0.5579738608917084,-0.010800835789181501,3.240421072575296,0
1506,235,0.32006913426156863,18,338,0,1,1.0864246625329645,0,0.9119708027708356,1.4528410002061956,-1.0387135149297335,0.8071540628158911,1.0864138814553765,0.7783120834400585,1.1084044228189767,-0.8916110149578094,True,-1.3587826491913022,0.2918937053146891,1.2389206994997515,0
1507,414,0.3474948893166523,5,481,70,1,0.4680530582090954,0,-0.010337456390444507,-0.20679364850592963,0.496385146766002,0.347143019145569,-1.1151332307262414,-0.6287994166294454,-0.9573675926299672,0.3709025825745598,False,0.1488902574493497,-0.0035922132642132337,2.880656262066556,0
1508,430,-0.971572873139327,26,38,56,0,-1.274630553976354,3,1.719041342019685,-0.20679364850592963,-0.8493694627510516,-1.5993594289652222,-0.052848260512733544,1.6253112388217015,0.35721459901936065,-0.9193585665519273,True,0.12220341038827542,-1.67017393571135,-0.6252503623729104,0
1509,11,0.43962709810415135,3,250,17,0,0.4680530582090954,2,-1.240772553225037,-0.20679364850592963,-0.13741821850047473,1.634252964754436,-0.7456428063041518,0.4914252727462762,-1.6549010004438962,-0.5031452926401574,True,-0.5770453166046261,-0.5454772369816018,0.6119003363473947,0
1510,433,-0.47342075459863936,15,213,97,1,-0.6562589496524849,1,-0.45778839002166005,-0.20679364850592963,1.2202682529213527,0.2155487599554341,1.6098586493866702,-1.011315164221155,1.0815762148261332,0.3292812551833828,True,1.693689007519992,0.21672652505055054,4.639319364559643,0
1511,340,0.35950163232099897,31,134,74,1,1.1988558633191224,2,-0.6377279608971212,-0.20679364850592963,0.04041264003487094,-0.5468528151453331,-1.638577998657535,-0.3145900525362552,0.7730518229084338,-0.6973781537989833,True,-0.319088992286128,-0.2292642429192573,-1.828645944885246,0
1512,25,-0.38922773937208793,0,365,70,2,1.1426402629260435,0,1.197326685405432,-0.20679364850592963,0.7372425946211734,0.9294043786275378,-0.5455021597421865,-0.8063960137255962,0.6120825749513732,0.953601166051038,False,1.1264703339932614,-0.46603275905023145,1.0759578020074871,0
1513,411,0.014688170138983079,11,514,63,1,-0.7124745500455638,1,1.321808337944639,-0.20679364850592963,0.5034357332845569,1.0987087104530218,1.486695174579307,1.365746981527327,1.3364441907581457,-1.0026012213342812,True,0.4887475631455738,0.019414945758857303,0.9101592619319017,0
1514,268,-0.9761418003322629,24,250,20,2,0.2431906566367793,1,0.485465530333871,3.1124756489183207,0.49132254612799425,0.5059373870568342,1.147995618859058,1.3247631514282154,1.0815762148261332,-0.9054847907548683,True,1.4674643464602573,-0.47388319677936164,1.9765287719976077,0
1515,463,-0.23925393242842646,16,219,90,0,-0.8249057508317219,0,0.12563405665017108,-0.20679364850592963,0.41812627061606183,-0.9416248194042085,0.3012467295584358,-0.8883636739238198,-0.407389328776677,-1.5991735806078182,True,0.6573802030444883,-0.030058442100489132,-1.061994209999847,0
1516,38,1.739550619349903,33,238,8,0,0.4680530582090954,1,-1.4280464114595173,-0.20679364850592963,-1.2608279810127787,1.5595216584936469,-0.4993158566894253,-0.35557388263536693,1.3901006067438324,-1.3216980646666383,True,-3.000378600362682,-2.4841590195148098,0.6412222173584209,0
1517,298,1.4459814799253767,30,531,64,0,0.5804842589952534,1,0.15496181434917897,-0.20679364850592963,1.1926758236671209,-0.5278747019050352,1.6252540837375906,0.8876022970376899,1.510827542711628,0.2182910488069108,True,-0.25330565625825585,0.2240719136445473,-1.894389304564231,0
1518,267,0.010800582268278881,8,519,51,0,0.018328255064463263,1,-1.751781892697946,-0.20679364850592963,-0.207589629030346,0.20564612787601827,0.3012467295584358,-0.8337185671250041,1.6583826866722668,0.3709025825745598,True,-0.21839021129862488,-0.018920264448165455,4.862719877375472,0
1519,489,-0.7861934222021314,24,414,41,1,-0.9935525520109589,3,1.176165671975607,-0.20679364850592963,-1.3085241856819105,0.6471747394577225,0.03952434559278888,1.4886984718246623,1.2962018787688805,-1.1968340824931072,True,-0.5223307634797791,-0.924693714727172,1.545177499233306,0
1520,242,-0.8093815885588088,4,180,2,0,1.5361494656775965,2,-0.3879037737670492,-0.20679364850592963,0.5006202611807375,-0.4811908960510259,-1.253692139884525,1.529682301923774,0.66573899093706,-1.0026012213342812,True,1.3100018497395465,0.3139621726195311,-2.078177737825973,0
1521,137,0.25568634904423077,36,551,73,1,0.6929154597814113,2,1.4816486612115676,-0.20679364850592963,-0.07925215843311907,0.1964227585295964,-1.253692139884525,1.529682301923774,0.66573899093706,-1.0026012213342812,False,-0.3349385074773498,0.3788373367514581,5.091057158448405,0
1522,294,-0.9234638791672962,13,321,60,2,0.35562185742293734,0,1.1548811865240554,-0.20679364850592963,1.4053741229250487,-0.4057695537457136,1.301949962368262,0.518747826145684,0.9608492788583377,1.34206688836869,False,2.328838002092345,-1.0664910604848339,-2.4644536220478463,0
1523,242,-1.6172692750825863,24,113,97,2,1.3675026644983594,0,0.5114292264090835,-0.20679364850592963,1.226159121028015,-1.3361859279282964,-1.4230419177446496,-1.3665083584134572,-1.2658919845476666,-1.8766490965489986,True,2.8434283961106015,-0.8271187742506664,-0.7483988971432669,0
1524,319,-1.2223613256992234,39,337,37,2,-1.0497681524040379,3,1.6539749880754304,-0.20679364850592963,-0.921580866915682,1.230589387379978,0.3936193356639582,-1.4348147419119766,1.1486467348082419,-0.47539774104603927,False,0.3007804587835414,-2.02175505909724,0.8126186760534406,0
1525,306,1.1999609766409185,12,543,68,0,-0.9373369516178799,3,0.32484974849802,-0.20679364850592963,-1.4138761977754348,-0.6409034983328459,-1.638577998657535,0.24552229215160554,-1.2256496725584014,-0.1979222251048592,True,-2.6138371744163535,0.38980702146924084,-1.5602975465588986,0
1526,81,0.07009148522638838,4,203,62,2,-1.49949295554867,3,0.28330532668029007,-0.20679364850592963,-1.3564340614376915,0.44974553526083877,-1.7001597360612166,-1.5987500623084236,1.7120391026579536,-1.8627753207519395,True,-1.4265255466640798,0.019857291119568684,2.2234790548218006,0
1527,220,-1.0374862547283508,21,83,14,0,0.5804842589952534,2,-0.7304391794012987,-0.20679364850592963,0.7524020216114118,0.572368999408185,1.6252540837375906,-0.41021898943418267,1.5510698547008932,1.439183318948103,True,1.7898882763397626,0.7578206085439032,1.7471243661371212,0
1528,454,-0.6470618714930105,17,513,55,2,0.9739934617468065,0,-1.0788156848149264,-0.20679364850592963,1.3738242586624179,1.63484027346478,-0.052848260512733544,1.4613759184252546,1.0815762148261332,0.7038732017039758,True,2.0208861301554286,0.6980604960123601,0.6116805140312638,0
1529,89,1.6963608525185052,37,370,12,0,0.8053466605675694,2,0.600636264246138,-0.20679364850592963,0.6617617487932232,-1.0075014429798033,-0.4531295536366641,1.4886984718246623,-0.004966208884025563,-0.5586403958283933,True,-1.034599103725282,1.018895845270109,-0.9925545082077836,0
1530,120,1.241024064858082,13,650,54,1,0.9177778613537274,2,-1.3233493238148013,-0.20679364850592963,0.7052879080261647,-1.251661355023314,-0.4223386849348233,-0.6151381399297413,-0.876882968651437,0.0934270666333798,False,-0.5357361568319172,-1.6423083570678387,-0.7989382079110323,0
1531,427,-1.3921245436622434,3,535,60,1,-1.387061754762512,3,-1.7077935573996443,3.1124756489183207,-1.4293495047198446,-1.0450281516764957,1.2403682249645807,0.6280380397433154,1.6852108946651103,-1.8766490965489986,True,-0.0372249610576012,2.377461326764299,-0.956912111972249,0
1532,216,-0.2386881029186617,37,543,25,1,0.8615622609606484,1,1.133471172798824,-0.20679364850592963,-0.6887748273671129,-1.7031970671598704,-0.9765743215679576,1.0105537873350252,-1.5878304804617878,-1.1552127551019302,True,-0.4500867244484512,-0.2705460839483419,-0.5871311535198003,0
1533,290,0.5676508116428997,35,168,30,1,-1.274630553976354,3,0.19838749507060127,-0.20679364850592963,-0.8203466303757874,0.7133290750638525,1.5482769119829887,-0.041364518542176765,0.062104311098082995,-0.6696306022048653,True,-1.387997442018687,0.11261482259662857,1.4018773309117587,0
1534,402,1.6315113102500756,42,542,32,2,-1.274630553976354,3,1.9868907279010775,-0.20679364850592963,-1.3667469119998006,-0.6784335804907241,1.5790677806848294,-0.669783246728557,0.10234662308734813,0.8981060628628018,True,-2.998258222249876,3.241634694801613,-1.4739838595180776,0
1535,475,0.377736883181121,22,441,54,1,-0.4313965480801688,1,-0.9406610984409725,-0.20679364850592963,-1.083733921802183,-1.3085384547253753,1.6560449524394316,0.5597316562447958,-1.0378522166084974,0.2182910488069108,True,-1.461470804983304,-0.35532239145482253,-0.7642114550091819,0
1536,362,-1.3690723758003187,14,172,46,0,-1.49949295554867,3,1.578306680802934,-0.20679364850592963,-1.1403445957188152,0.53482487929892,1.332740831070103,0.4914252727462762,-1.520759960479679,0.3292812551833828,True,0.22872778008150352,-2.160816077228388,1.869770558044725,0
1537,320,-0.012874992240078806,12,581,7,0,-1.330846154369433,3,-0.6011506974392071,-0.20679364850592963,-1.4963935324211652,-1.1672101276937945,-0.2529889070746988,-1.6943789992063512,1.1084044228189767,-0.04531069133721022,True,-1.4835185401810864,0.007739810564647754,-0.8567438389608658,0
1538,249,-1.451319462460632,6,284,17,0,1.5361494656775965,2,0.8192481196371983,-0.20679364850592963,0.6706488486202998,1.3810278007549293,0.7785051944369683,-0.7244283535273728,0.49135563898357787,1.161707803006923,True,2.121968311080932,-1.1889907406137423,0.7240983324474162,0
1539,339,-0.2101972807307637,31,591,91,2,-0.9373369516178799,3,-0.6561257527358736,-0.20679364850592963,-0.9779795385486991,-0.8102070684090296,-0.12982543226733556,-1.6670564458069432,-1.29272019254051,1.4946784221363392,True,-0.7677822578179354,0.1379158490425061,-1.2342525292810789,0
1540,151,-0.8235040226968506,21,13,19,1,-0.20653414650785276,1,0.35222372312429456,-0.20679364850592963,0.9781443287497141,0.44027111510938366,0.8092960631388092,-0.669783246728557,0.9206069668690726,0.2876599277922058,False,1.8016483514465649,-0.2900576528821183,2.271327231219406,0
1541,15,-0.9880706186406382,3,382,59,1,-0.9373369516178799,3,-1.449180960650241,-0.20679364850592963,-1.50629386980213,0.9673256734616598,1.0864138814553765,0.24552229215160554,-1.5610022724689443,-0.6696306022048653,True,-0.5182232511614918,1.431893128311918,1.0337778930684465,0
1542,287,-0.39570950137700217,0,558,96,0,0.4680530582090954,1,-0.7117529458539462,-0.20679364850592963,0.6585701666351953,-1.5150617485303284,1.6252540837375906,-0.41021898943418267,1.5510698547008932,1.439183318948103,True,1.0542796680121975,0.2816474033074775,-0.6600391482221472,0
1543,357,0.6739783609934732,26,584,60,2,-1.330846154369433,3,-0.3534180473878296,-0.20679364850592963,-1.230636425065618,0.3748760259127537,-0.4993158566894253,1.6389725155214054,1.457171126725941,0.1489221698216158,False,-1.9046147860590912,-0.23819611632396304,2.6675478401436896,0
1544,200,-0.3818843331548718,8,153,47,1,1.4799338652845175,2,-0.04147294009483492,-0.20679364850592963,0.33089552177135395,1.5967392057958445,0.48599194176948063,0.696344423241835,1.2425454627831938,-1.0997176519136944,False,0.7127798549262258,0.015837866072087977,0.6262763097082911,0
1545,161,0.7108649716459664,17,209,64,2,-1.0497681524040379,3,-1.4703801694062202,-0.20679364850592963,-0.9162096004564564,1.4935285960964717,-0.9919697559188781,-1.4757985720110882,1.1352326308118201,1.2865717851804541,False,-1.6270745721024227,-1.045241757433744,0.66955526372786,0
1546,121,-0.735889728486066,39,531,59,1,1.0302090621398854,0,-1.0788156848149264,-0.20679364850592963,1.2529747916489842,1.362263303782633,-0.6532702001986294,-0.47852537293270214,0.8401223428905423,0.3292812551833828,True,1.98886452013505,0.7938893813849656,0.7340724247772298,0
1547,52,-0.46012665478470294,14,202,83,1,1.0864246625329645,0,-0.805897272154619,-0.20679364850592963,1.8242457448015932,-0.838236286832608,-0.48392042233850485,-1.0522989943202667,1.4705852307223628,-0.031436915540151225,True,2.284372399586296,0.3708148159366222,-1.192981185623397,0
1548,170,1.6285181734163243,38,195,2,0,0.35562185742293734,2,1.4423072410930085,-0.20679364850592963,-0.22225175735345912,0.5067043597806632,0.45520107306763985,1.1471665543320644,-1.0646804246013408,1.244950457789277,True,-1.8507699307697834,2.348823553769924,1.9735370011009365,0
1549,174,0.9055720444566886,11,73,75,1,0.41183745781601633,1,0.9233857416348982,-0.20679364850592963,0.31667007828802834,0.12128130468139081,0.5783645478750031,1.6253112388217015,0.04869020710166129,0.7454945290951528,True,-0.5889019661686603,0.8361923138744703,8.245287087719872,0
1550,91,0.5082784456200143,22,514,58,1,-1.387061754762512,3,0.8659262724603146,-0.20679364850592963,-1.4325997161065043,0.7702907289382201,-1.4538327864464902,-0.23262239233803164,0.8803646548798074,0.5373878921392677,False,-1.9408781617265185,0.4401316597876617,1.2982109645241582,0
1551,306,1.4765289414381426,33,448,84,2,0.4680530582090954,1,-1.302606210010628,-0.20679364850592963,0.07552606595037122,-1.5903874368878193,1.332740831070103,-1.5714275089090157,1.323030086761724,0.1905434972127928,True,-1.4010028754877715,-1.9233357683777434,-0.628777642279817,0
1552,125,-1.5967654509782985,4,671,63,2,0.8053466605675694,0,-1.1189017032627826,-0.20679364850592963,1.658484418210867,-1.1202708093602802,-0.5608975940931069,1.0925214475332485,0.8937787588762292,0.8564847354716248,True,3.255249869189165,1.7866235828107833,-0.8926413871617159,0
1553,282,-1.1913197543809344,22,30,33,2,1.5923650660706756,2,0.6874037218721623,-0.20679364850592963,0.5633921579962945,0.2717813109283183,1.147995618859058,1.3247631514282154,1.0815762148261332,-0.9054847907548683,False,1.7547119123772288,-0.8189176331012845,3.679427509719374,0
1554,491,0.14259242649749151,3,673,63,2,-0.15031854611477377,0,1.6257663138470562,-0.20679364850592963,0.8205628576082648,1.1176405746286733,0.48599194176948063,1.6116499621219977,0.5986684709549516,1.2310766819922179,False,0.6779704311107733,0.23182196360933408,0.8947419530272925,0
1555,470,-1.577897633396847,35,578,24,0,0.5804842589952534,1,-1.491643875679105,-0.20679364850592963,-1.061288108056441,-0.02029839961920894,-1.330669311639127,-0.47852537293270214,0.9206069668690726,-0.5308928442342753,True,0.5166095253404062,2.3536613413049605,-49.26521032597566,0
1556,465,-0.23542245602368475,26,253,43,1,-1.0497681524040379,3,2.021362067533934,-0.20679364850592963,-1.065104755309614,-0.6124866583368669,1.1326001845081377,-1.0386377176205628,0.9876774868511812,-1.6407949079989952,True,-0.8296822992859293,-0.47587402245195204,-1.6326888915168667,0
1557,241,0.2490900991964232,36,353,45,2,-0.4313965480801688,0,1.864012582378731,6.431744946342571,1.6789500686653784,-0.20804685842565065,0.9016686692443318,0.7646508067403546,-1.2256496725584014,-1.4881833742313462,False,1.4298599694689553,0.4643070790480991,-4.806611780771237,0
1558,475,1.3218986736913287,4,197,13,0,-1.274630553976354,3,1.1867614863444798,-0.20679364850592963,-1.0742180764904568,-1.459077419007934,-0.5455021597421865,-0.8063960137255962,0.6120825749513732,0.953601166051038,True,-2.3961167501817853,1.5687784347867177,-0.6853646389897465,0
1559,10,-1.3392304116133944,18,316,94,2,-1.105983752797117,3,1.9434104844676099,-0.20679364850592963,-1.2174410017072774,1.5782958405641867,-1.1767149681299232,0.2045384620524938,-0.9305393846371237,-1.6130473564048773,True,0.12178940990611697,-2.6026744230473433,0.6335947361320173,0
1560,357,-0.6480564235210496,42,369,67,2,0.1869750562437003,1,0.43287030725424697,-0.20679364850592963,0.3407287245908121,-0.2641216184720944,-0.791829109356913,1.679956345620517,0.5852543669585298,-0.8916110149578094,False,0.9887851481118617,-0.28052438316764516,-3.7861360398988255,0
1561,14,0.19273307408113335,18,186,56,0,0.9739934617468065,2,-0.3534180473878296,-0.20679364850592963,-0.9600344414121127,1.164257237722949,0.6707371539805255,-1.1069441011190826,-0.16593545684108613,-1.6130473564048773,True,-1.152767515493246,-0.06811534670880806,0.8589166394740504,0
1562,110,1.124267547159357,33,85,65,0,0.2431906566367793,0,-0.025863557847784793,-0.20679364850592963,1.9575225051704719,-0.734657425757322,0.5783645478750031,1.6253112388217015,0.04869020710166129,0.7454945290951528,True,0.8332549580111148,-0.02907755874234315,-1.3611788311906496,0
1563,55,1.2127670577978968,5,305,31,1,-0.7124745500455638,1,1.3724795730738664,-0.20679364850592963,-0.5830578219036379,-1.6562351139900118,-0.9457834528661169,-1.0659602710199707,1.1084044228189767,-1.2107078582901663,False,-1.7958248797015348,1.6644980137245065,-0.6037790479932643,0
1564,388,-1.3696542207059552,34,680,82,1,0.5804842589952534,0,-0.18564650983431563,-0.20679364850592963,-1.5023034636338206,-0.4529196589926865,0.5475736791731622,-0.6014768632300375,-0.24642008081961642,-1.6407949079989952,True,-0.1326492429278654,0.25427152575390005,-2.207897583897779,0
1565,230,-1.4836598676426065,36,411,20,0,0.2431906566367793,0,-0.2518142449081098,-0.20679364850592963,1.5278642740360946,1.3619368397968943,-0.4223386849348233,1.2564567679296956,-0.9037111766442802,1.605668628512811,True,3.0115241416787013,0.373606689270889,0.7342483860883676,0
1566,461,1.6607583561644073,9,565,86,2,-0.6562589496524849,0,0.7838085591320157,-0.20679364850592963,1.4162838850646977,1.1643430977511982,0.3782239013130378,-0.5604930331309258,0.7193954069227468,1.633416180106929,True,-0.24447447109970954,1.3017166142116792,0.8588533019571813,0
1567,448,-0.3121518261288305,19,528,58,0,0.2431906566367793,1,-1.302606210010628,-0.20679364850592963,-1.4212072373281108,-1.1386205882493596,-0.5608975940931069,-0.49218664963240616,0.8937787588762292,-1.5852998048107594,True,-1.1090554111992803,0.40661090718157245,-0.8782557580160094,0
1568,201,-1.108590930120375,15,37,41,2,1.7047962668568335,2,1.090266048425438,-0.20679364850592963,0.5031559510460913,0.7887582525048226,-1.4692282207974106,-0.7654121836264846,-0.15252135284466442,-0.3505337588725082,False,1.6117468811664661,-1.2086590527026222,1.2678154175158303,0
1569,225,-0.040457436973365006,30,6,72,2,0.41183745781601633,2,1.3013479113434747,-0.20679364850592963,0.11330211702295191,-1.5623136017195232,1.5328814776320683,-1.544104955509608,-1.574416376465366,1.61954240430987,True,0.1537595539963169,-0.05264920110359882,-0.6400763988145618,0
1570,129,-1.1568129200254202,11,211,2,1,-0.8811213512248008,0,-0.564866129107652,-0.20679364850592963,-1.0385184635271236,1.1079685349445176,0.5167828104713215,-0.12333217874040028,-0.8634688646550153,0.5790092195304448,True,0.11829445649829662,0.653444436236479,0.9025526251021317,0
1571,243,-0.7287698962906038,6,489,22,2,-0.7124745500455638,1,-0.5829717049916499,-0.20679364850592963,-0.5190747316729368,0.45985427493658443,-0.4993158566894253,1.2837793213291036,-1.1988214645655582,0.6899994259069169,False,0.20969516461766702,0.42485222898712116,2.1746014706023042,0
1572,420,0.4053383486601916,10,192,6,0,-0.9935525520109589,3,0.18398627147097865,-0.20679364850592963,-1.0257613246046353,0.9018865116269549,1.3481362654210234,-0.2052998389386238,0.5181838469764212,0.9258536144569199,True,-1.431099673264827,0.0745766914541922,1.108786833187438,0
1573,121,-0.9231248502571753,31,340,94,2,1.2550714637122016,2,-0.6194028630245529,-0.20679364850592963,0.028934921875542936,-1.4492414944029377,-0.5301067253912661,-1.1069441011190826,0.66573899093706,-1.6269211322019363,True,0.9520597721327182,0.5717861751784061,-0.6900161725038103,0
1574,137,-1.4682024261608841,26,665,34,1,-1.330846154369433,3,-0.5288762138917308,-0.20679364850592963,-1.0543042673380072,0.7036478943880962,-0.4685249879875845,-0.6561219700288532,-0.5012880567516289,-1.4881833742313462,True,0.41389815882287695,0.7764973403746218,1.421165139352975,0
1575,374,1.4399412515862124,38,657,65,0,-1.0497681524040379,3,0.09599387444033028,-0.20679364850592963,-1.391811866932884,-0.4151384172084464,1.6406495180885112,0.696344423241835,0.6254966789477949,-0.3089124314813312,False,-2.8317531185190967,0.1382255397062189,-2.4088357025783456,0
1576,57,-1.0303660044027967,26,199,25,0,-0.6000433492594058,1,0.5627146920237458,-0.20679364850592963,0.9446451737697715,0.6002764467650828,1.6868358211412722,-1.3118632516146413,-0.7561560326836414,0.2737861519951468,True,1.975011178172568,-0.5798020888392572,1.665898835110325,0
1577,230,-1.0132036940553752,20,37,47,0,-1.162199353190196,3,-0.9406610984409725,-0.20679364850592963,-1.1682908666961238,-0.2836885639213367,-0.376152381882062,1.4886984718246623,-0.5147021607480506,1.591794852715752,False,-0.15508717264074856,0.9530812997945802,-3.5249935304993145,0
1578,6,-0.4583650329101202,39,201,57,1,0.5804842589952534,0,-1.1189017032627826,-0.20679364850592963,1.8834970694406945,1.3621577470939108,-0.7302473719532313,1.7346014524193327,-1.6012445844582095,-1.6685424595931133,True,2.341862102350815,0.5128654160392349,0.7341293097077151,0
1579,27,0.7395392413659652,8,21,5,0,-1.274630553976354,3,-0.9406610984409725,-0.20679364850592963,-0.840341362044051,-0.07665337458674516,-0.5147112910403457,-0.9566700574223395,-0.9573675926299672,-0.10080579452544622,True,-1.5798806034100161,-0.6956557951235123,-13.045757084628443,0
1580,423,0.9320351029340369,27,450,67,0,-1.387061754762512,3,0.5499720170437528,-0.20679364850592963,0.9746203124557227,1.1838377858382636,0.3628284669621174,-1.2982019749149374,-0.6488432007122678,0.44027146155985475,True,0.04258520952168576,0.512593225516214,0.8447102529514927,0
1581,238,-1.2814995809435497,16,46,50,0,0.6929154597814113,0,0.9461026985522467,-0.20679364850592963,-1.4667076096098957,-0.7436355118291255,-1.669368867359376,1.693617622320221,-0.43421753676952035,-0.017563139743092215,True,-0.185208028666346,-1.2124302117242656,-1.3447449974716676,0
1582,442,-0.30405166350687246,42,363,18,0,-0.7686901504386429,1,-1.796020240971909,-0.20679364850592963,0.2933216516984078,0.3183334429747462,-0.23759347272377843,-1.216234314716714,1.1486467348082419,1.1755815788039818,True,0.5973733152052803,0.5460829419595229,3.1413591877728426,0
1583,79,0.46446420162832797,27,65,7,1,-1.218414953583275,3,-0.268553453715343,-0.20679364850592963,-1.1958350312868171,-0.3775124634600895,-0.8226199780587538,-0.5331704797315179,1.0145056948440245,0.7732420806892708,False,-1.6602992329151451,-0.12473346547442692,-2.648919868039553,0
1584,353,0.8406333443760858,1,232,9,0,-1.330846154369433,3,0.537177286385998,6.431744946342571,0.2444862940059704,-1.7033094795922932,0.7323188913842071,0.4504414426471644,-1.3463766085261968,-0.29503865568427223,True,-0.5961470503701154,0.45156913877753196,-0.5870924049272609,0
1585,250,-0.26746008412169503,17,557,83,0,-1.0497681524040379,3,-0.4226946174867851,-0.20679364850592963,-1.3326282229120663,-1.054164681602711,-1.7309506047630576,0.9559086805362094,-0.6756714087051112,0.6345043227186808,True,-1.0651681387903713,0.11305393795080325,-0.9486184770879313,0
1586,237,-0.00023159447631731754,37,38,19,1,0.1307594558506213,1,1.0793829379893547,-0.20679364850592963,0.0913992120560615,0.6662115073941249,1.6868358211412722,0.8329571902388742,0.5181838469764212,-1.3771931678548743,True,0.09163080653237882,-0.00024997912626949226,1.501024582732028,0
1587,138,0.15239484864522573,32,420,25,2,-1.0497681524040379,3,0.6628510710023714,-0.20679364850592963,-0.9402980160235608,0.17688497719641344,0.3012467295584358,-0.8883636739238198,-0.407389328776677,-1.5991735806078182,True,-1.0926928646687866,0.10101508863973216,5.653388153764936,0
1588,130,-1.4198374473339317,16,552,53,1,1.3112870641052805,0,0.28330532668029007,-0.20679364850592963,1.8143512778616122,-0.7818945880671585,1.0864138814553765,0.7783120834400585,1.1084044228189767,-0.8916110149578094,True,3.234188725195544,-0.40224751184984864,-1.2789449411160294,0
1589,33,-0.9801128751565702,29,304,86,1,1.6485806664637546,2,0.8774958557738228,-0.20679364850592963,-0.8657286184844664,1.4274925492745079,0.8554823661915704,-0.8337185671250041,1.2559595667796155,-1.3771931678548743,False,0.11438425667210383,-0.8600449861404565,0.700529001328468,0
1590,170,1.9154301618188856,1,55,47,2,1.1988558633191224,2,0.020463420386292647,-0.20679364850592963,0.7830539692992742,1.0983900816029406,1.0864138814553765,-1.6943789992063512,1.698624998661532,0.0934270666333798,True,-1.1323761925196114,0.039196252621884406,0.91042328741563,0
1591,15,0.46121420702213795,22,349,56,0,1.9858742688222286,2,1.4423072410930085,-0.20679364850592963,0.6545330701599875,-1.0072577920251136,0.5013873761204011,-0.8063960137255962,-0.7561560326836414,1.078465148224569,True,0.19331886313784957,0.6652125904829994,-0.9927946025306377,0
1592,377,-0.1687351458060253,2,394,25,2,1.8734430680360705,2,0.18398627147097865,-0.20679364850592963,0.7514461081048858,-0.34958999875984764,0.5321782448222419,0.7236669766412428,0.9206069668690726,1.2588242335863358,False,0.9201812539109111,-0.031044950342962535,-2.8604945496064076,0
1593,408,1.6089090743817414,13,430,37,1,0.6366998593883324,2,0.12563405665017108,-0.20679364850592963,-0.4469776674362163,1.1746533745274732,0.9324595379461724,-0.9156862273232276,-0.6622573047086895,-1.1413389793048714,True,-2.055886741817958,0.20213377379585,0.8513148955714527,0
1594,293,0.24357430430380644,28,590,77,0,1.0864246625329645,2,-1.0191957916838013,-0.20679364850592963,0.7712163827893731,-1.6372837707965444,-0.39154781623298246,-0.9976538875214511,0.3035581830336738,-0.4892715168430983,True,0.5276420784855667,-0.24824990590874912,-0.6107677110793491,0
1595,205,0.04896519188472829,33,301,49,2,1.4799338652845175,2,1.321808337944639,-0.20679364850592963,0.2989248514224008,0.9017818255088613,1.2403682249645807,-1.3528470817137532,-0.9305393846371237,0.3709025825745598,False,0.2499596595376725,0.06472259890229302,1.108915550104551,0
1596,406,-1.533333241304272,34,161,53,1,-0.7686901504386429,1,0.28330532668029007,-0.20679364850592963,0.5909432787882262,0.5814449158543815,0.5321782448222419,-0.21896111563832774,0.33038639102651723,-1.5159309258254643,True,2.124276520092498,-0.43440147483745484,1.7198530776475733,0
1597,103,-0.5653952198695837,8,247,38,2,-0.9373369516178799,3,-1.240772553225037,-0.20679364850592963,-0.8020809486275006,0.40270762480363154,0.0857106486455501,0.9695699572359133,-0.6756714087051112,-1.0442225487254582,True,-0.23668572875791682,0.7015268705388147,2.4831905086688373,0
1598,1,0.7300507989182549,25,261,58,2,0.6366998593883324,2,-1.751781892697946,-0.20679364850592963,0.24584880512252033,0.17694363189251786,0.7939006287878887,-1.2298955914164178,-0.9439534886335454,0.953601166051038,True,-0.48420199379573453,-1.2788897702946682,5.651514124317424,0
1599,405,1.396820475616978,19,436,88,2,0.35562185742293734,2,0.5627146920237458,-0.20679364850592963,-0.35565715333584824,0.12098204602779689,-0.9765743215679576,1.0105537873350252,-1.5878304804617878,-1.1552127551019302,True,-1.752477628952826,0.7860114037492699,8.265682440202703,0
1600,486,0.6522371861085128,35,41,82,0,1.3675026644983594,2,-0.6931384774092352,-0.20679364850592963,0.6261346006144723,0.9857275777671287,1.1172047501572173,-1.011315164221155,-0.7829842406764849,1.522425973730457,True,-0.02610258549404043,-0.4520906900889385,1.014478970769291,0
1601,93,-1.5428558865974942,17,368,89,0,1.2550714637122016,2,1.8102386896473939,-0.20679364850592963,0.7601072163021616,1.0049701268358753,-0.39154781623298246,-0.9976538875214511,0.3035581830336738,-0.4892715168430983,True,2.302963102899656,-2.792937418469016,0.9950543541458696,0
1602,56,-0.06757792485197332,39,72,4,1,-0.7686901504386429,1,-1.3441580977555516,-0.20679364850592963,0.6392489385102909,0.2620774954162174,1.1326001845081377,0.9695699572359133,0.6925671989299035,-1.5159309258254643,True,0.7068268633622642,0.09083541491929607,3.815663824341239,0
1603,400,-0.6651795061066278,10,650,53,0,1.4237182648914386,2,0.43287030725424697,-0.20679364850592963,-0.7965815702856232,-1.6463266055588526,-1.2382967055336047,1.1471665543320644,0.5718402629621081,0.2876599277922058,True,-0.13140206417899536,-0.28793645718760424,-0.6074129260650795,0
1604,254,0.42179179372950243,1,11,9,1,-1.387061754762512,3,-1.2613176508759902,-0.20679364850592963,-1.2924162535541999,1.3709951271878609,1.5482769119829887,-0.8337185671250041,0.29014407903725214,1.508552197933398,True,-1.7142080472837022,-0.5320134344256663,0.7293971417035245,0
1605,253,1.2536191437873383,29,77,8,1,-0.9373369516178799,3,-0.18564650983431563,-0.20679364850592963,-1.485811835076056,-0.9418060069162936,0.7323188913842071,0.5460703795450919,-0.004966208884025563,-0.003689363946033215,False,-2.7394309788633944,-0.23273001870560245,-1.0617899002929896,0
1606,313,1.4774616134195369,5,31,33,2,-1.274630553976354,3,0.11085360647837106,-0.20679364850592963,-0.9972282946382345,-1.7315722285870034,-0.9919697559188781,0.6280380397433154,0.4108710150050475,0.05180573924220279,True,-2.4746899080577713,0.16378194828090853,-0.5775098729592163,0
1607,404,-0.5642128942833146,38,404,9,1,0.41183745781601633,0,-1.862844008126029,-0.20679364850592963,0.9379829529461798,1.041941737935483,0.347433032611197,0.4641027193468683,-0.20617776883035127,-0.017563139743092215,True,1.5021958472294945,1.051040609423117,0.959746469132493,0
1608,333,-0.7688115812915791,15,347,39,2,0.9177778613537274,2,0.8192481196371983,-0.20679364850592963,0.8481112490192884,0.2050995183425629,-1.330669311639127,1.188150384431176,-0.11227904085539928,-0.5863879474225113,True,1.6169228303108674,-0.6298474423284273,4.87567947751991,0
1609,269,2.1389174521578274,5,419,74,0,-0.8249057508317219,0,-1.0788156848149264,-0.20679364850592963,0.30364814468728174,-1.5900184237626056,-1.5462053925520127,-0.5468317564312217,1.6717967906686886,-1.1552127551019302,True,-1.8352693074705457,-2.307497695912244,-0.6289235696564859,0
1610,54,-0.4229532797241866,18,89,70,2,1.2550714637122016,0,-0.20206945745702398,-0.20679364850592963,-1.066100715749423,-0.471573811137803,-0.022057391810892734,-0.9839926108217473,0.4511133269943127,0.911979838659861,True,-0.6431474360252363,0.0854659397635353,-2.120559260157275,0
1611,255,-1.2970578422039463,14,182,49,1,-1.218414953583275,3,0.4461042836433006,-0.20679364850592963,-0.9017716542048161,-0.5469534748742693,0.5475736791731622,-0.6014768632300375,-0.24642008081961642,-1.6407949079989952,False,0.3952861879991302,-0.5786230595403167,-1.8283094061351657,0
1612,100,-1.403948665072292,17,328,6,1,0.7491310601744904,1,2.021362067533934,-0.20679364850592963,-0.5814936387901422,-1.3365518940563097,-0.9457834528661169,-1.0659602710199707,1.1084044228189767,-1.2107078582901663,True,0.82245502628215,-2.837888576342035,-0.7481939753079778,0
1613,163,-0.714588553231003,37,667,8,2,0.8615622609606484,0,-0.010337456390444507,-0.20679364850592963,1.5519801754355655,1.2393634334606947,0.5167828104713215,-0.1916385622389199,-0.47445984875878555,-0.05918446713426923,True,2.2665687286665683,0.007387028006136326,0.8068657605308782,0
1614,450,-0.6130336457014337,32,339,10,2,0.6929154597814113,1,-0.2518142449081098,-0.20679364850592963,0.9911279502849256,1.3717351122222023,1.332740831070103,0.4914252727462762,-1.520759960479679,0.3292812551833828,True,1.6041615959863593,0.15437060459557223,0.7290036670998671,0
1615,29,0.6328058530618977,8,68,47,2,1.5923650660706756,2,0.12563405665017108,3.1124756489183207,0.26505859866994985,0.9955143151316073,-1.3460647459900474,1.529682301923774,1.2425454627831938,0.8703585112686838,True,-0.3677472543919479,0.0795019663921383,1.004505795998745,0
1616,112,-1.3084848264832571,32,140,74,2,0.8053466605675694,2,-0.6377279608971212,-0.20679364850592963,-0.207531001243658,-0.6411188557421049,0.7323188913842071,-0.7790734603261885,-1.668315104440318,1.2033291303981,False,1.1009538252395992,0.8344573602579911,-1.5597734289374898,0
1617,327,-1.040039416037622,30,50,60,1,-1.443277355155591,3,1.5495571485901265,-0.20679364850592963,-1.080346558941564,1.0991585778253696,0.5629691135240826,-0.6151381399297413,-1.6414868964474745,1.411435767353985,False,-0.040307142903941884,-1.611600511936598,0.9097867488781964,0
1618,301,-0.6704244848483522,15,80,96,0,0.2994062570298583,0,-1.6205716478482672,4.772110297630446,1.9592197640867408,0.9761026577182481,0.0857106486455501,0.47776399604657227,1.175474942801085,0.34315503098044187,True,2.629644248935093,1.0864709121685197,1.0244823017789793,0
1619,14,-1.157634763341186,17,532,88,2,-0.9373369516178799,3,0.5627146920237458,-0.20679364850592963,-1.0603276805010813,-0.6786196649625953,0.27045586085659495,-1.188911761317306,-1.0915086325941843,-1.7101637869842903,False,0.09730708284010481,-0.6514180893295174,-1.4735796779674615,0
1620,266,-0.024761307829930898,30,127,9,1,-1.387061754762512,3,0.6131765436908184,-0.20679364850592963,-1.3864528589048597,0.6574602049710814,-0.5301067253912661,1.3520857048276231,1.0145056948440245,-0.2672911040901542,True,-1.3616915510749288,-0.015183053152421428,1.5210043746199786,0
1621,61,-1.283203889561212,33,336,11,0,-1.387061754762512,3,-0.4226946174867851,-0.20679364850592963,-0.9683086844805497,0.2528136445355639,1.255763659315501,1.3384244281279192,1.0279197988404463,1.355940664165749,True,0.31489520508066215,0.5424033772556313,3.955481146157889,0
1622,85,-0.3437727091706644,24,532,82,2,0.07454385545754227,1,-0.5829717049916499,-0.20679364850592963,0.8579748550928114,-1.731773439223547,1.1787864875608989,1.679956345620517,-1.0915086325941843,-1.4465620468401692,True,1.2017475642634756,0.2004097623948208,-0.577442773456922,0
1623,128,-0.06628011666478809,6,398,82,2,-1.162199353190196,3,-0.5109923747150832,-0.20679364850592963,-1.0397806974900456,-0.0575372759018082,1.301949962368262,-1.4211534652122726,0.759637718912012,0.2876599277922058,True,-0.9735005808252576,0.03386863421093282,-17.380067483787876,0
1624,320,0.7748055819174634,1,352,70,1,-1.105983752797117,3,0.35222372312429456,-0.20679364850592963,-0.8477276361700588,0.1865664843361555,-0.6686656345495497,0.02694186495634284,0.5718402629621081,1.369814439962808,False,-1.622533218087522,0.27290490676045454,5.360016658707761,0
1625,218,2.0890143748214762,31,565,95,1,1.2550714637122016,2,1.3319970055926482,-0.20679364850592963,0.550201031500159,0.7695187504332763,-1.669368867359376,1.693617622320221,-0.43421753676952035,-0.017563139743092215,False,-1.5388133433213174,2.7825608919022042,1.2995133250302469,0
1626,253,-1.4693969451638098,26,182,63,0,0.6366998593883324,1,-1.512971918718622,-0.20679364850592963,0.9324069267139306,-0.988420384762669,1.22497279061366,1.215472937830584,1.6315544786794234,0.7177469775010348,True,2.4018038718777404,2.223156315483771,-1.0117153759547857,0
1627,139,0.7405427721798146,0,411,5,0,0.1307594558506213,0,1.8817854608487634,-0.20679364850592963,0.8463060770464915,0.5059558866826928,1.301949962368262,-1.216234314716714,-1.2256496725584014,-1.5714260290137003,True,0.10576330486667695,1.3935426218246132,1.9764565027810297,0
1628,417,-0.5691679151402239,29,366,70,2,-1.274630553976354,3,0.625667627837102,-0.20679364850592963,-1.4385287989055762,-1.2709269742137195,-0.868806281111515,0.17721590865308595,0.9608492788583377,-0.3505337588725082,True,-0.8693608837653523,-0.3561099393067728,-0.7868273307373935,0
1629,330,0.6784089207917261,23,571,7,1,-0.2627497469009318,1,0.7719110874194387,-0.20679364850592963,0.7192487138214295,-1.6654963531587794,-1.4230419177446496,-0.08234834864128854,-1.1719932565727147,0.9813487176451559,True,0.04083979302970342,0.5236713677633892,-0.6004216449622151,0
1630,173,-0.549998660551584,20,293,37,0,0.2431906566367793,1,-1.40697668519828,-0.20679364850592963,-0.4474028449983657,1.3617612021725667,-1.1459240994280822,0.47776399604657227,-0.313490600801725,-1.5159309258254643,True,0.10259581555321828,0.7738352922863616,0.7343430881789567,0
1631,375,-1.4806633261836861,0,400,18,0,0.4680530582090954,2,-0.1368580718294795,-0.20679364850592963,-0.930752442024398,1.6251521282239947,1.4712997402283867,1.1744891077314723,1.6583826866722668,0.38477635837161883,True,0.5499108841592881,0.20264072785012296,0.6153269722263642,0
1632,116,0.35388028289703266,25,344,57,0,-1.274630553976354,3,1.2704463137422914,-0.20679364850592963,-1.0884677006336834,-0.7727594728182148,0.424410204365799,0.5597316562447958,-0.7963983446729067,-1.4188144952460513,True,-1.442347983530716,0.4495859009126144,-1.294063889970108,0
1633,194,1.6339775931170533,37,99,84,2,-0.9373369516178799,1,0.8426679393432855,-0.20679364850592963,0.05541035362913867,-1.1674981777505447,1.332740831070103,0.4914252727462762,-1.520759960479679,0.3292812551833828,True,-1.5785672394879147,1.3769005313250486,-0.8565324595024015,0
1634,353,2.335696443697041,22,7,65,0,-1.162199353190196,3,0.5627146920237458,-0.20679364850592963,-1.021056441924611,0.8726516617040432,-1.3460647459900474,-0.3145900525362552,-1.0378522166084974,-0.10080579452544622,True,-3.3567528856216517,1.3143307049759387,1.1459324829039268,0
1635,460,-1.2575367071619403,9,198,15,0,-0.4876121484732478,0,1.8192490974560211,-0.20679364850592963,1.887762233695165,-0.725339599497693,-1.06894692767348,-0.7517509069267806,-1.6549010004438962,1.120086475615746,False,3.1452989408571055,-2.2877725195221768,-1.3786647503582983,0
1636,124,-0.5480905001965868,16,597,45,2,0.2431906566367793,1,0.889026224217017,-0.20679364850592963,-0.3725438838517711,-0.28372654256501095,-0.23759347272377843,-1.216234314716714,1.1486467348082419,1.1755815788039818,False,0.17554661634481566,-0.4872668279189878,-3.524521687015011,0
1637,39,0.5818392263404457,3,648,33,2,-1.162199353190196,3,0.5243298950584547,-0.20679364850592963,-1.1591493570406532,1.16486163138188,0.9478549722970928,0.518747826145684,-0.15252135284466442,0.6345043227186808,True,-1.740988583381099,0.3050757004879784,0.8584709867785734,0
1638,398,-0.5232840646094008,40,497,64,0,1.3675026644983594,2,-1.449180960650241,-0.20679364850592963,-0.574957820632732,-1.007318296683804,-1.0073651902697986,-1.325524528314345,0.9340210708654944,-1.5575522532166413,True,-0.05167375602333124,0.7583333034436143,-0.9927349702329451,0
1639,153,0.48495738613208006,1,260,25,2,0.5804842589952534,1,0.9005177508105646,-0.20679364850592963,1.1257091712797185,-0.12397585281818814,0.02412891124186848,1.5433435786234782,0.7998800309012772,0.38477635837161883,True,0.6407517851476384,0.43671273459863125,-8.066093387361894,0
1640,257,-1.6404707836920962,34,332,83,0,0.4680530582090954,2,1.899483960335307,-0.20679364850592963,-1.0732243493267903,-0.26464689902514815,0.8708778005424909,1.3247631514282154,-1.386618920515462,1.591794852715752,True,0.5672464343653059,-3.1160479410218276,-3.7786211799409473,0
1641,475,-1.1611069935139218,20,599,64,1,0.5242686586021743,0,2.0299372612623108,-0.20679364850592963,1.6751331427850018,-0.8479340083503084,0.7323188913842071,0.6690218698424271,-1.1451650485798712,1.078465148224569,True,2.8362401362989234,-2.356974350446166,-1.1793371985153214,0
1642,287,0.6961779868847364,36,487,67,2,-0.7686901504386429,1,0.472401208410713,-0.20679364850592963,1.211552276487663,0.7229644419602769,-1.1459240994280822,0.013280588256638914,-0.018380312880447277,-0.3644075346695672,False,0.5153742896029265,0.328875322273287,1.3831937003280375,0
1643,152,-1.522420229574514,14,352,97,1,-1.218414953583275,3,0.6628510710023714,-0.20679364850592963,-1.19913722637787,0.5063805075068104,0.008733476890948078,-0.17797728553921596,-1.5341740644761008,-1.6130473564048773,True,0.32328300319664405,-1.0091378796891428,1.9747991632688084,0
1644,104,0.5168817211630369,34,355,63,2,0.6366998593883324,2,1.2600886452227027,-0.20679364850592963,0.41205935088996476,1.6253931674667985,0.7169234570332866,0.4367801659474605,-0.17934956083750783,-0.2672911040901542,True,-0.10482237027307212,0.6513167877607099,0.6152357217269123,0
1645,373,1.7570065618022987,25,605,39,2,0.018328255064463263,0,1.491422182083449,-0.20679364850592963,-1.3264682444720899,0.7693736916022796,0.5013873761204011,-1.024976440920859,-1.480517648490414,-1.2384554098842842,True,-3.0834748062743884,2.6204385603381226,1.2997583371243044,0
1646,299,-1.2512427960287404,25,390,60,0,-1.49949295554867,3,-0.49318295251244687,-0.20679364850592963,-0.8750738237871041,1.2677631885080864,0.9786458409989337,-0.16431600883951203,-0.24642008081961642,1.522425973730457,True,0.37616897224163637,0.6170916164553836,0.7887907853656242,0
1647,3,-0.7448566281479224,31,507,47,2,1.0302090621398854,2,-0.268553453715343,-0.20679364850592963,-0.5888411505057952,-0.08603235843303592,-1.4846236551483312,-0.5604930331309258,-1.6012445844582095,0.05180573924220279,False,0.1560154776421272,0.20003382001188955,-11.623547006828376,0
1648,155,-0.367952121032216,24,327,79,0,1.3675026644983594,2,-0.8824859019390859,-0.20679364850592963,-0.364628155183296,-0.7438607719792852,-1.638577998657535,0.24552229215160554,-1.2256496725584014,-0.1979222251048592,True,0.003323965848919974,0.3247125593995148,-1.3443377740876823,0
1649,429,-1.3588081308889062,35,436,7,2,1.5923650660706756,2,0.28330532668029007,-0.20679364850592963,-1.078946755543427,0.14020892482522793,1.6098586493866702,-1.011315164221155,1.0815762148261332,0.3292812551833828,True,0.2798613753454793,-0.3849575814173159,7.132208509734026,0
1650,433,-1.1263655275937392,0,565,34,0,1.1426402629260435,0,-1.1390459728740463,-0.20679364850592963,0.8527774317159225,1.6255879576449561,-1.669368867359376,-0.7380896302270766,-1.574416376465366,-0.1979222251048592,True,1.9791429593096617,1.2829821181897991,0.6151619995589371,0
1651,275,-1.4691978331918578,18,175,75,0,0.4680530582090954,0,-1.7297564003402095,-0.20679364850592963,1.891051899557331,0.3933879485814166,-1.1459240994280822,0.013280588256638914,-0.018380312880447277,-0.3644075346695672,True,3.360249732749189,2.5413543553295836,2.5420192697924255,0
1652,453,1.2777220102953952,18,576,66,2,-0.9935525520109589,3,0.8659262724603146,-0.20679364850592963,-1.4375072513796894,1.46499705842017,0.7015280226823664,-1.2435568681161218,-1.29272019254051,0.24603860040102882,True,-2.7152292616750846,1.1064130576155913,0.682595180647575,0
1653,164,-0.8926883822305891,24,301,58,0,-1.443277355155591,3,0.06603168307879083,-0.20679364850592963,-0.9398408829319189,-1.2990898252287937,0.6553417196296051,0.6143767630436114,0.5852543669585298,0.05180573924220279,True,-0.047152500701329814,-0.05894571634356875,-0.769769770770746,0
1654,127,-0.8692999529066882,27,280,14,2,1.7047962668568335,2,0.8074766543044608,-0.20679364850592963,0.7277887342942573,-0.19909739236326363,-0.8226199780587538,-0.5331704797315179,1.0145056948440245,0.7732420806892708,True,1.5970886872009453,-0.7019394175601179,-5.0226700128872,0
1655,288,0.7745479110225343,41,517,20,0,0.9177778613537274,2,-0.5288762138917308,-0.20679364850592963,-0.5910609048098958,-0.44367898705502035,1.0402275784026154,1.2974405980288075,1.60472627068658,-0.1840484493078002,False,-1.36560881583243,-0.4096399666593471,-2.2538823215989328,0
1656,183,-0.22472663232798684,3,357,30,0,-0.6562589496524849,0,-1.751781892697946,-0.20679364850592963,1.3468370374379035,-1.2710088078528115,-0.4993158566894253,-0.8337185671250041,1.2827877747724588,1.411435767353985,True,1.5715636697658903,0.3936720453191562,-0.7867766710185313,0
1657,492,-0.4415275446497858,7,518,23,0,-0.6000433492594058,1,0.711772004452503,-0.20679364850592963,-0.4534738276376183,-1.534281445120073,-0.376152381882062,-1.5031211254104964,-0.9707816966263889,1.369814439962808,True,-0.011946282987832513,-0.31426694547637,-0.6517709435629877,0
1658,169,-0.26976158935665495,9,619,60,1,-0.9373369516178799,3,0.08105364782325122,-0.20679364850592963,-1.2624370156180942,0.8359431805769408,0.03952434559278888,-1.1479279312181943,-1.5341740644761008,1.577921076918693,True,-0.9926754262614392,-0.021865160859954828,1.1962534100517352,0
1659,451,-1.1313451974032651,30,194,71,0,0.5242686586021743,1,0.3928177842655264,3.1124756489183207,0.4642952287880921,1.4367754438876628,-0.19140716967101717,1.2974405980288075,-0.5951867847265809,1.61954240430987,False,1.5956404261913573,-0.4444125136833951,0.6960029381445172,0
1660,454,0.3483153672088504,24,130,63,0,1.0302090621398854,2,-1.365032361609816,-0.20679364850592963,-0.5949891496699755,1.447051006660121,0.424410204365799,0.5597316562447958,-0.7963983446729067,-1.4188144952460513,True,-0.9433045168788259,-0.47546174828608734,0.6910605958541842,0
1661,88,1.07811748774619,17,94,26,0,-1.274630553976354,3,0.5499720170437528,-0.20679364850592963,-1.1549250622854348,0.46863495911834446,0.424410204365799,-0.09600962534099243,-1.29272019254051,-1.4465620468401692,True,-2.233042550031625,0.5929344493459155,2.13385657035845,0
1662,285,0.38133588806173724,5,445,10,2,-1.105983752797117,3,0.485465530333871,-0.20679364850592963,-0.8197590551958868,0.33685080670983814,1.4251134371756253,0.5460703795450919,1.1084044228189767,-0.3505337588725082,True,-1.201094943257624,0.18512542913322894,2.968672430682799,0
1663,61,-1.373923866760834,1,2,92,1,1.9296586684291497,2,0.15496181434917897,-0.20679364850592963,-0.8294512427616482,1.1369651749791687,0.424410204365799,0.9968925106353214,-1.0780945285977626,0.7593683048922117,True,0.5444726239991858,-0.21290573517089845,0.879534337597357,0
1664,389,0.2838068568865108,28,36,43,0,-1.105983752797117,3,-1.3233493238148013,-0.20679364850592963,-0.8700112912162827,-1.167262035467527,-0.376152381882062,-1.6670564458069432,-0.3537329127909901,0.17666972141573378,True,-1.1538181481027936,-0.37557561215476815,-0.8567057398299097,0
1665,237,-0.6404163777941191,30,584,48,2,-0.8811213512248008,1,0.8774958557738228,3.1124756489183207,-1.2261404675780714,0.7035831456975914,-0.9303880185151966,1.229134214530288,0.6791530949334817,0.4818927889510318,True,-0.5857240897839523,-0.5619627174840224,1.4212959249882595,0
1666,292,1.0193163174488087,11,649,99,1,-1.330846154369433,3,-1.664056411114758,-0.20679364850592963,-1.119761457268154,0.06412986640998043,0.02412891124186848,-1.339185805014049,-0.5951867847265809,0.44027146155985475,True,-2.139077774716963,-1.6961998530045759,15.593334223926426,0
1667,489,-0.024159053474979413,39,585,83,1,-1.274630553976354,3,-1.449180960650241,-0.20679364850592963,-0.8572563929873099,0.27102413212406135,0.4398056387167194,0.4367801659474605,-0.031794416876868986,1.4946784221363392,True,-0.8330973395123306,0.03501084032327121,3.6897069762465002,0
1668,363,0.5903317187537803,40,443,45,0,1.0302090621398854,2,0.7719110874194387,-0.20679364850592963,0.277361981163837,-0.25545193204548555,-0.2529889070746988,-0.3009287758365513,-1.628072792451053,-0.8361159117695732,True,-0.31296973758994334,0.4556835989614168,-3.9146323281092803,0
1669,16,0.24553426917423343,6,602,17,1,-1.387061754762512,3,0.5627146920237458,-0.20679364850592963,-1.3773271084569272,-0.3486938551189946,-0.5608975940931069,-1.6533951691072395,1.2962018787688805,0.6622518743127987,True,-1.6228613776311607,0.13816574065965426,-2.8678460262609002,0
1670,453,-1.2015740848992467,14,510,87,1,0.8053466605675694,0,-1.4703801694062202,-0.20679364850592963,1.0190057083023087,-0.28326133138533316,0.5937599822259234,1.4477146417255506,-0.8232265526657501,0.2599123761980878,True,2.2205797932015554,1.7667707065082783,-3.530310149078094,0
1671,331,-1.3806293153598599,18,323,81,1,1.0302090621398854,2,-0.2853709610732421,-0.20679364850592963,0.25214112362585994,-1.0077905812498393,1.332740831070103,0.10890952515456638,0.2633158710444087,-0.6002617232195703,False,1.6327704389857198,0.3939915146101355,-0.9922697411865037,0
1672,339,2.0846110212755713,12,661,72,1,-1.0497681524040379,1,0.8192481196371983,-0.20679364850592963,0.8201067869143625,1.2493159057086,-0.5147112910403457,-0.7244283535273728,-0.4610457447623638,-0.9748536697401633,True,-1.2645042343612087,1.7078136593549915,0.8004379960159156,0
1673,1,0.5236846479120624,19,40,39,0,1.7610118672499127,2,0.4984746518105413,-0.20679364850592963,0.6858624967465627,0.6383140715994564,-1.7309506047630576,0.9559086805362094,-0.6756714087051112,0.6345043227186808,True,0.16217784883450037,0.2610435225264912,1.5666266620624276,0
1674,281,1.336827612041253,28,244,26,0,0.9739934617468065,0,1.672671906374716,-0.20679364850592963,1.7832314613912996,0.2058050070157445,1.6560449524394316,-1.4348147419119766,0.42428511900146926,-0.6835043780019243,False,0.4464038493500466,2.236073990327402,4.858965914405117,0
1675,89,-1.1673294404196437,6,282,94,0,0.2431906566367793,0,0.5114292264090835,-0.20679364850592963,0.8228806333819099,0.9384866067107919,1.517486043281148,1.2564567679296956,-0.2732482888124598,1.550173525324575,True,1.9902100738015536,-0.5970063926783667,1.0655451940334881,0
1676,394,1.1281833627117621,10,185,21,0,1.5361494656775965,2,-1.5343641390551084,-0.20679364850592963,0.20933991660900889,0.04551815458300996,-1.0843423620244006,-0.41021898943418267,1.5510698547008932,-0.41990263785780324,True,-0.9188434461027533,-1.7310440940235299,21.969207939999915,0
1677,131,-0.8353143983553375,33,498,15,2,-1.49949295554867,3,1.9868907279010775,-0.20679364850592963,-0.8711887212955239,1.07080996880241,-1.2075058368317637,1.2564567679296956,1.4974134387152063,-0.1285533461195642,False,-0.03587432294018644,-1.6596784329744871,0.9338724290465407,0
1678,318,1.4600578359940046,22,668,27,0,0.7491310601744904,0,0.25527654064195265,-0.20679364850592963,1.740901953729235,1.5310164555788612,-0.6994565032513905,1.7209401757196288,1.5778980626937367,0.9952224934422149,True,0.2808441177352303,0.37271851350972496,0.6531608011396784,0
1679,243,-1.011632309330004,24,398,12,2,-1.443277355155591,3,0.6505043648705744,-0.20679364850592963,-1.3812538469016475,-0.02034312518525516,-1.099737796375321,-1.7080402759060551,-1.6549010004438962,-0.4892715168430983,True,-0.3696215375716436,-0.6580712328632666,-49.15689730968876,0
1680,328,-0.7899096509152419,27,515,95,0,-0.8811213512248008,1,0.4461042836433006,-0.20679364850592963,1.2010239009876098,0.4409805213503942,0.8092960631388092,-1.188911761317306,-0.9707816966263889,-0.2672911040901542,True,1.9909335519028517,-0.35238207896447366,2.267673343417557,0
1681,227,-0.9523388053614206,38,530,10,1,-1.274630553976354,3,-1.0788156848149264,-0.20679364850592963,-1.0679393422179901,0.12049017362261707,1.3789271341228642,0.6280380397433154,1.1888890467975068,1.2865717851804541,True,-0.11560053685656957,1.02739804048181,8.299425089962542,0
1682,18,-1.248053179250023,30,635,29,1,1.8172274676429916,2,-0.9018081025139288,-0.20679364850592963,0.425971390463717,-0.941258417990881,-0.06824369486365395,-1.1752504846176022,-1.1451650485798712,0.2876599277922058,False,1.67402456971374,1.1255044694159395,-1.062407609990107,0
1683,441,-0.10833117431278827,16,398,24,2,1.9296586684291497,2,0.6131765436908184,-0.20679364850592963,0.20122614674939626,1.5684622012070903,-0.4685249879875845,-0.6561219700288532,-0.5012880567516289,-1.4881833742313462,False,0.30955732106218453,-0.06642613503908308,0.6375671249671725,0
1684,217,0.3709905410531697,11,117,96,1,1.8172274676429916,2,0.16951140238744397,-0.20679364850592963,0.6123246692633338,-0.1514412679383956,1.0864138814553765,-0.9430087807226356,-1.3195484005333533,-0.8916110149578094,True,0.24133412821016414,0.0628871268863994,-6.603224299001627,0
1685,48,0.39171397921754264,9,279,45,1,-1.218414953583275,3,0.3793476208697771,-0.20679364850592963,-1.344016074367198,1.1923826542009919,-0.9149925841642762,1.693617622320221,1.6449685826758451,-1.4326882710431104,True,-1.7357300535847406,0.1485957660776081,0.8386568796611735,0
1686,444,0.5593037293711318,12,530,25,1,-0.9935525520109589,3,-0.33629030118055,-0.20679364850592963,-1.0135547862241365,-0.11452559100167777,-1.3922510490428086,1.7346014524193327,1.175474942801085,1.009096269239274,False,-1.5728585155952683,-0.18808841960162273,-8.731680530279066,0
1687,421,-0.751542180636058,34,182,51,2,-0.9935525520109589,3,-1.0988248781928884,-0.20679364850592963,-1.2025007134398595,-0.2175677452844092,1.0402275784026154,1.2974405980288075,1.60472627068658,-0.1840484493078002,True,-0.4509585328038015,0.8258132450942343,-4.5962716501011815,0
1688,349,-0.6663355383523799,36,46,81,2,-0.4876121484732478,1,0.035737440378939764,4.772110297630446,0.48976985625183883,-0.24608829200652454,0.7015280226823664,-1.2435568681161218,-1.29272019254051,0.24603860040102882,True,1.1561053946042188,-0.02381312657423691,-4.063583838973822,0
1689,309,-1.3781012094542373,8,244,56,2,-0.2627497469009318,0,-0.1047360641534968,-0.20679364850592963,1.7956313110593518,0.7230967686958296,-1.022760624620719,-0.6287994166294454,-0.6622573047086895,0.6206305469216218,False,3.173732520513589,0.14433689668341054,1.3829405758644622,0
1690,437,-1.530096646975746,27,314,87,1,1.7610118672499127,2,-0.5468342158350353,-0.20679364850592963,0.132015531150541,-0.7152158424786034,1.1787864875608989,0.3274899523498291,0.29014407903725214,1.564047301121634,True,1.662112178126287,0.836709200100799,-1.398179515085151,0
1691,314,-0.020005245914831854,18,362,65,2,-1.105983752797117,3,-0.805897272154619,-0.20679364850592963,-1.3395156676044264,1.2588137224456997,-0.5301067253912661,1.3520857048276231,1.0145056948440245,-0.2672911040901542,False,-1.3195104216895945,0.01612217311154533,0.794398649084691,0
1692,229,-1.395052683855772,36,25,77,2,0.018328255064463263,0,1.890643953049121,-0.20679364850592963,1.5126274920688323,0.11153309006722946,0.1011060829964705,-1.530443678809904,0.7998800309012772,-1.6546686837960543,False,2.9076801759246043,-2.6375479209168624,8.965940984896285,0
1693,419,-0.5293146723049738,26,391,48,0,0.41183745781601633,2,-0.5829717049916499,-0.20679364850592963,0.4380346751600076,-1.2047596888694885,0.6861325883314459,0.09524824845486245,-0.8366406566621718,1.439183318948103,True,0.9673493474649814,0.30857547699072696,-0.8300411212650078,0
1694,388,0.7207531937269396,10,396,98,0,0.8615622609606484,1,0.8309784133015728,-0.20679364850592963,-0.01460014410375141,-0.1519834157973792,-1.253692139884525,0.5597316562447958,-0.5147021607480506,-1.3216980646666383,True,-0.735353337830691,0.5989303453052534,-6.579669582503239,0
1695,173,1.0531178613345733,39,200,40,1,-0.20653414650785276,1,-0.6194028630245529,-0.20679364850592963,-0.12599361516035285,0.939204392194103,-1.1921104024808433,-1.5714275089090157,1.510827542711628,0.49576656474809083,False,-1.1791114764949262,-0.6523042184129288,1.06473085287728,0
1696,106,1.6027118137918783,39,670,22,0,-1.105983752797117,3,1.8192490974560211,-0.20679364850592963,-1.41952758892059,0.3933098148674965,-0.7610382406550722,-0.5331704797315179,0.759637718912012,-1.3494456162607564,True,-3.0222394027124686,2.9157320207229773,2.542524259366544,0
1697,65,-0.22584939555202094,8,615,64,2,1.3112870641052805,0,-1.449180960650241,-0.20679364850592963,0.6061901999736669,1.2394473347050297,1.3789271341228642,-0.3965577127344787,-0.407389328776677,-0.3089124314813312,True,0.8320395955256878,0.32729664400835395,0.8068111418036742,0
1698,351,0.26238017172969375,35,329,89,0,-0.8249057508317219,1,0.7956636066243687,-0.20679364850592963,1.1704290477205557,-1.59047471159334,-1.592391695604774,1.2974405980288075,1.3096159827653022,-1.1968340824931072,True,0.9080488759908619,0.20876635374516936,-0.6287431391301483,0
1699,240,-0.3562603402046976,29,126,43,1,0.5804842589952534,0,0.08105364782325122,-0.20679364850592963,0.6067112241771816,0.9295039501431881,-0.052848260512733544,-0.8747023972241159,-1.6817292084367397,0.8981060628628018,True,0.9629715643818793,-0.028876200148343228,1.0758425418866677,0
1700,240,-1.4406320133644812,9,532,89,1,-0.9373369516178799,3,0.600636264246138,-0.20679364850592963,-1.188307262156321,-0.6692624453820205,-0.6994565032513905,1.7209401757196288,1.5778980626937367,0.9952224934422149,True,0.2523247512081601,-0.8652958306606344,-1.4941823739227278,0
1701,406,-0.6488982818427339,10,612,38,0,0.07454385545754227,0,-0.1368580718294795,-0.20679364850592963,1.5856856101513712,1.653189072961902,-0.4993158566894253,0.38213505914864476,1.2693736707760372,-0.17017467351074123,True,2.234583891994105,0.08880696766645872,0.6048914524454395,0
1702,290,0.4882174505157783,33,501,48,1,-0.7124745500455638,1,-1.1998816021188639,-0.20679364850592963,0.5271831808613875,0.08298544683429782,-0.2068026040219376,0.1225708018542703,-0.4878739527552072,0.7177469775010348,False,0.038965730345609184,-0.5858031367072593,12.05029114282707,0
1703,203,2.0404814924216215,42,472,25,1,0.018328255064463263,1,1.9083055912122904,-0.20679364850592963,1.2105335659050378,1.4934982349457981,-0.5762930284440273,-1.7490241060051668,0.5047697429799994,0.44027146155985475,False,-0.8299479265165837,3.893862240753379,0.6695688750374749,0
1704,153,-0.3803239389254605,38,175,82,1,1.2550714637122016,2,0.8659262724603146,-0.20679364850592963,-0.7407616355620736,-0.9128827124571051,0.4090147700148786,-0.46486409623299824,-0.0452085208732907,-0.8916110149578094,True,-0.3604376966366131,-0.3293324907611484,-1.0954310952515687,0
1705,301,-1.5109332830169118,9,432,58,1,0.6929154597814113,2,0.6131765436908184,-0.20679364850592963,-0.15490758891549825,-1.401789518790485,-0.19140716967101717,-0.5195092030318139,-1.158579152576293,0.7871158564863298,True,1.3560256941014135,-0.9264688482277311,-0.7133739109422274,0
1706,46,2.0321209632840684,7,328,29,0,-0.15031854611477377,0,0.16951140238744397,-0.20679364850592963,1.3991856904678523,0.3279095022470946,-1.6847643017102962,0.08158697175515853,-0.6488432007122678,0.4263976857627958,True,-0.6329352728162161,0.344467674307206,3.0496209722045746,0
1707,361,1.1492480772487412,5,585,64,0,-1.162199353190196,3,-0.7491969517311343,-0.20679364850592963,-1.417089060214046,0.30876804819259857,-1.3460647459900474,-0.3145900525362552,-1.0378522166084974,-0.10080579452544622,False,-2.5663371374627872,-0.8610131562576241,3.2386760287730056,0
1708,183,-0.02656965761665008,16,342,45,0,0.35562185742293734,2,1.8729083741707675,-0.20679364850592963,-0.15094347762848132,1.5594486393821698,-0.19140716967101717,-0.5195092030318139,-1.158579152576293,0.7871158564863298,True,-0.12437382001183123,-0.04976253424907406,0.6412522417352333,0
1709,213,-0.17398984724214284,33,441,27,1,1.7047962668568335,2,-0.9211999030702372,-0.20679364850592963,0.7793798032226508,0.17712579879656012,-1.0535514933225598,-0.055025795241880684,1.510827542711628,-1.2800767372754611,True,0.9533696504647936,0.16027943041466736,5.645701768032019,0
1710,279,-0.9200753497833764,42,596,70,1,-1.330846154369433,3,0.2693247864040974,-0.20679364850592963,-1.3013329606146558,1.6254674924342185,-1.515414523850172,0.6553605931427232,-0.7561560326836414,0.8009896322833888,True,-0.3812576108312794,-0.24779909705608305,0.6152075898987628,0
1711,195,0.47756221456881454,42,257,36,1,-1.330846154369433,3,-0.8632335084751533,-0.20679364850592963,-1.1029358946237067,-0.4425371248542345,0.6399462852786847,0.16355463195338205,-1.2524778805512449,-1.3078242888695795,False,-1.5804981091925212,-0.41224770599740174,-2.259697932233774,0
1712,385,1.1830778270663362,26,318,93,2,0.8053466605675694,1,0.45928101948352285,-0.20679364850592963,0.3846715378551605,-1.4307176013881309,-1.6847643017102962,-0.3692351593350709,0.8401223428905423,-1.3633193920578153,False,-0.7984062892111757,0.5433651905433778,-0.6989500016808112,0
1713,316,-0.7335142896919483,22,468,21,2,1.0302090621398854,2,0.4195783825648011,-0.20679364850592963,-1.119815873268976,-1.6374812815079165,-0.8226199780587538,0.341151229049533,-0.031794416876868986,-0.7806208085813373,True,-0.3863015835770277,-0.3077667392571167,-0.6106940411242616,0
1714,19,1.195436826191187,5,428,49,2,0.9739934617468065,2,1.2497020334700657,-0.20679364850592963,-0.7763909675054803,0.7316119288358554,1.1326001845081377,-1.0386377176205628,0.9876774868511812,-1.6407949079989952,True,-1.9718277936966673,1.493939832576128,1.3668446670993162,0
1715,494,0.07589168075373062,29,140,96,1,-1.105983752797117,3,1.133471172798824,-0.20679364850592963,-0.8401323903728461,-1.0728499566478014,0.5167828104713215,-0.1916385622389199,-0.47445984875878555,-0.05918446713426923,False,-0.9160240711265768,0.08602103238960498,-0.9320968761878516,0
1716,285,1.3088222237092084,31,332,42,2,1.5361494656775965,2,-0.45778839002166005,-0.20679364850592963,-0.6741610882922093,-1.1012154329766906,-0.052848260512733544,-0.8747023972241159,-1.6817292084367397,0.8981060628628018,True,-1.9829833120014178,-0.5991636186164075,-0.9080876101651293,0
1717,119,-0.8941984577844008,39,249,25,2,-0.3751809476870898,0,0.6505043648705744,-0.20679364850592963,0.39201879445159016,-1.665383831905028,0.5013873761204011,-0.8063960137255962,-0.7561560326836414,1.078465148224569,True,1.286217252235991,-0.5816799998492888,-0.6004622123071316,0
1718,22,-0.10908569322946392,35,3,40,1,-1.105983752797117,3,-1.8182328072643317,-0.20679364850592963,-1.408988507631049,-0.07675599309959574,-1.099737796375321,-1.7080402759060551,-1.6549010004438962,-0.4892715168430983,True,-1.2999028144015852,0.1983431862329839,-13.02831560701711,0
1719,484,0.42410781123281094,2,482,95,1,1.8734430680360705,2,0.22697317476508913,-0.20679364850592963,-0.8210839471092128,-1.2051867037628348,1.332740831070103,-1.5714275089090157,1.323030086761724,0.1905434972127928,False,-1.2451917583420238,0.09626109635818422,-0.8297470257948429,0
1720,195,-0.054148805907775266,40,625,6,2,1.3112870641052805,2,1.9782297698019935,-0.20679364850592963,-0.5331592023145533,1.1642786755246792,0.6553417196296051,0.8056346368394663,0.7462236149155903,1.383688215759867,True,-0.479010396406778,-0.1071187798459911,0.8589008242887126,0
1721,488,-1.567985976625545,30,189,21,0,-1.274630553976354,3,0.4461042836433006,-0.20679364850592963,-1.1231013388815,-1.364391110440188,0.5937599822259234,0.16355463195338205,1.510827542711628,0.6206305469216218,True,0.44488463774404496,-0.6994852608652798,-0.7329277255186356,0
1722,191,0.8455094228690698,23,274,98,1,-0.8249057508317219,1,-0.07294009438220465,-0.20679364850592963,0.7110282500940397,0.9292161177290951,1.5790677806848294,0.3138286756501251,-0.8366406566621718,-1.3355718404636974,True,-0.13448117277503013,-0.06167153710511334,1.0761757930182203,0
1723,446,1.4560294054468619,16,250,83,2,-1.443277355155591,3,-0.010337456390444507,-0.20679364850592963,-1.1586598053429242,0.017626051033441857,-0.637874765847709,0.873941020337986,-0.3403188087945684,0.8287371838775068,False,-2.614689210789786,-0.015051640482011778,56.733883540582035,0
1724,257,-1.4889593657035574,1,677,37,0,0.6929154597814113,0,-1.1795361053656206,-0.20679364850592963,1.3876146916403351,-1.3361069236437477,0.6399462852786847,-1.2435568681161218,-1.4402753365011487,-1.2939505130725202,True,2.8765740573438925,1.7562813312696388,-0.7484431501314109,0
1725,242,0.369338505742653,21,601,67,2,0.018328255064463263,0,-1.3441580977555516,-0.20679364850592963,1.9325024841597522,-0.28316469804555444,0.9170641035952521,1.4203920883261427,-0.07203672886613413,1.06459137242751,True,1.5631639784170992,-0.4964493433069223,-3.531514910063453,0
1726,118,-0.8545307775613127,41,71,99,0,-0.20653414650785276,0,1.7921592216250852,-0.20679364850592963,1.972423013402024,-1.1863796576510641,0.3166421639093562,1.2837793213291036,-0.05862262486971242,1.411435767353985,True,2.8269537909633367,-1.531455213168961,-0.8429005654648327,0
1727,187,1.127500707980615,4,331,17,1,-1.274630553976354,3,-0.6194028630245529,-0.20679364850592963,-1.2351162786224257,-1.5336984892628722,0.3936193356639582,-1.4348147419119766,1.1486467348082419,-0.47539774104603927,False,-2.3626169866030406,-0.6983771665854033,-0.6520186804659951,0
1728,493,-1.2583830162686025,29,205,85,1,-1.218414953583275,3,1.1441920014114473,-0.20679364850592963,0.5060955288271941,-1.6654694742906202,-1.222901271182684,-0.041364518542176765,1.3364441907581457,-1.0164749971313403,True,1.7644785450957965,-1.439831781926546,-0.6004313351159243,0
1729,283,-0.9617687297864383,25,650,27,2,-1.105983752797117,3,-0.8249389814020169,-0.20679364850592963,-0.7916184732626994,0.986400528863065,1.0556230127535355,-0.6014768632300375,-1.1451650485798712,1.2865717851804541,False,0.17015025652373894,0.7934005162943362,1.0137868638147665,0
1730,85,0.5739664258400156,37,148,66,1,-0.03788734532861575,0,-1.862844008126029,-0.20679364850592963,1.7147306638952158,1.6631491627028079,-0.32996607882930085,0.710005699941539,-0.6086008887230027,-1.1968340824931072,True,1.1407642380552003,-1.0692099172415857,0.6012689434590408,0
1731,329,-1.6350732103941334,6,288,29,1,0.1307594558506213,0,0.8659262724603146,6.431744946342571,0.332643530494498,0.9956810294069912,0.7477143257351275,-0.9566700574223395,1.6181403746830016,-1.1274652035078123,True,1.9677167408886316,-1.4158528502763117,1.0043376041439904,0
1732,418,0.20620846285651104,32,596,0,0,1.7047962668568335,2,1.3724795730738664,-0.20679364850592963,-0.5238145264487769,-1.402656171851293,0.25506042650567456,-1.3528470817137532,1.3901006067438324,-1.6685424595931133,True,-0.730022989305288,0.2830169030655225,-0.7129331416789518,0
1733,106,0.13838929148410467,16,413,5,0,-1.443277355155591,3,-1.862844008126029,4.772110297630446,-1.219825508419477,-0.8385298867771158,-0.4685249879875845,0.7373282533409466,1.1352326308118201,-0.9471061181460453,True,-1.3582147999035816,-0.2577976624299709,-1.1925634792813906,0
1734,97,1.7880775980513048,40,36,73,1,0.9177778613537274,2,0.28330532668029007,-0.20679364850592963,0.3707641823111843,0.44123821025647064,-1.0535514933225598,-0.8747023972241159,-0.7024996166979546,-0.6973781537989833,True,-1.4173134157401206,0.5065719080456333,2.2663489927217517,0
1735,382,-1.0871561311157112,27,613,40,1,1.2550714637122016,0,0.4461042836433006,-0.20679364850592963,1.0309194713413132,-1.1676310485927404,0.16268782040015212,-1.6670564458069432,0.10234662308734813,-0.8083683601754553,True,2.1180756024570244,-0.4849850070797965,-0.8564349901869477,0
1736,9,-1.5770792642117288,25,346,69,0,-0.2627497469009318,0,0.4984746518105413,-0.20679364850592963,0.9530852439522621,-1.4024329793063763,1.4097180028247052,-1.1342666545184903,1.4437570227295193,-1.3078242888695795,True,2.530164508163991,-0.7861340371055662,-0.7130466026257072,0
1737,85,1.09532908122481,15,399,60,1,0.018328255064463263,0,1.8461644354538786,-0.20679364850592963,-1.3982599055983873,-1.2519723663803946,0.8092960631388092,-0.669783246728557,0.9206069668690726,0.2876599277922058,True,-2.4935889868231973,2.0221575948756167,-0.7987397379744863,0
1738,290,0.25665738689980144,3,49,65,0,1.0864246625329645,0,0.22697317476508913,-0.20679364850592963,0.9396199903874614,0.21511586871034444,1.255763659315501,1.4886984718246623,0.34380049502293897,0.8564847354716248,True,0.6829626034876599,0.05825434193155973,4.648655355505053,0
1739,403,0.1840749574185508,25,42,17,0,1.7047962668568335,2,1.1655389904582623,-0.20679364850592963,-0.5617104608413189,-0.18954951781501733,1.3481362654210234,-0.2052998389386238,0.5181838469764212,0.9258536144569199,True,-0.7457854182598698,0.2145465400382653,-5.275669065762615,0
1740,489,-1.4090415113294559,33,106,50,1,0.5242686586021743,1,0.005104994666132303,-0.20679364850592963,0.5632364767272058,1.3808306165075432,-1.5000190894992516,1.6662950689208131,-0.17934956083750783,0.2737861519951468,True,1.9722779880566617,-0.007193149399695871,0.7242017345393671,0
1741,300,0.8255203237493107,13,543,51,0,1.1988558633191224,0,-0.8249389814020169,-0.20679364850592963,1.5418795853449085,-1.6658837570885228,-1.1459240994280822,0.47776399604657227,-0.313490600801725,-1.5159309258254643,True,0.7163592615955978,-0.6810038950004197,-0.6002820159408415,0
1742,51,-0.6025726416266077,22,46,13,1,-0.31896534729401077,0,0.24115965527084843,-0.20679364850592963,0.593521065470796,0.2718084074391346,-1.222901271182684,-0.041364518542176765,1.3364441907581457,-1.0164749971313403,False,1.1960937070974036,-0.1453162105303172,3.6790607086642697,0
1743,427,-0.2681630091844024,26,394,62,2,0.8615622609606484,1,1.9782297698019935,-0.20679364850592963,-0.7672376335697375,-0.5840082254689118,1.6098586493866702,-1.011315164221155,1.0815762148261332,0.3292812551833828,True,-0.4990746243853351,-0.5304880479282702,-1.7123049430127018,0
1744,198,0.3625460523770243,3,108,66,0,1.1426402629260435,2,-0.7869262188093323,-0.20679364850592963,-0.39734263842166334,0.5154469564974204,1.1787864875608989,0.4914252727462762,0.4511133269943127,-0.7944945843783963,True,-0.7598886907986877,-0.2852969941413019,1.9400634602421183,0
1745,433,-0.5452312451088192,20,147,35,0,-1.330846154369433,3,0.43287030725424697,-0.20679364850592963,-1.4902442295693994,0.24303789812527188,1.4097180028247052,-1.1342666545184903,1.4437570227295193,-1.3078242888695795,True,-0.9450129844605802,-0.23601441659487019,4.114582936469706,0
1746,149,0.4257649289635182,6,679,64,2,0.7491310601744904,2,1.3115920440518973,-0.20679364850592963,0.01129859292777355,-0.28312671940188017,-0.3145706444783804,0.24552229215160554,1.6717967906686886,-1.6130473564048773,True,-0.4144663360357446,0.5584298934648717,-3.531988627959294,0
1747,301,1.0213089922974488,15,325,37,1,1.0864246625329645,0,-0.9406610984409725,-0.20679364850592963,1.4686444217530228,1.117759189876825,0.3782239013130378,1.1198440009326565,0.9340210708654944,-1.6269211322019363,False,0.44733542945557403,-0.9607056385421608,0.8946470041060433,0
1748,140,1.014928535724423,3,242,7,1,-1.105983752797117,3,-0.1368580718294795,-0.20679364850592963,-1.1262215643219324,-0.772137341282725,-0.14522086661825598,-0.6561219700288532,1.4169288147366759,-1.1274652035078123,False,-2.1411501000463558,-0.13890116244396156,-1.2951065517041171,0
1749,351,-1.2390628527430838,10,320,45,1,-0.8811213512248008,1,0.12563405665017108,-0.20679364850592963,0.29314752069114786,-1.5615309587243784,-1.1151332307262414,-0.2462836690377356,-1.0780945285977626,0.1905434972127928,True,1.5322103734342316,-0.1556684926346472,-0.6403972066340748,0
1750,153,1.2290581811085104,3,361,97,0,-0.7124745500455638,0,-0.4226946174867851,-0.20679364850592963,1.166671968313844,-1.5340274561391682,0.27045586085659495,-1.188911761317306,-1.0915086325941843,-1.7101637869842903,True,-0.062386212794666385,-0.5195162777326656,-0.6518788573085128,0
1751,261,-0.8039316626996651,6,239,35,2,1.8172274676429916,2,0.22697317476508913,-0.20679364850592963,-1.1548428811077684,-0.48117239642516735,-0.03745282616181314,-0.683444523428261,-0.8366406566621718,-0.04531069133721022,True,-0.35091121840810335,-0.18247092177711977,-2.0782576375020407,0
1752,120,0.41900677143856147,41,162,28,1,-1.274630553976354,3,-1.4703801694062202,-0.20679364850592963,-0.8515227460038161,-0.2738252163415381,1.332740831070103,0.10890952515456638,0.2633158710444087,-0.6002617232195703,True,-1.2705295174423776,-0.6160992475701854,-3.6519659458583575,0
1753,421,1.3382241299164679,23,211,93,0,-1.387061754762512,3,0.4461042836433006,-0.20679364850592963,-1.1745486018637594,1.0330173007786692,-1.5769962612538535,0.8192959135391702,-0.689085512701533,0.2599123761980878,True,-2.5127727317802275,0.5969875168305652,0.96803790453696,0
1754,109,0.28458389379896837,34,463,76,0,-1.387061754762512,3,0.4195783825648011,-0.20679364850592963,-1.4624291905080757,-0.8752530587835764,-1.3460647459900474,-0.2052998389386238,1.1084044228189767,-0.9332323423489863,False,-1.7470130843070442,0.11940524986416429,-1.1425268431994753,0
1755,400,0.1830470052649719,16,81,99,1,-0.4313965480801688,1,-0.5109923747150832,-0.20679364850592963,1.1882974908105508,0.3751478615915455,-1.7001597360612166,-0.35557388263536693,0.008447895112396148,0.39865013416867784,True,1.0052504855455788,-0.09353562390483232,2.665614910334452,0
1756,126,-1.3091525201350194,6,310,76,2,-1.443277355155591,3,-0.6561257527358736,-0.20679364850592963,-1.212030296960489,-0.6691174953723524,-0.5455021597421865,-0.3828964360347748,-0.2866623928088815,0.0934270666333798,True,0.09712222317453034,0.8589686827196555,-1.4945060566591861,0
1757,48,0.5035202329528968,27,143,37,2,-1.49949295554867,3,0.3928177842655264,-0.20679364850592963,-1.4539724867847863,-0.5373581542267623,0.23966499215475415,-0.27360622243714344,-1.051266320604919,-0.2811648798872132,False,-1.957492719737683,0.19779170224141862,-1.8609565672909878,0
1758,139,-0.3837855921470665,29,374,20,0,-1.105983752797117,3,-0.9211999030702372,-0.20679364850592963,-1.1843702970640384,-0.5465130749575077,-1.6847643017102962,-0.3145900525362552,0.10234662308734813,-0.2534173282930952,True,-0.8005847049169719,0.35354325028563127,-1.8297827239650652,0
1759,9,1.862863187574414,36,413,15,2,-1.443277355155591,3,-1.302606210010628,-0.20679364850592963,-0.935942073593374,-0.41482370592619416,-0.6070838971458681,-0.9566700574223395,0.5181838469764212,-0.9609798939431042,True,-2.798805261167788,-2.426577156534625,-2.410663196871976,0
1760,255,0.6652235962880582,34,597,96,0,0.8615622609606484,0,0.43287030725424697,-0.20679364850592963,0.9650032064440008,1.0326536198985563,-1.5769962612538535,-1.7080402759060551,-0.9037111766442802,1.314319336774572,True,0.2997796101559427,0.2879555425179869,0.9683788289633392,0
1761,298,0.2126649293965263,12,397,83,2,0.2431906566367793,1,-0.5109923747150832,-0.20679364850592963,0.2766352431131559,0.6661833226700229,1.5482769119829887,-0.041364518542176765,0.062104311098082995,-0.6696306022048653,True,0.06397031371662962,-0.10867015729094646,1.5010880877102293,0
1762,122,1.5632995513926697,41,380,37,0,-1.105983752797117,3,-1.5558203784823792,-0.20679364850592963,-0.8620983482295408,0.8634059839852625,0.6245508509277643,0.1362320785539742,0.49135563898357787,1.2865717851804541,True,-2.4253978996222108,-2.432213299729077,1.1582035597713822,0
1763,459,-1.511738301288554,35,345,62,0,0.2431906566367793,1,0.8426679393432855,-0.20679364850592963,0.8437734647801525,0.5907203017958644,-0.11442999791641516,0.16355463195338205,-0.2866623928088815,-1.4049407194489922,True,2.355511766068706,-1.2738933991731447,1.692848252675672,0
1764,468,-1.1009514426868634,8,108,21,0,-0.2627497469009318,1,-0.6011506974392071,-0.20679364850592963,-1.4821338238435342,-0.18873499017059897,0.347433032611197,-0.32825132923595907,-0.4878739527552072,1.2033291303981,True,-0.3811823811566708,0.6618377276179092,-5.298437395947787,0
1765,480,0.33416862702832956,22,47,27,2,-0.4313965480801688,1,1.899483960335307,-0.20679364850592963,0.6075291216311048,-0.08602887615052136,1.486695174579307,0.10890952515456638,-1.5073458564832574,-0.3921550862636853,True,0.2733604946027753,0.6347479470875835,-11.624017506076537,0
1766,343,-1.19381121749341,19,278,69,2,0.07454385545754227,1,-1.862844008126029,-0.20679364850592963,-0.7801792618343548,-0.048508370269558065,1.5944632150357498,1.4340533650258467,1.2425454627831938,0.8287371838775068,True,0.4136319556590551,2.223884073341238,-20.615041403106098,0
1767,393,0.9412908994689392,15,114,53,2,-0.6000433492594058,0,0.8426679393432855,-0.20679364850592963,-1.471229370374861,0.3085006741882785,0.1011060829964705,0.5733929329444997,-0.4476316407659421,-0.9332323423489863,True,-2.4125202698438,0.7931956625780787,3.241482951318944,0
1768,263,-0.10282875785143525,34,41,97,0,0.8053466605675694,2,0.43287030725424697,-0.20679364850592963,-0.4370967522466649,-1.0735399926923246,-0.2068026040219376,0.9559086805362094,0.5181838469764212,-1.8350277691578212,True,-0.33426799439522964,-0.04451151600572334,-0.9314977550504489,0
1769,74,-0.2478897682985236,3,215,77,0,-1.49949295554867,3,1.176165671975607,-0.20679364850592963,-0.966778540497414,-0.611888685136322,0.7169234570332866,-0.7380896302270766,0.759637718912012,-1.3633193920578153,True,-0.7188887721988904,-0.2915594359067106,-1.6342844502928764,0
1770,21,-1.6362144241906753,37,632,8,2,1.9858742688222286,2,-0.8632335084751533,-0.20679364850592963,0.3045047724624289,-0.781531777757674,0.5013873761204011,1.6662950689208131,0.23648766305156527,0.49576656474809083,True,1.940719196653104,1.4124351180117694,-1.279538665494843,0
1771,179,-1.2502105438329576,5,519,23,0,0.5804842589952534,0,-1.3233493238148013,-0.20679364850592963,-0.970257880148514,-0.32050042531058953,-1.669368867359376,-0.7380896302270766,-1.574416376465366,-0.1979222251048592,True,0.2799526636844436,1.6544652778074795,-3.12012163803866,0
1772,69,-0.9115367100812761,34,599,62,2,0.9177778613537274,0,0.6505043648705744,-0.20679364850592963,-0.8573373563015901,-1.186020329624094,0.424410204365799,1.5433435786234782,1.5376557507044715,-0.11467957032250523,True,0.05419935377968599,-0.5929586086476334,-0.8431559386781685,0
1773,364,-0.241707979805518,36,179,59,0,-1.274630553976354,3,-1.862844008126029,-0.20679364850592963,0.473619471082533,1.4561681663898491,0.4705965074185602,1.365746981527327,0.5584261589656864,-1.807280217563703,False,0.7153274508880509,0.4502642618969564,0.6867338226503265,0
1774,353,-1.4737799865744332,17,394,90,1,0.9177778613537274,2,0.711772004452503,6.431744946342571,-0.689663151763588,-1.2518736654353728,1.3789271341228642,1.5979886854222938,1.1888890467975068,-1.030348772928399,True,0.7841168348108453,-1.0489953351660672,-0.7988027126782752,0
1775,20,0.9738453819090062,34,322,46,0,0.1869750562437003,1,0.29721907485255783,-0.20679364850592963,-0.7882259302848305,1.3710710844752094,0.5937599822259234,0.16355463195338205,1.510827542711628,0.6206305469216218,False,-1.7620713121938367,0.2894454234604307,0.72935673313181,0
1776,154,-0.3846689349992255,31,272,24,1,0.7491310601744904,2,-0.9406610984409725,-0.20679364850592963,-0.7225412023758757,-1.0357719182888427,0.7169234570332866,0.4367801659474605,-0.17934956083750783,-0.2672911040901542,True,-0.3378722673766502,0.3618431029324905,-0.9654636111378857,0
1777,210,-0.27636273490671837,9,657,98,0,0.9177778613537274,0,0.711772004452503,-0.20679364850592963,1.398341401908331,1.6248613576340298,1.2865545280173418,0.8056346368394663,1.2023031507939286,-0.41990263785780324,True,1.6747041368150493,-0.19670725778053064,0.6154370856061204,0
1778,323,1.4221455544495611,16,479,7,0,-0.9935525520109589,3,0.15496181434917897,-0.20679364850592963,-1.3895565536574044,1.5594399336758835,-0.2068026040219376,0.9559086805362094,0.5181838469764212,-1.8350277691578212,True,-2.8117021081069655,0.22037825538612307,0.6412558215802747,0
1779,344,0.27661815351248437,25,237,12,0,0.4680530582090954,2,-0.805897272154619,-0.20679364850592963,-0.7528469938645036,0.8445397390707442,-0.23759347272377843,-1.216234314716714,1.1486467348082419,1.1755815788039818,True,-1.029465147376988,-0.2229258153441588,1.1840767643363164,0
1780,181,1.2839026849258364,16,294,17,0,0.35562185742293734,2,1.899483960335307,-0.20679364850592963,0.20501014288858718,0.5436734679897137,0.5629691135240826,-0.6151381399297413,-1.6414868964474745,1.411435767353985,True,-1.0788925420372493,2.4387525566480615,1.83933900575229,0
1781,473,0.028495179184823954,29,95,32,2,0.1307594558506213,1,0.40622778730442793,-0.20679364850592963,-1.309816936977932,1.1928605974761133,1.4097180028247052,-0.8063960137255962,-0.8098124486693283,-0.017563139743092215,False,-1.338312116162756,0.011575533589094227,0.8383208551642508,0
1782,393,0.7961587057119792,20,166,16,0,0.07454385545754227,0,0.005104994666132303,-0.20679364850592963,1.3942668445596027,-0.2736592638154542,-0.868806281111515,0.17721590865308595,0.9608492788583377,-0.3505337588725082,True,0.5981081388476235,0.004064385946054452,-3.6541805728616628,0
1783,375,0.3740470223808174,22,639,49,0,0.07454385545754227,1,0.6131765436908184,-0.20679364850592963,-1.187271555512834,0.5719018294445928,0.8246914974897296,-0.32825132923595907,0.7193954069227468,1.369814439962808,False,-1.5613185778936514,0.2293568603613118,1.7485515409454173,0
1784,29,0.19916542237711232,40,485,22,0,0.6929154597814113,2,0.9005177508105646,-0.20679364850592963,-0.591834492644099,-0.0014476073333490622,1.1633910532099787,-1.4757985720110882,1.3096159827653022,1.161707803006923,True,-0.7909999150212114,0.17935199819827327,-690.8427867417602,1
1785,337,-0.15223688894666015,41,419,57,2,-1.330846154369433,3,-0.268553453715343,-0.20679364850592963,-0.957104066367214,1.3898101172566182,1.0556230127535355,-0.6014768632300375,-1.1451650485798712,1.2865717851804541,True,-0.8048671774205538,0.04088374230950471,0.7195226999941945,0
1786,160,-1.3178437740849818,39,301,23,2,-1.0497681524040379,1,1.422485627292018,-0.20679364850592963,-0.36029509659218617,-1.599491973343432,0.1318969516983113,-0.46486409623299824,-1.3463766085261968,-0.4476501894519213,True,0.9575486774927956,-1.8746138276521558,-0.6251985500305739,0
1787,315,0.20863919055525648,22,56,45,0,0.018328255064463263,1,-0.8632335084751533,-0.20679364850592963,-1.036855103598889,-0.4152779261516855,-1.6231825643066147,1.5706661320228859,-1.6414868964474745,0.024058187648084785,True,-1.2454942941541456,-0.18010434046843013,-2.4080264753522798,0
1788,334,2.2528386642271556,20,24,77,0,1.1426402629260435,2,0.8426679393432855,-0.20679364850592963,-0.15431974084445962,0.17756413110807878,-1.5000190894992516,-0.0003806884430649987,0.04869020710166129,0.23216482460396978,True,-2.4071584050716153,1.8983949148571773,5.63176487606519,0
1789,369,-0.4499295224469029,7,255,1,1,-1.274630553976354,3,-1.1795361053656206,-0.20679364850592963,-1.4887857878939394,-0.1991760701838267,-0.9919697559188781,-1.3528470817137532,-1.1988214645655582,0.6761256501098578,False,-1.0388562654470366,0.5307081165960333,-5.020685974703996,0
1790,446,-1.2346697636397188,14,662,0,2,-1.49949295554867,3,0.5114292264090835,-0.20679364850592963,-0.02100793754408758,0.2428606281810157,-0.34536151318022124,1.037876340734433,0.9876774868511812,0.4263976857627958,True,1.2136618260956313,-0.6314462020889474,4.11758627049266,0
1791,4,1.3581639759557096,18,34,10,1,-1.330846154369433,3,0.7479871380105251,-0.20679364850592963,-1.3383536801372493,-1.2049994222563494,-0.8226199780587538,-0.5331704797315179,1.0145056948440245,0.7732420806892708,True,-2.6965176560929587,1.0158891853241068,-0.8298759854300248,0
1792,259,-1.1309827860153447,3,455,61,1,1.4237182648914386,2,0.31106692419765586,-0.20679364850592963,0.041396872323116125,-0.33033874398481483,-1.6847643017102962,0.08158697175515853,-0.6488432007122678,0.4263976857627958,True,1.172379658338461,-0.3518113365662889,-3.0271965396999345,0
1793,427,-1.5411320313528198,5,135,93,1,0.35562185742293734,1,-0.2351536375112642,-0.20679364850592963,-0.44671195739082264,1.1080286043178935,-1.1151332307262414,-0.2462836690377356,-1.0780945285977626,0.1905434972127928,True,1.0944200739619971,0.36240280305773925,0.902503695168803,0
1794,270,-1.2793230388409258,7,69,73,1,1.0302090621398854,2,1.090266048425438,-0.20679364850592963,0.2116768563866782,0.17714364549444717,-0.9303880185151966,1.229134214530288,0.6791530949334817,0.4818927889510318,True,1.490999895227604,-1.3948024742167193,5.645132980612892,0
1795,101,0.8804375227451832,10,561,5,2,1.2550714637122016,2,-1.058874311958881,-0.20679364850592963,-1.1579549317201276,1.6252000096085697,1.255763659315501,0.4914252727462762,0.5986684709549516,0.1350483940245568,True,-2.0383924544653107,-0.9322726761195875,0.6153088435619479,0
1796,144,1.9083725480541756,36,469,3,0,-0.8249057508317219,0,1.6445940125739205,-0.20679364850592963,1.7797670078178849,0.5905942866973692,-1.5000190894992516,0.04060314165604677,-1.6549010004438962,0.05180573924220279,True,-0.12860554023629067,3.1384980662903335,1.6932094556334099,0
1797,354,0.3962196347992141,25,249,98,2,-0.31896534729401077,0,0.711772004452503,-0.20679364850592963,-0.9903503023158305,0.8447333322142874,1.2095773562627397,-0.45120281953329433,-1.2122355685619797,1.522425973730457,True,-1.3865699371150446,0.28201804366447536,1.1838054016386148,0
1798,162,1.363078261161389,19,302,72,1,-0.7124745500455638,0,-0.057165238718669,-0.20679364850592963,0.4886930838225883,-1.2699063389729712,1.1787864875608989,-0.49218664963240616,-0.8500547606585935,1.147834027209864,True,-0.8743851773388007,-0.07792069419151905,-0.7874597110482296,0
1799,77,-1.4379647853871615,18,164,8,2,0.1869750562437003,1,0.28330532668029007,-0.20679364850592963,0.9575054027832539,-1.3368123034956008,0.02412891124186848,1.5433435786234782,0.7998800309012772,0.38477635837161883,False,2.3954701881704157,-0.407383083278863,-0.748048228004743,0
1800,207,0.46651430968376795,29,97,91,0,1.8734430680360705,2,-0.268553453715343,-0.20679364850592963,-0.04634957379416895,0.8077633534346084,-0.376152381882062,1.4886984718246623,-0.5147021607480506,1.591794852715752,True,-0.5128638834779369,-0.12528402907320496,1.2379861898282256,0
1801,17,0.522476479405631,34,322,77,1,0.9177778613537274,0,0.3928177842655264,6.431744946342571,1.7103817473701868,-0.2832787427979059,1.332740831070103,0.4914252727462762,-1.520759960479679,0.3292812551833828,True,1.1879052679645556,0.20523805297097292,-3.530093162418217,0
1802,396,0.06482883584770541,4,426,12,1,1.6485806664637546,2,0.005104994666132303,-0.20679364850592963,-0.09684820946237539,0.3461092165240627,-1.7309506047630576,-0.41021898943418267,-1.3597907125226185,-0.3089124314813312,False,-0.1616770453100808,0.00033095086121410274,2.8892605666986624,0
1803,177,0.02464791512226567,4,157,41,0,-0.15031854611477377,0,2.089496516746594,-0.20679364850592963,1.302762718030215,1.071033923096627,-0.3607569475311417,-0.23262239233803164,1.5913121666901584,0.024058187648084785,True,1.2781148029079494,0.051501732793039816,0.9336771553799477,0
1804,270,-1.4774695440007939,9,499,5,0,1.6485806664637546,2,0.5627146920237458,-0.20679364850592963,0.6062234601172475,1.183431011712033,1.6098586493866702,1.5023597485243663,0.5986684709549516,0.6622518743127987,True,2.0836930041180413,-0.8313938194268709,0.8450006004602423,0
1805,349,0.9864468172415783,25,303,35,2,1.8734430680360705,2,0.625667627837102,-0.20679364850592963,-0.6403950533190536,-1.6654668625787343,1.22497279061366,1.215472937830584,1.6315544786794234,0.7177469775010348,True,-1.6268418705606318,0.6171878401309976,-0.6004322766859932,0
1806,24,0.5874740084944596,33,493,49,2,1.6485806664637546,2,0.9005177508105646,-0.20679364850592963,0.0577737342953516,-1.0731553092957957,-1.3768556146918882,0.7236669766412428,1.4705852307223628,1.34206688836869,False,-0.529700274199108,0.5290307727890973,-0.9318316598921417,0
1807,487,0.03537125833964351,2,1,66,1,-1.218414953583275,3,1.578306680802934,-0.20679364850592963,-1.390961934937256,1.1651731868456034,-1.6077871299556943,1.3930695349267348,-1.1451650485798712,1.4253095431510439,True,-1.4263331932768994,0.055826693345865847,0.8582414403845747,0
1808,335,0.3702655290868566,12,571,18,1,0.1869750562437003,1,-0.6194028630245529,-0.20679364850592963,0.48381955730221654,1.2968603794503453,-0.9919697559188781,-1.325524528314345,0.7998800309012772,-0.7528732569872193,True,0.11355402821535993,-0.22934352879569986,0.7710929709445961,0
1809,449,0.8076730918391,0,562,26,1,-1.0497681524040379,3,-0.010337456390444507,-0.20679364850592963,-0.999769756755155,1.2681225165350565,-0.14522086661825598,0.36847378244894086,-0.07203672886613413,1.605668628512811,False,-1.8074428485942549,-0.008349285364622178,0.7885672780857272,0
1810,150,1.2401157407695758,40,595,97,0,0.9177778613537274,2,0.6505043648705744,-0.20679364850592963,-0.3520108940505254,-1.0541369321639231,-0.6840610689004701,0.4367801659474605,-1.5073458564832574,0.2876599277922058,True,-1.592126634820101,0.8067007023153148,-0.9486434488274246,0
1811,310,-0.9547363357214756,19,529,96,2,1.3675026644983594,0,-0.6931384774092352,-0.20679364850592963,0.41466544347519857,-1.7025782002642382,-1.06894692767348,-0.8337185671250041,0.14258893507661327,-0.15630089771368225,True,1.3694017791966742,0.661764490069256,-0.58734456871306,0
1812,52,-1.0109341722460097,11,521,72,2,0.8053466605675694,1,-1.3441580977555516,-0.20679364850592963,0.3919388959350417,-0.7812552627617533,0.3012467295584358,-0.8883636739238198,-0.407389328776677,-1.5991735806078182,True,1.4028730681810515,1.3588553539222796,-1.2799915413870406,0
1813,34,-1.3838405301737036,16,667,52,0,0.9739934617468065,2,-1.1998816021188639,-0.20679364850592963,-0.9100812739285977,-0.45218555031008834,-0.9919697559188781,-1.4757985720110882,1.1352326308118201,1.2865717851804541,True,0.47375925624510584,1.6604447924218413,-2.2114820353336118,0
1814,392,-1.4687000978375275,23,304,10,2,0.1869750562437003,1,0.625667627837102,-0.20679364850592963,-0.2084722709372532,-1.336733516853709,0.8400869318406499,-0.9976538875214511,-1.2256496725584014,1.4808046463392799,True,1.2602278269002742,-0.9189181062181254,-0.7480923177290774,0
1815,350,0.47394013091043924,20,323,90,0,0.5242686586021743,1,0.21271612150727617,-0.20679364850592963,-0.44456707970181536,-1.5148439970518404,0.8708778005424909,-1.011315164221155,1.4035147107402541,1.4253095431510439,True,-0.9185072106122546,0.10081470647391937,-0.6601340256551718,0
1816,186,-0.18345457272146645,23,212,27,2,-0.2627497469009318,0,0.8426679393432855,-0.20679364850592963,1.499470778345033,-1.0731286480702937,1.3173453967191826,-0.9430087807226356,-0.7829842406764849,0.9813487176451559,True,1.6829253510664994,-0.15459128675830106,-0.9318548106824724,0
1817,220,1.686874361027614,39,546,25,2,1.3112870641052805,0,0.4195783825648011,-0.20679364850592963,0.6403886167744033,-0.6126219232482913,-0.11442999791641516,1.5843274087225898,-1.6817292084367397,-1.2384554098842842,True,-1.0464857442532107,0.7077760159899987,-1.632328399105539,0
1818,92,-1.51254348303357,20,536,23,0,-0.4313965480801688,1,1.2392862489351955,-0.20679364850592963,-0.5321458171180133,-0.34907190041448016,-0.32996607882930085,1.1744891077314723,-0.6756714087051112,0.2876599277922058,True,0.9803976659155567,-1.8744743394400485,-2.8647401446138647,0
1819,3,0.637944027465256,32,144,13,0,-1.105983752797117,3,0.8774958557738228,-0.20679364850592963,-1.1393807861710228,1.324261263522705,0.347433032611197,0.6007154863439075,0.3035581830336738,-0.8222421359725143,True,-1.777324813636279,0.559793240316424,0.7551379414558104,0
1820,20,0.25422839398935354,9,321,51,1,1.4799338652845175,2,-1.773869888025952,-0.20679364850592963,0.6381765949673006,-1.5343268236140908,0.5629691135240826,-1.4074921885125689,0.9876774868511812,-1.1135914277107533,True,0.3839482009779471,-0.4509680927789122,-0.6517516671054978,0
1821,100,-1.1222064867716708,0,164,92,1,-0.6000433492594058,1,0.43287030725424697,-0.20679364850592963,0.14125775387319278,-0.32134466117771016,-0.40694325058390285,-1.0659602710199707,-0.729327824690798,-0.9332323423489863,True,1.2634642406448635,-0.4857698667315622,-3.1119244599474625,0
1822,362,-0.43030750653102623,3,637,6,2,-1.162199353190196,3,-0.5829717049916499,-0.20679364850592963,-0.9135672791418941,0.7225483091997884,0.5629691135240826,-1.4074921885125689,0.9876774868511812,-1.1135914277107533,True,-0.48325977261086783,0.25085710075309786,1.3839903143755934,0
1823,135,-1.3405772571861,40,208,67,0,-1.387061754762512,3,-1.796020240971909,-0.20679364850592963,-1.1687342366257114,-1.6654869945245216,1.1172047501572173,-0.9703313341220434,0.3035581830336738,1.2310766819922179,True,0.1718430205603887,2.4077038884928403,-0.600425018826395,0
1824,285,-0.7883740675781121,36,17,5,2,-0.31896534729401077,1,0.8774958557738228,-0.20679364850592963,0.9323796400577085,-0.08577336367101644,-1.5000190894992516,1.6662950689208131,-0.17934956083750783,0.2737861519951468,True,1.7207537076358206,-0.6917949770993451,-11.658644631216347,0
1825,453,-1.59604606328675,40,225,70,1,-1.330846154369433,3,-0.057165238718669,-0.20679364850592963,-1.057363049548091,1.3997615012912377,-0.06824369486365395,-1.1752504846176022,-1.1451650485798712,0.2876599277922058,True,0.5386830137386589,0.09123835421377895,0.7144073669955872,0
1826,487,-0.1894893682560049,40,251,79,2,-0.6000433492594058,1,-0.18564650983431563,-0.20679364850592963,0.941595887751747,0.38463795201431605,-0.7456428063041518,-1.380169635113161,1.1486467348082419,-0.10080579452544622,True,1.1310852560077518,0.03517803986743667,2.599846777413433,0
1827,57,-0.5341216520229702,18,260,49,0,-1.274630553976354,3,-1.2202938111117605,-0.20679364850592963,-1.290096009525738,0.45896738110866064,-0.4223386849348233,-0.341912605935663,-1.668315104440318,-1.4881833742313462,True,-0.7559743575027679,0.6517853463444199,2.1788035997331363,0
1828,277,-1.295632018549837,8,322,94,1,0.4680530582090954,0,0.7719110874194387,-0.20679364850592963,1.6006514455755003,-0.1802849051850638,-0.29917521012746007,-0.5468317564312217,-1.0915086325941843,0.7454945290951528,True,2.896283464125337,-1.000112720334247,-5.546779158529151,0
1829,19,-0.8049882620983763,29,487,41,1,0.35562185742293734,0,0.8543170953229892,-0.20679364850592963,1.087244985180245,-1.0541576082163533,-0.3145706444783804,0.4367801659474605,-0.5817726807301593,0.8287371838775068,True,1.8922332472786212,-0.6877152338449859,-0.9486248423084437,0
1830,391,-0.06882039682414222,25,292,19,2,-0.4876121484732478,1,-0.1530404922217351,-0.20679364850592963,-0.4919636191075223,1.032767555829579,-1.6847643017102962,-0.3692351593350709,0.8401223428905423,-1.3633193920578153,True,-0.4231432222833801,0.01053230740486186,0.9682719964702436,0
1831,397,-0.456041922783524,11,254,66,1,0.7491310601744904,1,-1.1795361053656206,-0.20679364850592963,-0.5678014987980404,1.0610194226914313,0.48599194176948063,-0.7107670768276688,-1.5610022724689443,-1.7795326659695851,True,-0.11175957601451642,0.537917913483527,0.9424897267331647,0
1832,380,-0.4625953735815692,22,528,28,1,-1.162199353190196,3,-0.6561257527358736,-0.20679364850592963,0.7389083571488484,0.12110610234237765,0.02412891124186848,1.5433435786234782,0.7998800309012772,0.38477635837161883,False,1.2015037307304177,0.30352073770333976,8.257215408116869,0
1833,165,-0.4896541449741795,34,302,0,1,-1.330846154369433,3,0.625667627837102,-0.20679364850592963,-0.9115520778212223,0.6565276061851542,1.4405088715265457,0.3957963358483486,-0.004966208884025563,-0.15630089771368225,True,-0.4218979328470428,-0.3063607473465993,1.5231649640662381,0
1834,344,-1.6432761159520433,16,156,70,1,-0.09410294572169475,0,0.3928177842655264,-0.20679364850592963,1.833507664413698,1.0325449073913051,-0.3145706444783804,1.229134214530288,-0.15252135284466442,-0.05918446713426923,True,3.476783780365741,-0.6455080828047418,0.9684807856719687,0
1835,151,0.22176738285062517,18,368,56,1,1.3675026644983594,2,-0.1693034138610984,-0.20679364850592963,0.7401023170241391,0.4404141063351373,-0.376152381882062,-1.5031211254104964,-0.9707816966263889,1.369814439962808,True,0.518334934173514,-0.03754597499965205,2.2705897893744162,0
1836,195,-1.1103910623212359,4,648,24,1,-0.4876121484732478,0,-0.010337456390444507,-0.20679364850592963,1.412527287901871,-0.9414196911998359,0.3012467295584358,-0.8883636739238198,-0.407389328776677,-1.5991735806078182,True,2.522918350223107,0.011478619183085124,-1.0622256105011618,0
1837,217,-0.5992707871513597,13,266,57,0,0.2994062570298583,1,-1.058874311958881,-0.20679364850592963,0.844059921014499,0.7692312444831689,-0.791829109356913,-1.380169635113161,1.457171126725941,0.8703585112686838,True,1.4433307081658588,0.6345524424219531,1.2999990278241715,0
1838,251,-0.45569015780435257,34,416,95,2,1.1988558633191224,0,0.15496181434917897,-0.20679364850592963,0.8582095744611262,0.5060380467857704,-0.052848260512733544,-0.8747023972241159,-1.6817292084367397,0.8981060628628018,False,1.3138997322654788,-0.07061457363442615,1.9761356062813717,0
1839,33,1.5556894995504431,1,607,11,0,0.5242686586021743,0,-0.9601914853903032,-0.20679364850592963,1.97337912052429,0.3091661166125428,-0.19140716967101717,-0.5195092030318139,-1.158579152576293,0.7871158564863298,False,0.417689620973847,-1.4937598113794375,3.234506056181529,0
1840,2,0.13562810136783213,8,481,88,0,1.3675026644983594,0,-0.6931384774092352,-0.20679364850592963,1.772878562443555,-1.6653754526627274,0.8708778005424909,0.35481250574923695,-0.7695701366800631,-0.4337764136548623,True,1.6372504610757228,-0.09400905567600457,-0.6004652334989375,0
1841,134,1.3650600168724683,23,430,69,0,-1.330846154369433,3,-1.449180960650241,-0.20679364850592963,-1.3571285847217662,-1.665815852579489,0.7939006287878887,-0.1916385622389199,1.3096159827653022,-1.2384554098842842,True,-2.7221886015942345,-1.9782189865964779,-0.6003064855471056,0
1842,333,1.6387799999934523,8,616,79,0,0.8615622609606484,1,0.4195783825648011,-0.20679364850592963,0.14418596168344694,-0.8475680422222952,-0.8072245437078334,-0.45120281953329433,-0.6756714087051112,1.34206688836869,True,-1.4945940383100054,0.6875966617767975,-1.1798464172418235,0
1843,261,0.31029841051041784,2,635,1,1,1.3112870641052805,0,-1.796020240971909,-0.20679364850592963,1.0319007756081895,-0.8097973561069275,-1.3152738772882067,-0.10967090204069636,0.04869020710166129,-0.2534173282930952,True,0.7216023650977716,-0.557302226018121,-1.2348769923072667,0
1844,351,-1.5649253998653563,21,485,42,0,1.9296586684291497,2,1.133471172798824,-0.20679364850592963,-0.11400034601963974,-0.18975551659001855,-1.6539734330084557,-1.1479279312181943,0.5181838469764212,0.3292812551833828,True,1.4509250538457166,-1.773797828328054,-5.269941791230015,0
1845,301,1.2841512514732718,7,4,15,2,1.1426402629260435,2,1.2183662282076309,-0.20679364850592963,-0.08304682381582963,0.7035749840979479,-0.637874765847709,0.873941020337986,-0.3403188087945684,0.8287371838775068,True,-1.3671980752891015,1.564566516705599,1.4213124122809122,0
1846,296,-0.7140386262612693,36,638,9,1,0.35562185742293734,0,0.9119708027708356,-0.20679364850592963,1.4552562846204156,0.5255190233854347,0.7323188913842071,0.6690218698424271,-1.1451650485798712,1.078465148224569,True,2.169294910881685,-0.6511823792008745,1.9028803244264891,0
1847,297,1.018330059924805,10,319,20,1,0.41183745781601633,2,0.957405412360788,-0.20679364850592963,0.2476093688592994,-1.326724783978928,-0.14522086661825598,0.36847378244894086,-0.07203672886613413,1.605668628512811,True,-0.7707206910655057,0.974954710941694,-0.7537358821130389,0
1848,152,0.6584951089507345,24,145,72,0,0.07454385545754227,0,-0.3022664678409858,-0.20679364850592963,-1.0404884549025355,-1.2704814596945146,-1.1151332307262414,-0.2462836690377356,-1.0780945285977626,0.1905434972127928,True,-1.69898356385327,-0.19904099067310363,-0.7871032442699109,0
1849,199,-1.5091225895611715,41,120,93,1,0.2994062570298583,1,-1.3233493238148013,-0.20679364850592963,-0.6216582730384419,1.3619582775986245,-0.791829109356913,0.3274899523498291,0.10234662308734813,-0.6141354990166293,True,0.8874643165227296,1.9970963584494184,0.7342368287077746,0
1850,3,-1.5202008644718494,23,96,83,1,-0.09410294572169475,1,-0.18564650983431563,-0.20679364850592963,-1.1605125112779038,-0.6122972004038099,0.7323188913842071,0.6690218698424271,-1.1451650485798712,1.078465148224569,True,0.35968835319394565,0.2822199847363083,-1.6331940806848506,0
1851,233,-0.25466413688991274,22,651,49,0,-0.2627497469009318,0,0.3793476208697771,1.4528410002061956,1.8901497089058084,-0.08564332218336382,1.5482769119829887,-0.041364518542176765,0.062104311098082995,-0.6696306022048653,True,2.144813845795721,-0.09660623445004363,-11.67634722872734,0
1852,300,-0.9617687297864383,15,387,69,0,0.6366998593883324,2,-0.1368580718294795,-0.20679364850592963,-0.4992154881402306,-0.5372953643201719,1.22497279061366,1.215472937830584,1.6315544786794234,0.7177469775010348,True,0.46255324164620776,0.13162581390445965,-1.8611740441548064,0
1853,84,-0.054316593810181016,9,58,65,2,0.9177778613537274,0,1.101116147891736,-0.20679364850592963,1.5745189330785636,0.08370584402949484,1.22497279061366,-0.6151381399297413,-1.6951433124331614,0.6483780985157398,False,1.6288355268887447,-0.05980887854286663,11.946582905123648,0
1854,478,-0.3699749950674861,19,350,76,2,-0.20653414650785276,0,1.1867614863444798,-0.20679364850592963,1.8969299334525909,0.30906066874514915,1.147995618859058,-0.697105800127965,-0.5817726807301593,-0.8916110149578094,True,2.266904928520077,-0.43907207505658136,3.23560963127157,0
1855,284,-1.4153190473166315,37,140,70,0,0.07454385545754227,0,-1.4280464114595173,-0.20679364850592963,0.8381710294595436,1.0613800565743443,1.332740831070103,-1.5714275089090157,1.323030086761724,0.1905434972127928,True,2.253490076776175,2.0211412865908183,0.9421694892314062,0
1856,132,-1.1696200029496602,4,659,88,1,0.1869750562437003,1,0.5243298950584547,-0.20679364850592963,0.4186770514544439,0.47802547802546463,-1.4692282207974106,-0.49218664963240616,-0.7963983446729067,-1.0997176519136944,True,1.5882970544041042,-0.6132667334048648,2.0919382685140113,0
1857,128,1.4209721462848324,29,222,23,0,-1.274630553976354,3,-0.21857193818218257,-0.20679364850592963,-1.414134638237433,-1.3266961639695116,0.6399462852786847,0.16355463195338205,-1.2524778805512449,-1.3078242888695795,False,-2.8351067845222655,-0.31058463611637166,-0.7537521420000087,0
1858,388,-0.47647301958552774,20,616,20,2,-1.443277355155591,3,-0.1368580718294795,-0.20679364850592963,-1.1360810040119482,1.1079784376854185,0.17808325475107253,1.3247631514282154,1.1486467348082419,1.4946784221363392,True,-0.6596079844264204,0.06520917873924516,0.9025445583892021,0
1859,28,-0.6077597883340181,28,53,40,0,-1.49949295554867,3,2.0810374593655454,-0.20679364850592963,-1.2752623454841077,0.06438973174262853,-1.3922510490428086,-0.49218664963240616,1.0547480068332897,-0.8499896875666323,True,-0.6675025571500895,-1.2647708858191666,15.530402439892722,0
1860,225,-1.5414361873585025,7,151,36,0,-0.6000433492594058,1,-1.840507443699069,3.1124756489183207,-0.5164125251358943,1.1178722552372191,-1.2844830085863659,1.3794082582270308,0.7059813029263252,0.8009896322833888,True,1.0250236622226083,2.8370247768204364,0.8945565165065684,0
1861,129,-0.8334246458109736,15,99,38,2,0.2994062570298583,1,1.9782297698019935,-0.20679364850592963,0.2213109801364404,-1.5622345974349743,1.2403682249645807,-1.3528470817137532,-0.9305393846371237,0.3709025825745598,False,1.054735625947414,-1.6487054452299503,-0.6401087683327282,0
1862,230,-1.5950185848611187,15,6,63,0,-1.105983752797117,3,1.3724795730738664,-0.20679364850592963,-1.0552405075268994,-0.1139645082315213,0.424410204365799,-0.09600962534099243,-1.29272019254051,-1.4465620468401692,True,0.5397780773342193,-2.189130426395071,-8.774669350877312,0
1863,16,-0.711447695392661,3,620,94,0,-0.7124745500455638,1,-1.40697668519828,-0.20679364850592963,0.5257516742271576,-1.4684878522181846,-1.7309506047630576,-0.41021898943418267,-1.3597907125226185,-0.3089124314813312,True,1.2371993696198187,1.0009903201555217,-0.6809726526417922,0
1864,69,-0.3270055326458034,28,606,9,0,1.4237182648914386,2,0.3793476208697771,-0.20679364850592963,-0.12605360682228203,-1.2325242538219612,0.5167828104713215,1.4477146417255506,-1.426861232504727,-1.2523291856813432,True,0.20095192582352137,-0.12404877082043973,-0.8113431261359692,0
1865,126,1.017273986520529,32,416,57,0,1.3112870641052805,2,0.9119708027708356,-0.20679364850592963,-0.6043576113923878,-1.7217722150204382,-1.0073651902697986,-0.5331704797315179,0.5450120549692647,0.7316207532980938,True,-1.6216315979129168,0.927724174125015,-0.5807969540662061,0
1866,71,-1.3437539228744684,18,298,71,0,0.07454385545754227,0,-0.8440511312458903,-0.20679364850592963,1.3946585135885212,1.2961208297013183,-1.1151332307262414,-1.7490241060051668,-1.5610022724689443,-0.4060288620607443,True,2.7384124364629896,1.1341970187182977,0.7715329465672951,0
1867,348,-1.5765678668317884,1,514,21,0,0.2994062570298583,0,0.7238882179995157,-0.20679364850592963,0.4749953721967222,0.7324719437956201,-1.1305286650771618,0.873941020337986,-0.3671470167874118,-1.5159309258254643,True,2.0515632390285106,-1.1412589036761611,1.3652398183254455,0
1868,207,0.3086060626890875,32,23,18,0,0.4680530582090954,2,-0.6561257527358736,-0.20679364850592963,-0.8883902955449942,-1.3368078418211289,-0.7610382406550722,-1.544104955509608,-1.6951433124331614,-0.9748536697401633,False,-1.1969963582340817,-0.20248438518073175,-0.7480507246597056,0
1869,391,-0.4007729154342632,22,171,39,0,1.3112870641052805,2,1.5205971193345007,-0.20679364850592963,0.23403903296402787,-0.8573336682490292,0.6861325883314459,0.013280588256638914,-1.0378522166084974,1.439183318948103,True,0.634811948398291,-0.60941414071663,-1.1664071454035618,0
1870,434,0.6508029770101655,11,555,93,2,-0.6000433492594058,1,-1.7077935573996443,-0.20679364850592963,0.16141624305375166,1.2961905841729378,-1.3460647459900474,-0.2052998389386238,1.1084044228189767,-0.9332323423489863,True,-0.48938673395641386,-1.1114371312744695,0.7714914265396617,0
1871,61,1.13399878169655,2,71,39,0,0.8615622609606484,0,-0.2351536375112642,-0.20679364850592963,1.1958623045919874,-1.0542600090865468,0.6553417196296051,0.6143767630436114,0.5852543669585298,0.05180573924220279,True,0.061863522895437395,-0.26666393844928576,-0.9485327018329287,0
1872,201,0.8269971236029473,19,188,53,1,-1.0497681524040379,3,1.3319970055926482,-0.20679364850592963,-1.282299439813241,-1.111108162315206,-1.1151332307262414,-1.7490241060051668,-1.5610022724689443,-0.4060288620607443,True,-2.1092965634161884,1.101557692272859,-0.9000024695314595,0
1873,389,-1.2894599929793034,40,61,93,1,-0.6562589496524849,0,0.33856840262911453,-0.20679364850592963,0.4615257652691973,-1.4021572260597555,1.1326001845081377,-1.0386377176205628,0.9876774868511812,-1.6407949079989952,True,1.7509857582485007,-0.43657041007715197,-0.7131868329265855,0
1874,254,-0.9095957500073641,32,230,60,2,0.6929154597814113,2,-1.642282406264363,-0.20679364850592963,-0.7082307605153804,-0.7910232828577162,0.8708778005424909,-0.3965577127344787,-1.4939317524868356,1.120086475615746,False,0.20136498949198378,1.493813097049932,-1.2641854520461926,0
1875,142,-0.49387469060857786,5,95,61,1,-0.4876121484732478,1,-0.1368580718294795,-0.20679364850592963,1.1004960141714426,0.3283496845211991,-1.06894692767348,0.9422474038365055,-0.004966208884025563,-1.071970100319576,True,1.5943707047800204,0.06759073788207072,3.0455326823442377,0
1876,167,-0.46542026486937244,5,117,78,2,0.41183745781601633,1,0.40622778730442793,4.772110297630446,0.05203998482740198,0.3746110459776623,-0.2068026040219376,0.1225708018542703,-0.4878739527552072,0.7177469775010348,True,0.5174602496967744,-0.18906664436452594,2.6694347211431584,0
1877,281,-0.04173189844762971,7,86,11,1,0.5804842589952534,2,-1.3233493238148013,-0.20679364850592963,0.5830213804219343,0.8352293126614587,1.6560449524394316,-0.3145900525362552,1.564483958697315,1.591794852715752,True,0.624753278869564,0.05522587959217873,1.197275844026493,0
1878,45,1.4674461346988292,6,534,99,1,1.8734430680360705,2,-1.5343641390551084,-0.20679364850592963,0.1921015175790242,0.610243174607032,0.347433032611197,-0.3145900525362552,1.4035147107402541,-0.017563139743092215,True,-1.275344617119805,-2.2515967250769156,1.6386907346811042,0
1879,455,-1.6463953538390568,2,510,35,0,0.41183745781601633,1,-1.449180960650241,-0.20679364850592963,-0.7160672839768435,1.6909260244654103,0.347433032611197,0.6007154863439075,0.3035581830336738,-0.8222421359725143,True,0.9303280698622133,2.3859248004865776,0.5913918920119304,0
1880,71,0.2255711163925348,20,463,9,2,1.2550714637122016,0,-1.512971918718622,-0.20679364850592963,1.751312806239916,0.04562001134656047,-0.4993158566894253,-0.8337185671250041,1.2827877747724588,1.411435767353985,True,1.525741689847381,-0.34128276477591496,21.92015693261553,0
1881,249,1.4917305723157506,38,73,84,0,1.0302090621398854,0,0.625667627837102,-0.20679364850592963,-0.8631336913726917,-0.5464374441341447,1.22497279061366,1.1061827242329525,0.10234662308734813,1.34206688836869,True,-2.3548642636884423,0.9333275285528781,-1.8300359789365168,0
1882,316,-0.16584325882761766,36,188,31,2,0.5242686586021743,0,0.19838749507060127,-0.20679364850592963,-1.358867296385895,-0.5279266096787676,-1.5462053925520127,-1.339185805014049,-0.2732482888124598,-0.1424271219166232,True,-1.1930240375582772,-0.03290122869315645,-1.894203040890065,0
1883,457,-0.15253534784338885,32,430,20,2,0.5242686586021743,0,0.12563405665017108,-0.20679364850592963,1.113002536459251,0.5719817042997702,0.8554823661915704,-0.8337185671250041,1.2559595667796155,-1.3771931678548743,False,1.26553788430264,-0.019163634532109865,1.748307363071133,0
1884,69,0.8859718953851159,13,19,45,0,0.9739934617468065,2,0.7599707599737691,6.431744946342571,-0.4556107812230812,1.4277393560477265,-0.6994565032513905,1.7209401757196288,1.5778980626937367,0.9952224934422149,True,-1.341582676608197,0.6733127346512271,0.7004079040921118,0
1885,358,-0.41224639826683585,6,208,64,1,0.6929154597814113,0,-1.4703801694062202,-0.20679364850592963,1.4768909990314463,0.01757577557963808,-0.9919697559188781,-1.3528470817137532,-1.1988214645655582,0.6761256501098578,True,1.8891373972982821,0.6061589289206942,56.89616972246409,0
1886,443,-0.9661508525468221,13,416,52,0,-0.2627497469009318,0,-1.4703801694062202,-0.20679364850592963,1.6615211668863354,-0.8096718851150752,1.3481362654210234,-0.2052998389386238,0.5181838469764212,0.9258536144569199,True,2.6276720194331578,1.4206090542397602,-1.2350683553310113,0
1887,204,-0.9523388053614206,41,309,64,2,1.3675026644983594,2,-0.6561257527358736,4.772110297630446,-0.15143679826184367,0.6094329998157569,0.5167828104713215,-0.12333217874040028,-0.8634688646550153,0.5790092195304448,False,0.8009020070995769,0.6248540155273447,1.6408691951623875,0
1888,179,-1.4305655405962951,10,437,64,1,-0.03788734532861575,0,-0.6194028630245529,-0.20679364850592963,0.7359378193577251,-0.593953733151788,-0.4685249879875845,0.7373282533409466,1.1352326308118201,-0.9471061181460453,True,2.16650335995402,0.8860963915896125,-1.6836331056576677,0
1889,211,1.5063393285041027,2,123,44,1,0.9739934617468065,0,-0.20206945745702398,-0.20679364850592963,0.6524141273937133,-0.2168724858161141,1.2403682249645807,-0.5468317564312217,-0.6354290967158461,-1.1413389793048714,True,-0.8539252011103894,-0.30438517085700184,-4.611006589137167,0
1890,465,1.5233520414954547,24,177,95,2,-0.9373369516178799,3,1.1119335175736063,-0.20679364850592963,-1.1737276825992362,-0.3772689213267283,-0.48392042233850485,-0.7244283535273728,0.9876774868511812,-0.2672911040901542,True,-2.697079724094691,1.6938661940029751,-2.650629851900654,0
1891,446,0.7628338221452424,24,277,65,1,0.8053466605675694,1,-0.1047360641534968,-0.20679364850592963,-0.039268232938997574,0.8352996112397211,0.5629691135240826,-0.6151381399297413,-1.6414868964474745,1.411435767353985,False,-0.80210205508424,-0.07989621213466128,1.1971750816432547,0
1892,190,1.4913717825950334,13,57,20,0,0.6366998593883324,0,-1.5343641390551084,-0.20679364850592963,1.672775553718617,0.6001491258106447,0.03952434559278888,0.6416993164430193,-1.5475881684725226,1.189455354601041,True,0.18140377112358363,-2.2883073812125105,1.6662522535945314,0
1893,373,-1.607674419570308,1,158,98,2,-1.330846154369433,3,0.36581652871821657,-0.20679364850592963,-1.2427222817941859,0.9949594351771799,-0.376152381882062,-1.6670564458069432,-0.3537329127909901,0.17666972141573378,False,0.36495213777612223,-0.5881138754762838,1.0050659998166886,0
1894,141,0.8769154202364079,1,573,29,1,0.4680530582090954,0,-0.3534180473878296,-0.20679364850592963,1.7421965125915857,0.38386814993594387,0.7477143257351275,0.3138286756501251,0.7059813029263252,0.4263976857627958,False,0.8652810923551778,-0.3099177355442293,2.605060460631662,0
1895,493,-1.168886853375869,1,543,29,2,-1.330846154369433,3,0.5114292264090835,-0.20679364850592963,-1.2301243389636407,-1.2699600967092894,1.0864138814553765,-1.6943789992063512,1.698624998661532,0.0934270666333798,True,-0.061237485587771756,-0.5978028991817684,-0.7874263776742514,0
1896,166,-0.9206680601577573,18,308,66,1,0.2431906566367793,1,0.5114292264090835,-0.20679364850592963,-0.6230924075166561,1.6438551411456435,-1.222901271182684,-0.5741543098306296,1.2559595667796155,0.953601166051038,False,0.2975756526411012,-0.47085655378603336,0.6083260709155115,0
1897,83,1.3939336081168883,42,340,32,0,-1.443277355155591,3,0.9686714048106199,-0.20679364850592963,-1.0757938075644207,-0.26461664669580304,1.5790677806848294,-1.325524528314345,-1.2390637765548231,1.411435767353985,True,-2.4697274156813087,1.3502636263873222,-3.7790531714162854,0
1898,142,-0.48615513713365954,1,402,70,2,-1.105983752797117,3,0.889026224217017,-0.20679364850592963,-1.2536390522242953,-1.5238468943865602,0.7477143257351275,-0.9566700574223395,1.6181403746830016,-1.1274652035078123,True,-0.7674839150906357,-0.43220466594964346,-0.6562339492944631,0
1899,183,1.6257264752810192,36,249,23,2,0.2431906566367793,1,0.14033640788738985,-0.20679364850592963,-0.14813348539670135,-1.6375248100393482,1.2865545280173418,-1.0386377176205628,-1.6549010004438962,-0.4060288620607443,False,-1.7738599606777206,0.22814861374836573,-0.6106778077113542,0
1900,334,-1.1396916417870913,16,52,54,1,-1.162199353190196,3,-0.6745960027047526,-0.20679364850592963,-1.1834809501351544,-0.9038433599773112,-0.34536151318022124,-0.341912605935663,0.2767299750408304,0.41252390996573685,True,-0.04378930834806316,0.7688314258655886,-1.1063865210712558,0
1901,379,-0.18576835555799578,15,566,52,0,1.8734430680360705,2,0.16951140238744397,-0.20679364850592963,0.706091111716225,0.5905633814400527,-0.9919697559188781,-1.6124113390081276,-0.4476316407659421,0.8842322870657428,True,0.8918594672742207,-0.03148985446984519,1.6932980643529831,0
1902,332,1.937106896237483,30,677,4,2,1.5923650660706756,2,-1.3233493238148013,-0.20679364850592963,-1.0189990026935598,-0.21786471869010296,-0.03745282616181314,-0.683444523428261,-0.8366406566621718,-0.04531069133721022,False,-2.9561058989310425,-2.5634691012928617,-4.590006426984041,0
1903,2,0.6966685397106052,13,282,31,0,0.7491310601744904,2,-1.862844008126029,-0.20679364850592963,0.8290727266768245,-0.48103615212178574,1.2403682249645807,-0.5468317564312217,-0.6354290967158461,-1.1413389793048714,True,0.13240418696621936,-1.2977848148498112,-2.0788462644101906,0
1904,373,0.08439285172451971,15,158,24,2,1.4799338652845175,2,-0.8440511312458903,-0.20679364850592963,-0.008397926276983972,0.3086125425140583,1.6406495180885112,0.696344423241835,0.6254966789477949,-0.3089124314813312,True,-0.09279077800150369,-0.07123188196714754,3.2403079532117576,0
1905,215,-1.250867396469144,16,607,39,0,0.1869750562437003,1,-1.5989242880013395,-0.20679364850592963,-0.14417880469387107,0.3933628108545148,-1.7309506047630576,1.5023597485243663,0.49135563898357787,-1.0442225487254582,True,1.106688591775273,2.000042261283515,2.542181716694307,0
1906,276,-1.4541942935978138,26,601,36,0,-1.387061754762512,3,1.5495571485901265,-0.20679364850592963,-0.9669782604467917,-0.9036705517075269,0.8092960631388092,-1.188911761317306,-0.9707816966263889,-0.2672911040901542,True,0.48721603315102213,-2.2533571630834617,-1.1065980945935037,0
1907,182,0.9681625163401966,33,295,18,1,1.2550714637122016,0,-0.5468342158350353,-0.20679364850592963,0.8572785950017547,-0.34937714424114596,-0.6224793314967885,-0.27360622243714344,-0.6756714087051112,1.411435767353985,True,-0.11088392133844183,-0.529424390423766,-2.8622372777010017,0
1908,451,0.9929277555654176,15,483,8,2,-0.6562589496524849,0,0.005104994666132303,-0.20679364850592963,0.2945729988976386,-0.15180342531990854,0.3012467295584358,-0.8883636739238198,-0.407389328776677,-1.5991735806078182,True,-0.698354756667779,0.005068890896016176,-6.587470978600843,0
1909,149,0.4113930644018632,7,29,39,1,-1.330846154369433,3,2.0127699128464025,-0.20679364850592963,-1.3433110029588233,-1.5060369781085643,-1.1921104024808433,-1.5714275089090157,1.510827542711628,0.49576656474809083,True,-1.7547040673606866,0.8280395823817526,-0.6639943646372741,0
1910,361,-0.06786021123148575,11,643,77,2,1.4237182648914386,0,-0.33629030118055,-0.20679364850592963,-0.9161984167995579,-0.4433205295986792,0.6707371539805255,-1.1069441011190826,-0.16593545684108613,-1.6130473564048773,True,-0.8483382055680722,0.022820730873212083,-2.2557047526667366,0
1911,378,-1.2685545892270642,20,649,99,2,-0.9935525520109589,1,-1.058874311958881,-0.20679364850592963,-1.2745339189949372,0.9857427039318012,1.5020906089302275,-1.1752504846176022,-1.574416376465366,-1.8905228723460574,True,-0.005979329767872965,1.3432398678500885,1.0144634036498483,0
1912,74,1.0417973623197825,37,588,48,0,-0.8811213512248008,1,-1.3233493238148013,-0.20679364850592963,-1.0174184115991425,1.596856624009382,-1.330669311639127,1.188150384431176,-0.11227904085539928,-0.5863879474225113,True,-2.059215773918925,-1.3786618349779276,0.6262302590862402,0
1913,286,-1.240559635755777,14,582,54,0,0.1869750562437003,1,0.3793476208697771,-0.20679364850592963,0.17806625877846677,-1.33657561710594,1.5020906089302275,-1.1342666545184903,-0.689085512701533,-1.2800767372754611,True,1.4186258945342438,-0.4706033463710313,-0.7481806955175118,0
1914,342,-0.4558308568050391,29,536,68,0,-0.9935525520109589,3,-0.4402037724726214,-0.20679364850592963,-1.16800446185053,1.2299254684543137,1.255763659315501,1.3384244281279192,1.0279197988404463,1.355940664165749,True,-0.712173605045491,0.20065846277500549,0.8130573309868918,0
1915,32,-0.7760403396601817,6,336,31,2,-1.330846154369433,3,0.31106692419765586,-0.20679364850592963,-0.9231449222855503,0.19585971697552548,-1.1459240994280822,0.47776399604657227,-0.313490600801725,-1.5159309258254643,True,-0.14710458262536863,-0.24140048151139684,5.105692507233168,0
1916,368,-0.7938738629513499,22,604,91,2,1.2550714637122016,2,0.5754059049627287,-0.20679364850592963,0.27987081018607857,-1.7314573132640234,-0.4685249879875845,1.0788601708335448,-0.15252135284466442,0.38477635837161883,True,1.0737446731374285,-0.45679970853777874,-0.577548201791755,0
1917,377,2.1364592763400365,27,14,85,1,1.0864246625329645,0,0.6751506888007894,-0.20679364850592963,-0.8899023689583394,-1.5243631427693418,-0.8380154124096743,1.0925214475332485,-0.6354290967158461,-0.2811648798872132,True,-3.026361645298376,1.4424319520158118,-0.6560117058356908,0
1918,458,-0.9079933223156544,19,152,25,2,0.35562185742293734,0,-0.010337456390444507,-0.20679364850592963,1.9549512338764867,1.4462360437303883,-0.7610382406550722,-1.544104955509608,-1.6951433124331614,-0.9748536697401633,False,2.862944556192141,0.0093863413722529,0.6914500127348656,0
1919,29,-0.9286389165850442,6,651,10,0,0.5804842589952534,0,0.32484974849802,-0.20679364850592963,0.719555955175952,-0.5275878488828993,1.3173453967191826,-0.341912605935663,-1.2658919845476666,0.12117461822749778,True,1.648194871760996,-0.30166811849812536,-1.8954192968228964,0
1920,426,0.11480370946556483,17,435,39,2,-1.443277355155591,3,2.0640702978270924,-0.20679364850592963,-1.0779212519334471,-1.0730520378549735,0.008733476890948078,-0.17797728553921596,-1.5341740644761008,-1.6130473564048773,True,-1.1927249613990119,0.23696292678824338,-0.9319213401720293,0
1921,239,-1.5024904587288588,19,504,43,1,-1.0497681524040379,1,0.15496181434917897,-0.20679364850592963,0.5524139220517459,-0.41512437925705964,-0.8842017154624353,-0.5331704797315179,-0.6220149927194244,-0.04531069133721022,True,2.054904380780605,-0.23282864752695415,-2.4089171603975603,0
1922,493,0.15583685592519775,17,427,31,0,0.8615622609606484,0,0.5243298950584547,-0.20679364850592963,-1.2139612141703129,-0.25545813486121455,-0.03745282616181314,1.3384244281279192,1.3364441907581457,0.911979838659861,True,-1.3697980700955106,0.08170992231349847,-3.914537276321259,0
1923,63,-0.5629573352426133,17,253,19,2,1.9296586684291497,2,1.4324091610751095,-0.20679364850592963,0.17135836431843454,0.1769651785155766,-0.006661957459972327,0.08158697175515853,1.5510698547008932,-0.7528732569872193,True,0.7343156995610478,-0.8063852442959508,5.6508260173307345,0
1924,486,-0.5164014207438792,19,611,39,0,0.41183745781601633,1,0.29721907485255783,-0.20679364850592963,0.6752272095117872,0.5061452357944213,1.0094367097007746,-1.1615892079178982,1.5913121666901584,-0.07305824293132822,True,1.1916286302556665,-0.15348435252604223,1.975717109850372,0
1925,60,-0.45238641426517956,9,179,10,2,-1.330846154369433,3,-0.6931384774092352,-0.20679364850592963,-1.4778442917181625,0.017801362193783605,-1.2690875742354455,-0.014041965142768923,0.03527610310523958,0.2182910488069108,True,-1.025457877452983,0.3135664303843901,56.17516073197667,0
1926,25,-1.2651608102190595,32,379,52,2,-1.105983752797117,3,0.9005177508105646,-0.20679364850592963,-1.0762253899924388,1.0988472400043034,1.3789271341228642,0.9422474038365055,1.457171126725941,-1.4049407194489922,True,0.1889354202266207,-1.139299767232139,0.9100445199203773,0
1927,199,-0.804337998720903,39,455,39,2,-1.330846154369433,3,0.537177286385998,-0.20679364850592963,-1.2463640701410994,0.9669567691577748,-0.7610382406550722,-0.5331704797315179,0.759637718912012,-1.3494456162607564,True,-0.44202607142019645,-0.432072103490039,1.0341722903018478,0
1928,372,0.31510908320651737,26,473,10,1,0.7491310601744904,1,-0.04147294009483492,-0.20679364850592963,-1.0047503406733191,-0.12376745997395819,-1.5000190894992516,0.04060314165604677,-1.6549010004438962,0.05180573924220279,True,-1.3198594238798365,-0.013068500131162246,-8.079674642897848,0
1929,265,-0.6299881357645718,32,9,80,0,0.35562185742293734,0,0.8309784133015728,-0.20679364850592963,1.7588662996560138,1.3335129264145578,-1.592391695604774,0.8602797436382821,0.6120825749513732,0.24603860040102882,True,2.3888544354205856,-0.5235065414564597,0.7498989362621521,0
1930,235,0.415904850724779,38,429,51,1,-0.9935525520109589,1,-1.9077023575485814,-0.20679364850592963,-0.5099614077250181,-1.195286901037962,1.0556230127535355,1.3247631514282154,-1.668315104440318,0.2737861519951468,False,-0.9258662584497971,-0.7934226642435518,-0.8366192943246934,0
1931,68,-1.3425021808217186,5,395,22,0,0.41183745781601633,1,-0.6011506974392071,-0.20679364850592963,0.2981090162185424,-0.6691752794978282,-0.3145706444783804,0.4367801659474605,-0.5817726807301593,0.8287371838775068,True,1.640611197040261,0.8070461223146327,-1.4943770041656863,0
1932,280,-0.6385100845383918,40,424,30,2,-0.9935525520109589,1,0.36581652871821657,-0.20679364850592963,0.0925382510984016,1.2495210339129725,-0.9303880185151966,1.229134214530288,0.6791530949334817,0.4818927889510318,False,0.7310483356367934,-0.2335775426774095,0.8003065917488104,0
1933,333,1.4545684482160084,36,658,55,2,-0.9935525520109589,1,-1.3441580977555516,-0.20679364850592963,0.8220974244251681,-0.14239571264287276,0.9016686692443318,-0.23262239233803164,-0.6756714087051112,-0.9887274455372222,True,-0.6324710237908403,-1.9551699584092743,-7.022688279785651,0
1934,49,0.22385178654353236,5,141,13,0,-1.0497681524040379,3,-0.49318295251244687,-0.20679364850592963,-1.118016565236678,-1.23313495911795,0.9170641035952521,1.4203920883261427,-0.07203672886613413,1.06459137242751,True,-1.3418683517802104,-0.11039988501272531,-0.8109413115734081,0
1935,324,0.6799027479934693,13,633,94,0,0.8615622609606484,0,1.5399274087972377,-0.20679364850592963,0.7725528486520797,-1.6936038141176064,-1.2690875742354455,-0.7244283535273728,-0.2866623928088815,-1.6269211322019363,True,0.09265010065861046,1.0470008769517045,-0.5904569006693607,0
1936,62,1.1605346514494943,42,224,47,2,0.41183745781601633,2,0.14033640788738985,-0.20679364850592963,-0.1195580298777348,0.7228898993501998,-0.006661957459972327,0.1225708018542703,0.35721459901936065,-0.4892715168430983,True,-1.280092681327229,0.16286526421326605,1.38333633180552,0
1937,228,-1.3897836736028362,2,377,27,2,1.8172274676429916,2,0.7238882179995157,-0.20679364850592963,0.6598420821987601,0.34636886421405366,1.1326001845081377,0.9695699572359133,0.6925671989299035,-1.5159309258254643,False,2.0496257558015962,-1.0060480268891776,2.8870946976127074,0
1938,357,-0.03167872732184416,32,530,4,2,-1.387061754762512,3,0.6751506888007894,-0.20679364850592963,-0.9749324082195077,0.3938362924551646,1.6560449524394316,1.0651988941338408,-1.104922736590606,-1.0164749971313403,True,-0.9432536808976635,-0.021387914571675472,2.5391254316698086,0
1939,358,1.0807388648280662,23,312,42,2,0.1869750562437003,1,0.08105364782325122,-0.20679364850592963,-0.23220634967096887,1.5778830812648843,-0.7302473719532313,1.7346014524193327,-1.6012445844582095,-1.6685424595931133,True,-1.312945214499035,0.0875978273386744,0.6337604785155048,0
1940,194,0.8255476896070235,33,38,27,1,0.5804842589952534,2,-0.6377279608971212,-0.20679364850592963,-0.28989024251514456,-0.283835255072262,-0.6532702001986294,-0.47852537293270214,0.8401223428905423,0.3292812551833828,True,-1.1154379321221681,-0.5264748447164167,-3.523171749973708,0
1941,355,0.6242896075834574,33,326,27,0,1.0864246625329645,2,0.7719110874194387,-0.20679364850592963,0.6524467736602197,-0.7437782854122218,0.9170641035952521,0.09524824845486245,-0.6488432007122678,0.8981060628628018,True,0.02815716607676233,0.48189606985440125,-1.3444868639778311,0
1942,493,1.5866837692646205,31,184,1,1,-1.105983752797117,3,1.3115920440518973,-0.20679364850592963,0.4128371546044128,1.3616447633509867,1.5944632150357498,1.4340533650258467,1.2425454627831938,0.8287371838775068,True,-1.1738466146602078,2.0810818081937525,0.7344058843206852,0
1943,211,-0.6056534986750826,1,272,90,2,-0.7686901504386429,0,-0.6194028630245529,-0.20679364850592963,1.8025932315969675,-0.8759407007588709,-0.23759347272377843,-1.216234314716714,1.1486467348082419,1.1755815788039818,False,2.40824673027205,0.3751435110801834,-1.1416299223185342,0
1944,163,-0.4739882908719372,1,509,49,0,0.1869750562437003,0,0.31106692419765586,-0.20679364850592963,1.1182490014774302,0.33680858403434927,0.8092960631388092,-0.669783246728557,0.9206069668690726,0.2876599277922058,True,1.5922372923493675,-0.14744207974723736,2.9690445864454476,0
1945,295,-0.14901709132839866,0,644,4,1,0.4680530582090954,2,-1.6205716478482672,-0.20679364850592963,0.43742414991727124,0.31802504332955156,1.5020906089302275,-0.4238802661338866,-0.5147021607480506,0.0656795150392618,True,0.5864412412456699,0.24149287325161875,3.144405469110209,0
1946,117,-0.6337128185716839,8,5,35,2,-0.3751809476870898,1,1.8550979737486308,-0.20679364850592963,0.3069699306307185,0.7412770039549819,0.6399462852786847,-1.4894598487107924,-0.09886493685897756,-1.8905228723460574,True,0.9406827492024024,-1.1755993656708645,1.3490231853441013,0
1947,404,0.6036875458362674,13,274,13,2,1.3675026644983594,0,-0.21857193818218257,-0.20679364850592963,0.5753501235659322,1.3805280932140918,-1.669368867359376,-1.0659602710199707,0.34380049502293897,0.44027146155985475,True,-0.0283374222703352,-0.13194915694987813,0.7243604331410567,0
1948,98,0.06718175042519939,14,406,85,1,0.4680530582090954,0,-1.3233493238148013,-0.20679364850592963,0.9282462857277992,-1.5332714743695257,0.5321782448222419,1.4477146417255506,1.1218185268153984,0.4263976857627958,True,0.8610645353025999,-0.08890492399788236,-0.652200267164836,0
1949,240,1.446839130328859,42,617,31,0,0.8615622609606484,2,-0.2853709610732421,-0.20679364850592963,0.0592112755607381,0.12991355657096829,0.5013873761204011,1.6662950689208131,0.23648766305156527,0.49576656474809083,True,-1.387627854768121,-0.4128858731403203,7.697420166552908,0
1950,377,0.062061334357118775,13,382,17,0,-0.9935525520109589,3,-0.21857193818218257,-0.20679364850592963,-0.88806422755848,0.11118964995423224,-0.7302473719532313,1.7346014524193327,-1.6012445844582095,-1.6685424595931133,True,-0.9501255619155988,-0.013564866136607928,8.993634758704093,0
1951,384,1.1307032401591577,38,180,75,0,1.3675026644983594,0,-0.9994590305551175,-0.20679364850592963,0.21901751331377506,0.8542538926090602,1.2865545280173418,-1.4348147419119766,0.02186199910881786,-0.2395435524960362,True,-0.9116857268453826,-1.130091564255002,1.1706120295040154,0
1952,345,2.1819397240285205,22,137,91,2,-0.6562589496524849,1,-0.2351536375112642,-0.20679364850592963,-1.1802947011979297,-1.2051154257926153,1.0556230127535355,-0.6014768632300375,-1.1451650485798712,1.2865717851804541,True,-3.3622344252264504,-0.5130910629356306,-0.8297961021633269,0
1953,271,-1.3787816849859633,4,436,56,0,0.9739934617468065,2,0.73595977530185,-0.20679364850592963,0.3978635352143904,1.1646419211194778,0.9786458409989337,0.6007154863439075,0.7730518229084338,0.3709025825745598,True,1.7766452202003538,-1.0147278590725757,0.8586329377320419,0
1954,228,0.44452908945690756,11,390,67,1,-0.4876121484732478,0,0.7599707599737691,-0.20679364850592963,1.2166207882242823,1.333643294366196,-0.376152381882062,-1.5031211254104964,-0.9707816966263889,1.369814439962808,True,0.7720916987673747,0.3378291099450136,0.7498256312177383,0
1955,444,-0.8991536884315958,18,666,63,2,0.41183745781601633,0,0.09599387444033028,-0.20679364850592963,1.1636753392794807,-1.1392734073995086,-1.7309506047630576,1.5023597485243663,0.49135563898357787,-1.0442225487254582,True,2.062829027711077,-0.08631324626986246,-0.8777525054831556,0
1956,244,-1.3918318550865796,11,16,31,1,1.1988558633191224,0,0.08105364782325122,-0.20679364850592963,0.22054847615560857,1.399824508840485,0.8708778005424909,0.35481250574923695,-0.7695701366800631,-0.4337764136548623,False,1.6123803312421883,-0.11281304901137006,0.7143752107832485,0
1957,297,1.5968060304443135,28,152,25,1,1.5923650660706756,2,0.957405412360788,-0.20679364850592963,-0.8997764512800985,-1.6658307611015046,-1.6231825643066147,1.5843274087225898,0.4779415349871561,0.6761256501098578,False,-2.496582481724412,1.5287907360377309,-0.600301113042766,0
1958,22,-1.0779621961929744,14,661,18,0,-0.9935525520109589,3,-0.9406610984409725,-0.20679364850592963,-1.2468259364160348,-0.4152251478073244,1.1172047501572173,-0.9703313341220434,0.3035581830336738,1.2310766819922179,True,-0.1688637402230604,1.0139971035487263,-2.4083325543116727,0
1959,268,1.4788879997750826,35,320,8,0,0.8615622609606484,1,0.06603168307879083,-0.20679364850592963,0.6891180573255404,-0.1145167764740628,0.7631097600860479,-0.8063960137255962,-0.5012880567516289,0.8842322870657428,True,-0.7897699424495421,0.09765346371017514,-8.732352621379933,0
1960,372,0.4115489201063179,5,492,88,0,-1.274630553976354,3,1.952141824805067,-0.20679364850592963,-1.1476590115161707,-1.2332530302594589,1.22497279061366,0.846618466938578,-1.3061342965369318,-1.0164749971313403,True,-1.5592079316224885,0.8034018598929021,-0.8108636723770964,0
1961,272,0.796186796266702,2,376,50,2,0.7491310601744904,0,0.6996106650189345,-0.20679364850592963,1.3462266479244736,0.5724555123644058,-1.022760624620719,0.5324091028453879,0.6925671989299035,0.30153370358926485,True,0.5500398516577716,0.5570207740154424,1.7468603301305987,0
1962,422,-0.5995707662140313,19,426,81,1,-0.7124745500455638,0,-1.449180960650241,-0.20679364850592963,1.7835268751954274,-0.3962099264939807,-1.638577998657535,0.24552229215160554,-1.2256496725584014,-0.1979222251048592,False,2.3830976414094587,0.8688865389598509,-2.523915191223033,0
1963,218,0.9673929187179606,27,45,91,0,1.4237182648914386,2,0.08105364782325122,-0.20679364850592963,-0.39791572008461235,0.9678201575787255,0.48599194176948063,0.696344423241835,1.2425454627831938,-1.0997176519136944,True,-1.365308638802573,0.07841072494047267,1.0332497095088515,0
1964,365,-0.9113678796704773,23,584,98,0,-0.3751809476870898,0,0.4984746518105413,-0.20679364850592963,1.2085142885329223,-1.2990235530396885,1.5020906089302275,-1.1342666545184903,-0.689085512701533,-1.2800767372754611,True,2.1198821682033997,-0.4542937864900525,-0.7698090420615735,0
1965,185,-1.2905037422509233,24,543,93,0,1.7047962668568335,2,1.7466127372067244,-0.20679364850592963,0.8370162976804587,-0.5842887668539901,-1.5000190894992516,-0.46486409623299824,0.3840428070122041,-1.2523291856813432,True,2.1275200399313823,-2.2540102736284062,-1.7114827939147643,0
1966,289,-0.8370409449799173,7,634,61,1,0.2431906566367793,1,-0.805897272154619,-0.20679364850592963,-0.202391678006613,1.5125456673724014,1.0864138814553765,0.24552229215160554,-1.5610022724689443,-0.6696306022048653,True,0.6346492669733044,0.6745690142410399,0.6611370191708001,0
1967,201,1.778293187587634,30,214,50,2,-0.7686901504386429,0,-0.9601914853903032,-0.20679364850592963,1.176307898703864,0.11172624792545827,-0.376152381882062,-1.5031211254104964,-0.9707816966263889,1.369814439962808,True,-0.60198528888377,-1.7075019772492273,8.950440236954503,0
1968,15,1.3978494281667513,42,545,25,2,0.8053466605675694,0,0.21271612150727617,-0.20679364850592963,0.15728783134687568,0.6480820916954193,-0.7764336750059926,-0.8337185671250041,0.31697228703009556,1.244950457789277,True,-1.2405615968198755,0.2973451088107952,1.5430141621141358,0
1969,187,-0.39543616422813954,41,159,1,2,0.5242686586021743,2,0.21271612150727617,6.431744946342571,-0.10124136221954165,0.27191483469848543,-0.48392042233850485,-0.7244283535273728,0.9876774868511812,-0.2672911040901542,True,0.2941948020085979,-0.08411564715832415,3.677620727632545,0
1970,4,-0.6083619267754365,8,316,63,2,1.4799338652845175,2,1.4125364540405965,-0.20679364850592963,0.12417997169270131,1.295943342114405,0.5013873761204011,1.6662950689208131,0.23648766305156527,0.49576656474809083,True,0.7325418984681379,-0.8593333988206802,0.7716386128459768,0
1971,188,-0.6885577463376304,20,457,62,1,0.6929154597814113,2,-0.3706226321335793,-0.20679364850592963,-1.047790014501892,-1.599884165411633,-0.4531295536366641,1.4886984718246623,-0.004966208884025563,-0.5586403958283933,True,-0.35923226816426146,0.25519508432361804,-0.625045290230271,0
1972,475,1.8640975584073987,4,532,52,0,1.8734430680360705,2,-0.1047360641534968,-0.20679364850592963,-0.6085039318201929,-0.9411864870926899,-0.022057391810892734,-0.5741543098306296,0.29014407903725214,1.050717596630451,True,-2.4726014902275915,-0.19523824146573407,-1.0624888053140933,0
1973,402,1.1852523978738514,19,314,50,0,-1.218414953583275,3,-1.240772553225037,-0.20679364850592963,0.011588925310503416,-1.7314507839843087,0.16268782040015212,0.710005699941539,1.323030086761724,-0.3782813104666262,True,-1.173663472563348,-1.470628643926036,-0.577550379719081,0
1974,193,1.1863672834606693,6,171,92,1,0.5804842589952534,2,0.16951140238744397,-0.20679364850592963,0.531884078282959,-0.2178522042373163,1.3481362654210234,-0.45120281953329433,0.7193954069227468,0.2182910488069108,False,-0.6544832051777103,0.20110278196600032,-4.590270098610818,0
1975,256,-0.9090052793802897,7,13,54,1,0.6366998593883324,2,0.43287030725424697,-0.20679364850592963,-0.932435541917921,1.3340803208217717,0.7939006287878887,0.2045384620524938,0.6254966789477949,0.39865013416867784,True,-0.023430262537631252,-0.3934813945810786,0.7495799986210848,0
1976,5,-0.22192292663975768,1,469,43,2,-1.387061754762512,3,1.9868907279010775,-0.20679364850592963,-0.9793168106332139,0.8635384195421437,-1.669368867359376,-1.0659602710199707,0.34380049502293897,0.44027146155985475,False,-0.7573938839934562,-0.4409366052492056,1.158025933261448,0
1977,290,0.5379478823146099,12,176,11,0,1.9858742688222286,2,-0.9211999030702372,-0.20679364850592963,0.5501874214920078,-1.467816751084834,1.0864138814553765,-0.9703313341220434,0.437699222997891,0.9397273902539789,True,0.012239539177397951,-0.495557537045058,-0.6812840004648537,0
1978,323,1.9854808066996228,19,490,65,2,0.2994062570298583,0,-0.010337456390444507,-0.20679364850592963,0.9689784675436285,1.3615352890944357,0.6553417196296051,0.8056346368394663,0.7462236149155903,1.383688215759867,False,-1.0165023391559944,-0.02052482125332193,0.7344649342277509,0
1979,12,0.8095344862919617,20,49,35,1,-0.9373369516178799,3,1.0684665314000334,-0.20679364850592963,-0.8163628715879201,1.2957620457809913,-0.5608975940931069,-0.49218664963240616,0.8937787588762292,-1.5852998048107594,True,-1.6258973578798819,0.8649605046170802,0.7717465765271856,0
1980,381,-0.4728533677805128,38,606,30,0,0.6929154597814113,2,-0.2853709610732421,-0.20679364850592963,0.2394285634823687,0.8727237014235628,0.1011060829964705,0.5733929329444997,-0.4476316407659421,-0.9332323423489863,True,0.7122819312628815,0.13493862001024415,1.145837890944223,0
1981,252,1.1861717769990772,30,197,41,0,-1.0497681524040379,3,0.16951140238744397,-0.20679364850592963,-1.3482889070941868,1.5688940042388944,-0.34536151318022124,1.037876340734433,0.9876774868511812,0.4263976857627958,True,-2.534460684093264,0.20106964139152003,0.6373916488679281,0
1982,434,0.4401600525041044,20,630,91,2,-1.105983752797117,3,0.7719110874194387,-0.20679364850592963,-0.8154950940577258,-0.8759362390843991,-0.9919697559188781,-1.4757985720110882,1.1352326308118201,1.2865717851804541,True,-1.2556551465618302,0.33976442476704044,-1.1416357373327268,0
1983,86,0.3896136136204069,4,399,20,1,-0.4876121484732478,0,0.11085360647837106,-0.20679364850592963,-1.1483155882111127,-1.2705070327067307,0.48599194176948063,0.696344423241835,1.2425454627831938,-1.0997176519136944,True,-1.5379292018315196,0.0431900742028927,-0.7870874013017516,0
1984,299,2.192401688753638,30,31,70,2,-1.443277355155591,3,-1.058874311958881,-0.20679364850592963,1.2167765099722065,0.31838905067365036,1.255763659315501,0.4914252727462762,0.5986684709549516,0.1350483940245568,True,-0.9756251787814314,-2.321477829716497,3.140810539191401,0
1985,241,-0.9239724958623414,42,212,10,1,0.7491310601744904,2,1.8102386896473939,-0.20679364850592963,-0.8085845092803481,-0.08621789879826414,1.255763659315501,0.4914252727462762,0.5986684709549516,0.1350483940245568,True,0.11538798658199334,-1.672610760180077,-11.598533179208625,0
1986,186,-0.7990603449506462,39,503,79,2,-0.2627497469009318,1,-0.6745960027047526,-0.20679364850592963,0.4797745450714971,0.7693511655872638,-0.006661957459972327,0.1225708018542703,0.35721459901936065,-0.4892715168430983,False,1.2788348900221433,0.5390429146235867,1.2997963930515883,0
1987,223,-0.7568868747137881,20,206,45,2,-0.20653414650785276,1,0.3928177842655264,-0.20679364850592963,-0.09346684350760974,0.5720721348238199,1.6098586493866702,1.5023597485243663,0.5986684709549516,0.6622518743127987,False,0.6634200312061784,-0.29731862506472934,1.7480309987565965,0
1988,274,0.37264037136988526,8,20,57,0,-1.330846154369433,3,-0.3192396785201743,-0.20679364850592963,-0.9941954636371478,0.3093125901208109,-0.637874765847709,-0.0003806884430649987,0.11576072708376985,0.49576656474809083,True,-1.366835835007033,-0.11896159235976055,3.232974371692999,0
1989,307,-1.102747356384313,0,364,10,0,-1.274630553976354,3,0.36581652871821657,-0.20679364850592963,-0.9388705593698927,-0.0857399555231425,-0.6686656345495497,0.02694186495634284,0.5718402629621081,1.369814439962808,True,0.16387679701442037,-0.40340320996569945,-11.663187369496848,0
1990,204,0.8477114739968857,39,599,81,2,-0.9935525520109589,3,-0.2853709610732421,-0.20679364850592963,-1.068543390218943,-0.020486442874994504,-1.4538327864464902,1.365746981527327,-0.6756714087051112,0.5651354437333858,True,-1.9162548642158286,-0.24191223804730597,-48.81300708974238,0
1991,325,0.23597314742283798,2,418,44,2,1.5361494656775965,2,2.021362067533934,-0.20679364850592963,0.7081629136898818,-0.24601277000449032,0.7477143257351275,0.3138286756501251,0.7059813029263252,0.4263976857627958,True,0.47218976626704384,0.4769871691571176,-4.06483129499691,0
1992,334,1.4303962435074167,29,371,34,2,0.6929154597814113,2,0.5243298950584547,-0.20679364850592963,-0.7364783262394116,-1.33638561506624,-0.6840610689004701,0.4367801659474605,-1.5073458564832574,0.2876599277922058,True,-2.1668745697468283,0.7499995122502516,-0.7482870689079816,0
1993,404,1.1539994000360696,15,275,74,0,1.5361494656775965,2,-0.1368580718294795,-0.20679364850592963,-0.4633604876592215,-0.668233866184286,1.1633910532099787,1.6389725155214054,0.16941714306945668,-0.6280092748136883,True,-1.617359887695291,-0.15793413278131269,-1.4964822949761254,0
1994,112,-0.9228706042392161,1,426,90,2,0.2431906566367793,0,1.402561453377276,-0.20679364850592963,1.673159722031906,1.5123877676246325,0.347433032611197,-0.32825132923595907,-0.4878739527552072,1.2033291303981,True,2.596030326271122,-1.2943827359609197,0.6612060446971234,0
1995,455,1.7756170748368127,4,31,49,2,-0.8811213512248008,1,-1.2613176508759902,-0.20679364850592963,-0.046809729536572274,-0.41480009169789245,0.17808325475107253,-0.5331704797315179,0.49135563898357787,1.2172029061951588,True,-1.8224268043733851,-2.239617157688466,-2.4108004339795674,0
1996,368,-1.510128428210136,28,645,75,1,1.6485806664637546,2,2.0041607021282135,-0.20679364850592963,0.2609994383333391,-1.665645547200262,-1.5616008269029331,1.529682301923774,-0.17934956083750783,0.8842322870657428,False,1.771127866543475,-3.0265400509854015,-0.6003678644100836,0
1997,20,1.9146796889064304,29,476,27,1,0.9177778613537274,2,-1.0988248781928884,-0.20679364850592963,-0.6245340281217137,0.08351040092336585,1.6252540837375906,-0.41021898943418267,1.5510698547008932,1.439183318948103,False,-2.539213717028144,-2.1038976759410057,11.974541991044442,0
1998,231,-1.0637324441083986,33,196,17,0,-0.9935525520109589,1,0.28330532668029007,-0.20679364850592963,0.753886421048391,0.7231095007912735,0.8246914974897296,-0.45120281953329433,0.8669505508833859,-1.1690865308989893,True,1.8176188651567897,-0.30136106757855324,1.3829162258470018,0
1999,257,-1.3768377982888984,27,43,64,2,0.5242686586021743,1,-1.6205716478482672,-0.20679364850592963,0.7457449457369496,-0.24574082550436985,1.455904305877466,0.1908771853527899,-0.9305393846371237,-1.3771931678548743,True,2.122582744025848,2.2312642995928202,-4.069329566548454,0
2000,451,-1.6152039886532719,38,57,24,0,-0.8811213512248008,0,-1.4280464114595173,-0.20679364850592963,1.310148637573606,-0.7443653764799089,-0.637874765847709,0.873941020337986,-0.3403188087945684,0.8287371838775068,True,2.9253526262268776,2.3065862597714037,-1.3434264488115075,0
2001,328,0.8326402006431899,2,292,50,1,1.5923650660706756,2,0.28330532668029007,-0.20679364850592963,0.528437636913995,-0.706758575285382,-0.03745282616181314,1.3384244281279192,1.3364441907581457,0.911979838659861,False,-0.30420256372919485,0.2358914040503612,-1.4149105174808267,0
2002,241,-0.18851255608754838,15,610,75,1,0.5804842589952534,1,-0.7304391794012987,-0.20679364850592963,0.7603573974983923,1.5308636704335354,-1.5000190894992516,1.6662950689208131,-0.17934956083750783,0.2737861519951468,True,0.9488699535859406,0.13769695677543012,0.6532259886957827,0
2003,383,0.18692089096942546,10,322,90,0,-1.49949295554867,3,-0.9406610984409725,-0.20679364850592963,-1.3490960000726164,-0.39656925452095054,-0.5147112910403457,-0.7244283535273728,-0.4610457447623638,-0.9748536697401633,True,-1.536016891042042,-0.175829210620865,-2.5216282925685047,0
2004,7,-0.9348439550444523,37,522,59,0,-1.218414953583275,3,-0.1693034138610984,-0.20679364850592963,-1.1398724236296316,1.3054028537438445,-0.2068026040219376,-0.0003806884430649987,-0.7561560326836414,1.0229700450363328,True,-0.2050284685851793,0.15827227301643698,0.7660469873551605,0
2005,64,0.5778075673718956,16,626,61,0,1.3675026644983594,0,1.6445940125739205,-0.20679364850592963,0.6981265385465678,-1.4673965919351881,-1.2382967055336047,-1.3665083584134572,0.15600303907303498,-0.7528732569872193,True,0.12031897117467216,0.9502588657197217,-0.6814790722861889,0
2006,224,-1.3729530624552004,20,99,7,0,0.6929154597814113,0,0.5114292264090835,6.431744946342571,1.424530727612921,-1.317856389806333,0.008733476890948078,1.2974405980288075,0.03527610310523958,-1.2384554098842842,True,2.7974837900681218,-0.7021683226274452,-0.7588080792534337,0
2007,347,0.5033396267655165,42,226,85,0,-1.443277355155591,3,1.890643953049121,-0.20679364850592963,-1.2542291277894504,0.13964468623654264,0.424410204365799,1.5433435786234782,1.5376557507044715,-0.11467957032250523,True,-1.757568754554967,0.9516360216742252,7.1610263938254874,0
2008,476,0.19064372138461436,27,597,82,1,1.7610118672499127,2,1.6068499798655516,-0.20679364850592963,0.0029583372157151464,1.29574300204849,-0.9919697559188781,-1.6124113390081276,-0.4476316407659421,0.8842322870657428,True,-0.1876853841688992,0.3063358598683614,0.7717579190034365,0
2009,337,-1.4773697803619383,0,557,41,0,0.6366998593883324,0,-1.40697668519828,-0.20679364850592963,1.335797262237617,-1.2427163506353986,0.6399462852786847,-1.4894598487107924,-0.09886493685897756,-1.8905228723460574,True,2.8131670425995554,2.078624836385751,-0.8046889219391006,0
2010,63,-0.07397104189387219,2,143,4,1,-1.0497681524040379,3,-1.2613176508759902,-0.20679364850592963,-1.4702311398347432,-0.6780413884225233,-0.4685249879875845,-0.6561219700288532,-0.5012880567516289,-1.4881833742313462,False,-1.396260097940871,0.09330098079442832,-1.4748364400146192,0
2011,244,1.1875395413177174,33,563,90,1,-1.218414953583275,3,-0.9601914853903032,-0.20679364850592963,-0.8899913300099026,0.5718446982470885,0.9478549722970928,0.518747826145684,-0.15252135284466442,0.6345043227186808,True,-2.07753087132762,-1.1402653561375784,1.7487262331761386,0
2012,175,0.8419824600853498,41,105,23,2,-0.9935525520109589,3,0.21271612150727617,-0.20679364850592963,-1.0524860102571727,1.4377478712798502,-1.5462053925520127,0.2865061222507173,-0.876882968651437,-1.8350277691578212,False,-1.8944684703425225,0.1791032432865106,0.6955321933856202,0
2013,137,1.0299693410068806,26,163,39,2,-0.9935525520109589,3,2.0384955882339666,-0.20679364850592963,0.3682150844505765,-0.26479696363725946,0.6553417196296051,-0.4375415428335904,0.11576072708376985,-1.6407949079989952,False,-0.6617542565563042,2.099587957658772,-3.77647977496396,0
2014,248,0.5248206347745955,10,293,46,0,1.6485806664637546,2,-1.862844008126029,-0.20679364850592963,0.7671424493140723,0.5062005170293397,-0.8226199780587538,0.341151229049533,-0.031794416876868986,-0.7806208085813373,True,0.24232181453947677,-0.9776589748307543,1.9755013454320614,0
2015,282,-0.06532161582374993,32,611,69,2,0.6366998593883324,1,1.8102386896473939,-0.20679364850592963,1.1530978099588975,0.9107752553879945,-1.5000190894992516,1.6662950689208131,-0.17934956083750783,0.2737861519951468,True,1.2184194257826475,-0.11824771623443554,1.0979655895212441,0
2016,0,0.008398442853717807,1,475,2,2,0.8053466605675694,1,0.9005177508105646,-0.20679364850592963,-0.07374678113216818,1.2396690037513463,-1.0535514933225598,1.5433435786234782,-1.520759960479679,0.9952224934422149,True,-0.08214522398588599,0.00756294686894102,0.8066668734212324,0
2017,448,0.28467020162117196,30,198,37,2,-1.218414953583275,3,0.4195783825648011,-0.20679364850592963,-1.063886031773129,-1.2988915527681215,-0.868806281111515,0.518747826145684,0.2767299750408304,1.4669308705422208,True,-1.3485562333943009,0.11944146276060716,-0.7698872741589442,0
2018,287,0.430339223885625,7,468,14,0,-1.0497681524040379,1,0.15496181434917897,-0.20679364850592963,1.154161932902486,-0.07602950190999828,-1.4230419177446496,-0.08234834864128854,-1.1719932565727147,0.9813487176451559,True,0.723822709016861,0.06668614691893399,-13.152806346994222,0
2019,111,1.293938174661473,11,517,64,0,-0.3751809476870898,0,-0.40526119392890464,-0.20679364850592963,1.5500023260171159,0.835731414271525,-1.222901271182684,-0.041364518542176765,1.3364441907581457,-1.0164749971313403,False,0.25606415135564276,-0.5243829295334961,1.1965565291284506,0
2020,385,-0.7509844030051394,24,425,89,1,0.1307594558506213,1,-1.862844008126029,-0.20679364850592963,1.1414596693016554,-1.3082039379613215,1.3635316997719438,0.9012635737373939,0.9742633828547594,-0.9193585665519273,True,1.8924440723067948,1.3989667953342269,-0.7644068691606806,0
2021,340,1.6514075638722643,41,290,29,2,-0.4876121484732478,1,0.7956636066243687,-0.20679364850592963,0.10963832961287097,0.5160802966297537,1.301949962368262,0.518747826145684,0.9608492788583377,1.34206688836869,True,-1.5417692342593934,1.3139648982773684,1.9376825907948987,0
2022,10,1.0898948385888718,18,156,0,2,-0.9935525520109589,3,0.35222372312429456,-0.20679364850592963,-1.4528078487770995,0.713076283117562,0.4705965074185602,1.365746981527327,0.5584261589656864,-1.807280217563703,True,-2.5427026873659715,0.3838868178617245,1.402374308945714,0
2023,104,0.1511017280236794,23,596,24,0,-1.105983752797117,3,0.711772004452503,-0.20679364850592963,-0.9962765387625809,-0.33926459581890006,-1.5616008269029331,1.529682301923774,-0.17934956083750783,0.8842322870657428,True,-1.1473782667862604,0.10754997983165124,-2.947552756990527,0
2024,85,-0.5078098860944418,1,527,73,0,1.0864246625329645,0,-0.2518142449081098,-0.20679364850592963,1.425678133298693,-0.856850719192793,0.9170641035952521,0.09524824845486245,-0.6488432007122678,0.8981060628628018,True,1.9334880193931347,0.1278737630237451,-1.1670645706506726,0
2025,436,1.5374279305815393,36,385,32,1,-1.387061754762512,3,-0.4226946174867851,-0.20679364850592963,-1.2898110641116725,1.427502560836737,0.02412891124186848,0.9285861271368016,0.31697228703009556,-0.4337764136548623,False,-2.8272389946932117,-0.6498625110306634,0.7005240882800495,0
2026,67,-1.5643135613279928,9,447,45,2,0.6929154597814113,0,0.7479871380105251,-0.20679364850592963,1.7782448148690617,-0.4150988062448434,-1.2075058368317637,-0.8337185671250041,-1.4134471285083055,-1.5714260290137003,True,3.3425583761970543,-1.1700864236887774,-2.4090655667092253,0
2027,19,-1.3682967242755426,11,680,20,0,-1.387061754762512,3,0.7238882179995157,-0.20679364850592963,-1.3022218015420777,-0.31168872705018436,-1.1305286650771618,-1.6124113390081276,-1.3597907125226185,-0.47539774104603927,True,0.06607492273346494,-0.9904938774303973,-3.2083300871898417,0
2028,170,0.8328849070081319,1,351,20,2,-1.218414953583275,3,-0.1693034138610984,-0.20679364850592963,-1.4323322254488238,-0.6127991931925475,1.6868358211412722,0.8329571902388742,0.5181838469764212,-1.3771931678548743,False,-2.2652171324569554,-0.1410102581098602,-1.631856200684341,0
2029,233,1.646950775464794,33,398,24,0,0.1307594558506213,1,-0.8824859019390859,-0.20679364850592963,0.8008427608017504,0.4505788889951014,-1.1305286650771618,1.3384244281279192,0.9340210708654944,-1.4188144952460513,False,-0.8461080146630436,-1.4534108405353259,2.2193666913546912,0
2030,184,-0.06706994812374309,40,179,51,0,-0.8811213512248008,1,-0.9797908625831017,-0.20679364850592963,1.1940419229216575,0.5717943139719561,-1.3768556146918882,0.2728448455510134,-0.4610457447623638,0.5651354437333858,True,1.2611118710454006,0.06571452232556613,1.7488803240548016,0
2031,163,-1.2374732239369932,33,208,79,0,-0.03788734532861575,0,0.8192481196371983,-0.20679364850592963,-1.4628469657330454,1.0607926390426714,-0.8380154124096743,0.054264418355750674,1.6181403746830016,1.605668628512811,True,-0.22537374179605218,-1.0137976118117633,0.9426912187412455,0
2032,433,-0.26650199326822227,16,190,19,0,-0.8249057508317219,1,0.8309784133015728,-0.20679364850592963,0.260467241167345,0.08289719273681975,-0.4377341192857437,1.5160210252240702,1.4705852307223628,-0.7806208085813373,True,0.5269692344355672,-0.2214574035077338,12.063120121121143,0
2033,430,0.6128154773552279,24,322,81,0,0.4680530582090954,2,-1.5773404800409108,-0.20679364850592963,0.7792784141669475,0.3090678509528354,-1.7001597360612166,-0.7927347370258924,-1.6817292084367397,-0.04531069133721022,True,0.16646293681171964,-0.9666186592279951,3.2355344412679097,0
2034,467,1.1929730223818462,9,466,99,2,-0.9373369516178799,3,1.952141824805067,-0.20679364850592963,-0.817529900720528,-1.7028490565510728,-0.9919697559188781,-1.4757985720110882,1.1352326308118201,1.2865717851804541,True,-2.0105029231023743,2.3288525328557133,-0.5872511452955795,0
2035,441,-0.9634005396667539,15,438,62,2,1.3112870641052805,0,0.25527654064195265,-0.20679364850592963,0.619560164843751,1.2020466411068325,-1.3614601803409678,0.8192959135391702,0.9340210708654944,-1.2384554098842842,True,1.582960704510505,-0.24593355701871922,0.8319144054907632,0
2036,422,-0.29028436579579087,40,304,68,2,-0.4876121484732478,1,0.5243298950584547,-0.20679364850592963,0.751720159721603,1.3145966236888929,0.17808325475107253,-0.5331704797315179,0.49135563898357787,1.2172029061951588,True,1.042004525517394,-0.1522047710548171,0.7606895574742478,0
2037,227,1.1860544552576837,26,576,56,2,-0.09410294572169475,0,-0.010337456390444507,-0.20679364850592963,1.5626337193877395,0.9761197426668352,1.3481362654210234,-0.1916385622389199,0.5181838469764212,0.0656795150392618,False,0.3765792641300558,-0.012260786207918721,1.0244643703460863,0
2038,170,-1.2761079779322366,28,662,64,2,1.5361494656775965,2,0.28330532668029007,-0.20679364850592963,-1.0038882420548974,0.872847648916815,-0.052848260512733544,1.4613759184252546,1.0815762148261332,0.7038732017039758,False,0.2722197358773393,-0.36152818756741667,1.1456751778772165,0
2039,101,0.951933961158247,37,371,62,0,-1.218414953583275,3,-1.0191957916838013,-0.20679364850592963,-0.9385783776694694,0.44066417774821326,-1.2998784429372863,0.5460703795450919,0.7864659269048555,-1.0164749971313403,False,-1.8905123388277163,-0.9702070871733764,2.2693012583411174,0
2040,462,1.287854680440912,30,162,12,1,0.8615622609606484,0,-1.1998816021188639,-0.20679364850592963,1.5089664149920448,1.559129684068103,1.1633910532099787,0.7509895300406507,-1.0244381126120756,0.1489221698216158,True,0.22111173455113287,-1.5452731372637187,0.6413834244066495,0
2041,92,-1.091360155044285,31,487,67,2,-0.9373369516178799,3,-1.3859719465647844,-0.20679364850592963,1.0778657477640927,0.19622176553570986,1.332740831070103,-1.4484760186116805,0.9206069668690726,1.4808046463392799,True,2.169225902808378,1.5125945584899727,5.096272004497954,0
2042,228,1.5039201395688622,33,636,35,2,1.8734430680360705,2,-0.1693034138610984,-0.20679364850592963,0.1283976328705051,-1.251755050187221,1.5328814776320683,-1.544104955509608,-1.574416376465366,1.61954240430987,False,-1.3755225066983572,-0.25461881380346796,-0.7988784065526828,0
2043,30,0.18692089096942546,32,375,69,1,-1.330846154369433,3,0.11085360647837106,-0.20679364850592963,0.452379119063317,-1.0066846300874848,0.5475736791731622,-1.1206053778187866,-0.031794416876868986,1.161707803006923,True,0.2654582280938915,0.020720854890111193,-0.9933598561538401,0
2044,237,-0.12824697211033884,4,436,82,2,1.2550714637122016,2,-1.5558203784823792,-0.20679364850592963,0.6753760110256299,1.6911303909204827,-0.09903456356549475,1.6389725155214054,-0.08545083286255585,-1.7240375627813491,True,0.8036229831359688,0.19952925268792648,0.5913204246324598,0
2045,259,1.3492425980849911,17,491,0,2,0.6366998593883324,2,-1.449180960650241,-0.20679364850592963,0.07609406077030198,1.6626883043762732,-1.592391695604774,1.2974405980288075,1.3096159827653022,-1.1968340824931072,False,-1.2731485373146891,-1.9552966844430346,0.601435601143277,0
2046,11,-0.7803064132443078,8,121,10,1,1.2550714637122016,2,-0.9406610984409725,-0.20679364850592963,-1.0641628135072756,-0.9981870990026889,0.9478549722970928,1.3930695349267348,1.0681621108297115,1.328193112571631,False,-0.28385640026296777,0.734003887802926,-1.0018162939400357,0
2047,8,0.8160941787927087,14,262,56,2,0.8053466605675694,1,0.36581652871821657,-0.20679364850592963,0.35892198439615136,-1.2709738762063372,-1.330669311639127,-0.47852537293270214,0.9206069668690726,-0.5308928442342753,False,-0.4571721943965574,0.2985407395930923,-0.786798294914351,0
2048,39,-1.163301835100928,28,527,56,1,0.8615622609606484,1,-0.7680260388013285,-0.20679364850592963,0.343789121164652,-1.4401574163570976,1.2711590936664214,1.5843274087225898,0.9071928628726509,0.8564847354716248,True,1.50709095626558,0.8934461003428821,-0.6943685864329857,0
2049,313,1.621579060712986,11,602,17,1,-0.6000433492594058,1,-0.9018081025139288,-0.20679364850592963,0.7206405345386401,0.47795420005524497,0.7323188913842071,-0.7790734603261885,-1.668315104440318,1.2033291303981,False,-0.900938526174346,-1.462353135817897,2.0922502420930487,0
2050,470,-0.9818410504317745,12,136,15,2,-1.105983752797117,3,-0.07294009438220465,-0.20679364850592963,-0.9838262437810561,1.3149147084323312,-1.5462053925520127,-0.5468317564312217,1.6717967906686886,-1.1552127551019302,True,-0.0019851933492816,0.07161557888681659,0.7605055427067711,0
2051,179,0.24615725974874755,6,25,3,2,-0.9373369516178799,3,-1.1390459728740463,-0.20679364850592963,-1.237365552963512,-1.6369378277929898,-0.48392042233850485,-0.7244283535273728,0.9876774868511812,-0.2672911040901542,True,-1.4835228127122595,-0.2803844354105215,-0.6108967879604409,0
2052,118,-0.1602549058422504,25,282,98,0,-0.9935525520109589,3,-0.805897272154619,-0.20679364850592963,-1.1585697328417282,0.8642806898243853,-0.7610382406550722,-1.544104955509608,-1.6951433124331614,-0.9748536697401633,True,-0.9983148269994777,0.12914899146766493,1.157031385833754,0
2053,327,-1.0905547053892908,21,133,10,1,-0.8811213512248008,1,1.8729083741707675,4.772110297630446,0.4163916854803352,0.2428335316701994,-0.40694325058390285,-1.0659602710199707,-0.729327824690798,-0.9332323423489863,False,1.5069463908696261,-2.042509040214937,4.1180457300005875,0
2054,494,-0.3262138989764743,5,164,98,0,0.35562185742293734,0,-0.12075648392093428,-0.20679364850592963,1.9081981689252827,-1.4682742359501826,-1.5769962612538535,0.5324091028453879,1.564483958697315,0.4818927889510318,True,2.234412067901757,0.039392443446537896,-0.6810717259913167,0
2055,288,-0.5800765230057071,7,117,39,0,-0.15031854611477377,0,1.4816486612115676,-0.20679364850592963,0.2545384156275175,1.6256712059613194,1.5482769119829887,1.6253112388217015,0.5047697429799994,-0.7806208085813373,True,0.8346149386332247,-0.859469603711667,0.6151304979875148,0
2056,431,0.43894152832013494,34,466,46,1,0.8053466605675694,1,-0.1368580718294795,-0.20679364850592963,1.0701711313803701,0.8738102823894303,-0.8072245437078334,-0.45120281953329433,-0.6756714087051112,1.34206688836869,False,0.6312296030602351,-0.060072691211778544,1.1444130444702487,0
2057,471,1.021103025590158,25,630,90,0,0.8053466605675694,1,-1.240772553225037,-0.20679364850592963,-0.5248799472605159,1.577908763098429,0.3782239013130378,1.2564567679296956,-0.876882968651437,-0.7251257053931014,True,-1.545982972850674,-1.266956608167311,0.6337501635147483,0
2058,386,0.5120141079956739,27,381,12,0,-0.20653414650785276,1,-0.025863557847784793,-0.20679364850592963,-0.6049259104933333,1.1925876735840357,-0.052848260512733544,0.3001673989504212,-1.6817292084367397,0.8981060628628018,True,-1.1169400184890073,-0.013242506501028043,0.8385127050185501,0
2059,263,1.5319576350871138,2,219,61,1,1.2550714637122016,2,-0.7869262188093323,-0.20679364850592963,-0.9761253530934646,-0.9889790734635968,-0.3145706444783804,0.4367801659474605,-0.5817726807301593,0.8287371838775068,True,-2.508082988180578,-1.2055376291551894,-1.0111438431272257,0
2060,32,-0.9664088231694381,4,65,82,2,-0.8811213512248008,0,-0.6377279608971212,-0.20679364850592963,-1.0496372139470826,0.976837310507489,-0.376152381882062,-1.5031211254104964,-0.9707816966263889,1.369814439962808,True,-0.08322839077764455,0.6163059281928324,1.023711816565745,0
2061,420,0.3230859606976798,13,437,96,0,-1.105983752797117,3,0.31106692419765586,-0.20679364850592963,-0.8230702042774852,-0.33065312880308134,1.0556230127535355,-0.6014768632300375,-1.1451650485798712,1.2865717851804541,True,-1.146156164975165,0.10050135604567198,-3.0243182819763152,0
2062,46,0.4219849628121199,16,632,82,2,-1.105983752797117,3,-0.12075648392093428,-0.20679364850592963,-1.3991313730875263,-0.2556011260869682,-1.5769962612538535,0.8192959135391702,-0.689085512701533,0.2599123761980878,True,-1.8211163358996463,-0.05095742037669781,-3.912347361468534,0
2063,108,0.5917412132162079,27,248,25,1,1.0864246625329645,2,-1.664056411114758,-0.20679364850592963,0.7683148189929411,-0.08532088458678243,-1.022760624620719,-0.6287994166294454,-0.6622573047086895,0.6206305469216218,True,0.1765736057767332,-0.9846907595732557,-11.72047356154899,0
2064,422,-0.8517184577028939,9,343,77,1,-0.7686901504386429,0,-1.6205716478482672,-0.20679364850592963,-1.230275180965478,1.2967516669430943,1.2095773562627397,0.47776399604657227,-0.16593545684108613,0.4263976857627958,True,-0.37855672326258405,1.3802707845023634,0.7711576151211701,0
2065,478,1.2238326269416464,32,484,72,0,-0.9373369516178799,3,-0.49318295251244687,-0.20679364850592963,-1.2833856452748458,0.3189556833315644,-1.2690875742354455,-0.014041965142768923,0.03527610310523958,0.2182910488069108,True,-2.507218272216492,-0.6035733883361452,3.1352308133584432,0
2066,306,0.23242530662363375,5,277,34,0,-0.9935525520109589,3,0.19838749507060127,-0.20679364850592963,-1.029436106372999,-1.2517749644903513,0.7323188913842071,-0.7790734603261885,-1.668315104440318,1.2033291303981,True,-1.2618614129966328,0.04611027437207913,-0.7988656973130236,0
2067,177,1.7707159644774402,2,333,29,2,0.9177778613537274,0,0.6628510710023714,-0.20679364850592963,1.7803156574738812,-0.13340696208086852,0.5167828104713215,-0.12333217874040028,-0.8634688646550153,0.5790092195304448,True,0.009599692996441034,1.1737209734948681,-7.495866287551388,0
2068,358,-1.5373826675431217,2,226,26,1,1.7047962668568335,2,-0.7869262188093323,-0.20679364850592963,0.6948719833483311,-1.4586178665373426,1.0094367097007746,-1.1615892079178982,1.5913121666901584,-0.07305824293132822,False,2.232254650891453,1.2098067294327135,-0.6855805701406823,0
2069,78,-1.0422420833613844,35,206,1,0,1.3675026644983594,2,-0.1530404922217351,-0.20679364850592963,0.15113904913721946,-0.07631929310800577,0.3166421639093562,1.2837793213291036,-0.05862262486971242,1.411435767353985,True,1.193381132498604,0.15950524145183292,-13.10286389669785,0
2070,156,0.8742992072324041,24,363,50,1,0.5804842589952534,2,0.472401208410713,-0.20679364850592963,-0.9292718152412186,-0.08527790016199349,-0.5608975940931069,-0.49218664963240616,0.8937787588762292,-1.5852998048107594,False,-1.8035710224736228,0.41302000200911604,-11.7263812868109,0
2071,31,-1.0441817070205102,9,190,44,0,-1.0497681524040379,1,0.3793476208697771,-0.20679364850592963,-0.009402343251317273,-0.4145245560939288,-0.9611788872170373,1.6662950689208131,-0.05862262486971242,-0.1840484493078002,True,1.0347793637691929,-0.3961078463139731,-2.4124028999953766,0
2072,486,-0.8930238863163954,5,387,43,2,0.1869750562437003,1,0.005104994666132303,-0.20679364850592963,-0.7720681380158965,0.9674881437052291,-0.9611788872170373,1.6662950689208131,-1.0780945285977626,0.17666972141573378,True,0.12095574830049893,-0.004558882176373938,1.0336042908079786,0
2073,225,0.8596127908776217,40,473,73,1,0.7491310601744904,0,-0.3706226321335793,6.431744946342571,1.8040445311756286,-1.2052183707694515,-0.32996607882930085,0.710005699941539,-0.6086008887230027,-1.1968340824931072,False,0.9444317402980069,-0.3185919551707562,-0.82972522426296,0
2074,56,-0.2354851992111113,42,624,82,1,1.0864246625329645,0,-0.6931384774092352,-0.20679364850592963,1.7568980517639112,1.6533250996226267,-0.26838434142561923,-1.4211534652122726,-0.5012880567516289,0.1350483940245568,True,1.9923832509750226,0.1632238524336001,0.6048416852463454,0
2075,422,-1.1795331468779755,2,428,8,1,-1.274630553976354,3,-0.6931384774092352,-0.20679364850592963,-0.32494867905485725,-1.6654324750389031,-0.4993158566894253,-0.8337185671250041,1.2827877747724588,1.411435767353985,True,0.8545844678231183,0.8175798094807237,-0.6004446743006547,0
2076,232,0.4999029450302307,17,281,97,1,0.8615622609606484,0,-0.057165238718669,-0.20679364850592963,1.7779745950916812,-1.6467406707140981,-0.03745282616181314,1.3384244281279192,1.3364441907581457,0.911979838659861,True,1.2780716500614506,-0.028577071188818803,-0.6072601949476211,0
2077,142,-0.5420097184941401,20,590,0,0,0.6929154597814113,2,0.40622778730442793,-0.20679364850592963,0.4360528750511888,-0.34918757748676027,-0.006661957459972327,0.1225708018542703,0.35721459901936065,-0.4892715168430983,True,0.9780625935453289,-0.22017940864137042,-2.8637911278989545,0
2078,252,1.02114879939774,16,395,63,1,-0.4313965480801688,1,-1.1592575015304638,-0.20679364850592963,1.2189451771819646,-0.6781514067857173,0.03952434559278888,-1.1615892079178982,-0.5147021607480506,1.147834027209864,True,0.19779637778422465,-1.1837744058806567,-1.4745971732175407,0
2079,52,1.4496024697749217,30,161,84,1,-0.20653414650785276,0,0.8426679393432855,-0.20679364850592963,1.8253978980753112,0.9019722628338757,-1.06894692767348,-0.8337185671250041,0.14258893507661327,-0.15630089771368225,True,0.3757954283003895,1.2215335260721707,1.108681419969604,0
2080,486,-0.17750240784939322,28,436,20,2,-0.6562589496524849,1,-0.9601914853903032,-0.20679364850592963,1.206581305479785,-0.34015791010521007,1.0864138814553765,0.7783120834400585,1.1084044228189767,-0.8916110149578094,False,1.3840837133291781,0.1704363006532643,-2.9398119646016716,0
2081,492,0.07167127030254349,4,46,81,0,-0.9373369516178799,3,-1.365032361609816,-0.20679364850592963,-0.9576907486360234,1.4937607119903322,1.5944632150357498,-0.6287994166294454,-1.0780945285977626,-1.3771931678548743,True,-1.0293620189385668,-0.0978336033606564,0.6694512213555593,0
2082,4,0.6186977011964168,5,142,9,2,1.9296586684291497,2,0.6505043648705744,-0.20679364850592963,0.6723874992091105,1.3905645755276606,-1.253692139884525,0.5597316562447958,-0.5147021607480506,-1.3216980646666383,True,0.05368979801269369,0.4024655551636595,0.7191323191210378,0
2083,202,1.421481827403732,40,272,67,1,0.5242686586021743,2,-1.1795361053656206,-0.20679364850592963,-0.409877274861883,1.4556328742745661,-1.4538327864464902,-1.4757985720110882,-1.520759960479679,1.355940664165749,True,-1.831359102265615,-1.6766891385438032,0.6869863610353861,0
2084,423,1.8908748254438301,40,199,4,0,0.6366998593883324,2,-0.08879715270593434,-0.20679364850592963,-1.0161809567910591,-1.2424951168743965,0.33203759826027657,-0.7517509069267806,0.062104311098082995,-0.3505337588725082,True,-2.907055782234889,-0.16790430062274272,-0.8048322016740046,0
2085,18,0.37175537040301454,24,645,45,0,0.6929154597814113,2,0.36581652871821657,-0.20679364850592963,0.6699703383814537,-1.3837040669085254,0.5475736791731622,-0.6014768632300375,-0.24642008081961642,-1.6407949079989952,True,0.29821496797843916,0.1359942591331856,-0.7226979353352598,0
2086,28,1.9583197633163734,19,221,67,1,-1.218414953583275,3,-0.6194028630245529,-0.20679364850592963,-1.439571125514519,1.4283398321388288,-0.6532702001986294,-0.47852537293270214,0.8401223428905423,0.3292812551833828,True,-3.3978908888308923,-1.2129888681157266,0.7001134516365283,0
2087,444,-0.7528972742847221,23,4,30,2,-0.9373369516178799,3,0.537177286385998,-0.20679364850592963,-1.335241383435866,-0.8095850456948686,1.22497279061366,0.846618466938578,-1.3061342965369318,-1.0164749971313403,True,-0.582344109151144,-0.40443931472768146,-1.235200833856536,0
2088,211,-0.7350976753498075,25,137,99,1,-1.49949295554867,3,-0.08879715270593434,-0.20679364850592963,0.44553130640238237,-1.29894531050444,0.347433032611197,0.6007154863439075,0.3035581830336738,-0.8222421359725143,False,1.1806289817521898,0.0652745805318142,-0.7698554118473205,0
2089,74,-1.2036101311920129,8,548,1,1,0.6366998593883324,1,1.7740007458305995,-0.20679364850592963,0.3361555266758256,-0.010019898670879157,1.6560449524394316,0.5597316562447958,-1.0378522166084974,0.2182910488069108,True,1.5397656578678385,-2.1352052704238966,-99.80240450402762,0
2090,437,0.2302197624052571,35,513,13,2,-0.31896534729401077,0,1.402561453377276,-0.20679364850592963,1.1456837299188654,1.3620503404426028,-0.6994565032513905,1.7209401757196288,1.5778980626937367,0.9952224934422149,True,0.9154639675136083,0.32289736455528856,0.7341872006407095,0
2091,225,1.8557163580469507,19,198,41,2,0.4680530582090954,1,1.2600886452227027,-0.20679364850592963,-0.7767848241231997,-0.5750211072268363,1.4712997402283867,1.1744891077314723,1.6583826866722668,0.38477635837161883,True,-2.6325011821701505,2.33836711152899,-1.739066899177679,0
2092,79,0.35575689933607774,12,678,15,2,-1.274630553976354,3,1.6912830499874785,-0.20679364850592963,-1.4964975302295729,-0.4150898828958999,1.1633910532099787,-1.4757985720110882,1.3096159827653022,1.161707803006923,True,-1.8522544295656507,0.60168561376321,-2.4091173553428304,0
2093,70,1.0084172053318585,35,413,19,2,-1.0497681524040379,1,0.5114292264090835,-0.20679364850592963,0.9514141315306694,-0.41450028893765556,1.2865545280173418,0.8056346368394663,1.2023031507939286,-0.41990263785780324,False,-0.057003073801189075,0.5157340312204823,-2.412544135535747,0
2094,257,-1.3918318550865796,23,341,0,0,-0.9935525520109589,3,-1.4280464114595173,-0.20679364850592963,-0.9999974155706233,-1.2991217098780674,-0.5608975940931069,-0.49218664963240616,0.8937787588762292,-1.5852998048107594,True,0.3918344395159563,1.987600486011433,-0.7697508781289981,0
2095,80,0.8476309878083254,17,273,74,0,-1.387061754762512,3,0.8774958557738228,-0.20679364850592963,-1.2369760354584554,0.79750465796808,-1.0073651902697986,-1.325524528314345,0.9340210708654944,-1.5575522532166413,True,-2.0846070232667806,0.7437926790272772,1.2539110143340673,0
2096,330,0.37545207345592846,3,667,0,0,1.3112870641052805,0,1.3925604350802405,-0.20679364850592963,0.362194494647155,-0.4809681387914234,-1.7001597360612166,-1.5987500623084236,1.7120391026579536,-1.8627753207519395,True,-0.013257578808773485,0.5228397027635662,-2.0791402325044306,0
2097,247,1.8037277830888647,30,283,8,1,0.4680530582090954,2,0.7479871380105251,-0.20679364850592963,-0.39907199953227357,-0.13313153529823352,0.27045586085659495,-1.188911761317306,-1.0915086325941843,-1.7101637869842903,True,-2.2027997826211383,1.349165182222709,-7.5113739873671195,0
2098,476,-1.3997424530700122,24,109,4,2,0.2994062570298583,1,0.22697317476508913,-0.20679364850592963,0.254576896101109,0.20609523349906633,-1.1151332307262414,-0.6287994166294454,-0.9573675926299672,0.3709025825745598,True,1.6543193491711212,-0.31770398842677444,4.8521234470577195,0
2099,235,-0.5602270048045722,3,166,69,2,-0.7686901504386429,0,-1.9077023575485814,-0.20679364850592963,0.6064119258161365,0.34649683809646326,0.9016686692443318,-0.23262239233803164,-0.6756714087051112,-0.9887274455372222,False,1.1666389306207088,1.0687463778280628,2.886028388861561,0
2100,389,-0.4440446190965398,32,487,24,1,-1.218414953583275,3,-1.449180960650241,-0.20679364850592963,-0.9492322660571192,0.7418038080066358,1.5790677806848294,-0.669783246728557,0.10234662308734813,0.8981060628628018,True,-0.5051876469605794,0.643501007673894,1.3480651546945672,0
2101,369,-1.1548960703737783,40,103,65,2,-1.49949295554867,3,-0.4402037724726214,-0.20679364850592963,-1.2749021224846413,-1.0725240367687052,-1.4230419177446496,-0.4238802661338866,0.3706287030157824,-0.6141354990166293,True,-0.12000605211086302,0.5083896069923433,-0.932380122920888,0
2102,52,-0.5639174072779334,39,377,68,2,0.1307594558506213,0,0.25527654064195265,3.1124756489183207,1.7294731912269412,1.3810019012787276,1.486695174579307,-0.41021898943418267,0.9608492788583377,0.0934270666333798,False,2.2933905985048746,-0.14395488493768993,0.7241119122738838,0
2103,277,-0.2966357414555559,7,670,18,2,-1.162199353190196,3,-0.1368580718294795,-0.20679364850592963,-0.15742700914683577,1.192328461179359,-0.6532702001986294,-0.47852537293270214,0.8401223428905423,0.3292812551833828,False,0.1392087323087201,0.04059699561131538,0.838694997804026,0
2104,138,-1.6290610517044954,3,522,98,2,1.0302090621398854,2,-1.4280464114595173,-0.20679364850592963,0.12723014495550672,-0.7445326348619357,-1.0381560589716394,0.3001673989504212,0.6523248869406384,0.4818927889510318,True,1.756291196660002,2.326374788935072,-1.343124649596995,0
2105,56,-1.4259359650498318,41,31,74,0,1.0864246625329645,0,-0.12075648392093428,-0.20679364850592963,0.7839298548111233,-0.5280820065359794,1.2865545280173418,0.8056346368394663,1.2023031507939286,-0.41990263785780324,True,2.209865819860955,0.1721910134358219,-1.8936456402371886,0
2106,64,-0.5347050122398578,2,575,6,1,0.6929154597814113,2,-1.2819289279963564,-0.20679364850592963,0.43394096735091,-1.2708127118187107,-1.4230419177446496,-0.08234834864128854,-1.1719932565727147,0.9813487176451559,True,0.9686459795907678,0.6854538231349195,-0.7868980766321323,0
2107,188,-1.1971360014957817,11,28,59,2,0.5804842589952534,0,-0.7117529458539462,-0.20679364850592963,-0.9519812093913029,0.5255137999616629,0.5167828104713215,1.3520857048276231,-0.6086008887230027,1.2172029061951588,True,0.24515479210447877,0.8520650756524368,1.9028992383892256,0
2108,447,0.1635954356624146,37,533,15,1,0.6929154597814113,0,-1.0988248781928884,-0.20679364850592963,1.807993643195645,-1.7220993319341484,-0.7610382406550722,-1.544104955509608,-1.6951433124331614,-0.9748536697401633,True,1.6443982075332304,-0.17976273466466525,-0.5806866302802225,0
2109,97,0.10391736777077168,28,365,7,1,0.8615622609606484,2,-0.21857193818218257,-0.20679364850592963,0.35895880667673213,0.5064586412207305,1.4097180028247052,-0.8063960137255962,-0.8098124486693283,-0.017563139743092215,False,0.2550414389059604,-0.02271342048444824,1.9744945019404236,0
2110,124,-0.21001180902109148,37,290,67,2,-0.31896534729401077,1,-1.3859719465647844,-0.20679364850592963,-0.9955865382753265,-1.7313409832637718,-1.3768556146918882,0.013280588256638914,-0.7024996166979546,0.7316207532980938,True,-0.785574729254235,0.2910704757505539,-0.5775870076578379,0
2111,20,1.4846445484524218,20,191,52,0,1.0864246625329645,0,1.5878438221604099,-0.20679364850592963,-1.4884118857381814,-0.6029434631057495,-1.6231825643066147,0.10890952515456638,0.6925671989299035,-0.2811648798872132,True,-2.973056434190603,2.3573836743643093,-1.6585305705149807,0
2112,348,-1.3152628727962878,20,131,15,1,0.6929154597814113,1,-1.302606210010628,-0.20679364850592963,-0.4178857299899525,-0.4150225224935091,0.424410204365799,1.5433435786234782,1.5376557507044715,-0.11467957032250523,True,0.8973771428063353,1.713269585900863,-2.409508368227116,0
2113,477,-1.4921625311595792,33,649,47,1,-1.105983752797117,3,-1.0191957916838013,-0.20679364850592963,-0.7968175307380633,-1.063779372446705,1.1787864875608989,-0.49218664963240616,-0.8500547606585935,1.147834027209864,True,0.6953450004215159,1.5208057722660921,-0.9400446369856297,0
2114,422,1.69563644238754,25,285,63,0,0.6929154597814113,1,-0.04147294009483492,-0.20679364850592963,-0.40378303386873254,1.3339004391656297,0.5167828104713215,-0.041364518542176765,0.22307355905514353,-1.3216980646666383,True,-2.099419476256273,-0.07032302859775745,0.7496810823882802,0
2115,425,-0.7269535037616776,40,54,41,2,0.07454385545754227,1,1.133471172798824,-0.20679364850592963,-0.42604146956939826,-0.9795020416002557,-1.3152738772882067,0.2865061222507173,-0.729327824690798,-0.10080579452544622,False,0.3009120341922793,-0.823980840478963,-1.0209270217129491,0
2116,41,0.4419855566939534,14,380,88,1,-0.9935525520109589,1,-1.2202938111117605,-0.20679364850592963,0.9599865082967273,0.9857799208261755,1.5482769119829887,-1.3118632516146413,-0.23300597682319468,0.8426109596745658,True,0.5180009516027739,-0.5393522394344175,1.014425103850154,0
2117,184,0.2274687313007417,13,559,3,2,0.8053466605675694,2,2.0299372612623108,-0.20679364850592963,0.838838149540838,1.5591789801299496,-1.1305286650771618,1.5843274087225898,-0.43421753676952035,1.1339602514128049,False,0.6113694182400964,0.46174725343944006,0.6413631459938874,0
2118,244,1.4612882519860864,23,237,0,1,-1.330846154369433,3,-0.7869262188093323,-0.20679364850592963,-0.9008315346804394,1.3617382408722365,-0.022057391810892734,-0.8473798438247081,0.8669505508833859,-1.2245816340872253,False,-2.3621197866665256,-1.1499260387259098,0.7343554704933022,0
2119,67,-0.8854844763849448,34,432,96,1,-1.218414953583275,3,0.6381100577755286,-0.20679364850592963,-1.455120830114405,1.625385223509812,1.486695174579307,-0.41021898943418267,0.9608492788583377,0.0934270666333798,False,-0.5696363537294602,-0.5650365503853308,0.6152387286484338,0
2120,1,0.9505909318872083,36,576,21,2,-1.218414953583275,3,1.0022523781171095,-0.20679364850592963,-1.1078854396014675,-1.6565595103705077,-0.006661957459972327,0.1225708018542703,0.35721459901936065,-0.4892715168430983,True,-2.058476371488676,0.9527320221005139,-0.6036608127301266,0
2121,88,0.4819459166819671,12,595,24,1,-1.218414953583275,3,0.29721907485255783,-0.20679364850592963,-0.10450143963643845,0.5343312657524829,-0.4377341192857437,1.529682301923774,1.7120391026579536,-0.7389994811901603,True,-0.5864473563184056,0.14324351948518219,1.8714978458951776,0
2122,208,0.5298132688561327,30,238,14,0,1.3112870641052805,0,-1.365032361609816,-0.20679364850592963,1.3307210567101904,0.6378163228425333,-1.592391695604774,0.21819973875219772,0.062104311098082995,-0.6557568264078063,True,0.8009077878540577,-0.7232122575989031,1.5678492496999943,0
2123,13,-1.5491491566064821,14,477,21,0,0.1307594558506213,1,1.1119335175736063,-0.20679364850592963,0.8084554300300877,1.455938553386546,0.5629691135240826,1.406730811626439,-1.426861232504727,0.45414523735691387,True,2.35760458663657,-1.722550870951631,0.6868421259879167,0
2124,37,1.4473804099079801,0,428,36,1,0.4680530582090954,0,-0.5829717049916499,4.772110297630446,-1.313636535767317,-1.7221783362186973,1.3635316997719438,0.9012635737373939,0.9742633828547594,-0.9193585665519273,False,-2.761016945675297,-0.8437818253355682,-0.5806599914975417,0
2125,20,0.7920217623205775,28,415,37,2,-0.6562589496524849,1,-0.6194028630245529,-0.20679364850592963,-1.1984545251450263,-0.5746958402757119,1.147995618859058,1.0515376174341369,0.34380049502293897,0.5512616679363268,True,-1.990476287465604,-0.4905805471591177,-1.7400511782465051,0
2126,238,-0.8613249867706223,33,647,33,2,-1.49949295554867,3,-0.7117529458539462,-0.20679364850592963,-0.911228088468292,0.9676944689442161,0.424410204365799,0.9968925106353214,-1.0780945285977626,0.7593683048922117,True,-0.04990310169766965,0.6130505966716017,1.033383912747418,0
2127,408,-0.7472423773226676,23,417,83,1,1.7047962668568335,2,-0.6194028630245529,-0.20679364850592963,0.32934756105403973,1.663052855827015,-0.022057391810892734,0.9285861271368016,-1.5341740644761008,-1.6269211322019363,True,1.0765899383767072,0.4628440678869336,0.6013037627552351,0
2128,80,-1.4702930751271273,25,562,96,0,0.7491310601744904,2,-1.0988248781928884,-0.20679364850592963,0.41479975114623,-1.2981968374064694,-0.22219803837285798,1.0515376174341369,0.6254966789477949,-0.2534173282930952,False,1.8850928262733573,1.6155946091844129,-0.7702992706620068,0
2129,300,1.925302277972668,8,568,5,0,0.35562185742293734,0,-0.025863557847784793,-0.20679364850592963,0.45274036073994284,0.2622040546213555,-0.2529889070746988,-1.6943789992063512,1.1084044228189767,-0.04531069133721022,True,-1.4725619172327251,-0.04979516684081794,3.8138221014998135,0
2130,96,0.01988928441446968,5,588,15,2,0.07454385545754227,1,0.06603168307879083,-0.20679364850592963,-0.14038641855834075,-1.703543771912725,0.7323188913842071,0.5460703795450919,-0.004966208884025563,-0.003689363946033215,True,-0.16027570297281044,0.0013133229251201957,-0.5870116607443401,0
2131,367,0.03798631784228077,22,93,3,1,0.9739934617468065,0,-0.12075648392093428,-0.20679364850592963,1.8273213516902824,0.9668525183249957,-0.052848260512733544,-0.8747023972241159,-1.6817292084367397,0.8981060628628018,False,1.7893350338480016,-0.004587094179736877,1.0342837998747212,0
2132,270,0.5594416060937039,2,310,52,0,-0.09410294572169475,1,-0.33629030118055,-0.20679364850592963,-0.07989799346883168,-0.19900652655389967,-1.7001597360612166,-1.5987500623084236,1.7120391026579536,-1.8627753207519395,True,-0.6393395995625355,-0.18813478620618226,-5.024963350764736,0
2133,78,1.3763820738634802,4,182,9,2,-1.443277355155591,3,-0.8440511312458903,-0.20679364850592963,-1.1350361231057278,0.04545862931627691,0.7631097600860479,-0.9566700574223395,0.18283124706587842,0.9674749418480969,True,-2.511418196969208,-1.161736846471035,21.997975197294856,0
2134,62,-1.1619298908750568,38,42,56,1,-0.7124745500455638,0,-1.0390009501597688,-0.20679364850592963,1.1870204527277868,0.0452772241615347,0.7323188913842071,0.9149248504370977,0.6120825749513732,0.1627959456186748,True,2.3489503436028434,1.2072462606382206,22.08611084065672,0
2135,237,0.857407596201596,7,595,14,1,1.8734430680360705,2,-1.6205716478482672,-0.20679364850592963,0.18916721720351518,0.7322645303433473,-0.03745282616181314,1.3384244281279192,1.3364441907581457,0.911979838659861,True,-0.6682403789980809,-1.389490441054042,1.3656265215638177,0
2136,53,0.40184821985461383,8,368,17,1,-0.31896534729401077,1,-1.0191957916838013,-0.20679364850592963,-1.0206982327889431,-1.5713745008223756,1.22497279061366,1.2701180446293998,-1.4939317524868356,-1.071970100319576,True,-1.422546452643557,-0.40956201457144936,-0.6363855739769287,0
2137,213,-1.6345545798187322,39,670,73,0,1.1988558633191224,0,0.8074766543044608,-0.20679364850592963,1.4920331064384553,1.6254508427709455,-1.0535514933225598,1.5433435786234782,-1.520759960479679,0.9952224934422149,True,3.1265876862571877,-1.3198646633900637,0.6152138915341707,0
2138,35,-0.21993196284964017,30,52,65,0,-0.7686901504386429,1,0.6996106650189345,-0.20679364850592963,1.057112031354424,1.6249792111328816,0.347433032611197,1.6662950689208131,0.437699222997891,-0.6002617232195703,True,1.2770439942040641,-0.15386674678815637,0.6153924503216187,0
2139,321,0.8529573381070165,35,73,71,1,-1.274630553976354,3,-0.6194028630245529,-0.20679364850592963,-0.8548502394831384,-1.3365774670685258,1.0556230127535355,-0.6014768632300375,-1.1451650485798712,1.2865717851804541,True,-1.707807577590155,-0.5283242172612876,-0.7481796599573353,0
2140,389,1.0500261955410681,42,45,25,2,1.4799338652845175,2,-1.2613176508759902,-0.20679364850592963,-0.07995403216133645,1.3246129740566743,-0.9611788872170373,1.6662950689208131,-1.0780945285977626,0.17666972141573378,False,-1.1299802277024047,-1.3244165743181133,0.7549374376454436,0
2141,162,1.4492124801818822,6,355,95,2,0.2994062570298583,0,0.21271612150727617,-0.20679364850592963,1.8943557156565953,-1.1298157457326548,1.2865545280173418,-1.4348147419119766,0.02186199910881786,-0.2395435524960362,True,0.44514323547471313,0.3082708580242303,-0.8851001522036166,0
2142,94,-0.3643161747152831,22,140,3,2,1.0864246625329645,2,-1.302606210010628,-0.20679364850592963,-0.7342739020037651,-0.3213428112151243,0.45520107306763985,1.1471665543320644,-1.0646804246013408,1.244950457789277,True,-0.369957727288482,0.4745605115914447,-3.1119423752248907,0
2143,397,-0.9381643188148595,5,168,89,1,0.35562185742293734,1,0.537177286385998,-0.20679364850592963,0.9205882746672652,0.30920006886705964,1.6098586493866702,-0.6151381399297413,-1.668315104440318,-0.5863879474225113,True,1.8587525934821247,-0.5039605629651346,3.2341508857000307,0
2144,75,0.8682320204816603,21,523,25,2,-0.9935525520109589,1,-1.751781892697946,-0.20679364850592963,0.2673458222698474,-0.8666849026565322,1.5482769119829887,-0.8337185671250041,0.29014407903725214,1.508552197933398,True,-0.6008861982118129,-1.5209531321403247,-1.1538220088027789,0
2145,114,-1.6003642770960045,16,463,61,2,0.41183745781601633,0,1.8817854608487634,-0.20679364850592963,1.4352649208763004,-1.119510910022809,-1.3922510490428086,-0.49218664963240616,1.0547480068332897,-0.8499896875666323,True,3.035629197972305,-3.011542228701003,-0.8932472925202268,0
2146,143,-0.7577653943485693,25,230,22,2,0.1869750562437003,0,0.25527654064195265,-0.20679364850592963,1.6230903350806754,-0.48126587394641723,-0.19140716967101717,-0.5195092030318139,-1.158579152576293,0.7871158564863298,False,2.3808557294292445,-0.19343972848748783,-2.07785397203695,0
2147,452,0.224530746677555,36,652,46,1,-1.0497681524040379,1,-0.6561257527358736,-0.20679364850592963,-0.6023588254745273,-0.5844595075185316,-0.9919697559188781,0.6007154863439075,-0.5951867847265809,1.5362997495275161,True,-0.8268895721520824,-0.14732040517615852,-1.710982811014626,0
2148,20,1.443464297979904,4,193,74,1,0.1869750562437003,1,2.0041607021282135,-0.20679364850592963,0.46727040303802014,1.4652021866245426,0.3166421639093562,0.16355463195338205,-0.5549444727373157,1.314319336774572,False,-0.9761938949418838,2.892934420936413,0.6824996173762111,0
2149,108,2.006101869943243,8,274,53,0,-0.4876121484732478,0,-0.04147294009483492,1.4528410002061956,1.4836156832432235,-1.1951602330114954,-1.2075058368317637,-0.8337185671250041,-1.4134471285083055,-1.5714260290137003,True,-0.5224861867000195,-0.08319894267629242,-0.8367079627064349,0
2150,280,-0.866556030413733,22,398,86,1,-0.31896534729401077,0,0.45928101948352285,-0.20679364850592963,1.7871535706536712,-0.21756339243126602,-0.7302473719532313,-1.4348147419119766,0.5315979509728429,1.550173525324575,True,2.653709601067404,-0.3979927370880139,-4.596363609067584,0
2151,11,1.6966941144958838,2,205,26,0,-1.162199353190196,3,-0.2351536375112642,-0.20679364850592963,-1.1050321770011395,0.30963589828802096,0.9632504066480132,-0.4375415428335904,-0.5817726807301593,1.61954240430987,True,-2.8017262914970233,-0.39898379276766044,3.2295986433392927,0
2152,63,-0.04879003092195572,41,167,49,0,0.1869750562437003,1,-0.6931384774092352,-0.20679364850592963,0.7349419472651668,1.653208769622375,-0.3145706444783804,-1.0386377176205628,-1.104922736590606,-0.4892715168430983,False,0.7837319781871226,0.03381824774599389,0.6048842456479316,0
2153,434,-0.3385877169281732,23,565,24,1,-1.105983752797117,3,-0.9994590305551175,-0.20679364850592963,-1.006228037988586,0.5063862750372251,-0.48392042233850485,-1.0522989943202667,1.4705852307223628,-0.031436915540151225,True,-0.6676403210604127,0.3384045513189025,1.9747766711268422,0
2154,155,0.9616276358820557,1,140,86,1,0.7491310601744904,2,1.890643953049121,-0.20679364850592963,0.44380921036324444,0.6474896683826319,1.6560449524394316,0.5597316562447958,-1.0378522166084974,0.2182910488069108,True,-0.5178184255188112,1.8180954748653306,1.5444259489967005,0
2155,12,-0.22323075339108792,24,502,51,2,-1.387061754762512,3,1.2704463137422914,-0.20679364850592963,-1.4021068093445221,0.5063132559257482,1.5482769119829887,-0.8337185671250041,0.29014407903725214,1.508552197933398,True,-1.1788760559534341,-0.28360268775962216,1.9750614679551373,0
2156,350,0.30619050813471665,30,237,62,1,0.4680530582090954,2,1.5302741201584202,-0.20679364850592963,0.4839197806507886,0.9105474923472775,0.2858512952075154,-0.014041965142768923,-1.628072792451053,0.7038732017039758,False,0.17772927251607196,0.4685554104367131,1.0982402330251904,0
2157,153,-0.022791276851279577,8,586,27,2,0.8615622609606484,1,0.33856840262911453,-0.20679364850592963,0.8674208515556403,1.6907134964106945,1.5482769119829887,1.6253112388217015,0.5047697429799994,-0.7806208085813373,True,0.8902121284069199,-0.007716406197415641,0.5914662318460991,0
2158,103,-0.4630188693575623,6,524,90,1,-0.7686901504386429,1,-1.8182328072643317,-0.20679364850592963,0.4642411863473299,0.4786826500287569,-0.9919697559188781,-1.325524528314345,0.7998800309012772,-0.7528732569872193,True,0.9272600557048922,0.8418760986483573,2.0890662969157026,0
2159,214,1.2599310375432093,15,202,96,1,-1.0497681524040379,1,0.32484974849802,6.431744946342571,0.15004469863350686,-1.3080755287935977,-0.006661957459972327,0.1225708018542703,0.35721459901936065,-0.4892715168430983,True,-1.1098863389097025,0.40928828067076095,-0.7644819082965826,0
2160,293,-0.18345457272146645,6,482,73,2,-0.8249057508317219,1,-1.512971918718622,-0.20679364850592963,0.993906514426133,0.3376918867584299,-0.022057391810892734,-0.9839926108217473,0.4511133269943127,0.911979838659861,True,1.1773610871475995,0.27756161688810205,2.9612784407447497,0
2161,137,-1.550673200415692,2,514,3,0,0.8053466605675694,0,-0.9018081025139288,6.431744946342571,0.6726724791657612,-1.2425365778005852,-0.8995971498133557,0.14989335525367814,-0.3000764968053033,0.3709025825745598,True,2.2233456795814535,1.3984096564860764,-0.8048053460531805,0
2162,203,-1.3898811807166127,41,205,28,0,-0.7124745500455638,0,-1.40697668519828,-0.20679364850592963,0.740543602622418,1.5029435998025225,-1.099737796375321,1.2427954912299917,1.3632723987509892,0.3154074793863238,True,2.1304247833390306,1.9555304164641312,0.6653609181311275,0
2163,146,0.47970079580597214,41,496,80,1,-0.8811213512248008,1,-0.6931384774092352,-0.20679364850592963,-0.6598982590643916,-0.24622018345676305,-0.9149925841642762,1.693617622320221,1.6449685826758451,-1.4326882710431104,False,-1.1395990548703638,-0.33249907921694993,-4.061407119844482,0
2164,62,-0.16506092730786584,18,498,79,1,0.35562185742293734,2,0.3928177842655264,-0.20679364850592963,-0.42643110089158925,-0.9886214865778841,-1.7001597360612166,-0.697105800127965,-0.16593545684108613,-1.807280217563703,True,-0.2613701735837234,-0.06483886773388897,-1.0115095764431143,0
2165,339,1.4155343095397546,1,300,83,0,-0.03788734532861575,0,1.559163501032625,-0.20679364850592963,0.636216730957457,-0.8103386333952823,-0.868806281111515,0.17721590865308595,0.9608492788583377,-0.3505337588725082,True,-0.7793175785822976,2.2070494298938033,-1.2340521384439718,0
2166,443,0.060726753729929424,14,316,72,0,1.1426402629260435,0,0.5627146920237458,-0.20679364850592963,0.7187400938275131,-0.9790566359023795,1.3789271341228642,1.5979886854222938,1.1888890467975068,-1.030348772928399,False,0.6580133400975837,0.03417183652273909,-1.0213914757009586,0
2167,441,-0.9042858201604761,37,375,65,0,1.3112870641052805,2,0.7719110874194387,-0.20679364850592963,0.15918327073624533,-1.5339930685993373,-0.9611788872170373,1.6662950689208131,-1.0780945285977626,0.17666972141573378,True,1.0634690908967215,-0.6980282507780521,-0.6518934704851241,0
2168,455,0.8322594397842474,0,327,12,1,0.8053466605675694,2,-1.5773404800409108,-0.20679364850592963,0.5859428179195075,0.11200700695319367,0.48599194176948063,0.696344423241835,1.2425454627831938,-1.0997176519136944,True,-0.2463166218647399,-1.3127565042678644,8.928004902562899,0
2169,19,1.2004624283623733,40,196,33,0,0.41183745781601633,0,0.43287030725424697,-0.20679364850592963,1.1910493622254148,0.9669796216367766,0.7015280226823664,-1.2435568681161218,-1.29272019254051,0.24603860040102882,True,-0.00941306613695847,0.5196445402123999,1.0341478498714853,0
2170,200,-0.06166262600843181,35,383,29,1,0.41183745781601633,2,-0.025863557847784793,-0.20679364850592963,-0.012797370419557395,0.12129164270760588,0.9786458409989337,0.6007154863439075,0.7730518229084338,0.3709025825745598,False,0.04886525558887442,0.0015948148948153951,8.244584319401428,0
2171,453,0.39582506156068803,18,309,70,1,1.5923650660706756,2,-0.49318295251244687,-0.20679364850592963,0.587712786398848,-0.941482589927755,1.5020906089302275,-1.1752504846176022,-1.574416376465366,-1.8905228723460574,False,0.19188772483816002,-0.19521417253892118,-1.0621546451455888,0
2172,137,0.5730808568228586,29,433,68,0,0.35562185742293734,2,0.4984746518105413,-0.20679364850592963,-0.9739171296505165,1.2959933999255515,-0.26838434142561923,0.4641027193468683,-1.5475881684725226,-0.7112519295960422,True,-1.5469979864733752,0.2856662805640611,0.7716088082675145,0
2173,208,0.5663151060954119,26,590,67,2,1.0302090621398854,2,-0.20206945745702398,-0.20679364850592963,0.5239020724535627,1.4933932223637187,1.5020906089302275,-0.4238802661338866,-0.5147021607480506,0.0656795150392618,True,-0.04241303364184923,-0.11443498623841686,0.669615957849079,0
2174,394,-1.486458709945918,4,261,92,2,-1.105983752797117,3,0.36581652871821657,-0.20679364850592963,-1.2330665212614378,-1.7125602719135173,0.7939006287878887,-1.2708794215155297,-0.917125280640702,0.5096403405451498,False,0.2533921886844803,-0.5437711653553741,-0.5839210886719717,0
2175,263,-0.2919672890025655,25,403,77,1,-0.20653414650785276,1,0.5754059049627287,-0.20679364850592963,0.9623361617356729,1.4467777563040576,-0.4685249879875845,-0.6561219700288532,-0.5012880567516289,-1.4881833742313462,True,1.2543034507382385,-0.16799970214803575,0.6911911152376927,0
2176,409,-1.2953469217812923,15,610,84,2,-1.274630553976354,3,1.491422182083449,-0.20679364850592963,-0.940676495938408,1.3811001669384346,-0.791829109356913,0.3274899523498291,0.10234662308734813,-0.6141354990166293,True,0.35467042584288433,-1.9319091326381337,0.7240603915143382,0
2177,268,0.6035215294473527,4,170,85,0,1.6485806664637546,2,1.0465326685577692,-0.20679364850592963,-0.16586849093814923,1.5591996561823798,0.9016686692443318,-0.23262239233803164,-0.6756714087051112,-0.9887274455372222,True,-0.769390020385502,0.6316049967446044,0.641354641081043,0
2178,218,-1.2736513625311008,10,434,67,0,-0.2627497469009318,0,0.11085360647837106,-0.20679364850592963,1.0667671108549188,-0.8009070888472877,0.6861325883314459,0.09524824845486245,-0.8366406566621718,1.439183318948103,True,2.34041847338602,-0.14118884693266376,-1.2485844348034203,0
2179,272,-1.1337925149103598,36,567,65,1,0.2431906566367793,1,-0.9601914853903032,-0.20679364850592963,-0.708966807985482,-0.9042581868818568,0.7631097600860479,-0.8063960137255962,-0.5012880567516289,0.8842322870657428,True,0.42482570692487787,1.0886579190161858,-1.1058789680812133,0
2180,82,1.0021223998285134,30,536,59,2,0.6929154597814113,2,0.40622778730442793,-0.20679364850592963,-0.5719260038234785,1.0335039497600773,0.45520107306763985,1.1471665543320644,-1.0646804246013408,1.244950457789277,True,-1.5740484036519917,0.40708996509054024,0.9675820817849188,0
2181,187,-1.5187891852638113,35,163,8,0,-1.218414953583275,3,-0.805897272154619,-0.20679364850592963,-1.4859613281157975,-0.2742009763891235,0.4705965074185602,1.365746981527327,0.5584261589656864,-1.807280217563703,True,0.03282785714801384,1.223988061382042,-3.6469613561004146,0
2182,207,-0.12214555888201743,5,334,99,0,-1.330846154369433,3,-0.8632335084751533,-0.20679364850592963,0.9391981925931571,0.7694032910036533,0.48599194176948063,-0.7107670768276688,-1.5610022724689443,-1.7795326659695851,True,1.0613437514751745,0.10544013933838234,1.2997083346559513,0
2183,320,0.21713324844931362,3,632,17,0,1.9858742688222286,2,-1.5343641390551084,-0.20679364850592963,0.4786466201360262,0.6564784189446361,-1.022760624620719,0.5324091028453879,0.6925671989299035,0.30153370358926485,True,0.2615133716867126,-0.33316146981717004,1.5232790885642593,0
2184,157,0.09893882683775225,22,581,61,1,0.35562185742293734,1,-0.9406610984409725,-0.20679364850592963,1.138479550155871,-1.298493049062863,-1.099737796375321,1.2427954912299917,1.3632723987509892,0.3154074793863238,False,1.0395407233181189,-0.0930679055316612,-0.7701235503217105,0
2185,491,0.1345122693403678,40,167,21,0,0.9177778613537274,0,0.5880462384367718,-0.20679364850592963,1.5197394751993485,-0.21691416438496008,-0.3145706444783804,-0.17797728553921596,-0.876882968651437,0.8981060628628018,True,1.3852272058589807,0.07909943400919721,-4.610120615440074,0
2186,253,1.0346349593686173,14,658,79,0,0.41183745781601633,0,-1.5558203784823792,-0.20679364850592963,0.18867121106984622,-0.8006986960030577,1.486695174579307,1.365746981527327,1.3364441907581457,-1.0026012213342812,True,-0.8459637482987711,-1.6097061540759832,-1.2489093961096207,0
2187,348,-0.3627695710430226,3,16,43,0,0.5242686586021743,1,-0.9994590305551175,-0.20679364850592963,0.9194876599498394,-0.8758124004124755,-0.14522086661825598,0.36847378244894086,-0.07203672886613413,1.605668628512811,True,1.282257230992862,0.3625733237895552,-1.1417971630782493,0
2188,113,-0.860495549764183,32,181,13,0,-1.105983752797117,3,0.6505043648705744,-0.20679364850592963,-1.051998953286756,-1.5333103235838286,1.6098586493866702,-1.011315164221155,1.0815762148261332,0.3292812551833828,False,-0.191503403522573,-0.5597561110733056,-0.6521837424801651,0
2189,473,0.8681003281037651,38,30,4,2,0.6929154597814113,2,-0.8440511312458903,-0.20679364850592963,0.4248730336169091,-1.6000493561884168,-1.1305286650771618,-1.1342666545184903,-0.7695701366800631,-0.22566977669897723,True,-0.44322729448685605,-0.7327210639709115,-0.6249807598937086,0
2190,491,-0.15444680758553178,16,381,34,0,1.2550714637122016,2,-0.9018081025139288,-0.20679364850592963,0.764579636309747,-0.6785556780213904,-0.5147112910403457,-0.7244283535273728,-0.4610457447623638,-0.9748536697401633,True,0.9190264438952788,0.13928138248804228,-1.473718634685627,0
2191,129,1.639539188158421,22,72,85,2,-1.162199353190196,3,0.3928177842655264,-0.20679364850592963,-1.5222610488631094,1.174182286996052,1.1787864875608989,0.4914252727462762,0.4511133269943127,-0.7944945843783963,False,-3.1618002370215303,0.6440401511088909,0.8516564471370853,0
2192,57,-1.1115616807165272,18,534,12,1,-1.162199353190196,3,-0.3706226321335793,-0.20679364850592963,0.6492475816814409,0.7694507371029141,-0.6686656345495497,0.02694186495634284,0.5718402629621081,1.369814439962808,False,1.760809262397968,0.4119699158859846,1.2996281916660648,0
2193,99,-1.1212127125460016,8,89,9,0,-0.20653414650785276,1,1.8729083741707675,-0.20679364850592963,0.8340897173450559,-1.336812956423572,0.5167828104713215,-0.041364518542176765,0.22307355905514353,-1.3216980646666383,False,1.9553024298910575,-2.099928678554128,-0.7480478626420002,0
2194,413,1.825069493544348,2,7,36,2,-1.387061754762512,3,0.4195783825648011,-0.20679364850592963,-0.8307900140997149,0.9668492536851383,-0.9611788872170373,0.9285861271368016,-0.5281162647444724,1.078465148224569,True,-2.655859507644063,0.7657597061696984,1.0342872922120787,0
2195,379,0.72581495223852,5,392,98,2,-1.0497681524040379,3,-0.3192396785201743,-0.20679364850592963,-0.8751735802579894,1.4282293784903204,-0.791829109356913,-1.380169635113161,1.457171126725941,0.8703585112686838,True,-1.6009885324965094,-0.2317089320177608,0.7001675956562867,0
2196,490,-1.085011506729331,24,666,45,2,-0.8249057508317219,1,-1.5558203784823792,-0.20679364850592963,0.04010041333444865,-1.600030965383887,-0.8842017154624353,-0.16431600883951203,0.8401223428905423,-1.8905228723460574,True,1.1251119200637798,1.6880830130573645,-0.6249879434420006,0
2197,143,1.0409664733077257,8,191,26,0,-0.9935525520109589,1,-0.9406610984409725,-0.20679364850592963,1.0925555758533307,-1.7311937480062036,0.5167828104713215,1.3520857048276231,-0.6086008887230027,1.2172029061951588,True,0.051589102545605,-0.9791966662218705,-0.577636130511274,0
2198,129,0.5254236894777442,9,406,29,0,0.8053466605675694,0,-0.07294009438220465,-0.20679364850592963,1.179082782582777,0.9671329508887452,-1.1767149681299232,1.1608278310317683,-0.5549444727373157,1.189455354601041,True,0.6536590931050328,-0.03832445350115285,1.033983896094805,0
2199,222,-0.19223973720209406,25,678,87,2,-1.443277355155591,3,0.8426679393432855,-0.20679364850592963,-1.523351541125994,0.7786435276560051,-1.330669311639127,-0.47852537293270214,0.9206069668690726,-0.5308928442342753,True,-1.3311118039238998,-0.16199426320798335,1.2842845744597648,0
2200,217,-0.9991768715365018,34,350,93,2,0.2431906566367793,1,0.4461042836433006,-0.20679364850592963,0.07985868960106786,0.7035041414130425,1.255763659315501,1.3384244281279192,1.0279197988404463,1.355940664165749,True,1.0790355611375697,-0.44573708250974536,1.4214555380525111,0
2201,380,2.139059817013992,32,473,74,2,-1.387061754762512,3,-0.4226946174867851,-0.20679364850592963,-1.1011038093277352,1.4933278207452425,-0.6994565032513905,1.7209401757196288,1.5778980626937367,0.9952224934422149,True,-3.2401636263417273,-0.904169071134082,0.6696452842728285,0
2202,131,0.14557945914930767,1,558,78,2,-0.6562589496524849,1,-1.449180960650241,-0.20679364850592963,0.8097662929548357,-1.2047000547814268,1.5020906089302275,-1.1342666545184903,-0.689085512701533,-1.2800767372754611,True,0.664186833805528,-0.2109709804609362,-0.8300822092928806,0
2203,54,-0.2520019427501117,31,618,67,0,1.0864246625329645,2,1.5495571485901265,-0.20679364850592963,0.742492739913962,-0.07612798521236282,-0.4993158566894253,1.2837793213291036,-1.1988214645655582,0.6899994259069169,True,0.9944946826640737,-0.39049141184703534,-13.135791138955803,0
2204,353,0.9451530617087526,4,160,37,2,0.07454385545754227,1,1.952141824805067,-0.20679364850592963,0.9464660451682642,0.8736015630812145,-0.7456428063041518,-0.055025795241880684,1.5510698547008932,-0.9609798939431042,True,0.0013129834595115852,1.8450728226042203,1.1446864655373659,0
2205,414,0.8869822343920873,6,244,16,2,-0.8811213512248008,1,-0.1047360641534968,-0.20679364850592963,1.0416544182669802,-1.1860935663782282,1.1941819219118193,-0.5058479263321101,-1.0915086325941843,0.3154074793863238,True,0.1546721838748929,-0.0928990282043016,-0.8431038770102409,0
2206,459,0.16383269276369863,29,291,81,1,-0.31896534729401077,1,-1.1998816021188639,-0.20679364850592963,0.04032544568016541,1.5780618747077406,1.2865545280173418,0.4641027193468683,-0.9573675926299672,0.1489221698216158,True,-0.12350724708353322,-0.19657983387275432,0.633688673846413,0
2207,425,-1.5955322919752595,15,269,69,1,-0.3751809476870898,1,0.73595977530185,-0.20679364850592963,0.37585911868222976,0.5064220772543279,0.48599194176948063,1.6116499621219977,0.5986684709549516,1.2310766819922179,True,1.9713914106574892,-1.1742475870889577,1.9746370615554518,0
2208,69,0.8430875186065471,37,496,37,2,0.5804842589952534,1,-0.5288762138917308,-0.20679364850592963,-0.7533249427262679,0.1768611453254545,-0.06824369486365395,1.1335052776323604,1.1486467348082419,-0.017563139743092215,True,-1.596412461332815,-0.44588893482000475,5.654149942005844,0
2209,399,-0.5277873261817382,24,569,49,0,-1.387061754762512,3,0.8074766543044608,-0.20679364850592963,-1.1498674719056583,-0.6690664581692486,-0.022057391810892734,0.9285861271368016,-1.5341740644761008,-1.6269211322019363,True,-0.6220801457239201,-0.4261759443295271,-1.4946200594157473,0
2210,344,-1.4208204190230451,23,538,63,2,0.1307594558506213,0,-0.268553453715343,-0.20679364850592963,1.3152363413703068,1.24925692454851,0.1318969516983113,-1.339185805014049,-0.5951867847265809,1.4946784221363392,False,2.736056760393352,0.3815662306379196,0.8004757870874545,0
2211,231,1.1069373141034955,24,656,25,1,-0.9935525520109589,1,-1.240772553225037,-0.20679364850592963,0.11866587648214807,-1.7315720109443464,0.7477143257351275,1.0788601708335448,-0.6622573047086895,0.4680190131539728,True,-0.9882714376213474,-1.373457437480259,-0.5775099455468936,0
2212,225,-1.4398415303880534,26,326,62,2,0.5804842589952534,1,-1.3233493238148013,-0.20679364850592963,1.1480203535146147,1.427497446234294,-0.12982543226733556,-0.5604930331309258,1.1486467348082419,-0.29503865568427223,True,2.587861883902668,1.9054133156394992,0.7005265981983487,0
2213,23,0.8115313595701554,18,233,24,1,0.2994062570298583,0,-0.47544820431312024,-0.20679364850592963,0.2746826143346243,0.3371633415655188,-1.253692139884525,-0.7790734603261885,1.6583826866722668,-1.0858438761166351,False,-0.536848745235531,-0.3858411276514155,2.9659206091763552,0
2214,326,-0.4260721702386373,37,238,55,2,-1.49949295554867,3,-0.010337456390444507,-0.20679364850592963,-0.9584693430526061,-0.25520762816282433,0.6861325883314459,0.013280588256638914,-1.0378522166084974,1.439183318948103,False,-0.5323971728139688,0.004404502479023961,-3.918379709245851,0
2215,286,2.1265556767266247,27,344,15,0,0.7491310601744904,1,1.133471172798824,-0.20679364850592963,0.6977974262520836,1.165248926490295,0.8092960631388092,-1.188911761317306,-0.9707816966263889,-0.2672911040901542,True,-1.428758250474541,2.410389556921324,0.858185655826702,0
2216,40,-0.6290768384494773,1,380,0,0,-1.443277355155591,3,-1.0191957916838013,-0.20679364850592963,-0.9334232424490942,-1.261349391442771,-0.9919697559188781,-1.3528470817137532,-1.1988214645655582,0.6761256501098578,True,-0.304346403999617,0.6411524663934577,-0.7928018089709066,0
2217,201,0.3078437592113172,42,632,52,2,1.5361494656775965,2,-0.7304391794012987,-0.20679364850592963,0.44582491150636844,1.5308174213688892,-0.376152381882062,-1.5031211254104964,-0.9707816966263889,1.369814439962808,False,0.13798115229505126,-0.2248611428621255,0.6532457239617815,0
2218,244,1.1974500272645636,42,243,36,1,-0.9935525520109589,3,-1.6205716478482672,-0.20679364850592963,-1.2264498656767142,0.7695689170657515,1.0094367097007746,-1.1615892079178982,1.5913121666901584,-0.07305824293132822,True,-2.423899892941278,-1.9405535639000864,1.2994286124106795,0
2219,138,-0.35572446321900414,38,160,56,0,-0.15031854611477377,0,0.8774958557738228,-0.20679364850592963,1.0690079693587613,1.0327394799268055,-1.1613195337790025,0.518747826145684,-1.158579152576293,1.522425973730457,True,1.4247324325777655,-0.3121467422720438,0.9682983197669969,0
2220,93,0.7318656194993604,12,273,94,1,-0.09410294572169475,0,0.12563405665017108,-0.20679364850592963,0.5100624972974276,-1.2050889822097703,-0.006661957459972327,0.9968925106353214,0.6120825749513732,-1.3910669436519334,False,-0.22180312220193277,0.09194724670049519,-0.8298143105978216,0
2221,223,1.2437256808829105,4,90,79,2,-1.0497681524040379,3,0.43287030725424697,-0.20679364850592963,-1.4852927910551719,-1.4024173090350607,-0.791829109356913,-1.380169635113161,1.457171126725941,0.8703585112686838,True,-2.7290184719380823,0.538371917623783,-0.7130545700362979,0
2222,440,-0.01940508194211209,19,177,77,2,-1.443277355155591,3,-1.4703801694062202,-0.20679364850592963,-1.4793125075418814,-1.1956096650985293,-1.253692139884525,-0.7790734603261885,1.6583826866722668,-1.0858438761166351,False,-1.4599074255997693,0.02853284767338436,-0.8363934424676427,0
2223,380,0.04813586363150851,39,495,53,0,0.6929154597814113,2,0.5880462384367718,-0.20679364850592963,-0.8663038324154486,-0.2649761923654301,-1.022760624620719,-0.6287994166294454,-0.6622573047086895,0.6206305469216218,True,-0.9144396960469572,0.02830611354241399,-3.7739253797315957,0
2224,141,0.330887430539566,30,453,28,0,-0.6000433492594058,1,0.45928101948352285,-0.20679364850592963,0.0008238595665225105,0.4123124129067249,-0.2068026040219376,0.9559086805362094,0.5181838469764212,-1.8350277691578212,True,-0.33006357097304345,0.15197031643249523,2.4253447778001935,0
2225,443,-1.0942256021355365,34,376,78,1,0.7491310601744904,1,-0.20206945745702398,-0.20679364850592963,-0.23714762799991482,1.3712484632407942,-0.6224793314967885,0.38213505914864476,1.094990318822555,-1.5298047016225234,False,0.8570779741356217,0.22110957375911325,0.7292623867088041,0
2226,269,-1.3493438189620532,39,465,72,1,-0.7124745500455638,0,-0.5288762138917308,-0.20679364850592963,1.4702360715595526,1.4275404306590829,-0.9919697559188781,-1.4757985720110882,1.1352326308118201,1.2865717851804541,False,2.819579890521606,0.7136358502108597,0.7005055047637133,0
2227,287,1.923349513702024,2,156,19,1,1.1426402629260435,2,0.9233857416348982,-0.20679364850592963,0.7601009614548268,0.6571309116307995,1.2865545280173418,0.4641027193468683,-0.9573675926299672,0.1489221698216158,True,-1.1632485522471971,1.7759935171328642,1.5217665614628413,0
2228,333,0.8905756818695258,38,147,87,1,0.1869750562437003,0,-0.20206945745702398,-0.20679364850592963,0.5743867269136346,-0.28367528771925,-0.4993158566894253,1.2837793213291036,-1.1988214645655582,0.6899994259069169,True,-0.3161889549558913,-0.17995814485979428,-3.5251585027227983,0
2229,328,0.8141330566464876,28,404,49,2,-1.274630553976354,3,0.09599387444033028,-0.20679364850592963,0.28436631570859305,-1.2052132561670081,0.5783645478750031,1.6253112388217015,0.04869020710166129,0.7454945290951528,True,-0.5297667409378946,0.07815178641744523,-0.8297287453950002,0
2230,38,0.08837143445324462,29,304,59,0,1.2550714637122016,0,0.09599387444033028,-0.20679364850592963,1.152147980787006,-1.7034251566645733,0.5475736791731622,-1.1206053778187866,-0.031794416876868986,1.161707803006923,True,1.0637765463337614,0.008483116383016642,-0.5870525363517141,0
2231,87,-1.012330604026987,39,547,33,2,1.0302090621398854,0,-1.0988248781928884,-0.20679364850592963,1.9023263592865287,-0.01977018089028352,-0.19140716967101717,1.2974405980288075,-0.5951867847265809,1.61954240430987,True,2.914656963313516,1.1123740526608872,-50.58148247089237,0
2232,228,0.34503019919365563,1,38,41,2,0.4680530582090954,0,0.08105364782325122,-0.20679364850592963,1.1771550499920187,1.559736471796263,-1.0843423620244006,-0.41021898943418267,1.5510698547008932,-0.41990263785780324,True,0.8321248507983631,0.02796595625382878,0.641133905610968,0
2233,273,-0.5948504976788033,29,211,28,2,-0.6562589496524849,0,2.0555620144374465,-0.20679364850592963,-1.2674068577199677,-1.3358675167208724,0.5937599822259234,0.16355463195338205,1.510827542711628,0.6206305469216218,True,-0.6725563600411645,-1.2227520872977584,-0.748577282058934,0
2234,460,0.05232898364869845,21,368,14,0,-0.9935525520109589,3,1.8817854608487634,-0.20679364850592963,-1.0958977938569716,0.9863418741669606,-0.5608975940931069,-1.6533951691072395,1.2962018787688805,0.6622518743127987,True,-1.14822677750567,0.09847192061111341,1.0138471505732833,0
2235,203,0.20335909184719778,39,404,36,0,-1.0497681524040379,3,0.8309784133015728,-0.20679364850592963,-0.9438366810779741,-0.9231381432837759,-1.022760624620719,0.5324091028453879,0.6925671989299035,0.30153370358926485,False,-1.1471957729251718,0.16898701547363323,-1.083261606728731,0
2236,34,-1.0858155736353081,25,500,40,2,1.4799338652845175,2,0.08105364782325122,-0.20679364850592963,-0.8675171836828407,-0.48077672207445193,1.6560449524394316,0.5597316562447958,-1.0378522166084974,0.2182910488069108,False,0.21829838995246742,-0.08800931310643777,-2.0799680227487065,0
2237,224,-0.09297479410685551,22,465,1,2,-0.7124745500455638,0,0.7479871380105251,-0.20679364850592963,1.913774420749511,-0.6785352196116174,-1.7309506047630576,-1.6533951691072395,-1.3061342965369318,-0.8916110149578094,True,2.0067492148563666,-0.06954395015110469,-1.4737630685533032,0
2238,247,0.83890409247609,30,556,97,1,-0.3751809476870898,0,1.4620277716649481,-0.20679364850592963,0.49672830757282255,0.9952907961227049,0.8092960631388092,-0.669783246728557,0.9206069668690726,0.2876599277922058,True,-0.34217578490326744,1.2265010809634234,1.0047313844581922,0
2239,294,-0.19028345175793634,28,293,2,0,0.8053466605675694,2,-0.8824859019390859,-0.20679364850592963,-1.1146178733773642,0.9670145532832506,-0.32996607882930085,-0.5195092030318139,0.0755184150945047,-0.7944945843783963,True,-0.9243344216194278,0.167922463548685,1.034110493160322,0
2240,311,-0.020332719436175796,37,494,65,2,-0.6000433492594058,1,-0.18564650983431563,-0.20679364850592963,0.19458474356537103,0.6379109973983975,0.5937599822259234,1.4477146417255506,-0.8232265526657501,0.2599123761980878,True,0.21491746300154682,0.0037746983987663905,1.5676165598596972,0
2241,288,0.13091567381710495,40,269,75,2,0.2431906566367793,0,0.08105364782325122,-0.20679364850592963,1.8485433975543457,-1.3647556618909298,1.3789271341228642,0.5733929329444997,0.9608492788583377,0.5651354437333858,True,1.7176277237372408,0.010611192920115255,-0.7327319469681848,0
2242,248,1.9382634646893093,27,468,66,2,-0.9373369516178799,3,0.06603168307879083,-0.20679364850592963,0.3968899967663464,1.6252551820221595,0.4398056387167194,0.7646508067403546,-0.7829842406764849,1.300445560977513,True,-1.541373467922963,0.12798679882356356,0.6152879557208942,0
2243,395,0.5790964821951218,6,544,24,2,-1.105983752797117,3,1.8461644354538786,-0.20679364850592963,-1.0135547862241365,1.5122448852202073,0.8092960631388092,-0.669783246728557,0.9206069668690726,0.2876599277922058,False,-1.5926512684192584,1.0691073301250842,0.6612685178482399,0
2244,379,1.0456961085364376,29,75,65,0,-0.7686901504386429,0,-1.5989242880013395,-0.20679364850592963,1.44202533210336,-0.8566317706796909,-0.8380154124096743,0.23186101545190163,1.5510698547008932,-1.7101637869842903,True,0.39632922356692246,-1.671988905807395,-1.1673628634422937,0
2245,325,-1.2941117642131896,40,276,58,1,0.41183745781601633,0,-0.564866129107652,-0.20679364850592963,-1.4942474201532951,1.3625039077401226,1.147995618859058,1.0515376174341369,0.34380049502293897,0.5512616679363268,True,-0.20013565594010552,0.7309999028837789,0.7339427952645957,0
2246,31,-1.1977828633440872,37,279,81,0,-0.15031854611477377,1,-1.3859719465647844,-0.20679364850592963,0.009567274717417706,-0.12341868761586056,0.3012467295584358,-0.8337185671250041,1.6583826866722668,0.3709025825745598,True,1.207350138061505,1.6600934466709458,-8.102507242365247,0
2247,2,-0.021315611675289947,24,623,44,0,0.4680530582090954,0,-1.862844008126029,-0.20679364850592963,-0.9048869383365035,0.8361884638515593,0.5167828104713215,1.4477146417255506,-1.426861232504727,-1.2523291856813432,True,-0.8835713266612135,0.0397076594888551,1.195902507197552,0
2248,424,-0.06442007861122093,16,528,83,0,-0.09410294572169475,1,1.9608554183122706,-0.20679364850592963,0.7616183505495567,-0.8751182291574663,-0.8226199780587538,0.9422474038365055,0.5450120549692647,-1.3355718404636974,True,0.8260384291607776,-0.12631846019291496,-1.1427028725399229,0
2249,482,0.4361572020875795,26,254,31,2,0.9739934617468065,2,-0.3192396785201743,-0.20679364850592963,-0.5657151841505734,0.045446006042161674,0.347433032611197,1.6662950689208131,0.437699222997891,-0.6002617232195703,False,-1.001872386238153,-0.1392386849786976,22.00408543412434,0
2250,321,0.7549955816006405,19,556,41,1,-0.7686901504386429,1,0.7719110874194387,3.1124756489183207,-0.3439761468058515,-0.2552589918299139,-0.26838434142561923,0.4641027193468683,-1.5475881684725226,-0.7112519295960422,True,-1.098971728406492,0.582789460390222,-3.9175912456218285,0
2251,354,-1.4512203685175102,22,180,16,0,-0.9935525520109589,3,0.485465530333871,-0.20679364850592963,-1.3903123119609713,-0.7254772584783461,1.4251134371756253,0.5460703795450919,1.1084044228189767,-0.3505337588725082,True,0.06090805655653897,-0.7045174658336688,-1.3784031493113476,0
2252,473,0.12882117132659351,34,636,22,0,1.9296586684291497,2,0.035737440378939764,-0.20679364850592963,-0.28497192339673794,0.5442953818825461,0.9170641035952521,0.09524824845486245,-0.6488432007122678,0.8981060628628018,True,-0.4137930947233315,0.004603738929829321,1.8372373706673368,0
2253,232,-1.6518075250513344,4,127,32,0,-0.31896534729401077,1,0.3793476208697771,-0.20679364850592963,0.673436583014466,0.280966919273723,0.9170641035952521,0.09524824845486245,-0.6488432007122678,0.8981060628628018,True,2.3252441080658004,-0.6266092547630184,3.559136593985013,0
2254,83,-1.5089214524779833,31,414,58,0,-1.218414953583275,3,-0.47544820431312024,-0.20679364850592963,-0.9389979263166418,0.6756076850103313,1.332740831070103,0.10890952515456638,0.2633158710444087,-0.6002617232195703,True,0.5699235261613415,0.7174139950302023,1.480148722656753,0
2255,344,0.1080847098898547,1,423,47,1,-0.6562589496524849,1,0.600636264246138,-0.20679364850592963,-0.07202592158364637,-0.5093935756723602,0.424410204365799,-0.09600962534099243,-1.29272019254051,-1.4465620468401692,False,-0.1801106314735011,0.06491959637036994,-1.9631189792528787,0
2256,310,0.47242154523231694,24,33,69,2,-0.03788734532861575,1,-0.08879715270593434,-0.20679364850592963,0.46624934582814864,-1.2324922603513588,0.3628284669621174,-1.2982019749149374,-0.6488432007122678,0.44027146155985475,True,-0.006172199404168299,-0.041949688093567514,-0.8113641872698971,0
2257,54,-0.9475495076501756,16,647,73,0,-0.09410294572169475,1,1.9434104844676099,-0.20679364850592963,-0.29747107030507114,-0.48066137146615756,-1.5000190894992516,0.04060314165604677,-1.6549010004438962,0.05180573924220279,True,0.6500784373451045,-1.841477647719473,-2.080467180036593,0
2258,394,-1.0312441718510474,2,677,3,2,-0.8811213512248008,0,-0.7304391794012987,-0.20679364850592963,1.263915984834629,1.0424390514070918,-0.3145706444783804,-0.17797728553921596,-0.876882968651437,0.8981060628628018,False,2.2951601566856765,0.7532611466492509,0.9592886056228729,0
2259,320,-1.6504538291160065,18,322,77,1,-0.6000433492594058,1,0.8309784133015728,-0.20679364850592963,0.9803035191389421,0.19624690326261174,-1.669368867359376,-1.0659602710199707,0.34380049502293897,0.44027146155985475,True,2.6307573482549484,-1.3714915041463243,5.095619211376341,0
2260,93,0.6337446906170285,13,79,69,0,1.0302090621398854,0,-0.8440511312458903,-0.20679364850592963,0.8883353717708777,-1.4308733247093284,-1.5462053925520127,0.2865061222507173,-0.876882968651437,-1.8350277691578212,True,0.2545906811538492,-0.5349129230363797,-0.6988739342740464,0
2261,84,0.5533944892139534,23,198,28,1,-1.162199353190196,3,-1.4280464114595173,3.1124756489183207,-1.1097238499864592,-1.4021676729072992,0.7939006287878887,-1.2708794215155297,-0.917125280640702,0.5096403405451498,True,-1.6631183392004125,-0.7902730144434587,-0.7131815193290828,0
2262,275,-1.493564737445228,28,588,17,1,1.3675026644983594,0,-1.885242359436149,4.772110297630446,0.9251170060411669,-1.1760407608653725,-0.26838434142561923,-1.4211534652122726,-0.5012880567516289,0.1350483940245568,True,2.418681743486395,2.815731509591874,-0.850310736079622,0
2263,426,0.059185168884281096,11,104,37,2,-0.31896534729401077,0,-0.3534180473878296,-0.20679364850592963,1.9099788631711847,-0.06756712011433358,-1.2075058368317637,-0.8337185671250041,-1.4134471285083055,-1.5714260290137003,True,1.8507936942869037,-0.020917106821401556,-14.800119915127963,0
2264,364,1.2854995377942302,31,219,46,1,0.1869750562437003,1,-0.7869262188093323,-0.20679364850592963,0.3355432846355321,-1.1104352112192695,-1.2998784429372863,0.5460703795450919,0.7864659269048555,-1.0164749971313403,True,-0.949956253158698,-1.011593290557558,-0.9005478932505921,0
2265,87,0.15124547200624225,29,257,36,0,-0.7686901504386429,1,-0.025863557847784793,-0.20679364850592963,-1.0822097119983098,0.7694429019672563,0.03952434559278888,1.4886984718246623,1.2962018787688805,-1.1968340824931072,True,-1.233455184004552,-0.003911746014448962,1.299641425606929,0
2266,33,-0.2342307653973846,27,444,57,2,0.35562185742293734,2,-1.2202938111117605,-0.20679364850592963,0.44000535703207755,0.7976121734407167,0.5167828104713215,-0.12333217874040028,-0.8634688646550153,0.5790092195304448,True,0.6742361224294622,0.2858303533863991,1.2537419913139365,0
2267,411,2.08949090826914,33,16,91,1,-0.8811213512248008,1,0.12563405665017108,-0.20679364850592963,-0.48961339056322545,-0.7254720350545744,0.7785051944369683,-0.7244283535273728,0.49135563898357787,1.161707803006923,True,-2.5791042988323656,0.26251121913950254,-1.3784130738631177,0
2268,54,-1.2808370142835552,38,206,61,2,-0.9935525520109589,3,-0.010337456390444507,-0.20679364850592963,-1.4039861752565588,0.7697705629876095,1.6252540837375906,1.2427954912299917,-0.12569314485182098,-0.003689363946033215,False,-0.12314916097300355,0.0132405967784234,1.2990882194949231,0
2269,195,-1.395052683855772,22,413,53,2,1.3112870641052805,2,-1.7297564003402095,-0.20679364850592963,-0.02964437308990294,0.8352453093967599,-0.3145706444783804,0.5733929329444997,1.0279197988404463,-1.2800767372754611,True,1.365408310765869,2.4131013087113082,1.1972529136343666,0
2270,391,1.5229772993702448,17,263,37,0,-0.2627497469009318,0,-0.2518142449081098,-0.20679364850592963,1.8382962778387824,0.045276027126920325,-0.7764336750059926,-0.6287994166294454,0.08893251909092642,0.03793196344514379,True,0.3153189784685375,-0.38350737865311046,22.086694765140788,0
2271,291,0.4398174657234037,20,330,29,1,-1.387061754762512,3,-1.40697668519828,1.4528410002061956,-1.4362593925127907,1.3811562099226533,0.03952434559278888,-1.1615892079178982,-0.5147021607480506,1.147834027209864,False,-1.8760768582361944,-0.6188129200158227,0.7240310114182524,0
2272,264,2.1544839880590043,24,580,87,0,-0.9935525520109589,3,-1.685893511431728,-0.20679364850592963,-1.0945052695630744,0.7410927694456967,-1.222901271182684,0.5597316562447958,1.4169288147366759,-1.3771931678548743,True,-3.2489892576220787,-3.632230575952228,1.3493585503635381,0
2273,352,1.546515315283727,39,671,27,2,-1.105983752797117,3,-1.885242359436149,-0.20679364850592963,-1.5321494914614262,-1.1293277908953039,1.22497279061366,1.2701180446293998,-1.4939317524868356,-1.071970100319576,True,-3.078664806745153,-2.915556181889633,-0.8854825823027717,0
2274,484,0.6359431496107238,5,78,26,2,-1.105983752797117,3,-0.9994590305551175,-0.20679364850592963,-1.1114736709723883,-0.08576944610318757,0.4398056387167194,0.2728448455510134,1.3364441907581457,0.5790092195304448,True,-1.747416820583112,-0.6355991237981021,-11.659177147006785,0
2275,362,0.983867187737706,18,556,28,0,-1.0497681524040379,1,0.06603168307879083,-0.20679364850592963,0.9868085371554619,-0.3206392813258571,-1.4846236551483312,-1.2572181448158257,0.0755184150945047,0.911979838659861,True,0.002941349417755923,0.0649664063323174,-3.1187704380511327,0
2276,91,1.7985422492872354,11,250,12,1,0.9177778613537274,0,0.22697317476508913,-0.20679364850592963,0.4628615213506432,-1.4955436638576183,-0.791829109356913,0.3274899523498291,0.10234662308734813,-0.6141354990166293,True,-1.3356807279365923,0.40822084426986815,-0.6686532068785688,0
2277,175,0.44903364376749916,1,498,44,1,0.2431906566367793,0,1.1227184347359322,-0.20679364850592963,-1.5180388096279065,-0.41520229532832265,1.147995618859058,1.0515376174341369,0.34380049502293897,0.5512616679363268,True,-1.9670724533954056,0.5041383496744188,-2.4084651074863572,0
2278,116,-0.8603296915316004,36,107,19,0,0.35562185742293734,2,-1.0988248781928884,-0.20679364850592963,0.04616606348674031,-0.8100024843113,0.7169234570332866,-0.861041120524412,-0.3403188087945684,-1.3771931678548743,True,0.9064957550183408,0.9453516685029362,-1.2345642671783545,0
2279,181,0.43562249427786,11,594,84,1,1.0864246625329645,0,-0.805897272154619,-0.20679364850592963,-1.1440376106395185,-0.7908138018002003,-1.1459240994280822,0.013280588256638914,-0.018380312880447277,-0.3644075346695672,True,-1.5796601049173784,-0.3510669798277185,-1.2645203259928477,0
2280,135,0.5308022378700682,13,280,36,2,-0.4876121484732478,1,-0.7117529458539462,-0.20679364850592963,1.0867581666490125,0.008472109694653751,0.23966499215475415,-0.27360622243714344,-1.051266320604919,-0.2811648798872132,True,0.5559559287789443,-0.3778000564698881,118.03296141631546,0
2281,223,1.1959211300423591,17,246,27,1,0.6366998593883324,1,1.280775265620233,3.1124756489183207,1.1171812875677933,1.0044309171527632,-0.39154781623298246,-0.9976538875214511,0.3035581830336738,-0.4892715168430983,True,-0.07873984247456578,1.5317062029908517,0.9955885301458295,0
2282,189,0.6591918774533563,15,454,31,1,1.1988558633191224,0,-0.805897272154619,-0.20679364850592963,1.7505319667852288,-1.13921355566879,-0.17601173532009678,1.0242150640347292,1.2962018787688805,-1.8766490965489986,True,1.0913400893318725,-0.5312409358661417,-0.8777986206394808,0
2283,368,1.0121164305153467,14,369,0,2,-1.0497681524040379,3,0.4461042836433006,-0.20679364850592963,-1.4329454144535863,0.70386978107707,0.33203759826027657,-0.7517509069267806,0.062104311098082995,-0.3505337588725082,False,-2.445061844968933,0.4515094751986632,1.4207171337830058,0
2284,165,-0.7088593743084197,28,275,97,0,-0.4876121484732478,0,-1.3859719465647844,-0.20679364850592963,0.6487223383080285,0.7882467922604983,1.5482769119829887,-1.3118632516146413,-0.23300597682319468,0.8426109596745658,True,1.3575817126164482,0.9824592068509356,1.2686380495992136,0
2285,147,-0.992664414326522,19,456,2,0,-0.8249057508317219,1,0.711772004452503,-0.20679364850592963,1.0947874591254967,-1.4020481870885186,0.3166421639093562,1.6253112388217015,-1.628072792451053,0.7177469775010348,True,2.087451873452019,-0.7065507399338584,-0.7132422983270079,0
2286,448,-0.6577167849767757,36,151,32,0,0.6366998593883324,0,-0.8249389814020169,-0.20679364850592963,0.9743901942992005,0.7319383928215942,-0.8226199780587538,-1.1615892079178982,0.4511133269943127,0.8148634080804479,False,1.6321069792759761,0.5425762146497507,1.3662350181161251,0
2287,249,0.30644499653149027,1,235,12,1,-0.9373369516178799,1,-1.8182328072643317,-0.20679364850592963,0.14504649437771394,0.3746593626475517,-1.6539734330084557,-1.1479279312181943,0.5181838469764212,0.3292812551833828,False,-0.16139850215377632,-0.5571883463155599,2.669090466669239,0
2288,147,0.5390353344465619,7,210,42,2,1.0302090621398854,0,0.16951140238744397,4.772110297630446,1.2123655644788034,1.1933793487494522,-1.5000190894992516,1.6662950689208131,-0.17934956083750783,0.2737861519951468,True,0.6733302300322415,0.0913726354784216,0.8379564446563116,0
2289,354,0.20101048667428265,23,637,19,0,0.9739934617468065,0,-0.12075648392093428,-0.20679364850592963,1.5199806664587912,-0.8760889154083963,-0.8380154124096743,1.0925214475332485,-0.6354290967158461,-0.2811648798872132,True,1.3189701797845086,-0.024273319602022187,-1.1414367840477924,0
2290,48,0.5322136325931639,27,425,53,1,0.8053466605675694,1,1.1441920014114473,-0.20679364850592963,0.7052197197385065,0.3466655111557616,-0.2068026040219376,-1.6943789992063512,-1.158579152576293,-0.05918446713426923,True,0.1730060871453426,0.6089545814552288,2.884624167554613,0
2291,52,-1.1435999180962877,33,412,45,2,-0.9935525520109589,3,-0.3706226321335793,-0.20679364850592963,-0.39145365249095426,0.5917099229579675,-0.19140716967101717,1.2974405980288075,-0.5951867847265809,1.61954240430987,True,0.7521462656053335,0.4238440117525919,1.6900170036008257,0
2292,383,1.8081841909153011,36,625,59,0,-1.105983752797117,3,-1.2819289279963564,-0.20679364850592963,-0.8117998401147289,0.5722820511666499,0.1165015173473909,-0.8337185671250041,0.23648766305156527,-1.6130473564048773,True,-2.61998403103003,-2.317963621480011,1.7473898110598207,0
2293,318,-0.4311417048068531,10,117,25,2,0.07454385545754227,1,-0.5468342158350353,-0.20679364850592963,-1.160391066406104,0.14899602946537416,-0.9457834528661169,0.9285861271368016,-0.19276366483392957,0.8703585112686838,True,-0.7292493615992508,0.2357630360618358,6.711583741055463,0
2294,138,0.0015955666652925045,6,154,63,2,0.2994062570298583,0,1.197326685405432,-0.20679364850592963,1.5935697964075488,1.230301554965885,-0.8380154124096743,-0.014041965142768923,0.11576072708376985,-1.5436784774195824,False,1.5919742297422563,0.001910414546698073,0.8128087904000495,0
2295,136,-1.0631113385689477,38,581,72,1,-0.20653414650785276,1,-1.685893511431728,1.4528410002061956,0.8271139300344862,-1.4682135136488352,-0.7764336750059926,0.8602797436382821,0.5986684709549516,-1.3216980646666383,True,1.8902252686034338,1.7922925076228877,-0.681099893723746,0
2296,403,0.43745480281248234,19,7,57,0,0.8615622609606484,2,-1.6205716478482672,-0.20679364850592963,-0.08252127003951115,-0.7444817064801604,1.301949962368262,-0.7517509069267806,1.1352326308118201,-0.3089124314813312,True,-0.5199760728519935,-0.7089268506529633,-1.343216529858819,0
2297,217,-0.6499701546135039,6,158,78,1,-1.330846154369433,3,0.9347629233820862,-0.20679364850592963,-1.088676305375787,1.6441035802387907,-1.4692282207974106,-0.7654121836264846,-0.15252135284466442,-0.3505337588725082,True,-0.43870615076228314,-0.6075680018376255,0.6082341472861124,0
2298,335,1.349442101111155,5,405,64,0,0.9177778613537274,2,0.6751506888007894,-0.20679364850592963,-0.8296121665943333,-1.054718364522524,1.4097180028247052,-1.1342666545184903,1.4437570227295193,-1.3078242888695795,True,-2.1790542677054883,0.9110767640619809,-0.948120492113318,0
2299,441,-1.356681376372765,35,130,83,0,-1.0497681524040379,3,-1.302606210010628,-0.20679364850592963,-1.1448030894669332,0.13036135633807336,1.3789271341228642,-0.3965577127344787,-0.407389328776677,-0.3089124314813312,True,0.21187828690583177,1.7672215858689297,7.670979046188671,0
2300,36,0.412405772395143,40,5,43,2,1.2550714637122016,0,0.7238882179995157,-0.20679364850592963,-1.171776060496717,-0.07671257338949249,0.7939006287878887,0.2045384620524938,0.6254966789477949,0.39865013416867784,True,-1.58418183289186,0.2985356796718339,-13.035689710103556,0
2301,382,0.3843668912759696,29,632,45,1,0.8615622609606484,2,-0.6011506974392071,-0.20679364850592963,0.7198377366267157,0.7985483633304871,1.5790677806848294,-1.3118632516146413,-1.6414868964474745,-0.4337764136548623,True,0.33547084535074606,-0.23106242476308902,1.2522721486800237,0
2302,124,-0.6884022068316048,31,481,62,0,0.41183745781601633,1,0.73595977530185,-0.20679364850592963,1.116907026290461,-0.7439539230365493,0.5167828104713215,-0.1916385622389199,-0.47445984875878555,-0.05918446713426923,False,1.805309233122066,-0.5066363334570855,-1.3441694484724376,0
2303,153,0.6887019534273923,39,296,51,2,-0.4876121484732478,0,-0.5109923747150832,-0.20679364850592963,0.3609758000670862,1.2959854559685653,1.147995618859058,-0.055025795241880684,0.7328095109191686,-1.7240375627813491,True,-0.3277261533603061,-0.3519214466527798,0.7716135379708317,0
2304,488,1.9146171192351744,15,26,57,2,-1.105983752797117,3,-0.6561257527358736,-0.20679364850592963,-0.9760724948017719,-1.0543654569539402,0.48599194176948063,1.6116499621219977,0.5986684709549516,1.2310766819922179,False,-2.8906896140369462,-1.2562295985591687,-0.9484378383684745,0
2305,200,-1.596559898797646,14,81,28,1,-0.2627497469009318,1,-1.40697668519828,-0.20679364850592963,0.2699061029627977,1.4284045808293335,0.9170641035952521,0.09524824845486245,-0.6488432007122678,0.8981060628628018,True,1.8664660017604437,2.246322554130813,0.7000817159317895,0
2306,483,-0.01249503995759713,41,57,90,0,0.1869750562437003,0,1.176165671975607,-0.20679364850592963,1.0614172403777855,1.1745876464450111,-1.638577998657535,-0.3145900525362552,0.7730518229084338,-0.6973781537989833,True,1.0739122803353827,-0.014696237068089289,0.8513625338137438,0
2307,373,1.0548931627271518,41,478,57,0,0.1307594558506213,1,-1.3859719465647844,-0.20679364850592963,0.08881639762318834,1.2586907543444046,1.486695174579307,-0.41021898943418267,0.9608492788583377,0.0934270666333798,True,-0.9660767651039635,-1.4620523301628325,0.794476258048967,0
2308,251,1.1929535988378346,5,344,67,2,-0.6562589496524849,1,0.35222372312429456,-0.20679364850592963,0.9348985438969788,-1.6659094389220674,-0.48392042233850485,-1.0522989943202667,1.4705852307223628,-0.031436915540151225,True,-0.2580550549408558,0.4201865580971882,-0.6002727619301622,0
2309,327,-0.39461637482118295,0,517,24,2,-1.387061754762512,3,1.8550979737486308,-0.20679364850592963,-0.9494087211600839,1.1076994197989403,1.0864138814553765,0.7783120834400585,1.1084044228189767,-0.8916110149578094,True,-0.554792346338901,-0.7320520373388067,0.9027718998934937,0
2310,239,-0.20094853856829084,36,321,21,2,1.5923650660706756,2,-0.2518142449081098,6.431744946342571,0.6677109092630684,-1.0637841605851628,1.6868358211412722,-1.3118632516146413,-0.7561560326836414,0.2737861519951468,False,0.8686594478313593,0.05060170450496233,-0.9400404058037148,0
2311,64,-1.099335968711497,1,356,88,2,-0.9935525520109589,3,-0.47544820431312024,-0.20679364850592963,-1.128806329277142,1.0324791793088433,-1.4692282207974106,-0.49218664963240616,-0.7963983446729067,-1.0997176519136944,True,-0.029470360565645004,0.5226773122607058,0.9685424395823368,0
2312,164,0.3850040487954164,30,436,86,2,1.8172274676429916,2,-0.1368580718294795,-0.20679364850592963,-0.6931085514600835,0.9107309651072626,-1.330669311639127,-0.47852537293270214,0.9206069668690726,-0.5308928442342753,True,-1.0781126002555,-0.05269091176468353,1.0980189853106896,0
2313,284,1.6420693234499981,12,342,14,2,-0.7686901504386429,1,-0.8824859019390859,-0.20679364850592963,-0.6875293733401828,0.5347439162304568,1.1787864875608989,0.3274899523498291,0.29014407903725214,1.564047301121634,True,-2.329598696790181,-1.4491030279512762,1.8700536511829493,0
2314,4,-0.2887969112879799,16,386,97,1,1.0864246625329645,2,-1.7077935573996443,-0.20679364850592963,0.6618094504883555,-1.2521398424050787,1.3481362654210234,-0.45120281953329433,0.7193954069227468,0.2182910488069108,True,0.9506063617763354,0.4932055044945287,-0.7986329050455863,0
2315,189,-1.1100309564489474,26,324,88,1,-0.7686901504386429,0,-0.5468342158350353,-0.20679364850592963,1.7411597536956656,1.654138321411102,1.5790677806848294,-0.669783246728557,0.10234662308734813,0.8981060628628018,True,2.8511907101446132,0.6070029076223744,0.6045443277636501,0
2316,438,1.0609511464265229,12,271,38,0,-0.31896534729401077,0,0.8659262724603146,-0.20679364850592963,0.9070526187612965,0.7130116432483857,-0.5762930284440273,-1.7490241060051668,0.5047697429799994,0.44027146155985475,True,-0.15389852766522638,0.9187054714876164,1.4025014447085182,0
2317,94,1.0846048535435278,36,438,22,1,-1.218414953583275,3,0.005104994666132303,-0.20679364850592963,-1.3065151782632785,-0.5084576034252469,-0.9919697559188781,-1.3528470817137532,-1.1988214645655582,0.6761256501098578,True,-2.391120031806806,0.005536901992200916,-1.9667327028580652,0
2318,223,-1.1038253809269731,33,634,87,0,0.018328255064463263,1,0.9799010108010979,-0.20679364850592963,0.8442979376842541,0.37489039032812616,0.6399462852786847,0.16355463195338205,-1.2524778805512449,-1.3078242888695795,True,1.9481233186112272,-1.0816396065182479,2.6674456295883666,0
2319,40,-0.46923978951685663,15,472,19,1,1.4799338652845175,2,1.719041342019685,-0.20679364850592963,0.07756188882681521,-1.581027932059344,-0.8534108467605945,-1.7353628293054628,-1.332962504529775,-0.17017467351074123,True,0.5468016783436719,-0.8066425975000918,-0.6324999343607158,0
2320,455,-1.1925191204032597,42,528,20,1,-0.15031854611477377,0,0.9005177508105646,-0.20679364850592963,0.48271915953894384,-0.020016552378187752,-1.4230419177446496,0.846618466938578,-1.5475881684725226,1.2033291303981,False,1.6752382799422034,-1.0738846361041363,-49.95890286181361,0
2321,373,-0.5550703471669053,0,632,30,1,0.9177778613537274,0,1.3522922991925097,-0.20679364850592963,0.6410621155659301,1.0515736225493928,1.22497279061366,1.215472937830584,1.6315544786794234,0.7177469775010348,False,1.1961324627328354,-0.7506173559839189,0.9509556758185631,0
2322,318,1.5409754305575833,6,49,36,0,-1.443277355155591,3,0.8659262724603146,-0.20679364850592963,-0.800220410152078,0.5069196083685937,0.3936193356639582,-1.4348147419119766,1.1486467348082419,-0.47539774104603927,True,-2.3411958407096614,1.3343711105356566,1.9726989964905361,0
2323,324,-0.10173067508214828,5,286,99,0,1.0864246625329645,2,-0.010337456390444507,-0.20679364850592963,-0.6816504208220904,-0.847686657470447,0.3628284669621174,0.09524824845486245,1.6583826866722668,0.44027146155985475,True,-0.5799197457399421,0.0010516364172321875,-1.1796813234647325,0
2324,333,1.0977163826295642,16,324,93,1,0.1869750562437003,1,0.6996106650189345,-0.20679364850592963,0.4306695722057512,-0.06688698681071102,0.7169234570332866,-0.861041120524412,-0.3403188087945684,-1.3771931678548743,False,-0.667046810423813,0.7679740884536486,-14.950613605772778,0
2325,2,-1.45013050305431,35,279,87,0,1.8172274676429916,2,-0.3879037737670492,-0.20679364850592963,-0.16683602927932972,-1.7314760305325392,1.6560449524394316,-1.4348147419119766,0.42428511900146926,-0.6835043780019243,True,1.2832944737749803,0.5625110945894763,-0.5775419584911217,0
2326,144,-1.296677567184427,26,642,3,1,-0.2627497469009318,0,0.33856840262911453,-0.20679364850592963,1.4163814329685074,0.40262796759111125,1.5790677806848294,-1.325524528314345,-1.2390637765548231,1.411435767353985,False,2.7130590001529344,-0.4390140526466378,2.4836817909464513,0
2327,3,0.2961821865633664,14,606,10,1,0.35562185742293734,2,0.8426679393432855,-0.20679364850592963,-0.7179663533054329,1.5029318470990358,1.5020906089302275,-1.1342666545184903,-0.689085512701533,-1.2800767372754611,True,-1.0141485398687993,0.24958323282154055,0.6653661211541901,0
2328,381,1.329221611502493,0,547,75,0,1.2550714637122016,2,0.5243298950584547,-0.20679364850592963,0.384982372912975,1.5030812587831757,0.6553417196296051,0.8056346368394663,0.7462236149155903,1.383688215759867,True,-0.9442392385895181,0.6969506280685323,0.6652999813726339,0
2329,185,0.566246567805534,5,132,57,1,0.6929154597814113,1,-0.6745960027047526,-0.20679364850592963,-0.3521627415941826,-1.336594225553127,1.3481362654210234,-0.45120281953329433,0.7193954069227468,0.2182910488069108,True,-0.9184093093997165,-0.38198767118689886,-0.7481702791310466,0
2330,410,-0.9930981477646563,11,186,41,1,1.3675026644983594,0,1.9171089531407197,1.4528410002061956,1.5627894976675245,-1.647104895700854,-1.4076464833937292,0.9285861271368016,1.0145056948440245,0.6483780985157398,True,2.555887645432181,-1.903877350427088,-0.6071259112414237,0
2331,311,-0.941062032156227,14,272,95,0,1.8172274676429916,2,1.7921592216250852,-0.20679364850592963,-0.9976682133173801,0.37430939325483964,-1.669368867359376,-1.0659602710199707,0.34380049502293897,0.44027146155985475,True,-0.056606181161153124,-1.6865329990500246,2.671585995066318,0
2332,293,0.7866237918675192,23,678,59,1,-0.7124745500455638,0,-0.6011506974392071,-0.20679364850592963,0.6937783418730474,-0.8759988113483326,0.6861325883314459,0.013280588256638914,-1.0378522166084974,1.439183318948103,True,-0.09284544999447175,-0.4728794411034329,-1.1415541907142823,0
2333,300,-0.8457722240129344,13,497,99,1,-0.6562589496524849,0,0.7599707599737691,-0.20679364850592963,1.0041382188889343,-1.5341137514527319,1.3943225684737848,-0.10967090204069636,-0.6220149927194244,-0.4337764136548623,True,1.8499104429018687,-0.6427621598478146,-0.6518421885191154,0
2334,15,1.8809889556606725,29,156,46,0,-0.6000433492594058,1,-1.3441580977555516,-0.20679364850592963,-0.5661371591683936,-1.1388150519635314,-1.1151332307262414,-0.6287994166294454,-0.9573675926299672,0.3709025825745598,True,-2.447126114829066,-2.528346536540051,-0.8781057873149731,0
2335,46,-1.510732053990719,21,97,26,1,0.018328255064463263,1,-0.6194028630245529,-0.20679364850592963,0.627836486509098,1.6252858696368189,0.7785051944369683,-0.7244283535273728,0.49135563898357787,1.161707803006923,True,2.1385685404998167,0.9357517595048148,0.6152763382455437,0
2336,479,-1.0460342808514003,21,469,13,1,-1.218414953583275,3,0.21271612150727617,-0.20679364850592963,-1.2502513459488265,1.6346389540069077,-1.638577998657535,-1.3665083584134572,0.29014407903725214,1.2310766819922179,False,-0.2042170650974262,-0.22250835518636272,0.6117558475975174,0
2337,62,1.2271627930467321,21,314,17,1,-0.8811213512248008,0,-1.2202938111117605,-0.20679364850592963,1.1647281105939318,-0.1235774579342582,-1.5616008269029331,-0.7790734603261885,0.29014407903725214,0.6622518743127987,True,-0.06243468245280037,-1.4974991615815494,-8.092097263739763,0
2338,79,-1.6088081357018094,3,233,32,1,-0.9935525520109589,3,0.32484974849802,-0.20679364850592963,-1.0205191380696628,0.37443856417186366,0.5167828104713215,1.4477146417255506,-1.426861232504727,-1.2523291856813432,True,0.5882889976321466,-0.5226209182643012,2.67066437225887,0
2339,225,0.3618566393964965,24,197,43,2,1.1988558633191224,2,-0.21857193818218257,-0.20679364850592963,-0.06028625414131852,0.5062172755139409,1.1941819219118193,-0.5058479263321101,-1.0915086325941843,0.3154074793863238,True,-0.422142893537815,-0.07909170701698336,1.9754359458419275,0
2340,202,0.5483954114218292,41,460,25,1,-1.49949295554867,3,0.7956636066243687,-0.20679364850592963,-1.1143227794217143,1.033568698450582,-1.0073651902697986,-0.5331704797315179,0.5450120549692647,0.7316207532980938,True,-1.6627181908435436,0.4363382709081472,0.9675214668816386,0
2341,142,-0.7569667280986717,34,37,17,1,1.3675026644983594,0,0.6381100577755286,-0.20679364850592963,0.8255579996744149,-0.34889778628875273,0.33203759826027657,-1.3528470817137532,1.1352326308118201,-0.2811648798872132,True,1.5825247277730865,-0.4830280826011963,-2.8661697663778303,0
2342,415,1.7983169789927986,0,98,45,0,-1.387061754762512,3,-0.08879715270593434,-0.20679364850592963,1.1212519095883546,0.9672580954166118,0.9478549722970928,1.3930695349267348,1.0681621108297115,1.328193112571631,True,-0.677065069404444,-0.15968542739729807,1.0338501185500795,0
2343,443,-1.377129316739121,13,448,14,0,0.5242686586021743,2,-1.5558203784823792,-0.20679364850592963,-0.22514933799454653,-1.1016459301525516,0.03952434559278888,-1.1615892079178982,-0.5147021607480506,1.147834027209864,False,1.1519799787445744,2.1425658547882396,-0.9077327509709032,0
2344,358,0.3420661044099459,22,241,73,0,0.35562185742293734,2,1.0244620953927852,-0.20679364850592963,-0.2878877893763594,-0.39664227363242743,-1.1305286650771618,0.873941020337986,-0.3671470167874118,-1.5159309258254643,True,-0.6299538937863053,0.35043375808666044,-2.5211640780455955,0
2345,391,-0.9344185365449512,20,267,54,1,-1.274630553976354,3,-0.6931384774092352,-0.20679364850592963,-1.3012485080301204,-1.6562944216140878,-1.1305286650771618,0.9559086805362094,1.5242416467080497,1.522425973730457,True,-0.36682997148516916,0.6476814416837333,-0.6037574282241592,0
2346,451,0.5347499487712151,10,653,96,1,1.3675026644983594,0,2.021362067533934,-0.20679364850592963,-1.3176967217541384,1.2964527347534862,-1.6539734330084557,-1.1479279312181943,0.5181838469764212,0.3292812551833828,False,-1.8524466705253535,1.0809232620618485,0.7713354263212705,0
2347,358,1.1854480793732955,10,677,9,0,1.6485806664637546,2,-0.564866129107652,-0.20679364850592963,-0.35995504201569267,0.4784361697195241,-0.006661957459972327,0.9968925106353214,0.6120825749513732,-1.3910669436519334,True,-1.5454031213889883,-0.6696194678536941,2.0901425399588427,0
2348,322,0.8352476434254922,19,22,7,1,-1.49949295554867,3,0.711772004452503,-0.20679364850592963,-1.2956614125599535,-0.4434695059975046,-0.5762930284440273,0.10890952515456638,-0.4610457447623638,1.369814439962808,True,-2.1309090559854456,0.594505889375192,-2.2549469850139494,0
2349,494,-0.47910284447845713,38,213,25,2,0.8053466605675694,0,0.7479871380105251,-0.20679364850592963,1.9622503541565928,0.9011294416440265,-0.2068026040219376,0.1225708018542703,-0.4878739527552072,0.7177469775010348,True,2.44135319863505,-0.35836276545414286,1.109718363217339,0
2350,74,-1.0608054360402572,34,123,84,0,-1.0497681524040379,3,-0.3879037737670492,-0.20679364850592963,0.3379269189957463,-1.3648519687667227,-0.022057391810892734,1.2837793213291036,-1.6951433124331614,-1.4881833742313462,True,1.3987323550360036,0.4114904318726159,-0.732680243830122,0
2351,61,-1.5283782713854428,14,207,91,1,-1.105983752797117,3,-1.642282406264363,-0.20679364850592963,-0.8465232780379155,-1.4016677477238044,0.4705965074185602,1.365746981527327,0.5584261589656864,-1.807280217563703,True,0.6818549933475273,2.5100287452130527,-0.7134358859062772,0
2352,371,0.00989361771791633,37,426,75,1,-1.105983752797117,3,-0.805897272154619,-0.20679364850592963,-1.2960792447071836,-1.242265612692422,-0.6532702001986294,-0.47852537293270214,0.8401223428905423,0.3292812551833828,True,-1.3059728624251,-0.007973239530609378,-0.8049808915910832,0
2353,387,-1.306673137407254,8,419,55,1,-0.7686901504386429,1,-0.6377279608971212,-0.20679364850592963,-0.5068903509998207,0.9667111594191707,0.9016686692443318,-0.23262239233803164,-0.6756714087051112,-0.9887274455372222,True,0.7997827864074333,0.8333019954777721,1.0344350396837523,0
2354,278,1.7327575554925052,24,118,3,1,1.2550714637122016,0,-1.3441580977555516,-0.20679364850592963,1.3311974054102598,-1.6563654819416502,-0.3607569475311417,-0.23262239233803164,1.5913121666901584,0.024058187648084785,True,-0.40156015008224544,-2.3291000996623654,-0.6037315262093709,0
2355,234,0.5378776900684914,40,541,61,2,-1.162199353190196,3,0.45928101948352285,-0.20679364850592963,-1.0945362103839797,1.1646049218677608,-0.4223386849348233,-0.6151381399297413,-0.876882968651437,0.0934270666333798,True,-1.6324139004524711,0.24703701385209906,0.8586602163162821,0
2356,128,0.8127222457131417,36,41,85,0,-0.09410294572169475,0,-0.5829717049916499,-0.20679364850592963,0.9230697901247081,-1.4673985507191025,0.3782239013130378,0.7236669766412428,1.2827877747724588,-1.3633193920578153,True,0.11034754441156647,-0.4737940732680328,-0.6814781626012671,0
2357,192,0.6248114640119158,25,429,94,2,1.5361494656775965,2,-0.6561257527358736,3.1124756489183207,0.1491699192689315,-1.1766554925505186,-0.8226199780587538,-0.5331704797315179,1.0145056948440245,0.7732420806892708,False,-0.47564154474298426,-0.40995489214282144,-0.8498664998529432,0
2358,130,0.0496904264881433,21,288,88,1,-0.15031854611477377,1,-1.449180960650241,-0.20679364850592963,-0.039329221327261604,1.6626136529448678,-1.1767149681299232,0.2045384620524938,-0.9305393846371237,-1.6130473564048773,True,-0.0890196478154049,-0.07201041999320769,0.6014626056285004,0
2359,69,1.4166832925418342,36,34,19,2,-1.274630553976354,3,0.40622778730442793,-0.20679364850592963,-1.3619194536105772,-1.731381573619332,-0.9611788872170373,0.9285861271368016,-0.5281162647444724,1.078465148224569,False,-2.778602746152411,0.5754961192404209,-0.5775734667586397,0
2360,452,0.7622261164345455,15,107,3,0,-0.15031854611477377,0,-0.057165238718669,-0.20679364850592963,1.3093237113122538,0.2714767200296239,1.0402275784026154,1.2974405980288075,1.60472627068658,-0.1840484493078002,True,0.5470975948777083,-0.04357283790358479,3.683555744799422,0
2361,151,0.823383723678882,31,512,65,0,0.1307594558506213,1,-1.491643875679105,-0.20679364850592963,-0.34751032146858224,-0.527890807461665,-1.5000190894992516,-0.0003806884430649987,0.04869020710166129,0.23216482460396978,True,-1.1708940451474643,-1.228195288759461,-1.894331508141994,0
2362,2,0.79221910410563,3,478,90,2,-1.0497681524040379,3,-0.7304391794012987,-0.20679364850592963,1.170452190178488,-1.1388840446858508,0.7323188913842071,0.9149248504370977,0.6120825749513732,0.1627959456186748,False,0.3782330860728579,-0.5786678723089483,-0.8780525923348929,0
2363,323,-1.433030367264183,31,210,83,0,-0.9373369516178799,3,-1.4703801694062202,-0.20679364850592963,-1.1476746433281928,-0.8099544941053963,0.347433032611197,0.6007154863439075,0.3035581830336738,-0.8222421359725143,True,0.2853557239359903,2.1070994341821674,-1.234637415733155,0
2364,357,1.4172727813527444,34,29,19,2,-0.15031854611477377,1,0.7838085591320157,-0.20679364850592963,0.9232223607274336,1.465287502546149,0.7323188913842071,0.5460703795450919,-0.004966208884025563,-0.003689363946033215,False,-0.4940504206253108,1.110870536649119,0.6824598790451482,0
2365,193,0.7256356272306241,36,33,86,0,0.5804842589952534,0,0.4461042836433006,-0.20679364850592963,1.246787725633452,0.7036676998698977,0.48599194176948063,0.696344423241835,1.2425454627831938,-1.0997176519136944,True,0.521152098402828,0.3237091616717747,1.4211251391422084,0
2366,9,0.33271599839311916,10,302,68,1,-1.105983752797117,3,1.8192490974560211,-0.20679364850592963,-1.4807603399399754,-1.6372832266899016,-1.3768556146918882,0.2728448455510134,-0.4610457447623638,0.5651354437333858,True,-1.8134763383330945,0.605293279785861,-0.6107679140514335,0
2367,30,0.14471296610999568,40,0,46,0,1.4237182648914386,2,-1.058874311958881,-0.20679364850592963,-0.9841212245301003,-1.5059966053956613,0.1165015173473909,-0.8337185671250041,0.23648766305156527,-1.6130473564048773,True,-1.128834190640096,-0.15323284242125054,-0.6640121649799421,0
2368,200,0.13499753169867104,26,109,46,1,-1.0497681524040379,3,-1.773869888025952,-0.20679364850592963,1.0299884874478533,0.7416484111494241,1.22497279061366,-0.27360622243714344,-1.4671035444939922,-0.29503865568427223,True,0.8949909557491823,-0.2394680564381015,1.348347613413498,0
2369,258,0.9064628153856199,18,592,15,2,1.0864246625329645,2,-0.010337456390444507,-0.20679364850592963,-1.1657412383801484,-1.5053054811378521,-0.006661957459972327,0.9968925106353214,0.6120825749513732,-1.3910669436519334,False,-2.0722040537657684,-0.009370519823608396,-0.6643170299730846,0
2370,156,-0.08261504687792173,28,330,15,1,-0.20653414650785276,1,-0.7680260388013285,-0.20679364850592963,0.7495269129156318,1.597190270202807,0.3936193356639582,-1.4348147419119766,1.1486467348082419,-0.47539774104603927,True,0.8321419597935535,0.06345050719903629,0.6260994422806485,0
2371,460,-1.4396439350666563,41,170,93,0,-1.218414953583275,3,-0.1047360641534968,4.772110297630446,-1.4420314207578737,0.6377960820754175,-0.7764336750059926,0.8602797436382821,0.5986684709549516,-1.3216980646666383,True,-0.0023874856912173836,0.1507826395413339,1.5678990061463758,0
2372,256,-0.7770056497472577,10,279,76,2,-1.387061754762512,3,-0.8632335084751533,3.1124756489183207,-1.1811520451594035,0.9677230889536323,-1.669368867359376,1.693617622320221,-0.43421753676952035,-0.017563139743092215,True,-0.4041463954121458,0.6707373131363414,1.0333533508495003,0
2373,128,0.5697028094154346,15,590,89,1,0.7491310601744904,2,-1.5773404800409108,-0.20679364850592963,0.735013545291959,0.5067071891352063,0.16268782040015212,-1.6670564458069432,0.10234662308734813,-0.8083683601754553,True,0.16531073587652434,-0.8986153028839972,1.9735259812557522,0
2374,494,-0.5144491671514463,38,175,69,0,-1.218414953583275,3,0.21271612150727617,-0.20679364850592963,-1.3192336700405034,0.007948352640200095,-1.1767149681299232,0.2045384620524938,-0.9305393846371237,-1.6130473564048773,False,-0.8047845028890571,-0.10943163154910408,125.81065086082289,0
2375,379,-1.4863587168683552,15,77,16,0,-1.330846154369433,3,1.3522922991925097,-0.20679364850592963,-1.2839749313294913,0.17731014212717397,-0.9457834528661169,-1.7353628293054628,-0.6488432007122678,-1.4743095984342873,True,0.20238378553886394,-2.0099914466587365,5.639832127028286,0
2376,26,0.3122417858519118,10,544,41,0,0.07454385545754227,0,1.422485627292018,-0.20679364850592963,0.9642101190364551,1.2300121990531918,-0.7456428063041518,0.2865061222507173,-1.5475881684725226,1.550173525324575,False,0.6519683331845434,0.44415945261433676,0.8130000007071109,0
2377,174,-1.5216130445905212,5,372,13,1,0.35562185742293734,0,-1.2202938111117605,-0.20679364850592963,0.4280974378025671,-0.19908030741467664,0.1165015173473909,-0.8337185671250041,0.23648766305156527,-1.6130473564048773,True,1.9497104823930882,1.8568149812207362,-5.023101055531037,0
2378,148,-0.06825550467253934,22,518,80,0,-1.274630553976354,3,0.9799010108010979,-0.20679364850592963,-1.2497334125941622,-1.4678752969596098,-0.23759347272377843,1.7346014524193327,0.4511133269943127,-0.3644075346695672,True,-1.1814779079216229,-0.06688363802136037,-0.6812568276044766,0
2379,438,1.3643070934848427,13,74,34,1,-0.8811213512248008,0,-0.564866129107652,-0.20679364850592963,0.4711629062992778,0.24379801510540047,1.1787864875608989,1.679956345620517,-1.0915086325941843,-1.4465620468401692,True,-0.8931441871855649,-0.7706508668108946,4.101754435499524,0
2380,96,1.941862032439014,41,619,85,2,0.9177778613537274,0,-0.8440511312458903,-0.20679364850592963,1.3016558075487428,0.7695052565885325,1.22497279061366,0.846618466938578,-1.3061342965369318,-1.0164749971313403,False,-0.6402062248902711,-1.6390308452035933,1.2995361129561531,0
2381,447,-1.2034249860735795,26,602,86,0,-1.0497681524040379,3,-1.6205716478482672,-0.20679364850592963,-1.349866698855404,-0.1516344257966244,0.1011060829964705,0.5733929329444997,-0.4476316407659421,-0.9332323423489863,True,-0.1464417127818245,1.9502364127430387,-6.594812848254584,0
2382,117,1.4831833366433769,8,186,74,0,-1.443277355155591,3,-1.5343641390551084,-0.20679364850592963,-1.5116463283940371,0.638059973797223,-0.376152381882062,-1.6670564458069432,-0.3537329127909901,0.17666972141573378,True,-2.9948296650374138,-2.275743323389698,1.5672505475053473,0
2383,338,0.5226897742310933,24,601,50,0,-0.15031854611477377,1,0.18398627147097865,-0.20679364850592963,-1.229485292166501,-0.33976941796218085,-1.4538327864464902,-1.4757985720110882,-1.520759960479679,1.355940664165749,True,-1.7521750663975943,0.09616774269678648,-2.9431733447789075,0
2384,188,1.2206238682367838,3,321,2,1,0.8615622609606484,2,0.8426679393432855,-0.20679364850592963,0.7287409977950039,-1.0072622536995852,0.8708778005424909,1.3247631514282154,-1.386618920515462,1.591794852715752,True,-0.4918828704417799,1.0285805997603208,-0.992790204940281,0
2385,73,-1.03907073118679,16,12,96,1,0.6929154597814113,0,1.3724795730738664,-0.20679364850592963,-1.1567412063370686,0.3371749854476768,1.6098586493866702,1.5023597485243663,0.5986684709549516,0.6622518743127987,False,-0.11767047515027862,-1.4261033535327956,2.9658181851493324,0
2386,445,-1.0989770836286714,18,232,61,2,-0.9373369516178799,3,-0.3879037737670492,-0.20679364850592963,-1.207712005290456,-1.3359151804627902,-1.0073651902697986,-1.4894598487107924,-0.3671470167874118,1.0368438208333919,True,-0.10873492166178456,0.4262973580230677,-0.7485505737786703,0
2387,296,-0.781756809960822,27,526,35,0,-0.9373369516178799,3,0.485465530333871,-0.20679364850592963,-1.3327738159870512,-0.4802985611566731,1.5790677806848294,-1.3118632516146413,-1.6414868964474745,-0.4337764136548623,False,-0.5510170060262293,-0.37951598433974565,-2.0820387339817037,0
2388,181,-0.3348075181982276,2,32,13,1,-1.443277355155591,3,-0.7869262188093323,-0.20679364850592963,-1.5206152366741148,-0.6786709198083563,-0.9303880185151966,1.229134214530288,0.6791530949334817,0.4818927889510318,False,-1.1858077184758873,0.263468814324668,-1.4734683897008876,0
2389,77,0.41108129352864725,10,360,49,2,0.1307594558506213,0,-0.08879715270593434,-0.20679364850592963,1.3172667362769108,-0.011027801816183496,-0.48392042233850485,-0.7244283535273728,0.9876774868511812,-0.2672911040901542,False,0.9061854427482636,-0.03650284839601631,-90.68072538309558,0
2390,3,-0.466621973935913,26,390,54,2,1.6485806664637546,2,-0.7680260388013285,-0.20679364850592963,-0.01423776082664534,1.0985300258314938,-1.6539734330084557,1.4477146417255506,-0.3403188087945684,-1.4049407194489922,True,0.45238421310926763,0.358377826259656,0.9103073065411702,0
2391,61,-1.6096328518445537,30,426,83,0,-1.0497681524040379,3,-0.805897272154619,-0.20679364850592963,-1.002316351327264,-0.21801859204871454,1.147995618859058,1.3247631514282154,1.0815762148261332,-0.9054847907548683,True,0.6073165005172898,1.2971987244719858,-4.586766886620598,0
2392,340,0.827270391364488,39,194,89,2,-0.8811213512248008,1,-0.04147294009483492,-0.20679364850592963,0.16168587053224162,-0.21784817784815888,1.3173453967191826,-1.6670564458069432,0.008447895112396148,0.23216482460396978,True,-0.6655845208322464,-0.03430933538329005,-4.590354938532001,0
2393,175,-0.45091193681396596,2,21,27,1,0.8615622609606484,1,-0.268553453715343,-0.20679364850592963,0.9035112315771544,-1.7216096359555404,1.255763659315501,1.4886984718246623,0.34380049502293897,0.8564847354716248,False,1.3544231683911203,0.12109395795286508,-0.5808518012448001,0
2394,163,-1.3248309691641753,42,361,18,1,-1.330846154369433,3,-1.512971918718622,-0.20679364850592963,-1.1933587497340028,0.3370767197879694,-0.06824369486365395,-1.1752504846176022,-1.1451650485798712,0.2876599277922058,True,0.1314722194301725,2.0044320533941735,2.9666827894870598,0
2395,95,-0.9328875363861343,34,130,4,2,-0.8249057508317219,0,-0.49318295251244687,-0.20679364850592963,1.4865257711076951,-1.2050791882901981,-1.3922510490428086,1.7346014524193327,1.175474942801085,1.009096269239274,True,2.4194133074938295,0.4600842295569764,-0.8298210546652417,0
2396,237,-1.3994491713753625,28,407,89,0,-1.443277355155591,3,-1.5773404800409108,-0.20679364850592963,-0.9222340480868939,-1.1293243086127893,-1.6077871299556943,1.3930695349267348,-1.1451650485798712,1.4253095431510439,True,0.4772151232884686,2.2074078277700693,-0.8854853126971879,0
2397,304,0.5210179469735979,18,4,40,0,-0.4876121484732478,1,-1.512971918718622,-0.20679364850592963,0.5227943920053277,-1.1388934033201088,1.0864138814553765,0.7783120834400585,1.1084044228189767,-0.8916110149578094,True,0.0017764450317298008,-0.7882855229194817,-0.878045377108456,0
2398,304,-0.34817092761632573,10,423,98,2,-0.4313965480801688,0,-1.773869888025952,-0.20679364850592963,0.3166600830769406,1.1836501778677924,0.8400869318406499,-0.9976538875214511,-1.2256496725584014,1.4808046463392799,True,0.6648310106932663,0.6176099243846636,0.8448441390994164,0
2399,86,0.03296082667872256,29,495,38,2,-0.9935525520109589,3,0.15496181434917897,-0.20679364850592963,-0.9152367231433757,-1.1952490312156163,-1.4538327864464902,1.365746981527327,-0.6756714087051112,0.5651354437333858,True,-0.9481975498220983,0.005107669504583671,-0.8366458014590816,0
2400,365,-0.49953869052381095,10,43,66,1,0.4680530582090954,1,-0.8824859019390859,-0.20679364850592963,-0.45722932866026916,0.9668079015802779,-1.2844830085863659,1.3794082582270308,0.7059813029263252,0.8009896322833888,False,0.04230936186354178,0.4408358518603752,1.0343315305267116,0
2401,71,1.725767502538604,33,112,23,2,0.8615622609606484,2,-0.4226946174867851,-0.20679364850592963,-0.27948941310483,0.9296879670098163,0.02412891124186848,-0.4375415428335904,-0.43421753676952035,0.2737861519951468,True,-2.005256915643434,-0.7294726343566796,1.0756295960819742,0
2402,447,-1.0008288906492353,26,541,50,2,1.2550714637122016,2,-1.0788156848149264,-0.20679364850592963,0.5686884706237366,1.0518920337568165,-1.1613195337790025,1.1198440009326565,0.39745691100862585,0.1627959456186748,True,1.5695173612729718,1.0797099050483179,0.9506678184088281,0
2403,109,2.1796462022310608,7,332,95,0,1.3675026644983594,2,0.5754059049627287,-0.20679364850592963,-0.9308945470422534,-0.2645941206807871,0.347433032611197,0.4641027193468683,-0.20617776883035127,-0.017563139743092215,True,-3.110540749273314,1.2541812954933382,-3.779374898295322,0
2404,148,0.934914292307178,40,622,1,1,0.6929154597814113,0,0.25527654064195265,-0.20679364850592963,1.62358997488663,-1.2045005852861403,1.024832144051695,1.3111018747285115,-0.9707816966263889,-0.29503865568427223,True,0.688675682579452,0.23866168633689575,-0.8302196738114561,0
2405,101,0.7004632600242902,24,314,44,1,-0.3751809476870898,0,1.8192490974560211,-0.20679364850592963,0.20517520887114835,0.8448875320368846,1.2403682249645807,0.6280380397433154,1.6852108946651103,-1.8766490965489986,True,-0.4952880511531418,1.2743171536002922,1.1835893461822433,0
2406,174,-0.9471222653662048,31,264,30,2,-1.0497681524040379,3,0.32484974849802,-0.20679364850592963,-1.5056147308607415,0.18742421404801995,-0.5608975940931069,-1.4621372953113845,0.31697228703009556,-0.8499896875666323,True,-0.5584924654945367,-0.3076724297010866,5.335487047554514,0
2407,192,0.593919258501983,31,581,0,2,-0.9935525520109589,3,1.3421582569085093,-0.20679364850592963,0.11503785654181511,-0.2553255904830046,-1.5462053925520127,-1.339185805014049,-0.2732482888124598,-0.1424271219166232,False,-0.47888140196016793,0.7971336367354159,-3.916569387992867,0
2408,223,0.30737767853910347,39,293,95,0,-1.105983752797117,3,0.035737440378939764,-0.20679364850592963,-0.9016601675524185,0.5069203701178937,-0.03745282616181314,-0.683444523428261,-0.8366406566621718,-0.04531069133721022,True,-1.209037846091522,0.010984891460608123,1.9726960321161062,0
2409,263,-0.8117438789886057,7,576,83,0,1.0302090621398854,2,-0.9406610984409725,-0.20679364850592963,-0.1587194142049603,1.3340625829452133,-1.0535514933225598,1.5433435786234782,-1.520759960479679,0.9952224934422149,False,0.6530244647836454,0.7635758888621577,0.7495899651373934,0
2410,127,-0.027996094784681975,3,44,73,0,1.6485806664637546,2,-0.9406610984409725,-0.20679364850592963,-0.23402998269628336,0.844575541287847,0.6707371539805255,-1.1069441011190826,-0.16593545684108613,-1.6130473564048773,True,-0.20603388791160138,0.026334837272216527,1.184026570403043,0
2411,357,-0.6093407254003894,30,479,66,0,0.35562185742293734,1,1.2704463137422914,-0.20679364850592963,0.01307136401593568,-1.599769794195296,-0.8226199780587538,0.341151229049533,-0.031794416876868986,-0.7806208085813373,True,0.6224120894163251,-0.7741346783979786,-0.625089976156232,0
2412,153,-0.8071840436865995,29,111,32,0,0.1307594558506213,0,-0.5468342158350353,-0.20679364850592963,-1.3001507415140363,-0.9418097068414653,0.8400869318406499,-0.0003806884430649987,0.9876774868511812,0.9258536144569199,True,-0.49296669782743685,0.44139585356391453,-1.0617857290219062,0
2413,18,0.980283353063534,21,284,88,1,-0.09410294572169475,1,-1.3441580977555516,-0.20679364850592963,0.31048249036891834,-0.8759747618347165,0.6553417196296051,1.4613759184252546,-1.6549010004438962,0.4818927889510318,True,-0.6698008626946157,-1.3176558071153137,-1.141585531601467,0
2414,27,2.2826141361921075,35,71,63,1,-1.49949295554867,3,-0.7680260388013285,-0.20679364850592963,-0.9424456380037318,0.7696805677488742,0.03952434559278888,-0.3009287758365513,1.0815762148261332,0.03793196344514379,True,-3.2250597741958393,-1.7531070931315405,1.2992401159363312,0
2415,454,0.7861987725814074,31,301,50,2,0.7491310601744904,0,-0.025863557847784793,-0.20679364850592963,1.6594294665759353,-1.336859531952204,-0.06824369486365395,-1.1752504846176022,-1.1451650485798712,0.2876599277922058,False,0.8732306939945279,-0.02033389743451663,-0.7480218010204026,0
2416,67,0.46349385122653525,29,167,44,1,-0.8249057508317219,1,0.472401208410713,-0.20679364850592963,0.5432592071580123,1.4367967728680644,-0.09903456356549475,1.6389725155214054,-0.08545083286255585,-1.7240375627813491,True,0.0797653559314771,0.21895505541035049,0.6959926061112928,0
2417,44,-1.3696542207059552,40,197,41,1,0.018328255064463263,0,1.7374428195258163,-0.20679364850592963,1.0225117338848353,0.8446708687716827,-1.2844830085863659,-0.49218664963240616,1.6449685826758451,-0.05918446713426923,True,2.3921659545907907,-2.3796958909987893,1.1838929440823522,0
2418,65,0.8981891126001815,11,214,72,1,1.3112870641052805,0,-1.685893511431728,-0.20679364850592963,1.5094443564470508,-1.0356115156505163,-0.3607569475311417,-0.23262239233803164,1.5913121666901584,0.024058187648084785,True,0.6112552438468692,-1.5142511969712678,-0.9656131488004629,0
2419,253,0.31308579110830864,18,565,34,1,-0.5438277488663268,0,-1.240772553225037,-0.20679364850592963,1.56778215567115,0.4029881661887097,0.5321782448222419,-1.1752504846176022,-0.05862262486971242,-1.8766490965489986,True,1.2546963645628413,-0.3884682564119367,2.4814618287960872,0
2420,213,-1.1218450795415373,18,138,1,2,0.41183745781601633,2,0.21271612150727617,-0.20679364850592963,-0.28283975753780444,-0.5468012338355864,1.1172047501572173,-1.011315164221155,-0.7829842406764849,1.522425973730457,True,0.8390053220037329,-0.23863453425209755,-1.8288184462702348,0
2421,150,-1.3547490248959344,10,652,9,2,1.3112870641052805,0,-0.805897272154619,-0.20679364850592963,0.819414380672789,1.6907710628935129,0.8246914974897296,-0.45120281953329433,0.8669505508833859,-1.1690865308989893,False,2.1741634055687236,1.0917885436177637,0.5914460939164843,0
2422,302,-0.489725611782639,19,596,71,2,-0.5438277488663268,1,0.472401208410713,-0.20679364850592963,1.0132362619505204,-1.4305132349330585,-0.11442999791641516,1.5843274087225898,-1.6817292084367397,-1.2384554098842842,True,1.5029618737331594,-0.23134697079579436,-0.6990498553141881,0
2423,336,0.5251044630828144,39,353,85,0,-0.8811213512248008,0,1.3623993371776832,4.772110297630446,1.5246531533003163,-0.13313392936746227,-0.29917521012746007,-1.2435568681161218,1.6583826866722668,-0.11467957032250523,True,0.9995486902175018,0.7154019724530697,-7.511238914640569,0
2424,114,-1.5083181025192338,22,600,3,2,1.2550714637122016,2,-1.5989242880013395,-0.20679364850592963,0.8351506362408638,0.976789429122914,-0.5147112910403457,-0.49218664963240616,1.1084044228189767,0.9813487176451559,False,2.3434687387600976,2.4116864481500975,1.0237619980405885,0
2425,302,0.9291981412781816,14,195,94,2,1.3675026644983594,2,0.5880462384367718,-0.20679364850592963,0.07751482202117482,-0.25548490490804515,1.3789271341228642,1.5979886854222938,1.1888890467975068,-1.030348772928399,True,-0.8516833192570068,0.5464114717410747,-3.914127105758493,0
2426,30,1.1808593394287001,40,31,92,1,0.6929154597814113,1,0.36581652871821657,-0.20679364850592963,0.7060804608305928,1.4555846664260053,0.5167828104713215,-0.1916385622389199,-0.47445984875878555,-0.05918446713426923,True,-0.4747788785981073,0.4319778644542933,0.6870091134955795,0
2427,369,0.17220357065689182,35,44,20,1,-1.218414953583275,3,0.25527654064195265,-0.20679364850592963,-0.8344352723869215,1.5311856727448026,0.8246914974897296,0.4914252727462762,-0.9573675926299672,-1.8905228723460574,True,-1.0066388430438133,0.04395953180348341,0.6530886178542533,0
2428,299,1.757156848144534,3,666,28,2,-0.09410294572169475,0,0.035737440378939764,-0.20679364850592963,1.0460727082970835,1.3710708668325524,0.7169234570332866,-0.861041120524412,-0.3403188087945684,-1.3771931678548743,False,-0.7110841398474506,0.062796288097011,0.729356848909287,0
2429,459,-0.872213068553838,38,230,89,0,0.1307594558506213,0,1.0575165393963317,-0.20679364850592963,1.831447963708905,1.663381387417997,-0.5301067253912661,1.3520857048276231,1.0145056948440245,-0.2672911040901542,True,2.703661032262743,-0.9223797458733102,0.6011850002925435,0
2430,241,0.5221209035672403,28,429,34,1,0.9177778613537274,0,0.6996106650189345,-0.20679364850592963,1.6450363180420104,-0.387107131179625,-0.19140716967101717,-0.5195092030318139,-1.158579152576293,0.7871158564863298,False,1.1229154144747702,0.36528135256496397,-2.5832648840108026,0
2431,368,-1.0979903542610594,11,516,13,2,-1.162199353190196,3,0.889026224217017,-0.20679364850592963,-1.261091462838734,1.2589444168613237,-0.8226199780587538,0.518747826145684,1.4035147107402541,1.383688215759867,False,-0.16310110857767457,-0.9761422188754145,0.7943161804247746,0
2432,381,-0.8557723996583735,13,485,28,0,0.5804842589952534,1,-0.8632335084751533,-0.20679364850592963,0.8071295647555791,1.3244471303519192,-1.1613195337790025,1.1198440009326565,0.39745691100862585,0.1627959456186748,True,1.6629019644139524,0.7387314110132989,0.755031968872244,0
2433,76,-0.32160261309517857,16,533,55,1,-0.09410294572169475,0,0.6751506888007894,-0.20679364850592963,0.7546721721326778,-0.8005143526724439,-0.7764336750059926,-0.6287994166294454,0.08893251909092642,0.03793196344514379,True,1.0762747852278562,-0.2171302257513436,-1.2491969963827516,0
2434,419,0.09789091671618877,7,28,31,2,0.07454385545754227,1,-1.5989242880013395,-0.20679364850592963,0.9196443597294048,-1.23307902495506,0.48599194176948063,-1.7353628293054628,1.6717967906686886,0.5373878921392677,True,0.8217534430132161,-0.15652016431223054,-0.8109780969911925,0
2435,31,0.4286114620854978,12,126,56,0,1.5361494656775965,2,-0.3534180473878296,-0.20679364850592963,-0.9962992877106891,1.446438016116232,0.347433032611197,0.6007154863439075,0.3035581830336738,-0.8222421359725143,True,-1.4249107497961868,-0.15147902601829938,0.6913534625906128,0
2436,44,1.7140464990061424,4,548,47,2,-0.5438277488663268,1,-1.491643875679105,-0.20679364850592963,0.19393193519487298,1.164240914523662,-1.7309506047630576,0.9559086805362094,-0.6756714087051112,0.6345043227186808,True,-1.5201145638112694,-2.5567469628717236,0.8589286818839141,0
2437,294,-0.6125811454009215,14,376,89,1,-0.9935525520109589,3,0.485465530333871,-0.20679364850592963,-0.9021916114852495,-1.2990289941061175,0.9170641035952521,0.09524824845486245,-0.6488432007122678,0.8981060628628018,True,-0.28961046608432806,-0.2973870306245885,-0.7698058176666779,0
2438,427,1.089573038724788,23,72,77,2,-1.443277355155591,3,0.8659262724603146,-0.20679364850592963,-0.8615163022818423,-0.8667168961271348,0.5013873761204011,-0.8063960137255962,-0.7561560326836414,1.078465148224569,False,-1.9510893410066301,0.9434899199962137,-1.1537794173003595,0
2439,434,1.0905595798127108,42,415,54,1,-0.9935525520109589,1,1.6633342388534342,-0.20679364850592963,0.3875913122037651,0.7791654347478729,0.03952434559278888,-1.1479279312181943,-1.5341740644761008,1.577921076918693,False,-0.7029682676089457,1.8139650886120964,1.2834243243620704,0
2440,402,0.042524219905092704,42,665,2,2,-0.15031854611477377,1,-1.6205716478482672,-0.20679364850592963,-0.06585177544054091,0.14012273833299285,-0.8226199780587538,-0.5331704797315179,1.0145056948440245,0.7732420806892708,True,-0.10837599534563361,-0.06891354512505816,7.136595375149087,0
2441,3,-1.0611600814723359,24,132,65,2,0.6929154597814113,0,-1.7077935573996443,-0.20679364850592963,0.9213067503432848,0.9008223478547749,-0.3145706444783804,1.229134214530288,-0.15252135284466442,-0.05918446713426923,True,1.9824668318156207,1.8122423505081369,1.1100966704164703,0
2442,77,-1.0865304682488834,22,232,35,2,-0.9935525520109589,1,1.0465326685577692,-0.20679364850592963,0.6955929689641711,0.07369047305367055,0.3628284669621174,0.09524824845486245,1.6583826866722668,0.44027146155985475,True,1.7821234372130546,-1.1370896304058264,13.57025679894872,0
2443,351,1.0904738303565702,5,392,44,0,0.9739934617468065,2,0.7479871380105251,-0.20679364850592963,0.15872358856822621,0.600624566195209,-1.253692139884525,0.5597316562447958,-0.5147021607480506,-1.3216980646666383,True,-0.931750241788344,0.8156603994437858,1.6649332874301073,0
2444,265,-0.19769276406606623,30,585,59,1,-1.162199353190196,3,1.5011713183792659,-0.20679364850592963,-0.04232523098562307,0.515505828836182,-1.1305286650771618,-1.1342666545184903,-0.7695701366800631,-0.22566977669897723,True,0.15536753308044315,-0.2967707072670978,1.9398418991176745,0
2445,434,0.7531880360401507,42,657,28,2,1.0302090621398854,0,1.969551366468625,3.1124756489183207,1.3113500798921824,0.5723582260966557,1.6868358211412722,-1.3118632516146413,-0.7561560326836414,0.2737861519951468,True,0.5581620438520317,1.483442525590699,1.7471572516814011,0
2446,13,1.4204003659917928,37,531,37,1,-1.443277355155591,3,1.035514621220779,-0.20679364850592963,-1.2909669902577754,-0.9130795702405056,0.7323188913842071,-1.4074921885125689,-0.5951867847265809,-1.7379113385784082,True,-2.711367356249568,1.4708453469718472,-1.0951949228872702,0
2447,138,-0.2847287560795371,24,188,28,2,-1.0497681524040379,3,1.321808337944639,-0.20679364850592963,-0.8680815581802881,-0.8471384156170629,1.1172047501572173,-1.011315164221155,-0.7829842406764849,1.522425973730457,True,-0.583352802100751,-0.3763568438385375,-1.1804447769212176,0
2448,455,0.15907923746170363,35,67,35,2,-0.15031854611477377,1,-0.268553453715343,-0.20679364850592963,0.06718131524502806,1.0325825595709937,0.16268782040015212,-1.6670564458069432,0.10234662308734813,-0.8083683601754553,True,-0.09189792221667557,-0.04272127863474368,0.9684454709083234,0
2449,488,0.3707891914896049,3,538,94,2,-0.20653414650785276,1,-0.1530404922217351,-0.20679364850592963,-0.22577327124673566,1.1361795938081527,0.9324595379461724,-0.9156862273232276,-0.6622573047086895,-1.1413389793048714,False,-0.5965624627363405,-0.05674576037606832,0.8801424681762117,0
2450,321,-1.1067018598265017,29,144,76,0,-0.15031854611477377,1,0.5880462384367718,-0.20679364850592963,0.6194675356980333,1.4274137626326162,0.6553417196296051,0.08158697175515853,-0.0452085208732907,1.61954240430987,True,1.726169395524535,-0.6507918657419539,0.7005676672886406,0
2451,148,-0.08655580282401086,33,494,51,2,-0.31896534729401077,0,0.9910945602340703,-0.20679364850592963,1.5559285960251075,-1.1951976675485267,-0.48392042233850485,-0.7244283535273728,0.9876774868511812,-0.2672911040901542,True,1.6424843988491182,-0.08578498533556994,-0.8366817563485366,0
2452,238,-1.0159118384740224,2,650,3,1,-0.4876121484732478,0,-1.1795361053656206,-0.20679364850592963,-1.4977165188769508,-0.6777675939598169,-0.2529889070746988,-0.3009287758365513,-1.628072792451053,-0.8361159117695732,False,-0.48180468040292834,1.1983046933484758,-1.4754322225717236,0
2453,220,-0.1148439469460777,17,375,1,2,-0.9373369516178799,3,-1.2613176508759902,-0.20679364850592963,-1.5325470379459332,0.9009351955725119,-1.099737796375321,-0.9156862273232276,-1.5610022724689443,-0.33665998307544925,True,-1.4177030909998554,0.14485469737935358,1.109957623942945,0
2454,168,-0.6840509830155068,29,90,77,1,-0.3751809476870898,1,0.5880462384367718,-0.20679364850592963,0.35421633565649213,1.3337158781923586,1.22497279061366,0.846618466938578,-1.3061342965369318,-1.0164749971313403,True,1.0382673186719988,-0.4022536074612449,0.7497848240187855,0
2455,41,1.3161730952631185,29,550,43,0,0.5804842589952534,2,0.73595977530185,1.4528410002061956,0.029954928234866823,-0.5749828021191763,-0.4223386849348233,-0.6151381399297413,-0.876882968651437,0.0934270666333798,True,-1.2862181670282518,0.9686504554481851,-1.7391827550887444,0
2456,481,-0.6831971591178212,30,438,51,2,-1.105983752797117,3,0.8659262724603146,-0.20679364850592963,-1.4939397073166691,-0.18016335176104034,0.7631097600860479,0.013280588256638914,-0.7561560326836414,1.0229700450363328,False,-0.810742548198848,-0.5915983693503714,-5.550521486625645,0
2457,311,-0.9030229788412865,24,188,2,0,-0.03788734532861575,1,1.864012582378731,1.4528410002061956,1.068447471005756,-1.4020966125797365,-1.099737796375321,-1.7080402759060551,-1.6549010004438962,-0.4892715168430983,True,1.9714704498470426,-1.6832461947372805,-0.7132176644246025,0
2458,308,0.8315791869424474,20,190,78,1,-1.49949295554867,3,2.021362067533934,-0.20679364850592963,-1.1911476371827203,0.3743805624037307,-0.40694325058390285,-1.0659602710199707,-0.729327824690798,-0.9332323423489863,True,-2.0227268241251677,1.680922624636173,2.671078130957533,0
2459,478,0.12281119853624357,42,611,84,1,-1.0497681524040379,3,-0.7117529458539462,-0.20679364850592963,-1.3408398967318305,0.9667194298401428,1.301949962368262,0.518747826145684,0.9608492788583377,1.34206688836869,True,-1.4636510952680741,-0.0874112323420252,1.0344261899471097,0
2460,425,-0.8494045377620415,16,272,25,1,0.41183745781601633,2,-1.5989242880013395,-0.20679364850592963,-0.9566490615690377,0.5722566957970908,-0.03745282616181314,1.3384244281279192,1.3364441907581457,0.911979838659861,False,-0.10724452380699623,1.358133545766279,1.7474672338440473,0
2461,316,0.545957700149159,7,405,68,0,1.4237182648914386,0,0.08105364782325122,-0.20679364850592963,1.0498576306718348,-1.1767554993514835,-0.006661957459972327,-0.17797728553921596,-0.6086008887230027,0.5790092195304448,True,0.5038999305226758,0.044251863154282124,-0.8497942737727022,0
2462,459,1.170905842853979,38,423,64,1,-0.2627497469009318,1,-0.7491969517311343,-0.20679364850592963,0.5590338712179835,0.7883354816432907,1.2403682249645807,-0.5468317564312217,-0.6354290967158461,-1.1413389793048714,False,-0.6118719716359954,-0.8772390882303756,1.268495325195767,0
2463,431,0.01032050169449914,29,308,87,0,0.41183745781601633,2,0.6996106650189345,-0.20679364850592963,0.2611733997736089,0.506194749498925,-0.8226199780587538,0.9422474038365055,0.5450120549692647,-1.3355718404636974,True,0.25085289807910977,0.007220333053817584,1.975523854084817,0
2464,275,-1.1247374505865342,16,565,46,1,-0.7124745500455638,0,0.73595977530185,-0.20679364850592963,0.6348099312117991,-1.1764429644958028,-0.052848260512733544,1.6253112388217015,0.35721459901936065,-0.9193585665519273,True,1.7595473817983334,-0.8277615214072412,-0.8500200308738136,0
2465,431,-0.7378709123728606,10,210,67,1,0.6929154597814113,0,0.7838085591320157,-0.20679364850592963,0.2117238848713328,1.4934220600157924,-1.330669311639127,-0.47852537293270214,0.9206069668690726,-0.5308928442342753,True,0.9495947972441934,-0.5783495366523977,0.6696030277128239,0
2466,247,1.6452373392373938,40,57,5,2,0.4680530582090954,2,0.28330532668029007,-0.20679364850592963,-0.6682203631701189,1.135925278363262,0.05491977994370929,-0.8337185671250041,0.8803646548798074,1.0368438208333919,False,-2.3134577024075127,0.46610450185926106,0.8803395179363674,0
2467,407,-0.9894566972350431,27,349,3,1,-0.9935525520109589,3,0.40622778730442793,-0.20679364850592963,-1.5177006566939824,-0.6035062870171632,0.17808325475107253,1.3247631514282154,1.1486467348082419,1.4946784221363392,False,-0.5282439594589392,-0.40194480475133887,-1.6569838412800906,0
2468,280,1.4935654528319686,16,273,50,1,1.0864246625329645,2,-0.9994590305551175,-0.20679364850592963,0.6081894485356353,0.9202748132663514,-1.022760624620719,-0.6287994166294454,-0.6622573047086895,0.6206305469216218,True,-0.8853760042963333,-1.4927574795580545,1.086631815758922,0
2469,52,-0.18199490670725882,40,487,81,2,-1.162199353190196,3,0.14033640788738985,-0.20679364850592963,-1.4050182437272174,1.2486994328821965,-0.3145706444783804,-1.0386377176205628,-1.104922736590606,-0.4892715168430983,True,-1.2230233370199586,-0.025540511461097336,0.8008331657591329,0
2470,126,0.8181069761851909,17,397,37,0,-1.218414953583275,3,-1.1189017032627826,-0.20679364850592963,-1.4155460080347424,-0.96996102279571,0.9786458409989337,-0.16431600883951203,-0.24642008081961642,1.522425973730457,True,-2.2336529842199333,-0.9153812891047748,-1.0309693684542556,0
2471,232,0.2531227636932779,10,489,83,0,1.0864246625329645,2,-0.9601914853903032,-0.20679364850592963,-0.6442153141442227,-1.1199699183867575,1.4712997402283867,1.1744891077314723,1.6583826866722668,0.38477635837161883,True,-0.8973380778375006,-0.24304632245674723,-0.8928812041028337,0
2472,271,-0.6375955918613039,40,504,0,2,-0.4876121484732478,0,-1.862844008126029,-0.20679364850592963,0.5850282835758849,-1.0540768627905472,-1.5769962612538535,-1.7080402759060551,-0.9037111766442802,1.314319336774572,False,1.2226238754371888,1.187741127906399,-0.9486975098024312,0
2473,120,-1.5418417645275582,2,357,69,2,-0.15031854611477377,0,-1.2202938111117605,-0.20679364850592963,0.8244300674610361,0.24340636714384245,-0.5608975940931069,1.0925214475332485,0.8937787588762292,0.8564847354716248,True,2.3662718319885943,1.8814999629666156,4.1083542756037135,0
2474,298,1.6221406217123795,15,366,8,1,-1.162199353190196,3,0.6996106650189345,-0.20679364850592963,1.0976524261569325,1.4560309426945102,-0.5608975940931069,-1.4621372953113845,0.31697228703009556,-0.8499896875666323,True,-0.524488195555447,1.1348668791104257,0.6867985439028925,0
2475,56,-0.35853946064139214,0,173,59,0,0.35562185742293734,1,-0.805897272154619,-0.20679364850592963,0.7526383295221504,1.5598525841538575,1.3789271341228642,0.6280380397433154,1.1888890467975068,1.2865717851804541,True,1.1111777901635425,0.28894597329068633,0.6410861808674261,0
2476,56,0.28393639636395895,17,208,5,0,-1.105983752797117,3,-0.08879715270593434,-0.20679364850592963,-1.2078582637582584,-0.21742225116809827,-0.03745282616181314,1.3384244281279192,1.3364441907581457,0.911979838659861,True,-1.4917946601222174,-0.025212743546703165,-4.5993473738876665,0
2477,40,0.17592222963339407,11,484,70,0,0.5242686586021743,2,-1.6205716478482672,-0.20679364850592963,-1.001560962185584,-0.3774207270800969,-0.8842017154624353,-0.5331704797315179,-0.6220149927194244,-0.04531069133721022,True,-1.177483191818978,-0.2850945775701307,-2.6495637181689546,0
2478,272,0.5419420288097926,42,542,72,0,-1.274630553976354,3,-0.1530404922217351,-0.20679364850592963,0.018705571066764796,-1.1294872141416732,0.7323188913842071,0.9149248504370977,0.6120825749513732,0.1627959456186748,True,-0.5232364577430277,-0.0829390748446964,-0.8853575994622358,0
2479,271,0.2447328313637892,28,4,70,2,0.2994062570298583,1,-0.21857193818218257,-0.20679364850592963,0.5804639600521811,1.0704761049663278,-0.6224793314967885,0.38213505914864476,1.094990318822555,-1.5298047016225234,False,0.33573112868839194,-0.05349172928799664,0.9341636884226261,0
2480,68,-0.739060343515637,42,261,92,2,1.5923650660706756,2,0.5880462384367718,-0.20679364850592963,-0.43083232758590123,-0.9134378100541896,-1.4076464833937292,0.9285861271368016,1.0145056948440245,0.6483780985157398,False,0.30822801592973575,-0.43460165498215875,-1.0947653999753033,0
2481,313,0.7463987430901098,19,105,65,2,-0.7124745500455638,1,-1.5558203784823792,-0.20679364850592963,1.050174347211764,-0.876038531133264,0.6399462852786847,0.16355463195338205,-1.2524778805512449,-1.3078242888695795,True,0.30377560412165416,-1.1612623749732267,-1.1415024323834473,0
2482,342,0.7776075430051849,13,108,79,0,-1.0497681524040379,3,0.15496181434917897,-0.20679364850592963,-1.2485383705661195,1.624952985192694,-1.2382967055336047,-1.3665083584134572,0.15600303907303498,-0.7528732569872193,True,-2.0261459135713045,0.12049947571569065,0.6154023824518082,0
2483,177,-0.0369172103966603,19,679,89,2,0.41183745781601633,1,-0.2853709610732421,-0.20679364850592963,1.0796643165773747,-0.13270397629824424,0.5167828104713215,1.3520857048276231,-0.6086008887230027,1.2172029061951588,True,1.1165815269740351,0.010535099811038036,-7.535574904779407,0
2484,170,0.8060592427650679,38,55,46,2,0.4680530582090954,1,0.485465530333871,-0.20679364850592963,0.8563894343511232,0.12120393271677071,-0.4223386849348233,1.2564567679296956,-0.9037111766442802,1.605668628512811,True,0.05033019158605534,0.3913139777694622,8.250550559953707,0
2485,49,-0.10046021004172792,22,183,68,0,-1.49949295554867,3,1.9608554183122706,-0.20679364850592963,-1.136151190170533,0.13927893775118658,-0.34536151318022124,1.037876340734433,0.9876774868511812,0.4263976857627958,True,-1.035690980128805,-0.19698794718511098,7.179831338197772,0
2486,200,0.6747908590393379,6,570,53,0,-0.6000433492594058,1,-0.7869262188093323,-0.20679364850592963,-0.18408069405978514,-1.0450807123781996,1.3789271341228642,0.5733929329444997,0.9608492788583377,0.5651354437333858,True,-0.858871553099123,-0.5310106191909273,-0.956863985567952,0
2487,123,-1.1285375496440093,4,30,84,1,-0.9373369516178799,1,-1.751781892697946,-0.20679364850592963,-1.1913761941996033,-0.4429601133584235,-0.052848260512733544,-0.8747023972241159,-1.6817292084367397,0.8981060628628018,False,-0.06283864455559396,1.9769516446960849,-2.25754011613424,0
2488,307,-1.4706914213418432,21,65,19,0,0.6929154597814113,2,-0.7491969517311343,-0.20679364850592963,0.5211858712568738,-0.7725200658953395,0.5167828104713215,-0.12333217874040028,-0.8634688646550153,0.5790092195304448,True,1.991877292598717,1.1018375298064382,-1.2944649253705882,0
2489,114,0.7694396763863902,13,664,20,2,0.1869750562437003,1,0.6751506888007894,-0.20679364850592963,-0.6137207944068277,-0.41479301831153476,-0.8534108467605945,-1.7353628293054628,-1.332962504529775,-0.17017467351074123,False,-1.383160470793218,0.5194877275029278,-2.4108415449102223,0
2490,261,-0.2919672890025655,3,412,17,1,1.0864246625329645,0,1.3623993371776832,-0.20679364850592963,1.1486163040039994,1.427429324082603,1.22497279061366,0.846618466938578,-1.3061342965369318,-1.0164749971313403,True,1.440583593006565,-0.39777604101466035,0.7005600298891776,0
2491,487,-0.2712975635621803,4,341,58,0,0.2431906566367793,0,-1.512971918718622,-0.20679364850592963,0.7137013144680354,-0.8761477877471581,-0.637874765847709,0.873941020337986,-0.3403188087945684,0.8287371838775068,True,0.9849988780302157,0.41046559528635923,-1.14136008573087,0
2492,55,0.27130862076452233,0,480,1,0,-1.330846154369433,3,0.6751506888007894,1.4528410002061956,-1.242475604489358,-1.468086192694397,0.8708778005424909,1.3247631514282154,-1.386618920515462,1.591794852715752,True,-1.5137842252538802,0.18317420218675942,-0.6811589626632095,0
2493,275,1.611765021042368,27,653,87,1,-0.4876121484732478,1,0.5627146920237458,-0.20679364850592963,0.9629217982985924,-1.035949188233099,1.1941819219118193,-1.4074921885125689,0.6791530949334817,0.3292812551833828,True,-0.6488432227437756,0.9069638574305022,-0.9652984025552712,0
2494,318,0.8399041429835817,0,286,12,2,1.1426402629260435,0,-1.3233493238148013,-0.20679364850592963,1.0450966934597228,-1.1011733191225304,-1.1613195337790025,1.1198440009326565,0.39745691100862585,0.1627959456186748,True,0.20519255047614104,-1.1114865796865732,-0.9081223395505839,0
2495,180,0.28751504291794655,21,51,55,0,0.018328255064463263,0,-0.3706226321335793,-0.20679364850592963,0.608818589389077,-0.8761104620314552,-1.6847643017102962,-0.3145900525362552,0.10234662308734813,-0.2534173282930952,False,0.3213035464711304,-0.10655958198424838,-1.1414087121185046,0
2496,427,0.4353550524286992,11,436,67,2,1.7047962668568335,2,0.711772004452503,-0.20679364850592963,-0.7715375633497079,-1.5808261773161576,-1.669368867359376,-0.7380896302270766,-1.574416376465366,-0.1979222251048592,False,-1.2068926157784072,0.30987353831569975,-0.6325806578910609,0
2497,29,0.5809256850403574,12,261,71,0,-1.330846154369433,3,0.9347629233820862,-0.20679364850592963,-0.8314997998113932,-0.5275487820259392,-0.48392042233850485,-1.0522989943202667,1.4705852307223628,-0.031436915540151225,True,-1.4124254848517506,0.5430277916160655,-1.895559659365864,0
2498,402,-1.2296292182900697,10,248,91,1,-1.105983752797117,3,-0.12075648392093428,-0.20679364850592963,0.6268889396070416,0.8547840701219,-0.7456428063041518,-0.055025795241880684,1.5510698547008932,-0.9609798939431042,True,1.8565181578971113,0.1484857009271558,1.169885960636579,0
2499,87,1.1317754359315448,31,197,71,1,-1.0497681524040379,3,-0.12075648392093428,-0.20679364850592963,-1.0558046390826548,-0.3399075122281484,0.4398056387167194,0.4367801659474605,-0.031794416876868986,1.4946784221363392,False,-2.1875800750142,-0.13666922223117597,-2.941977621037556,0
2500,370,0.5019661323883068,9,374,25,0,1.3675026644983594,0,-0.3534180473878296,-0.20679364850592963,1.8142538563417858,0.7786947825017662,0.48599194176948063,-0.7107670768276688,-1.5610022724689443,-1.7795326659695851,True,1.312287723953479,-0.17740389036349616,1.2842000409547214,0
2501,214,0.12520874856273442,22,290,11,2,0.4680530582090954,1,0.7956636066243687,-0.20679364850592963,-0.09135711000118193,0.5437266816193892,0.6707371539805255,-1.1069441011190826,-0.16593545684108613,-1.6130473564048773,False,-0.21656585856391636,0.09962404446234902,1.8391589927236724,0
2502,67,1.222021865360881,0,310,28,2,-0.03788734532861575,0,-1.5558203784823792,-0.20679364850592963,1.312017318339826,-0.7067834953696267,-0.022057391810892734,-0.5741543098306296,0.29014407903725214,1.050717596630451,True,0.08999545297894507,-1.9012465210795089,-1.4148606299346205,0
2503,422,0.28333176468972826,40,218,64,0,-0.7686901504386429,1,-1.2202938111117605,-0.20679364850592963,0.26488747816717345,1.1644518102584491,0.5167828104713215,-0.1916385622389199,-0.47445984875878555,-0.05918446713426923,True,-0.01844428652255481,-0.34574799894224906,0.8587731199462336,0
2504,45,-0.5600057681936184,34,213,48,2,0.8053466605675694,0,-1.2613176508759902,-0.20679364850592963,1.780925621707605,1.6911372466641834,0.7631097600860479,0.013280588256638914,-0.7561560326836414,1.0229700450363328,True,2.3409313899012236,0.706345160014979,0.5913180274639008,0
2505,372,1.1708859979511428,41,108,74,0,-0.31896534729401077,1,-0.6931384774092352,-0.20679364850592963,0.2264961807239042,-1.4960899469270879,0.1011060829964705,-1.530443678809904,0.7998800309012772,-1.6546686837960543,True,-0.9443898172272386,-0.811586137839648,-0.6684090544788887,0
2506,254,-0.8011701807932323,30,514,75,1,0.8615622609606484,1,-0.268553453715343,-0.20679364850592963,0.6252568154573672,-0.7814657232112263,1.1633910532099787,0.7509895300406507,-1.0244381126120756,0.1489221698216158,True,1.4264269962505995,0.2151570190657683,-1.2796468204074856,0
2507,293,1.610894014174689,7,605,71,1,-0.6562589496524849,0,-0.010337456390444507,-0.20679364850592963,1.6566276888782232,-0.6594878960063428,-1.4230419177446496,0.3957963358483486,-1.1451650485798712,-1.6546686837960543,False,0.04573367470353418,-0.016652546621158944,-1.5163282869761885,0
2508,318,0.19981149747083796,40,395,28,1,0.1869750562437003,0,0.889026224217017,-0.20679364850592963,-1.4686492259455906,-0.9883874119001093,-0.9919697559188781,0.6280380397433154,0.4108710150050475,0.05180573924220279,True,-1.6684607234164286,0.1776376611516471,-1.0117491270477421,0
2509,93,-1.3672304678043474,36,93,86,1,0.6366998593883324,2,0.5114292264090835,-0.20679364850592963,-0.31864888571902267,0.4405786441839497,-0.8534108467605945,-1.7353628293054628,-1.332962504529775,-0.17017467351074123,True,1.0485815820853248,-0.6992416204721068,2.269741818462494,0
2510,116,-0.14384333430730903,10,614,40,2,-1.218414953583275,3,-1.7077935573996443,-0.20679364850592963,-0.8722741470790701,-1.2333183230566067,-1.4230419177446496,0.846618466938578,-1.5475881684725226,1.2033291303981,True,-0.7284308127717611,0.2456547196049056,-0.8108207446425627,0
2511,8,0.16017408434241734,17,209,40,2,-1.162199353190196,3,-0.268553453715343,-0.20679364850592963,-1.5200054806929149,-1.327332333456388,-0.8380154124096743,-0.014041965142768923,0.11576072708376985,-1.5436784774195824,False,-1.6801795650353322,-0.04301530354584882,-0.7533908804399249,0
