TransactionID,AccountID,TransactionAmount,Location,DeviceID,MerchantID,Channel,CustomerAge,CustomerOccupation,TransactionDuration,LoginAttempts,AccountBalance,TransactionGap,IP1,IP2,IP3,IP4,TransactionType_Debit,Balance_after_Transaction,TransactionAmount_x_Duration,LoginFrequency,Cluster_Before_FS,Cluster_After_FS,Predicted_Cluster,Recommended_Limit
-1.731361434085822,-0.841708439175277,-1.5108326672267542,36,0.1375937362098796,-1.1893841191377277,0,1.4237182648914386,0,-0.4754482043131202,-0.2067936485059296,0.186255629190841,-0.8007620300162911,0.7477143257351275,0.9559086805362094,1.229131358786772,-0.6141354990166293,True,1.6970882964175953,0.7183226786505622,-1.2488106171326794,0,0,0,1000
-1.729982412632946,1.4188904155824396,0.672289042100328,15,-1.451940851543293,0.0853047509459511,0,1.3112870641052805,0,0.4461042836433006,-0.2067936485059296,1.811684414132205,-0.076706479395092,-1.5462053925520127,0.2865061222507173,-0.876882968651437,-1.8350277691578207,True,1.139395372031877,0.2999110215274076,-13.036725340004562,0,0,0,1000
-1.72860339118007,-1.5952413907611829,-0.5386466313035377,23,-0.5486815143756172,-1.3960904223945405,2,-1.443277355155591,3,-0.9406610984409725,-0.2067936485059296,-1.120360065099199,0.046137565585285,1.563672346333909,-0.4238802661338866,0.2230735590551435,0.2876599277922058,True,-0.5817134337956612,0.5066839318735153,21.674265208574727,0,0,0,1000
-1.7272243697271938,-1.246383542804745,-0.152595046325464,33,-0.7858501671514874,-1.6372477761941553,2,-1.049768152404038,3,-1.5773404800409108,-0.2067936485059296,0.9608734198465968,-0.5750971733355135,1.332740831070103,-1.5714275089090155,1.323030086761724,0.1905434972127928,True,1.113468466172061,0.2406943436228725,-1.7388368787900208,0,0,0,1000
-1.725845348274318,1.1118955093807743,-1.5172772276323394,1,-0.200497747534446,1.428895722115234,2,-1.049768152404038,3,1.1227184347359322,-0.2067936485059296,0.7312118229508622,0.9673907486161504,-0.7456428063041518,0.4914252727462762,-1.6549010004438962,-0.5031452926401574,False,2.248489050583202,-1.7034751140678548,1.0337083521417398,0,0,0,1000
-1.7244663268214415,0.9863066841164568,-0.8019008893099197,28,1.1316836212491654,0.1542068520315554,0,-1.49949295554867,3,0.8309784133015728,-0.2067936485059296,-1.254496277668001,-0.8756703885786793,0.0549197799437092,-0.8337185671250041,0.8803646548798074,1.036843820833392,True,-0.4525953883580814,-0.6663623286238772,-1.1419823340393598,0,0,0,1000
-1.723087305368566,-0.3463302950771355,-1.5819919419505382,39,-0.5184046650850805,-1.0515799169665192,0,-0.4313965480801688,0,0.4195783825648011,-0.2067936485059296,1.748505989228932,-1.3178447459241749,0.4090147700148786,1.1471665543320644,1.698624998661532,1.189455354601041,False,3.3304979311794702,-0.6637696202341555,-0.7588147837400989,0,0,0,1000
-1.72170828391569,-1.2533606997638735,-0.2326013544150827,16,0.7330384389237666,-1.017128866423717,1,1.2550714637122016,2,2.0127699128464025,-0.2067936485059296,-0.5116652750218743,-0.546407627090114,-0.3299660788293008,1.1744891077314723,-0.6756714087051112,0.2876599277922058,False,-0.2790639206067915,-0.4681730078540013,-1.8301358426108925,0,0,0,1000
-1.720329262462814,-0.7928683404613758,-0.689958032287807,11,1.6766669084788248,-0.5003631082816851,1,0.3556218574229373,1,-0.3879037737670492,-0.2067936485059296,1.0603652591665935,-0.9980283286842913,-1.3768556146918882,0.2728448455510134,-0.4610457447623638,0.5651354437333858,False,1.7503232914544005,0.2676373244653279,-1.00197566687899,0,0,0,1000
-1.718950241009938,0.9304894284434266,1.558607356853407,26,-0.7252964685704141,-1.4649925234801446,0,0.5804842589952534,0,0.1549618143491789,-0.2067936485059296,-1.1595645329265096,-0.9043208679671186,-1.253692139884525,0.5597316562447958,-0.5147021607480506,-1.3216980646666383,True,-2.7181718897799163,0.2415246238759821,-1.105802316414744,0,0,0,1000
-1.7175712195570618,-0.6882109860744444,-1.4738796584756428,0,-0.6950196192798775,0.8087768123447958,2,0.4118374578160163,1,-0.8824859019390859,-0.2067936485059296,0.7668367955688128,-1.0639029934759716,1.5328814776320685,-1.544104955509608,-1.574416376465366,1.61954240430987,False,2.240716454044456,1.3006780197595496,-0.9399354077634016,0,0,0,1000
-1.716192198104186,1.4467990434189544,-0.119980664277024,22,1.1821450367333932,-0.6726183609956957,2,-1.330846154369433,3,0.8426679393432855,-0.2067936485059296,-0.964804401896736,-1.402097591971694,0.0395243455927888,0.6416993164430193,-1.5475881684725226,1.189455354601041,True,-0.844823737619712,-0.1011038591273583,-0.7132171662284011,0,0,0,1000
-1.7148131766513095,0.979329527157328,0.9925987571354652,23,-1.5478175409633257,0.2575600036599618,1,-1.162199353190196,3,0.0204634203862926,-0.2067936485059296,-0.930572947123987,-0.2645009696235229,1.486695174579307,-0.4102189894341826,0.9608492788583376,0.0934270666333798,False,-1.9231717042594525,0.0203119656421746,-3.780705906273008,0,0,0,1000
-1.713434155198434,0.093230593347976,1.5117494257369124,22,-1.4368024268980248,-0.8448736137097064,0,-1.049768152404038,3,0.1983874950706012,-0.2067936485059296,-1.4956489607617005,1.2959924205335944,1.22497279061366,-0.6151381399297413,-1.6951433124331614,0.6483780985157398,True,-3.007398386498613,0.299912181746366,0.7716093913784884,0,0,0,1000
-1.7120551337455578,-1.1417261884178136,-0.2605732431150754,21,-0.1954516059860232,-1.120482018052123,2,-1.49949295554867,3,0.3522237231242945,-0.2067936485059296,-1.449971554615679,-1.3365370943556227,1.147995618859058,-0.0550257952418806,0.7328095109191686,-1.7240375627813491,True,-1.1893983115006037,-0.0917800778365638,-0.7482022601866883,0,0,0,1000
-1.7106761122926817,0.1350935351027485,0.9220232022706808,10,0.571561909374238,-0.8448736137097064,0,-0.4876121484732478,1,0.28330532668029,-0.2067936485059296,-0.2923316499084226,1.50270321348769,1.6560449524394316,0.5597316562447958,-1.0378522166084974,0.2182910488069108,True,-1.2143548521791032,0.2612140845261023,0.6654673554149928,0,0,0,1000
-1.709297090839806,0.4630199121818,1.1276869308966098,2,1.580790219058792,-0.0524994512252573,1,-1.443277355155591,3,0.6628510710023714,-0.2067936485059296,-1.116897660506791,1.0986324267016871,-0.9303880185151966,1.229134214530288,0.6791530949334817,0.4818927889510318,False,-2.2445845914034006,0.747488489900195,0.9102224590074705,0,0,0,1000
-1.7079180693869298,0.7490833475060791,0.9888552060388122,8,0.3999930967278637,0.326462104745566,2,-0.3189653472940107,1,1.491422182083449,-0.2067936485059296,0.1856638915848056,1.522351013184067,0.008733476890948,1.2974405980288075,0.0352761031052395,-1.2384554098842842,True,-0.8031913144540065,1.4748005891549838,0.656878686749507,0,0,0,1000
-1.706539047934054,-0.0602668597528565,-1.4649193899812498,0,0.8844226853764499,0.1542068520315554,1,0.8053466605675694,2,-0.057165238718669,-0.2067936485059296,0.8383590536664803,-1.261313153940354,-0.3145706444783804,1.229134214530288,-0.1525213528446644,-0.0591844671342692,False,2.3032784436477303,0.0837424666318851,-0.7928245861532873,0,0,0,1000
-1.705160026481178,0.2397508894896799,-0.9749342436895664,8,-1.5124945501243665,-0.3625589061104765,2,-1.49949295554867,3,0.7956636066243687,-0.2067936485059296,0.5427245808597458,-0.254728814317074,0.1011060829964705,0.5733929329444997,-0.4476316407659421,-0.9332323423489864,False,1.517658824549312,-0.7757196965556415,-3.925745091914719,0,0,0,1000
-1.703781005028302,-1.7138530590663714,-1.0816187697546635,20,-0.947326696701016,-0.3281078555676744,1,1.4799338652845175,2,-1.302606210010628,-0.2067936485059296,0.3491661867900668,-1.1956106444904864,0.0395243455927888,-1.1479279312181945,-1.5341740644761008,1.577921076918693,True,1.4307849565447304,1.4089233263464802,-0.836392757330652,0,0,0,1000
-1.7024019835754258,-1.6301271755568263,-0.8541997706537092,19,-0.3922511263745112,0.5331684080023787,1,-0.3751809476870898,0,-0.268553453715343,-0.2067936485059296,1.0698216819982798,0.3470997082567942,-0.8380154124096743,0.0542644183557506,1.6181403746830016,1.605668628512811,True,1.924021452651989,0.2293982985719075,2.881015708485128,0,0,0,1000
-1.7010229621225497,-1.071954618826526,-1.145783282537224,1,-0.9977881121852435,-0.9482267653381128,2,-0.3189653472940107,1,0.1549618143491789,-0.2067936485059296,1.0379624508394678,-0.2732867684077262,0.3012467295584358,-0.8883636739238198,-0.407389328776677,-1.5991735806078182,True,2.183745733376692,-0.1775526563129262,-3.6591612969135543,0,0,0,1000
-1.699643940669674,1.404936101664182,0.5730127086916262,13,-0.906957564313634,1.1532873177728171,2,-1.274630553976354,3,0.4592810194835228,3.1124756489183207,-1.012618841676644,-0.6025487681469913,1.1941819219118193,-0.6287994166294454,-0.313490600801725,0.8564847354716248,True,-1.5856315503682703,0.263173861024905,-1.6596169784513584,0,0,0,1000
-1.6982649192167978,-0.0672440167119853,-0.4023492607415306,33,-1.5276329747696349,-0.7415204620813,2,-1.330846154369433,3,-0.2185719381821825,-0.2067936485059296,-0.8157503049976564,-1.1767461407172255,0.0857106486455501,0.7919733601397624,0.3706287030157824,-0.4476501894519213,True,-0.4134010442561258,0.0879422577464447,-0.8498010321670605,0,0,0,1000
-1.6968858977639218,-1.4487210946194786,-1.5777953282711643,15,1.580790219058792,-0.224754703939268,2,1.1426402629260437,2,1.8817854608487636,-0.2067936485059296,-0.2391394827416565,1.004991129352291,-0.4993158566894253,1.6389725155214054,1.457171126725941,0.1489221698216158,False,1.338655845529508,-2.969072308935779,0.9950335592923454,0,0,0,1000
-1.695506876311046,1.321210218154637,0.178364100071917,24,-1.4771715592854069,-0.7070694115384979,0,-1.218414953583275,3,0.6628510710023714,6.431744946342571,-1.297863421596905,-0.7443210861991769,-0.8995971498133557,0.3548125057492369,0.4645274309907343,1.577921076918693,True,-1.476227521668822,0.1182288347610443,-1.343506388428506,0,0,0,1000
-1.6941278548581695,-1.337086583273419,-1.2556567481832426,25,-0.1904054644376004,-1.430541472937343,1,-0.4313965480801688,1,-0.2351536375112642,-0.2067936485059296,-0.5489529921482607,-0.9229277916556315,-1.4230419177446496,-1.3665083584134572,-1.2658919845476666,-1.8766490965489984,True,0.7067037560349819,0.295272251800855,-1.083508501306434,0,0,0,1000
-1.6927488334052938,0.9653752132390704,-0.5301879069002794,19,-0.5638199390208853,1.4633467726580365,2,-0.0378873453286157,0,1.1119335175736065,-0.2067936485059296,-0.8740652980492729,-1.5248195394214048,0.5937599822259234,1.4477146417255506,-0.8232265526657501,0.2599123761980878,True,-0.3438773911489935,-0.5895337042946154,-0.6558153537047322,0,0,0,1000
-1.6913698119524176,0.435111284345285,-1.1098509184068155,11,-0.2509591630186737,-0.224754703939268,1,-0.9935525520109588,3,1.9434104844676097,-0.2067936485059296,-1.031986794374229,0.722558756047332,-1.2382967055336047,-1.3665083584134572,0.1560030390730349,-0.7528732569872193,True,0.0778641240325868,-2.156895911027811,1.383970304468172,0,0,0,1000
-1.689990790499542,0.804900603179109,-1.3703331548851432,24,1.1720527536365477,1.428895722115234,2,0.8053466605675694,0,-1.685893511431728,-0.2067936485059296,0.915251203719329,0.1117634648198325,-1.2075058368317635,-0.8337185671250041,-1.4134471285083057,-1.5714260290137003,False,2.2855843586044724,2.310235774320632,8.947459770203656,0,0,0,1000
-1.6886117690466658,0.2816138312444524,-1.0834039749175646,3,-0.3216051446965925,0.1197558014887532,0,-0.8811213512248008,0,1.7098095208507929,-0.2067936485059296,1.1922132392681846,-1.402524389222383,1.1326001845081377,0.9695699572359132,0.6925671989299035,-1.5159309258254643,True,2.275617214185749,-1.8524144312416453,-0.71300012961233,0,0,0,1000
-1.6872327475937898,-1.3161551123960324,0.7338853092084179,27,1.3284831416376537,-1.4649925234801446,0,0.2431906566367793,1,0.7838085591320157,3.1124756489183207,1.16853780856353,0.7693579125096357,0.3012467295584358,-0.8337185671250041,1.6583826866722668,0.3709025825745598,True,0.4346524993551122,0.5752255867788039,1.2997849944241346,0,0,0,1000
-1.685853726140914,0.7490833475060791,1.6377749398963848,20,-1.1542185001863496,1.5322488737436406,2,-1.274630553976354,3,0.5627146920237458,-0.2067936485059296,-1.409222137323897,-1.0730691228035607,0.3166421639093562,0.163554631953382,-0.5549444727373157,1.314319336774572,True,-3.046997077220281,0.921600020908003,-0.9319065025168126,0,0,0,1000
-1.6844747046880375,0.7909462892608515,0.2168601271291883,37,0.0366709052414242,-1.6372477761941553,1,0.0183282550644632,0,-1.058874311958881,-0.2067936485059296,1.9573410299750544,1.070339316556303,-0.3299660788293008,1.1744891077314723,-0.6756714087051112,0.2876599277922058,False,1.740480902845866,-0.2296276179052347,0.9342830736976756,0,0,0,1000
-1.6830956832351618,0.1141620642253623,-0.5498518224469149,39,-1.497356125479098,-1.6372477761941553,1,0.2431906566367793,1,-1.1592575015304638,-0.2067936485059296,0.3525727022563455,0.9668801589424548,-0.8380154124096743,0.2318610154519016,1.5510698547008932,-1.7101637869842905,True,0.9024245247032604,0.6374198499017828,1.034254232363551,0,0,0,1000
-1.6817166617822856,1.063055410666873,-0.9181287158456256,25,-0.4729893911492756,-0.7415204620813,1,-1.049768152404038,3,0.4984746518105413,-0.2067936485059296,-1.2072811591029955,1.3054878432014652,-1.2382967055336047,-1.3665083584134572,0.1560030390730349,-0.7528732569872193,True,-0.28915244325737,-0.4576638919484077,0.7659971164097363,0,0,0,1000
-1.68033764032941,-0.3253988241997492,1.304882927129065,38,0.4807313615026281,0.843227862887598,0,1.7047962668568335,2,0.3928177842655264,-0.2067936485059296,0.122972344728586,-1.1763184728959075,-0.6224793314967885,-0.2736062224371434,-0.6756714087051112,1.411435767353985,True,-1.181910582400479,0.5125812201607536,-0.8501099898135229,0,0,0,1000
-1.6789586188765335,1.5793650256424008,1.5305953904949336,23,-1.3207411712843011,-0.0524994512252573,0,1.1988558633191224,0,-0.3192396785201743,1.4528410002061956,0.8315794147024587,0.9294662979634996,-0.991969755918878,-1.3528470817137532,-1.1988214645655582,0.6761256501098578,True,-0.699015975792475,-0.4886267804060633,1.0758861236845598,0,0,0,1000
-1.6775795974236578,1.0700325676260016,0.5377021913878005,28,-1.5175406916727892,-0.3281078555676744,2,0.5804842589952534,2,1.311592044051897,-0.2067936485059296,-1.160539934705018,-1.5244105888686026,-0.991969755918878,-1.4757985720110882,1.13523263081182,1.286571785180454,True,-1.6982421260928184,0.7052459162935097,-0.6559912879779428,0,0,0,1000
-1.676200575970782,1.1816670789720618,0.5123009856258969,35,1.0206685071838646,-1.22383516968053,0,1.0302090621398854,2,0.1403364078873898,-0.2067936485059296,-0.0319253310737011,0.2437347899134957,-1.6539734330084557,1.4477146417255506,-0.3403188087945684,-1.4049407194489922,True,-0.544226316699598,0.0718944800799077,4.102818436683034,0,0,0,1000
-1.6748215545179057,1.5933193395606584,-1.315358428963452,30,1.3587599909281902,-0.1214015523108616,2,-0.3751809476870898,0,-1.7077935573996443,-0.2067936485059296,1.875359981425952,-1.6658883275843233,-0.0682436948636539,-0.3145900525362552,0.7059813029263252,0.6899994259069169,True,3.190718410389404,2.246360650655101,-0.6002803690197651,0,0,0,1000
-1.6734425330650298,-0.8975256948483072,0.1522512324607617,5,-0.7303426101188368,-0.1903036533964659,2,0.6929154597814113,0,0.0959938744403302,-0.2067936485059296,1.7543230383870754,-0.7151790608695434,-0.8226199780587538,-0.5331704797315179,1.0145056948440243,0.7732420806892708,False,1.6020718059263137,0.0146151856922238,-1.3982514233698369,0,0,0,1000
-1.6720635116121536,-0.9184571657256936,-1.1175112932651583,40,-0.7353887516672596,-1.3960904223945405,0,-1.443277355155591,3,0.110853606478371,-0.2067936485059296,-1.474017848356006,-0.7915265815023969,0.917064103595252,0.0952482484548624,-0.6488432007122678,0.8981060628628018,True,-0.3565065550908477,-0.1238801571387513,-1.2633816092948644,0,0,0,1000
-1.670684490159278,-1.6510586464342127,0.4224098274278792,21,1.651436200736711,-1.533894624565749,1,-0.9935525520109588,3,-1.40697668519828,-0.2067936485059296,-1.219944365459649,0.1960074963397365,-0.5608975940931069,1.0925214475332483,0.8937787588762292,0.8564847354716248,True,-1.6423541928875285,-0.594320778789655,5.101843085033895,0,0,0,1000
-1.6693054687064015,1.0421239397894868,0.8435992478142094,6,-0.2509591630186737,0.050853700403149,1,1.6485806664637546,2,-0.3192396785201743,-0.2067936485059296,0.0673148001186584,0.8545225724693233,1.2865545280173418,0.4641027193468683,-0.9573675926299672,0.1489221698216158,True,-0.7762844476955509,-0.269310352672069,1.1702439645168097,0,0,0,1000
-1.6679264472535258,0.2188194186122936,-0.2765553631131044,3,-1.194587632573732,0.7054236607163894,1,-1.049768152404038,3,-0.5829717049916499,-0.2067936485059296,-0.9721701481163072,1.5119740289333723,-0.0066619574599723,-0.1779772855392159,-0.6086008887230027,0.5790092195304448,True,-0.6956147850032027,0.1612239515586313,0.6613869780334493,0,0,0,1000
-1.66654742580065,1.3072559042363794,1.0289247112783295,28,0.2233781425330667,1.394444671572432,2,-1.443277355155591,3,-0.0729400943822046,-0.2067936485059296,-1.254488302854566,0.9010097381825892,1.117204750157217,0.0952482484548624,-1.668315104440318,0.1627959456186748,True,-2.283413014132895,-0.075049865552824,1.1098657946033998,0,0,0,1000
-1.6651684043477737,0.3164996160400962,1.2651910863101432,10,-0.3115128615997469,-0.9137757147953108,2,-1.049768152404038,3,0.4062277873044279,-0.2067936485059296,-1.464195629426094,1.3618493474487163,-0.3145706444783804,0.2455222921516055,1.6717967906686886,-1.6130473564048773,True,-2.7293867157362373,0.513955775509055,0.7342955580540832,0,0,0,1000
-1.6637893828948978,1.5305249269284995,-1.431945647882656,34,-0.220682313728137,0.1886579025743575,2,-0.2065341465078527,1,0.8659262724603146,-0.2067936485059296,-1.0383310684720386,-0.9416790124258412,0.1626878204001521,-1.6670564458069432,0.1023466230873481,-0.8083683601754553,False,0.3936145794106174,-1.2399593572367984,-1.0619330929094706,0,0,0,1000
-1.6624103614420216,-0.6254165734422857,0.8165356490006637,18,1.5303288035745644,-0.3281078555676744,2,1.3675026644983594,2,0.1695114023874439,-0.2067936485059296,-0.155243989433697,-1.3364800719794472,0.3936193356639582,-1.4348147419119766,1.148646734808242,-0.4753977410460392,False,-0.9717796384343608,0.1384121029614442,-0.7482341830524478,0,0,0,1000
-1.661031339989146,1.6072736534789158,0.8143818393381199,29,1.2225141691207757,-1.1893841191377277,2,0.3556218574229373,1,1.7740007458305995,-0.2067936485059296,0.2051018476530206,-1.2609731961098711,1.0094367097007746,-1.1615892079178982,1.5913121666901584,-0.0730582429313282,True,-0.6092799916850993,1.44471399037672,-0.7930383313371406,0,0,0,1000
-1.6596523185362697,-0.9324114796439508,-0.8570145684234274,41,-0.5486815143756172,0.9810320650588064,1,1.2550714637122016,0,0.4984746518105413,-0.2067936485059296,1.9692850692289556,-0.2647230739551539,1.2403682249645809,0.6280380397433154,1.6852108946651103,-1.8766490965489984,True,2.826299637652383,-0.4272000385914293,-3.7775338689320095,0,0,0,1000
-1.6582732970833938,-1.351040897191676,-0.2446699992552022,36,0.4504545122120915,-0.465912057738883,1,-0.93733695161788,3,0.4592810194835228,-0.2067936485059296,-1.200064735879445,0.6002998433507275,-1.099737796375321,1.2427954912299917,1.3632723987509892,0.3154074793863238,True,-0.9553947366242428,-0.112372286694962,1.665833906993635,0,0,0,1000
-1.6568942756305178,1.1677127650538042,-0.7024390836984469,29,1.4344521141545317,1.5666999242864428,0,0.9739934617468065,2,-0.3192396785201743,-0.2067936485059296,0.0123174520137025,-0.9224974033010992,1.117204750157217,0.0952482484548624,-1.668315104440318,0.1627959456186748,True,0.7147565357121495,0.224246427259898,-1.0840140089532644,0,0,0,1000
-1.6555152541776417,0.8537407018930104,0.4702700422014046,23,-1.6436942303833584,0.0853047509459511,1,-1.105983752797117,3,-0.4402037724726214,-0.2067936485059296,-1.042562577588084,0.2810306885722707,-0.4993158566894253,-0.3555738826353669,1.3901006067438324,-1.3216980646666383,True,-1.5128326197894886,-0.2070146466579171,3.5583289826724345,0,0,0,1000
-1.6541362327247655,0.1420706920618773,-1.0707504666827483,8,0.5513773431805469,1.5666999242864428,1,0.6929154597814113,2,-1.0191957916838013,-0.2067936485059296,-0.2703982865837882,1.5221047505174912,-1.7309506047630576,0.9559086805362094,-0.6756714087051112,0.6345043227186808,False,0.8003521800989604,1.0913043695865237,0.6569849637231076,0,0,0,1000
-1.6527572112718898,1.4258675725415682,0.3761740491912971,9,-0.1853593228891777,0.8776789134304002,1,1.3112870641052805,2,-0.8440511312458903,-0.2067936485059296,0.0575866498375614,-1.1669973819964212,1.301949962368262,-0.7517509069267806,1.13523263081182,-0.3089124314813312,False,-0.3185873993537357,-0.3175101317652615,-0.8569000248991726,0,0,0,1000
-1.651378189819014,-0.7370510847883458,0.7040323337989111,16,-0.9826496875399756,0.4987173574595767,1,0.1869750562437003,1,-1.512971918718622,-0.2067936485059296,0.3193323028642991,-0.2460997182460254,1.117204750157217,-1.011315164221155,-0.7829842406764849,1.522425973730457,True,-0.3847000309346119,-1.0651811509076878,-4.063395169513435,0,0,0,1000
-1.6499991683661377,1.2235300207268345,-0.644921125963563,18,-1.2652336142516505,0.4987173574595767,1,-1.218414953583275,3,-1.0390009501597688,-0.2067936485059296,-1.195558955276845,0.8352315979093587,1.301949962368262,0.518747826145684,0.9608492788583376,1.34206688836869,True,-0.5506378293132821,0.6700736626542498,1.1972725682024132,0,0,0,1000
-1.6486201469132618,1.3002787472772506,1.1536765962161506,16,-0.5587737974724627,1.5322488737436406,0,0.0745438554575422,1,0.5880462384367718,-0.2067936485059296,0.2864830589829801,0.8737181107241233,-1.330669311639127,0.2045384620524938,-0.2330059768231946,0.92585361445692,True,-0.8671935372331705,0.6784151827774458,1.1445337727036915,0,0,0,1000
-1.6472411254603858,-1.7138530590663714,0.2559953964607778,9,-0.3064667200513241,1.2910915199440256,1,1.9296586684291497,2,1.422485627292018,1.4528410002061956,-0.0753303653480905,-0.4718472791365235,-1.638577998657535,0.2455222921516055,-1.2256496725584014,-0.1979222251048592,True,-0.3313257618088684,0.3641497721183784,-2.1193302497431303,0,0,0,1000
-1.6458621040075097,1.2095757068085768,0.5858908876397734,19,0.813776703698531,1.635602025372047,2,0.1869750562437003,1,1.4125364540405965,-0.2067936485059296,0.5615436527010197,1.1738170826173389,-1.6077871299556945,1.3930695349267348,-1.1451650485798712,1.425309543151044,True,-0.0243472349387536,0.8275922368813831,0.8519214191176115,0,0,0,1000
-1.6444830825546335,0.5188371678548301,1.21797374767891,30,0.9752532332480596,-1.6716988267369577,1,0.6366998593883324,1,-0.0887971527059343,-0.2067936485059296,0.939431453325026,-0.3395709278588517,0.1780832547510725,1.3247631514282154,1.148646734808242,1.4946784221363392,False,-0.2785422943538838,-0.1081526008644633,-2.944893724544756,0,0,0,1000
-1.6431040611017578,1.2723701194407355,-1.5954295454167085,5,0.5463312016321241,0.7398747112591916,2,0.2994062570298583,0,0.2127161215072761,-0.2067936485059296,1.8438960742207684,1.1264791517572377,0.6399462852786847,0.4914252727462762,-1.4536894404975704,1.369814439962808,True,3.4393256196374766,-0.3393735850391589,0.8877216321916822,0,0,0,1000
-1.6417250396488818,-0.0602668597528565,-0.0552677654787089,26,-1.2198183403158456,-1.6027967256513531,1,-0.1503185461147737,1,0.9910945602340704,-0.2067936485059296,-0.5837608772473206,-0.9228090675861512,0.4859919417694806,1.6116499621219975,0.5986684709549516,1.231076681992218,False,-0.5284931117686117,-0.0547755817222408,-1.083647900188662,0,0,0,1000
-1.6403460181960057,0.4769742261000576,0.3994503674053994,16,0.415131521373132,-1.533894624565749,1,0.6366998593883324,2,1.402561453377276,-0.2067936485059296,-0.4385179778521241,-0.6692616836327203,-0.3299660788293008,1.1744891077314723,-0.6756714087051112,0.2876599277922058,True,-0.8379683452575235,0.5602536878602039,-1.4941840745916524,0,0,0,1000
-1.6389669967431295,1.4537762003780834,1.0532289047321122,0,-0.2156361721797142,0.4642663069167745,1,-1.105983752797117,3,0.2693247864040974,-0.2067936485059296,-0.8082969556848808,-0.7341142985063811,0.2704558608565949,-1.188911761317306,-1.0915086325941843,-1.7101637869842905,True,-1.861525860416993,0.2836606498015975,-1.362185886112251,0,0,0,1000
-1.6375879752902538,1.460753357337212,-0.6054279350139395,2,-1.0684340938631625,0.2575600036599618,2,0.8615622609606484,1,-1.773869888025952,-0.2067936485059296,-0.2294574115628219,-1.3742508669161435,-1.0381560589716394,0.3001673989504212,0.6523248869406384,0.4818927889510318,False,0.3759705234511176,1.0739503832909605,-0.7276692319001048,0,0,0,1000
-1.6362089538373776,1.000260998034714,-0.12525192674222,16,1.646390059188288,-0.3281078555676744,1,-0.7124745500455638,1,-0.1047360641534968,-0.2067936485059296,-1.1771693326264527,1.2301878366775192,0.1780832547510725,-0.5331704797315179,0.4913556389835778,1.2172029061951588,False,-1.0519174058842329,0.0131183938346222,0.812883926256659,0,0,0,1000
-1.6348299323845017,-0.2207414698128179,-0.4862264893188581,1,-0.7152041854735686,1.428895722115234,0,-0.0378873453286157,1,1.3522922991925097,-0.2067936485059296,-0.173871071756086,0.1205232553065052,-1.1305286650771618,1.3384244281279192,0.9340210708654944,-1.4188144952460513,True,0.3123554175627721,-0.6575203371693009,8.29714703392451,0,0,0,1000
-1.6334509109316258,-1.3649952111099335,-0.4183874081597227,9,0.2889779826625627,0.5676194585451809,2,-0.5438277488663268,1,0.3658165287182165,-0.2067936485059296,0.4982348605245963,-1.6279582182225862,-0.7456428063041518,0.4914252727462762,-1.6549010004438962,-0.5031452926401574,True,0.9166222686843192,-0.1530530293124014,-0.614266416811635,0,0,0,1000
-1.6320718894787498,0.2188194186122936,-1.4048296284298558,4,-0.8161270164420239,0.7054236607163894,0,0.9739934617468065,2,-0.9601914853903032,-0.2067936485059296,0.3773747687198488,-0.0102804169314987,-1.6077871299556945,1.3930695349267348,-1.1451650485798712,1.425309543151044,True,1.7822043971497046,1.348905447642371,-97.2732656651873,0,0,0,1000
-1.6306928680258737,-0.9672972644395949,0.1158381191962697,17,-0.2610514461155192,-0.1214015523108616,2,-1.049768152404038,3,1.91710895314072,-0.2067936485059296,0.5356679698710732,1.0046139546274342,0.5937599822259234,0.163554631953382,1.510827542711628,0.6206305469216218,False,0.4198298506748034,0.2220742954261506,0.9954071370929154,0,0,0,1000
-1.6293138465729975,0.1002077503071048,1.974748335559969,16,-0.5688660805693082,-0.465912057738883,1,-1.387061754762512,3,-1.5989242880013397,-0.2067936485059296,-1.3250181578954352,0.8540743374169038,1.22497279061366,-0.6151381399297413,-1.6951433124331614,0.6483780985157398,True,-3.2997664934554045,-3.1574730764170544,1.1708581315516704,0,0,0,1000
-1.6279348251201218,-0.0811983306302428,0.1069449754274235,29,-1.3409257374779922,0.5676194585451809,0,-0.4313965480801688,1,-1.0390009501597688,-0.2067936485059296,0.570164896995903,1.6535985676213474,0.6553417196296051,0.6143767630436114,0.5852543669585298,0.0518057392422027,True,0.4632199215684795,-0.1111159310839061,0.604741658046006,0,0,0,1000
-1.6265558036672456,-1.6789672742707276,-0.2885383466930632,18,-1.3560641621232603,0.3609131552883682,2,-1.274630553976354,3,0.0509267047203175,-0.2067936485059296,-1.3136325052742086,-0.2172768658731159,-0.8226199780587538,0.341151229049533,-0.0317944168768689,-0.7806208085813373,True,-1.0250941585811453,-0.0146943071825262,-4.602424911755059,0,0,0,1000
-1.6251767822143697,-1.5743099198837964,-0.8069399808854573,25,0.0669477545319608,1.5666999242864428,1,-0.0378873453286157,0,-0.6931384774092352,-0.2067936485059296,1.9384846117021448,-1.073428015545216,-0.29917521012746,-1.2435568681161218,1.6583826866722668,-0.1146795703225052,True,2.745424592587602,0.5593211497115832,-0.9315949264204476,0,0,0,1000
-1.6237977607614935,1.4816848282145982,-0.5829047416435554,24,1.0408530733775556,-0.1558526028536637,1,-1.443277355155591,3,-0.5468342158350353,-0.2067936485059296,-1.027901750333475,1.560085244154361,0.7477143257351275,0.9559086805362094,1.229131358786772,-0.6141354990166293,True,-0.4449970086899196,0.3187522573031775,0.6409905738471293,0,0,0,1000
-1.6224187393086176,-1.6301271755568263,-0.2149646665473493,39,0.1123630284677658,-0.6037162599100915,2,0.2994062570298583,0,-0.7304391794012987,-0.2067936485059296,1.3138526455859971,0.1121810122575924,0.2550604265056745,-0.4921866496324061,1.0010915908476028,-1.2107078582901665,True,1.5288173121333464,0.1570186146331196,8.914156580153888,0,0,0,1000
-1.6210397178557416,1.0770097245851304,-0.1573182885362511,10,0.6724847403426935,0.843227862887598,0,-0.3751809476870898,1,-0.1207564839209342,-0.2067936485059296,-1.34663857819171,-0.1512866328304839,-0.4223386849348233,-0.341912605935663,-1.668315104440318,-1.4881833742313462,True,-1.1893202896554589,0.0189972033800967,-6.609973679022022,0,0,0,1000
-1.6196606964028657,1.3491188459911518,0.5714783382133398,31,-1.2248644818642684,1.0843852166872128,2,0.7491310601744904,1,-0.4931829525124468,-0.2067936485059296,0.5160434387153048,1.032950810946907,0.2704558608565949,-1.188911761317306,-1.0915086325941843,-1.7101637869842905,False,-0.055434899498035,-0.2818433741369616,0.9681002159950652,0,0,0,1000
-1.6182816749499898,-0.1021298015076291,1.6910464366689657,11,-0.6899734777314547,-1.5683456751085512,0,1.0302090621398854,2,-0.3706226321335793,-0.2067936485059296,0.0791200887413093,-1.53412691883349,-1.4230419177446496,-0.4238802661338866,0.3706287030157824,-0.6141354990166293,True,-1.6119263479276562,-0.6267400814183621,-0.6518365937702425,0,0,0,1000
-1.6169026534971136,-0.1998099989354317,0.2378553163708689,10,1.3032524338955396,-0.7415204620813,2,0.2431906566367793,0,0.8074766543044608,-0.2067936485059296,0.6773785773043268,1.1643124101365387,-1.192110402480843,-1.5714275089090155,1.510827542711628,0.4957665647480908,True,0.4395232609334579,0.1920626150716782,0.8588759386281353,0,0,0,1000
-1.6155236320442377,-0.757982555665732,-0.3404473885542839,36,0.70276158963323,-0.6726183609956957,2,-0.6000433492594058,0,0.6505043648705744,-0.2067936485059296,-0.9667220175051549,-0.0203198374209391,0.8246914974897296,-0.328251329235959,0.7193954069227468,1.369814439962808,True,-0.6262746289508707,-0.2214625122633501,-49.21323436834955,0,0,0,1000
-1.6141446105913615,-1.0510231479491396,2.074569530928449,2,1.1064529135070518,-1.292737270766134,2,0.5242686586021743,1,-1.4703801694062202,-0.2067936485059296,0.9772498838788796,0.8073615850894924,0.7939006287878887,-0.1916385622389199,1.3096159827653022,-1.2384554098842842,False,-1.09731964704957,-3.0504058983315563,1.238602250352213,0,0,0,1000
-1.6127655891384856,0.3653397147539975,-1.4068860085391446,23,0.3798085305341726,-0.5692652093672893,1,1.0864246625329643,0,-0.6931384774092352,-0.2067936485059296,1.200374404212987,1.004808418341606,-1.5000190894992516,0.0406031416560467,-1.6549010004438962,0.0518057392422027,True,2.6072604127521317,0.975166825847179,0.9952144928572636,0,0,0,1000
-1.6113865676856096,0.8467635449338816,1.152768170610307,42,-1.6184635226412445,0.1542068520315554,0,0.1869750562437003,0,0.0810536478232512,-0.2067936485059296,1.3186537505421925,0.5063687548033238,-1.623182564306615,1.570666132022886,-1.6414868964474745,0.0240581876480847,True,0.1658855799318854,0.0934360653225014,1.974844997898627,0,0,0,1000
-1.6100075462327337,1.3002787472772506,-1.5561645290267927,36,0.505962069244742,-0.224754703939268,2,0.7491310601744904,0,0.9119708027708356,-0.2067936485059296,1.6852928663586144,-0.1229756759872129,0.2858512952075154,-0.0140419651427689,-1.628072792451053,0.7038732017039758,False,3.241457395385407,-1.4191766147800635,-8.131696005261894,0,0,0,1000
-1.6086285247798575,1.293301590318122,0.7234815343331692,18,-1.0028342537336663,-0.9482267653381128,2,-1.162199353190196,3,-0.1530404922217351,-0.2067936485059296,-1.250522284637963,1.295909933966531,1.117204750157217,-1.011315164221155,-0.7829842406764849,1.522425973730457,True,-1.9740038189711324,-0.1107219701276843,0.7716585054436168,0,0,0,1000
-1.6072495033269816,-0.9952058922761098,1.416015806220108,25,-0.1348979074049499,0.0853047509459511,2,0.8615622609606484,2,-1.3859719465647844,-0.2067936485059296,-0.1082124186454631,0.6661075830253314,-0.1914071696710171,1.2974405980288075,-0.5951867847265809,1.61954240430987,False,-1.5242282248655712,-1.9625581833133856,1.5012587686396213,0,0,0,1000
-1.6058704818741056,0.4141798134678988,0.065289520263044,18,0.6422078910521567,-1.3960904223945405,0,0.4680530582090954,1,-0.9601914853903032,4.772110297630446,-0.4667422882132012,0.8352603267401039,0.3012467295584358,1.2974405980288075,0.437699222997891,0.2044172730098518,True,-0.5320318084762452,-0.0626904414417925,1.1972313879430994,0,0,0,1000
-1.6044914604212297,-0.6951881430335732,0.0996868195513848,15,0.8642381191827586,-0.0180484006824552,1,-1.330846154369433,3,0.3658165287182165,-0.2067936485059296,-1.3201334449585953,-0.9411139032665272,-0.8226199780587538,-1.1615892079178982,0.4511133269943127,0.8148634080804479,True,-1.41982026450998,0.0364670862872468,-1.0625707502419832,0,0,0,1000
-1.6031124389683535,0.8467635449338816,0.8618930829309002,20,1.4495905387998,-0.0869505017680595,2,-1.443277355155591,3,1.7374428195258165,-0.2067936485059296,-1.0227868855515612,1.5874369409862024,0.8400869318406499,-1.2572181448158255,-1.0378522166084974,0.4263976857627958,True,-1.884679968482461,1.4974899481372614,0.6299462430199723,0,0,0,1000
-1.6017334175154776,1.2095757068085768,1.295957808625816,35,-0.8262192995388695,1.4977978232008384,0,-0.8811213512248008,1,-0.6377279608971212,-0.2067936485059296,-1.112137285678514,-1.1770053531219022,0.7939006287878887,-1.2298955914164178,-0.9439534886335454,0.953601166051038,True,-2.40809509430433,-0.8264685307036433,-0.8496138800974665,0,0,0,1000
-1.6003543960626017,-1.6580358033933411,1.0253744240220184,23,1.3335292831860763,-0.0524994512252573,1,0.3556218574229373,1,0.2552765406419526,-0.2067936485059296,0.7893787451361433,-0.0862877620912122,1.22497279061366,-0.2736062224371434,-1.4671035444939922,-0.2950386556842722,False,-0.2359956788858751,0.2617540358270755,-11.589142361313815,0,0,0,1000
-1.5989753746097255,0.6723346209556628,1.6139452230440756,37,-1.6134173810928218,-1.6372477761941553,1,-0.9935525520109588,3,0.979901010801098,-0.2067936485059296,-0.8369477009835002,-0.7345845154671736,0.9478549722970928,1.3930695349267348,1.0681621108297117,1.328193112571631,False,-2.450892924027576,1.581506555438493,-1.3613139333537725,0,0,0,1000
-1.5975963531568496,-1.6510586464342127,-1.399058164610352,21,-0.7606194594093735,-1.4649925234801446,0,0.6929154597814113,1,-0.5288762138917308,-0.2067936485059296,-1.4909299446085944,0.1114842292906972,-0.791829109356913,0.3274899523498291,0.1023466230873481,-0.6141354990166293,True,-0.0918717799982424,0.7399285851134367,8.969870531242858,0,0,0,1000
-1.5962173317039736,1.404936101664182,-0.3881381269533783,5,-1.2450490480579597,-0.7415204620813,1,1.4799338652845175,2,0.3385684026291145,-0.2067936485059296,-0.7488745501545792,0.5441231177194046,0.5475736791731622,-0.6014768632300375,-0.2464200808196164,-1.6407949079989952,True,-0.3607364232012008,-0.1314113056420617,1.8378190223003563,0,0,0,1000
-1.5948383102510977,-0.4928505912188394,-0.6224801644856661,35,0.8743304022796041,-1.5683456751085512,1,-0.4313965480801688,0,0.8659262724603146,-0.2067936485059296,0.7759986694817699,0.6376992310929817,0.3166421639093562,1.2837793213291036,-0.0586226248697124,1.411435767353985,True,1.398478833967436,-0.5390219285135563,1.5681371317828654,0,0,0,1000
-1.5934592887982215,0.1002077503071048,0.6943979810501298,13,-0.1399440489533727,0.5676194585451809,1,-0.8249057508317219,1,-1.5989242880013397,-0.2067936485059296,1.024263927477999,-1.5243908922081295,-1.4692282207974106,-0.7654121836264846,-0.1525213528446644,-0.3505337588725082,True,0.3298659464278691,-1.1102897974401464,-0.6559997640444072,0,0,0,1000
-1.5920802673453456,-1.6022185477203117,-0.7505064017209464,12,0.8743304022796041,1.5666999242864428,2,-1.387061754762512,3,0.7719110874194387,-0.2067936485059296,1.113328130526033,0.3462210848498425,-1.222901271182684,-0.0413645185421767,1.3364441907581457,-1.0164749971313405,False,1.8638345322469796,-0.5793242126676659,2.888327011051343,0,0,0,1000
-1.5907012458924696,-1.211497758009101,-0.8752125257762661,13,1.2679294430565804,-1.3960904223945405,1,0.5804842589952534,0,0.73595977530185,-0.2067936485059296,-1.0974919307689064,0.9676490904501984,-1.4230419177446496,-1.3665083584134572,-1.2658919845476666,-1.8766490965489984,False,-0.2222794049926403,-0.6441212138116653,1.033432373910994,0,0,0,1000
-1.5893222244395937,1.4816848282145982,-0.0844984440649975,41,-0.8968652812167882,1.7045041264576513,1,-0.9935525520109588,1,0.5114292264090835,-0.2067936485059296,1.1197644890854077,-1.2332631506430167,1.3943225684737848,-1.2845406982152334,1.564483958697315,-0.6002617232195703,True,1.2042629331504051,-0.0432149738809329,-0.8108570182805732,0,0,0,1000
-1.5879432029867175,-0.5486678468918694,-0.5121376001589383,19,1.4596828218966456,-0.1558526028536637,0,-0.7124745500455638,1,1.501171318379266,-0.2067936485059296,0.8396829181987885,-1.731521626669214,-0.0374528261618131,1.3384244281279192,1.3364441907581457,0.911979838659861,True,1.3518205183577268,-0.7688062764221867,-0.5775267500852953,0,0,0,1000
-1.5865641815338416,-0.1091069584667578,0.4323710124806707,7,-1.3156950297358785,-0.0869505017680595,2,0.0745438554575422,1,-1.0390009501597688,-0.2067936485059296,1.119622959264271,1.3899363499977706,-0.2683843414256192,-0.1779772855392159,-0.7963983446729067,1.300445560977513,True,0.6872519467836002,-0.4492338927889581,0.7194573536089394,0,0,0,1000
-1.5851851600809657,-1.637104332515955,-0.6227830655505432,39,-0.8060347333451784,-0.6037162599100915,2,0.8053466605675694,2,-0.4931829525124468,-0.2067936485059296,0.4443162546369524,1.1174196673316568,0.0241289112418684,1.229134214530288,-1.051266320604919,-0.7389994811901603,True,1.0670993201874956,0.3071459910429696,0.8949188382338632,0,0,0,1000
-1.5838061386280895,1.0142153119529718,1.475712103805813,34,-1.5680021071570167,-1.292737270766134,1,-0.9935525520109588,3,-1.751781892697946,-0.2067936485059296,-1.400354922671032,-1.139146739373042,0.9324595379461724,-0.9156862273232276,-0.6622573047086895,-1.1413389793048714,True,-2.8760670264768446,-2.585125742282215,-0.8778501076475766,0,0,0,1000
-1.5824271171752136,1.1956213928903194,1.014099501589654,20,0.8238689867953766,1.1532873177728171,2,-1.274630553976354,3,-1.365032361609816,-0.2067936485059296,-1.3892461087550918,1.3625342688907964,1.5790677806848294,0.3138286756501251,-0.8366406566621718,-1.3355718404636974,True,-2.403345610344746,-1.3842786375622629,0.7339264409264581,0,0,0,1000
-1.5810480957223376,-0.6603023582379295,-0.4196316435288238,35,0.5816541924710835,0.1886579025743575,0,1.0302090621398854,2,0.5243298950584547,-0.2067936485059296,0.8450380682101372,0.2429169976292199,1.2865545280173418,0.4641027193468683,-0.9573675926299672,0.1489221698216158,True,1.2646697117389611,-0.2200254156146751,4.116630775518175,0,0,0,1000
-1.5796690742694617,-1.2603378567230024,1.822613380042768,8,0.238516567178335,0.9465810145160044,0,0.4680530582090954,2,-0.6194028630245529,-0.2067936485059296,-0.8527505063699721,1.3146264407329236,-0.5608975940931069,-1.6533951691072395,1.2962018787688805,0.6622518743127987,True,-2.67536388641274,-1.128931945785348,0.760672304274707,0,0,0,1000
-1.5782900528165855,0.4699970691409288,0.1718263976608376,27,0.9146995346669864,1.35999362102963,0,-1.105983752797117,3,0.9233857416348982,-0.2067936485059296,-1.1740065450690609,-0.9982206159718914,-1.06894692767348,0.9422474038365056,-0.0049662088840255,-1.071970100319576,True,-1.3458329427298985,0.1586620456365055,-1.001782656236409,0,0,0,1000
-1.5769110313637094,1.007238154993843,0.212801947044295,9,0.6220233248584657,-1.292737270766134,2,0.3556218574229373,1,0.8543170953229892,-0.2067936485059296,1.0143356464710938,-0.7153668864826719,0.4552010730676398,1.1471665543320644,-1.0646804246013408,1.244950457789277,False,0.8015336994267988,0.1818003412779586,-1.39788430060727,0,0,0,1000
-1.5755320099108336,-0.8905485378891783,0.012612655699438,9,1.1064529135070518,-1.3960904223945405,0,1.8734430680360703,2,1.934661294856368,-0.2067936485059296,-0.272354972753896,-1.1857183504372857,-0.9611788872170371,1.6662950689208131,-0.0586226248697124,-0.1840484493078002,False,-0.284967628453334,0.0244012168070522,-0.8433706739617157,0,0,0,1000
-1.5741529884579577,0.5955858944052463,0.5101118096115694,14,1.5000519542840278,0.050853700403149,2,-0.2627497469009318,1,-0.0887971527059343,-0.2067936485059296,-1.3760513963772716,-1.3647272595241704,1.147995618859058,-0.0550257952418806,0.7328095109191686,-1.7240375627813491,True,-1.886163205988841,-0.045296476255179,-0.7327471964056631,0,0,0,1000
-1.5727739670050815,1.5095934560511133,-1.6291646362667191,36,1.5908825021556376,-0.2592057544820701,2,0.1307594558506213,0,-0.0414729400948349,-0.2067936485059296,1.5740504499357335,0.1489360689133267,-1.06894692767348,-0.7517509069267806,-1.6549010004438962,1.120086475615746,True,3.2032150862024524,0.0675662473645131,6.714285772866554,0,0,0,1000
-1.5713949455522056,0.2188194186122936,0.4059647365791769,2,-0.397297267922934,-0.3281078555676744,2,1.3112870641052805,0,-1.1189017032627826,-0.2067936485059296,1.7815454529609542,0.9012208515600336,-0.4377341192857437,1.529682301923774,1.7120391026579536,-0.7389994811901603,False,1.3755807163817773,-0.4542346352230679,1.1096058056228917,0,0,0,1000
-1.5700159240993297,1.7119310078658472,-1.1025677203606503,28,-0.442712541858739,1.2566404694012234,0,-0.0941029457216947,1,0.1839862714709786,1.4528410002061956,0.3337056128170183,1.6908461496102327,-0.1914071696710171,-0.5195092030318139,-1.158579152576293,0.7871158564863298,False,1.436273333177669,-0.2028573239134127,0.5914198291125027,0,0,0,1000
-1.5686369026464535,-1.1417261884178136,0.7666462566082715,4,0.9550686670543684,-0.2936568050248722,2,-1.049768152404038,1,-0.8249389814020169,-0.2067936485059296,0.9176378838005924,0.0171218818181325,-0.2375934727237784,1.7346014524193327,0.4511133269943127,-0.3644075346695672,True,0.1509916271923209,-0.6324363820220967,58.404454030022364,0,0,0,1000
-1.5672578811935776,-1.0928860897039123,-0.6163545910048508,14,1.54042108667141,1.2566404694012234,1,-0.3189653472940107,1,0.7719110874194387,-0.2067936485059296,0.5227232814995997,-0.4150204548882661,0.1626878204001521,-1.6670564458069432,0.1023466230873481,-0.8083683601754553,True,1.1390778725044504,-0.4757709425785177,-2.4095203722458987,0,0,0,1000
-1.5658788597407016,0.3095224590809674,-1.1333391711937224,15,0.6775308818911162,-0.8448736137097064,0,1.3675026644983594,2,0.1695114023874439,-0.2067936485059296,-0.9188795374070664,0.3932302664763048,-1.0535514933225598,-0.8747023972241159,-0.7024996166979546,-0.6973781537989833,True,0.214459633786656,-0.1921139122896713,2.5430385983689225,0,0,0,1000
-1.5644998382878257,0.7421061905469503,-1.0459460383545678,11,0.4100853798247092,-0.7415204620813,2,0.0745438554575422,0,0.7479871380105251,-0.2067936485059296,1.4208649051069344,1.2675225845505973,-0.6840610689004701,-0.6287994166294454,-0.876882968651437,-0.0175631397430922,False,2.4668109434615024,-0.78235418374228,0.7889405153759058,0,0,0,1000
-1.5631208168349495,0.4211569704270275,0.4736809950822866,11,-0.1752670397923321,0.912129963973202,2,-0.9935525520109588,3,-0.3022664678409858,-0.2067936485059296,-1.514057318902814,-0.4149015131761286,-0.5301067253912661,1.3520857048276231,1.0145056948440243,-0.2672911040901542,True,-1.9877383139851008,-0.1431778812669261,-2.4102111206246795,0,0,0,1000
-1.5617417953820736,-1.27429217064126,0.5236491309433138,32,-1.522586833221212,-1.4994435740229468,2,-0.2065341465078527,1,-0.8440511312458903,-0.2067936485059296,-0.0760518259642273,0.4782847992514698,-1.3460647459900474,1.529682301923774,1.2425454627831938,0.8703585112686838,True,-0.5997009569075411,-0.4419866413486313,2.0908040407820314,0,0,0,1000
-1.5603627739291974,0.6234945222417615,-1.6029367936391197,42,-1.603325097995976,-1.6716988267369577,0,0.6366998593883324,2,-1.240772553225037,-0.2067936485059296,0.3012298285567438,1.3617789400491254,-0.7764336750059926,-0.8337185671250041,0.3169722870300955,1.244950457789277,True,1.9041666221958635,1.9888799781019648,0.7343335229802961,0,0,0,1000
-1.5589837524763217,0.2327737325305511,0.0167604444201123,11,-1.1491723586379268,-0.8104225631669043,2,1.4237182648914386,0,1.61631929993183,-0.2067936485059296,1.4170625461723756,0.2809678986656802,1.255763659315501,1.3384244281279192,1.0279197988404465,1.355940664165749,False,1.4003021017522632,0.0270902297916624,3.5591241876263835,0,0,0,1000
-1.5576047310234455,-0.2835358824449767,1.2130527843690688,30,-1.497356125479098,1.0843852166872128,1,0.6929154597814113,0,0.6628510710023714,-0.2067936485059296,-1.0076681812424844,0.5720664761147337,-0.3299660788293008,1.1744891077314723,-0.6756714087051112,0.2876599277922058,True,-2.2207209656115534,0.8040733373014459,1.7480482897491287,0,0,0,1000
-1.5562257095705696,-0.5068049051370969,1.591842583018232,40,-0.3518819939871291,1.1532873177728171,2,-1.049768152404038,3,-0.4931829525124468,-0.2067936485059296,-1.1276383526912066,0.3279112433883518,-0.1914071696710171,1.2974405980288075,-0.5951867847265809,1.61954240430987,True,-2.7194809357094387,-0.7850696250279714,3.0496047793494,0,0,0,1000
-1.5548466881176934,-1.3649952111099335,-1.2761079779322366,23,1.6615284838335564,-1.533894624565749,2,-1.049768152404038,3,-0.0258635578477847,-0.2067936485059296,-1.448423934838238,0.6000222401415208,-0.5608975940931069,-1.4621372953113845,0.3169722870300955,-0.8499896875666323,True,-0.1723159569060013,0.03300469250727,1.6666046130284762,0,0,0,1000
-1.5534676666648175,0.4839513830591863,1.8140471040449309,35,-1.6336019472865129,0.4298152563739724,1,0.7491310601744904,0,0.485465530333871,-0.2067936485059296,0.2970031610288563,0.0548960502160148,-0.9303880185151966,1.229134214530288,0.6791530949334817,0.4818927889510318,True,-1.5170439430160745,0.8806573394157953,18.216213633652387,0,0,0,1000
-1.5520886452119416,0.9095579575660404,-0.5501455080801265,28,-1.1188955093473902,-1.5683456751085512,1,-0.6562589496524849,1,-0.0729400943822046,-0.2067936485059296,0.4831225411284751,-0.0200847833512071,0.5167828104713215,1.4477146417255506,-1.426861232504727,-1.2523291856813432,True,1.0332680492086015,0.0401276652833103,-49.78918425118692,0,0,0,1000
-1.5507096237590654,0.923512271484298,0.4152058342198376,35,-1.4468947099948704,0.326462104745566,1,1.8734430680360703,2,-1.2613176508759902,-0.2067936485059296,0.1919012695710377,0.7696641357282586,1.3789271341228642,-0.3965577127344787,-0.407389328776677,-0.3089124314813312,False,-0.2233045646487999,-0.5237064474481714,1.299267854188128,0,0,0,1000
-1.5493306023061897,-0.3184216672406205,-0.018205546472352,21,-0.0541596426301856,0.1886579025743575,2,0.1307594558506213,1,1.8550979737486308,-0.2067936485059296,1.1063254017859436,1.2961826402159515,-0.7456428063041518,-1.380169635113161,1.148646734808242,-0.1008057945254462,True,1.1245309482582957,-0.0337730723718468,0.7714961548040628,0,0,0,1000
-1.5479515808533135,1.7119310078658472,-1.5954295454167085,20,-0.5436353728271944,1.670053075914849,1,-1.218414953583275,3,1.681988130596236,-0.2067936485059296,-1.1220629817550791,1.2680737645798528,-0.4377341192857437,1.529682301923774,1.7120391026579536,-0.7389994811901603,False,0.4733665636616291,-2.6834935585934523,0.788597595086724,0,0,0,1000
-1.5465725594004376,0.6793117779147915,0.6881153611248658,0,1.3991291233155725,-0.5348141588244872,0,0.6366998593883324,0,-0.5829717049916499,-0.2067936485059296,1.5260333722220192,0.4404243355400238,-0.791829109356913,1.679956345620517,0.5852543669585298,-0.8916110149578094,True,0.8379180110971534,-0.4011517853059079,2.2705370531357003,0,0,0,1000
-1.5451935379475614,-0.4998277481779681,-1.4900601592193914,25,0.5665157678258151,0.5331684080023787,0,0.2994062570298583,0,0.2127161215072761,-0.2067936485059296,1.9010562997406049,0.9670177091017796,0.7323188913842071,0.6690218698424271,-1.1451650485798712,1.078465148224569,True,3.391116458959996,-0.3169598178816633,1.0341071183878776,0,0,0,1000
-1.5438145164946857,0.2327737325305511,0.9725771182375756,28,-0.8665884319262517,0.3609131552883682,2,-1.49949295554867,3,-0.7117529458539462,-0.2067936485059296,-0.8827059658528805,-0.1422601212674625,0.3782239013130378,-0.5604930331309258,0.7193954069227468,1.633416180106929,True,-1.855283084090456,-0.6922346289757362,-7.029381769315945,0,0,0,1000
-1.5424354950418095,0.149047849021006,0.5403669894475395,35,0.369716247437327,-1.6027967256513531,1,-1.330846154369433,3,-1.7297564003402095,-0.2067936485059296,-1.1679613063154155,-1.5997984142047124,1.3789271341228642,-0.3965577127344787,-0.407389328776677,-0.3089124314813312,True,-1.7083282957629553,-0.9347032585294518,-0.6250787934459835,0,0,0,1000
-1.5410564735889334,1.0700325676260016,1.7736704515379011,39,1.5303288035745644,0.6020705090879831,2,1.3675026644983594,0,0.125634056650171,-0.2067936485059296,0.597057795018236,1.3145796475616345,-0.2068026040219376,-1.6943789992063512,-1.158579152576293,-0.0591844671342692,True,-1.1766126565196653,0.2228334139872471,0.760699380813422,0,0,0,1000
-1.5396774521360574,0.9304894284434266,0.1190346621703405,6,1.0004839409901731,-0.1558526028536637,2,-1.218414953583275,3,0.1549618143491789,-0.2067936485059296,-1.4648286970832558,0.5436117662964091,-1.0535514933225598,0.7373282533409466,-1.319548400533353,0.1627959456186748,True,-1.5838633592535962,0.0184458272203575,1.839547776638749,0,0,0,1000
-1.5382984306831815,1.0560782537077442,-1.5930670832709568,6,1.0156223656354415,1.394444671572432,2,-0.8249057508317219,0,1.6068499798655516,-0.2067936485059296,0.2719747359850858,1.0334917617712762,-1.4692282207974106,-0.7654121836264846,-0.1525213528446644,-0.3505337588725082,True,1.8650418192560427,-2.55981981067841,0.9675934924984552,0,0,0,1000
-1.5369194092303056,-0.9393886366030798,1.827280970896842,11,0.8440535529890676,0.0853047509459511,0,1.9858742688222288,2,-1.664056411114758,-0.2067936485059296,-0.7769510496349645,1.0327830084582377,0.1165015173473909,-0.8337185671250041,0.2364876630515652,-1.6130473564048773,True,-2.6042320205318066,-3.040698614528889,0.968257509064825,0,0,0,1000
-1.5355403877774294,-0.5975079456057707,0.082020098647131,5,0.4353160875668231,0.2575600036599618,0,-1.49949295554867,3,2.0384955882339666,-0.2067936485059296,-1.432657331079486,-0.0199289512086811,1.2865545280173418,0.4641027193468683,-0.9573675926299672,0.1489221698216158,True,-1.5146774297266172,0.1671976092386913,-50.17850700618366,0,0,0,1000
-1.5341613663245537,-0.981251578357852,0.1149515326223513,28,1.232606452217621,-0.6726183609956957,2,1.1988558633191224,2,-1.751781892697946,-0.2067936485059296,-1.142081467612239,1.0421181373091104,-0.2683843414256192,-0.1779772855392159,-0.7963983446729067,1.300445560977513,False,-1.2570330002345904,-0.2013700133857122,0.9595840128296138,0,0,0,1000
-1.5327823448716775,1.0142153119529718,-0.637671786502447,17,0.0871323207256519,-1.0515799169665192,1,1.3675026644983594,2,0.7599707599737691,-0.2067936485059296,0.4284575586957356,0.7695683729591086,-1.2382967055336047,1.1471665543320644,0.5718402629621081,0.2876599277922058,False,1.0661293451981826,-0.4846119122020957,1.2994295311434043,0,0,0,1000
-1.5314033234188014,1.2723701194407355,-1.2040730377416171,20,-0.5184046650850805,1.2221894188584217,0,-1.387061754762512,3,-0.2853709610732421,-0.2067936485059296,-0.9159635662310824,-1.30789989116927,0.7631097600860479,0.0132805882566389,-0.7561560326836414,1.0229700450363328,True,0.2881094715105348,0.3436074799827034,-0.7645845704325667,0,0,0,1000
-1.5300243019659254,0.9304894284434266,1.7479747127581264,34,-0.2761898707607875,-0.8104225631669043,1,1.817227467642992,2,2.0555620144374465,-0.2067936485059296,-0.7753721659139253,0.5252726518975306,1.3635316997719438,0.901263573737394,0.9742633828547594,-0.9193585665519272,True,-2.523346878672052,3.5930704217428118,1.90377284256138,0,0,0,1000
-1.5286452805130497,-0.6114622595240282,1.0395727171507394,27,-1.1643107832831951,0.2231089531171596,2,-0.2065341465078527,0,0.4592810194835228,6.431744946342571,-1.3998310971322514,-0.7811305535192011,-1.3922510490428086,-0.4921866496324061,1.0547480068332895,-0.8499896875666323,True,-2.439403814282991,0.4774560173602475,-1.2801958949298842,0,0,0,1000
-1.5272662590601735,0.5746544235278602,0.7890574866227299,22,-0.0995749165659905,0.9465810145160044,0,1.1988558633191224,0,0.4461042836433006,-0.2067936485059296,1.242940440294974,0.2146578397383528,0.4090147700148786,1.1471665543320644,1.698624998661532,1.189455354601041,True,0.453882953672244,0.3520019248232162,4.658574480025769,0,0,0,1000
-1.5258872376072974,0.1978879477349073,0.2637848932010572,30,-0.922095988958902,-0.0180484006824552,2,0.5242686586021743,2,-0.2853709610732421,-0.2067936485059296,0.0033067659482088,-1.4020073790903014,-1.7001597360612166,0.3957963358483486,-0.8500547606585935,1.161707803006923,True,-0.2604781272528483,-0.0752765484893882,-0.7132630585547705,0,0,0,1000
-1.5245082161544214,-1.232429228886487,-0.9929246470128166,41,0.304116407307831,0.8087768123447958,2,1.9858742688222288,2,0.0509267047203175,-0.2067936485059296,0.5162297478708963,0.1777063605845323,1.5790677806848294,0.3138286756501251,-0.8366406566621718,-1.3355718404636974,True,1.509154394883713,-0.0505663803079472,5.62725742615483,0,0,0,1000
-1.5231291947015455,-0.0602668597528565,0.5281867557909039,0,0.9752532332480596,-0.3625589061104765,1,-0.5438277488663268,1,2.0299372612623108,-0.2067936485059296,-0.5143849777116465,1.2959233189899462,-0.0066619574599723,-0.1779772855392159,-0.6086008887230027,0.5790092195304448,False,-1.0425717335025504,1.0721859764852124,0.7716505353220706,0,0,0,1000
-1.5217501732486691,0.3653397147539975,0.2731390171378448,35,1.2578371599597349,0.9810320650588064,2,-1.387061754762512,3,0.6874037218721623,-0.2067936485059296,-1.3289734562809898,0.901180370025802,1.5790677806848294,-1.3118632516146411,-1.6414868964474745,-0.4337764136548623,True,-1.6021124734188346,0.1877567769690588,1.1096556497405774,0,0,0,1000
-1.5203711517957934,1.3281873751137656,0.9961419447900812,37,-1.3560641621232603,-1.3960904223945405,1,0.9177778613537274,0,1.7830899206543975,-0.2067936485059296,1.688355704256011,1.1361819878773811,1.486695174579307,0.4367801659474605,-0.4878739527552072,-1.1690865308989893,True,0.6922137594659296,1.776210661296263,0.8801406136125617,0,0,0,1000
-1.5189921303429177,-1.1277718744995562,0.6723516534063548,40,0.6422078910521567,1.0843852166872128,0,-0.4313965480801688,1,1.5973582042816945,-0.2067936485059296,1.0542826113056898,-1.317814928880144,-0.4839204223385048,-0.5468317564312217,1.5376557507044717,1.244950457789277,True,0.3819309578993349,1.0739864297310031,-0.7588319527788153,0,0,0,1000
-1.5176131088900415,-0.5207592190553544,-0.8770470801891,39,-0.5940967883114221,0.2920110542027639,2,-0.4876121484732478,1,0.8192481196371983,-0.2067936485059296,1.0444358579014277,0.5725265726919684,-1.222901271182684,-0.4921866496324061,1.2693736707760372,0.6483780985157398,False,1.921482938090528,-0.7185191712782153,1.7466435149616542,0,0,0,1000
-1.5162340874371654,1.1816670789720618,-0.7929024993020332,27,0.4201776629215548,1.4633467726580365,2,-1.387061754762512,3,-0.6377279608971212,-0.2067936485059296,-1.1087696554205366,0.2052021368554134,1.0556230127535355,1.3247631514282154,-1.668315104440318,0.2737861519951468,False,-0.3158671561185034,0.5056560940701167,4.873241224483362,0,0,0,1000
-1.5148550659842894,-0.960320107480466,1.5416288866751482,22,-1.169356924831618,-0.6726183609956957,1,1.3112870641052805,0,0.28330532668029,-0.2067936485059296,1.577596689569785,-0.7444874740105751,1.1941819219118193,-0.5058479263321101,-1.0915086325941843,0.3154074793863238,False,0.0359678028946368,0.4367516753592747,-1.3432061239843074,0,0,0,1000
-1.5134760445314135,0.1699793198983923,-1.2987695782348088,5,1.6161132098977515,0.2575600036599618,1,-1.218414953583275,3,0.1839862714709786,-0.2067936485059296,-1.3226317858280403,0.7134140645214732,-0.0374528261618131,-0.683444523428261,-0.8366406566621718,-0.0453106913372102,True,-0.0238622075932315,-0.2389557721993579,1.4017103244239004,0,0,0,1000
-1.512097023078537,1.6700680661110747,-1.3681997792197846,42,-0.1904054644376004,-0.5003631082816851,2,0.9739934617468065,0,-0.1693034138610984,-0.2067936485059296,0.9803609199647716,-0.3305882712912479,1.563672346333909,-0.4238802661338866,0.2230735590551435,0.2876599277922058,True,2.3485606991845565,0.2316408934659106,-3.024911617660394,0,0,0,1000
-1.5107180016256614,0.895603643647783,-0.4439746596438207,21,0.6876231649879617,-1.6372477761941553,2,0.4680530582090954,0,0.889026224217017,-0.2067936485059296,1.2403748393725174,0.9013659103910302,0.8246914974897296,-0.328251329235959,0.7193954069227468,1.369814439962808,False,1.684349499016338,-0.3947051153111812,1.1094272342998384,0,0,0,1000
-1.5093389801727854,-0.1579470571806591,0.4349346681411051,11,-1.3257873128327238,-0.0180484006824552,1,-0.6562589496524849,0,1.9608554183122704,-0.2067936485059296,0.2373388439328676,-1.6658630810360926,0.2242695578038337,-1.530443678809904,-1.2658919845476666,0.6483780985157398,True,-0.1975958242082374,0.8528440006363353,-0.6002894664110037,0,0,0,1000
-1.5079599587199095,0.0443904946340747,-1.0697723483640291,40,0.5211004938900103,1.2221894188584217,1,0.6366998593883324,2,-0.9994590305551176,-0.2067936485059296,-1.1496250816396385,-0.3769813065552924,-1.592391695604774,0.2181997387521977,0.0621043110980829,-0.6557568264078063,False,-0.0798527332756093,1.069193634210584,-2.6526521285705758,0,0,0,1000
-1.5065809372670331,-1.3022007984777748,-0.9459263127247222,26,-1.1340339339926586,-0.7415204620813,1,1.4237182648914386,0,0.2269731747650891,-0.2067936485059296,0.6217337501512713,0.3749949676248911,0.7323188913842071,0.5460703795450919,-0.0049662088840255,-0.0036893639460332,True,1.5676600628759934,-0.2146998982929647,2.6667017417954506,0,0,0,1000
-1.5052019158141574,0.9165351145251692,-0.6002458576843297,18,-0.3266512862450152,1.7389551770004534,1,0.3556218574229373,2,0.3928177842655264,-0.2067936485059296,-0.98494197148326,1.3344500956962853,1.301949962368262,-1.216234314716714,-1.2256496725584014,-1.5714260290137003,True,-0.3846961137989303,-0.2357872478301188,0.7493722907194922,0,0,0,1000
-1.5038228943612817,-0.4649419633823243,0.1059034774391807,22,0.0972246038224974,-0.1903036533964659,0,-0.6000433492594058,1,0.7479871380105251,-0.2067936485059296,-1.527732197409919,-1.458142861438093,0.7323188913842071,-0.7790734603261885,-1.668315104440318,1.2033291303981,True,-1.6336356748490997,0.079214438995095,-0.685803905108544,0,0,0,1000
-1.5024438729084053,1.5793650256424008,-0.5392311583290745,3,-1.7042479289644314,-1.6716988267369577,1,1.7047962668568335,2,1.8102386896473937,-0.2067936485059296,0.3290592259074224,-1.3274319049720384,0.424410204365799,-0.0960096253409924,-1.29272019254051,-1.4465620468401692,True,0.868290384236497,-0.9761371054706702,-0.7533343681041788,0,0,0,1000
-1.5010648514555294,0.5676772665687314,1.0198893053415774,6,1.2628833015081578,-1.3616393718517383,2,0.4680530582090954,2,0.711772004452503,1.4528410002061956,-1.0479547781545893,-0.6030996217122613,-0.0528482605127335,0.3001673989504212,-1.6817292084367397,0.8981060628628018,False,-2.0678440834961664,0.7259286551826454,-1.658101132564154,0,0,0,1000
-1.4996858300026534,-0.3253988241997492,0.4225642870631813,15,-0.3266512862450152,-1.4649925234801446,1,-0.7686901504386429,1,-1.3441580977555516,-0.2067936485059296,-0.1102755815964993,1.4277968137092163,1.0710184471044562,-1.216234314716714,-0.4342175367695203,1.009096269239274,True,-0.5328398686596806,-0.5679932082782766,0.7003797181506296,0,0,0,1000
-1.4983068085497775,0.5607001096096026,0.33246680618176,11,-0.9675112628947072,-1.258286220223332,0,-1.274630553976354,3,-0.0103374563904445,-0.2067936485059296,-0.9433192099949672,-0.4713083959173973,1.6252540837375906,0.8876022970376899,1.510827542711628,0.2182910488069108,True,-1.2757860161767272,-0.0034368611101743,-2.121753443897076,0,0,0,1000
-1.496927787096901,1.551456397805886,1.5062828099480956,15,0.4201776629215548,-1.0860309675093214,1,-0.7686901504386429,1,-1.751781892697946,-0.2067936485059296,0.6005050157122173,-1.007427770940355,0.3936193356639582,-1.4348147419119766,1.148646734808242,-0.4753977410460392,True,-0.9057777942358785,-2.6386789517492555,-0.992627092589762,0,0,0,1000
-1.4955487656440254,0.121139221184491,-0.5911856747458643,20,-0.1954516059860232,1.4977978232008384,1,0.6366998593883324,2,-0.2185719381821825,-0.2067936485059296,0.290678023122452,0.4785391146963603,-1.638577998657535,-0.3145900525362552,0.7730518229084338,-0.6973781537989833,True,0.8818636978683163,0.1292165987547449,2.089692901415642,0,0,0,1000
-1.4941697441911497,-0.0253810749572128,-0.1968338036104153,6,1.5555595113166782,1.3255425704868278,2,1.7610118672499129,2,-1.199881602118864,-0.2067936485059296,0.2465104582453148,-0.480710667528004,0.2550604265056745,-0.4921866496324061,1.0010915908476028,-1.2107078582901665,True,0.4433442618557301,0.2361772596272149,-2.080253831619261,0,0,0,1000
-1.4927907227382733,0.3304539299583537,0.2421915995753102,10,-0.1147133412112588,1.5322488737436406,1,-1.274630553976354,3,-1.3441580977555516,-0.2067936485059296,-1.2063168224755152,-0.3493132661212697,1.0864138814553763,-0.9430087807226356,-1.319548400533353,-0.8916110149578094,True,-1.4485084220508253,-0.3255437997775232,-2.862760688650464,0,0,0,1000
-1.4914117012853974,-0.9952058922761098,-0.2448592342543609,6,-1.4014794360590652,-0.1214015523108616,2,-1.162199353190196,3,-1.7077935573996443,-0.2067936485059296,-0.8614868335977471,-0.9889259686552498,0.1011060829964705,0.5733929329444997,-0.4476316407659421,-0.9332323423489864,True,-0.6166275993433863,0.4181690227294078,-1.0111981410293258,0,0,0,1000
-1.4900326798325214,-1.4905840363742513,-0.9598803717401944,32,-1.411571719155911,-0.9482267653381128,1,-1.049768152404038,3,-1.818232807264332,-0.2067936485059296,-1.252080444727725,-0.4433454496829239,0.6399462852786847,-1.2435568681161218,-1.4402753365011487,-1.2939505130725202,True,-0.2922000729875306,1.745285982947104,-2.255577961323356,0,0,0,1000
-1.4886536583796453,0.776991975342594,2.090846744118139,12,-0.659696628440918,-1.6716988267369577,0,-0.8811213512248008,1,-0.057165238718669,-0.2067936485059296,-0.6376894970489569,-1.3642719510853931,-0.3145706444783804,-1.0386377176205628,-1.104922736590606,-0.4892715168430983,True,-2.728536241167096,-0.1195237532516652,-0.7329917414952274,0,0,0,1000
-1.487274636926769,0.1560250059801348,1.52681480212844,3,0.3596239643404815,0.326462104745566,0,-1.443277355155591,3,0.73595977530185,-0.2067936485059296,-1.2590079092430897,-0.4153330985652753,-0.0528482605127335,1.4613759184252546,1.0815762148261332,0.7038732017039758,True,-2.7858227113715297,1.123674278701985,-2.407706595561624,0,0,0,1000
-1.4858956154738934,-0.646348044319672,0.1312076614178401,31,0.5160543523415875,-0.0180484006824552,2,1.4799338652845175,2,-1.1390459728740463,-0.2067936485059296,-1.096926960762627,1.5593006423753015,-0.8072245437078334,-0.4512028195332943,-0.6756714087051112,1.34206688836869,True,-1.2281346221804672,-0.1494515583482121,0.6413131045372863,0,0,0,1000
-1.4845165940210174,-1.6580358033933411,-1.313925351107886,30,-1.5276329747696349,1.428895722115234,2,0.5242686586021743,1,-0.9797908625831016,-0.2067936485059296,-1.2765233123792192,1.3055191837440965,0.9786458409989336,-0.164316008839512,-0.2464200808196164,1.522425973730457,False,0.0374020387286666,1.2873720531318005,0.7659787277382084,0,0,0,1000
-1.4831375725681413,-1.4836068794151225,1.4515650096446593,30,-1.5579098240601712,-1.3616393718517383,2,-0.2065341465078527,0,0.1983874950706012,-0.2067936485059296,1.909694680807074,0.130276802165767,-1.7309506047630576,0.9559086805362094,-0.6756714087051112,0.6345043227186808,True,0.4581296711624147,0.2879723461955371,7.675957774368778,0,0,0,1000
-1.481758551115265,-0.6951881430335732,0.8917365244259872,0,-0.9574189797978616,-1.120482018052123,0,0.7491310601744904,0,-0.45778839002166,-0.2067936485059296,1.5588059500999318,-0.7255261192548784,1.6868358211412722,-1.3118632516146411,-0.7561560326836414,0.2737861519951468,True,0.6670694256739447,-0.4082266278404834,-1.3783103203204328,0,0,0,1000
-1.4803795296623894,-0.1649242141397879,0.4074902188514523,17,-0.3720665601808202,0.5331684080023787,1,1.5923650660706756,2,-0.1530404922217351,-0.2067936485059296,0.8256453681870332,1.2299926112140471,0.6553417196296051,0.6143767630436114,0.5852543669585298,0.0518057392422027,True,0.4181551493355808,-0.0623625036685688,0.8130129478677672,0,0,0,1000
-1.4790005082095132,-1.1975434440908437,-0.6536486910107996,41,-0.9977881121852435,-0.465912057738883,1,-1.443277355155591,3,1.1548811865240554,-0.2067936485059296,-0.807958467376189,-0.838329764353858,-0.1914071696710171,1.2974405980288075,-0.5951867847265809,1.61954240430987,False,-0.1543097763653894,-0.7548865758444478,-1.19284816286532,0,0,0,1000
-1.4776214867566373,1.3142330611955082,-0.05325427105661,19,1.3537138493797674,-1.0515799169665192,0,0.8053466605675694,0,2.0810374593655454,-0.2067936485059296,0.709845924276227,-1.7220745206712325,1.22497279061366,-0.2736062224371434,-1.4671035444939922,-0.2950386556842722,True,0.7631001953328369,-0.1108241329400117,-0.5806949966832552,0,0,0,1000
-1.4762424653037614,0.490928540018315,0.7420464158998347,32,-0.2307745968249826,0.4298152563739724,0,0.8053466605675694,1,-0.0103374563904445,-0.2067936485059296,-0.3742899308603044,-1.468404603901821,-1.284483008586366,1.3794082582270308,0.7059813029263252,0.8009896322833888,True,-1.116336346760139,-0.0076708724640501,-0.6810112590521318,0,0,0,1000
-1.4748634438508854,-1.044045990990011,1.819281015977183,17,-0.6798811946346092,-0.6037162599100915,2,1.8734430680360703,2,-0.9211999030702372,-0.2067936485059296,0.3430725795243211,0.5908638371282611,-1.253692139884525,1.529682301923774,0.66573899093706,-1.0026012213342812,True,-1.476208436452862,-1.6759214955757038,1.6924370183434063,0,0,0,1000
-1.4734844223980093,0.0513676515932035,1.2714311263401723,23,-1.255141331154805,1.1877383683156193,0,0.9739934617468065,2,-1.0191957916838013,-0.2067936485059296,-1.0274209315855154,-1.1769887034586295,1.332740831070103,-1.4484760186116803,0.9206069668690726,1.48080464633928,True,-2.298852057925688,-1.2958372533816993,-0.8496258987227734,0,0,0,1000
-1.472105400945133,-0.8137998113387621,-1.5426530417090007,30,0.748176863569035,1.1532873177728171,0,0.8615622609606484,1,1.5973582042816945,-0.2067936485059296,-1.0740639973524573,1.0329935777290389,-1.592391695604774,0.8602797436382821,0.6120825749513732,0.2460386004010288,False,0.4685890443565434,-2.464169492533983,0.9680601358552618,0,0,0,1000
-1.4707263794922574,-0.9463657935622084,0.0239616122021345,20,0.3091625488562538,1.1532873177728171,0,-0.3751809476870898,0,1.501171318379266,-0.2067936485059296,0.823132836448989,-1.712963346114576,0.5167828104713215,-0.1233321787404002,-0.8634688646550153,0.5790092195304448,True,0.7991712242468545,0.035970484979971,-0.5837836872847372,0,0,0,1000
-1.4693473580393812,1.007238154993843,2.132941974826673,42,1.081222205764938,0.7743257618019938,1,1.9296586684291497,2,0.7479871380105251,-0.2067936485059296,0.330217325940518,0.045963886744872,1.147995618859058,-0.0550257952418806,0.7328095109191686,-1.7240375627813491,True,-1.802724648886155,1.5954131632931206,21.75616326648525,0,0,0,1000
-1.4679683365865053,-1.044045990990011,0.0781235123649216,21,1.3789445571218812,-0.2936568050248722,1,0.2431906566367793,0,0.4461042836433006,-0.2067936485059296,1.1951074903475345,0.7038197232659233,1.425113437175625,-0.9020249506235236,-0.0586226248697124,-0.6002617232195703,False,1.1169839779826125,0.0348512335192519,1.420818179516054,0,0,0,1000
-1.4665893151336291,0.1002077503071048,0.8692060581576556,19,-0.8514500072809834,0.3609131552883682,1,-0.0941029457216947,0,-0.1368580718294795,-0.2067936485059296,1.2798648634117873,0.6377343803821128,-1.099737796375321,-0.9156862273232276,-1.5610022724689443,-0.3366599830754492,False,0.4106588052541317,-0.1189578651419591,1.568050702544463,0,0,0,1000
-1.4652102936807534,-1.4068581528647064,0.3271388025851497,41,0.924791817763832,-1.120482018052123,2,-1.105983752797117,3,-1.5989242880013397,-0.2067936485059296,-1.452733517986045,-1.4961069230543464,0.8708778005424909,1.3247631514282154,-1.386618920515462,1.591794852715752,False,-1.7798723205711946,-0.5230701770010713,-0.668401470129299,0,0,0,1000
-1.4638312722278772,-1.6929215881889852,0.9784512451241636,17,0.571561909374238,-0.465912057738883,1,0.4118374578160163,1,0.32484974849802,-0.2067936485059296,0.7432526629582014,-0.0198648554461477,1.301949962368262,-1.4211534652122726,0.759637718912012,0.2876599277922058,True,-0.2351985821659621,0.317849640896159,-50.34041333712579,0,0,0,1000
-1.4624522507750013,0.776991975342594,-1.6208860013470825,20,-0.6496043453440725,1.2221894188584217,1,0.2994062570298583,0,0.3110669241976558,-0.2067936485059296,1.4548106064360158,-0.94172275859993,0.0395243455927888,-1.1479279312181945,-1.5341740644761008,1.577921076918693,False,3.0756966077830983,-0.5042040229140744,-1.06188376255777,0,0,0,1000
-1.4610732293221254,1.2165528637677054,-0.0661673188323339,7,-0.220682313728137,-0.9137757147953108,1,1.3675026644983594,2,0.7479871380105251,-0.2067936485059296,0.6962538683497472,0.4402331364657094,1.2403682249645809,-0.5468317564312217,-0.6354290967158461,-1.1413389793048714,True,0.7624211871820812,-0.0494923034432273,2.271523177187217,0,0,0,1000
-1.4596942078692492,-0.9882287353169812,-1.448248733184883,40,-1.2955104635421872,0.6709726101735873,1,0.9739934617468065,2,-0.5829717049916499,-0.2067936485059296,-0.5230987621750209,0.1772584519960986,-0.2683843414256192,-0.1779772855392159,-0.7963983446729067,1.300445560977513,True,0.925149971009862,0.8442880332367882,5.641476750989195,0,0,0,1000
-1.4583151864163733,-0.0951526445485003,-0.6329522156872373,11,-1.5982789564475537,-0.3970099566532786,2,0.9739934617468065,2,-1.4280464114595173,-0.2067936485059296,0.5668236666244018,1.0423274007239691,-1.2690875742354455,-0.0140419651427689,0.0352761031052395,0.2182910488069108,True,1.1997758823116391,0.9038851402375097,0.9593913614535068,0,0,0,1000
-1.456936164963497,0.7421061905469503,0.9892796577931556,7,-0.5638199390208853,-0.9482267653381128,1,0.4680530582090954,2,1.510896241113236,-0.2067936485059296,0.7319688319243809,0.2428539900799723,-1.2075058368317635,1.2564567679296956,1.4974134387152065,-0.1285533461195642,True,-0.2573108258687746,1.494698916369467,4.117698819363915,0,0,0,1000
-1.4555571435106214,-0.9463657935622084,0.4343229413270396,20,-1.6386480888349355,-1.4649925234801446,0,-1.443277355155591,3,-1.818232807264332,-0.2067936485059296,-1.1458265083881134,-0.217423339381384,-1.7309506047630576,-1.6533951691072395,-1.3061342965369318,-0.8916110149578094,True,-1.5801494497151531,-0.7897002208683649,-4.599324353943099,0,0,0,1000
-1.4541781220577452,-1.6580358033933411,-1.540219701525281,1,-1.0633879523147398,-1.120482018052123,2,-0.0941029457216947,0,0.6996106650189345,-0.2067936485059296,0.3994112042756073,1.3900807559007955,-1.5000190894992516,-1.0522989943202667,1.457171126725941,1.439183318948103,True,1.9396309058008885,-1.0775541296593667,0.7193826141515943,0,0,0,1000
-1.4527991006048693,1.718908164824976,0.4585929319212167,40,0.0366709052414242,1.635602025372047,1,0.8053466605675694,1,0.5754059049627287,-0.2067936485059296,0.6955694385861683,1.249874703230856,1.0094367097007746,-1.1615892079178982,1.5913121666901584,-0.0730582429313282,True,0.2369765066649515,0.2638770810016387,0.8000801339582622,0,0,0,1000
-1.4514200791519931,0.895603643647783,-1.1567216165584058,39,-0.7252964685704141,0.4642663069167745,1,1.0864246625329643,2,-0.0414729400948349,-0.2067936485059296,0.1411688807954862,-1.4685039577748142,1.22497279061366,1.215472937830584,1.6315544786794234,0.7177469775010348,True,1.297890497353892,0.0479726463099273,-0.6809651841945271,0,0,0,1000
-1.4500410576991172,1.397958944705053,-0.4338551599201209,22,0.107316886919343,0.326462104745566,1,0.8615622609606484,1,-0.1530404922217351,-0.2067936485059296,0.8743156251236391,-0.38706001154435,1.2095773562627397,-0.4512028195332943,-1.2122355685619797,1.522425973730457,True,1.30817078504376,0.0663974072271149,-2.5835793637477185,0,0,0,1000
-1.4486620362462412,-1.5882642338020538,0.3579155723931857,10,1.1468220458944338,1.4633467726580365,0,1.3112870641052805,2,-0.805897272154619,-0.2067936485059296,-0.8829539290291489,0.4686360473316303,1.4097180028247052,-0.8063960137255962,-0.8098124486693283,-0.0175631397430922,True,-1.2408695014223348,-0.2884431834533274,2.133851615360669,0,0,0,1000
-1.4472830147933653,-0.4719191203414531,1.537783285711769,28,1.5101442373808731,0.4298152563739724,0,-0.7686901504386429,1,-0.0258635578477847,-0.2067936485059296,1.1632005640046204,-0.5845540732530672,-1.623182564306615,1.5843274087225898,0.4779415349871561,0.6761256501098578,True,-0.3745827217071487,-0.0397725469673629,-1.710706018188463,0,0,0,1000
-1.4459039933404894,0.8258320740564953,0.9712833941827538,15,1.1821450367333932,0.3953642058311703,0,0.0745438554575422,1,0.472401208410713,-0.2067936485059296,0.4974677938480251,-1.402016520081902,0.4090147700148786,1.1471665543320644,1.698624998661532,1.189455354601041,True,-0.4738156003347286,0.4588354491211917,-0.7132584081587168,0,0,0,1000
-1.4445249718876132,1.404936101664182,1.053428753571876,18,-1.169356924831618,1.1877383683156193,0,0.5242686586021743,0,1.2910757245429476,-0.2067936485059296,1.1240449162040165,-1.298374977921354,0.8092960631388092,-1.6533951691072395,1.3901006067438324,-0.3505337588725082,True,0.0706161626321404,1.360056291272184,-0.7701935835364897,0,0,0,1000
-1.4431459504347373,0.6165173652826327,0.4881077040654958,33,0.9197456762154091,0.2231089531171596,0,1.0302090621398854,2,-0.8440511312458903,-0.2067936485059296,0.3999687002319542,0.3090812359762507,-0.4223386849348233,-0.341912605935663,-1.668315104440318,-1.4881833742313462,False,-0.0881390038335415,-0.4119878597863159,3.23539432376738,0,0,0,1000
-1.441766928981861,-0.0114267610389552,0.4248017618322707,32,1.7271283239630524,1.670053075914849,0,1.1426402629260437,0,0.6628510710023714,-0.2067936485059296,1.779326869488832,-1.2333005851800485,-1.4230419177446496,0.846618466938578,-1.5475881684725226,1.2033291303981,True,1.3545251076565612,0.2815803027942149,-0.8108324062274338,0,0,0,1000
-1.4403879075289852,1.5863421826015296,0.8349763185286752,12,-1.3409257374779922,-0.1903036533964659,0,-0.2627497469009318,0,0.4984746518105413,-0.2067936485059296,1.4732271116646882,0.2426955462255604,-1.1305286650771618,0.873941020337986,-0.3671470167874118,-1.5159309258254643,True,0.6382507931360131,0.416214529648629,4.120387059068227,0,0,0,1000
-1.4390088860761092,0.35138540083574,1.3800627332152806,25,-1.6739710796738951,-0.5003631082816851,0,0.9177778613537274,2,-0.6377279608971212,-0.2067936485059296,-1.0176164335100422,1.455702519924857,-1.330669311639127,0.2045384620524938,-0.2330059768231946,0.92585361445692,True,-2.3976791667253226,-0.8801045927634887,0.6869534933251819,0,0,0,1000
-1.4376298646232333,0.895603643647783,-0.6085877678133672,21,0.8894688269248725,1.3255425704868278,0,0.5804842589952534,1,0.8192481196371983,-0.2067936485059296,0.573917243242668,-1.0068558060373405,1.0864138814553763,0.2455222921516055,-1.5610022724689443,-0.6696306022048653,True,1.1825050110560351,-0.4985843844153009,-0.9931909746389358,0,0,0,1000
-1.4362508431703571,-0.8277541252570195,0.7049152670718004,11,-0.4830816742461211,-0.3625589061104765,2,0.6929154597814113,0,0.5499720170437528,-0.2067936485059296,0.6770402584873692,-1.1668526496294105,-1.222901271182684,0.5597316562447958,1.416928814736676,-1.3771931678548743,False,-0.0278750085844312,0.3876836712764137,-0.8570063118237157,0,0,0,1000
-1.4348718217174812,-1.6859444312298566,-0.9457555015337584,1,-1.012926536830512,-0.8104225631669043,0,-1.105983752797117,3,1.1655389904582625,-0.2067936485059296,-1.4003467375316017,-0.3964888355591302,0.7323188913842071,0.4504414426471644,-1.3463766085261968,-0.2950386556842722,True,-0.4545912359978432,-1.1023149124780045,-2.5221397490392645,0,0,0,1000
-1.4334928002646052,-1.0649774618673973,-0.0867845750086735,30,0.8188228452469537,0.2231089531171596,1,1.7047962668568335,2,-0.1693034138610984,-0.2067936485059296,0.7087843335228484,-0.4153620450386775,0.0857106486455501,0.4777639960465722,1.175474942801085,0.3431550309804418,True,0.795568908531522,0.0146929248194529,-2.407538803071818,0,0,0,1000
-1.4321137788117293,-0.981251578357852,-0.4780363137338363,13,1.409221406412418,0.843227862887598,0,0.2994062570298583,0,-0.057165238718669,-0.2067936485059296,0.9272661075879494,0.4401346531633449,0.6399462852786847,-1.4894598487107924,-0.0988649368589775,-1.8905228723460572,True,1.4053024213217855,0.0273270599907873,2.272031446762113,0,0,0,1000
-1.4307347573588531,-1.246383542804745,1.65289233339765,19,-0.6092352129566904,-0.7070694115384979,2,-0.6562589496524849,1,0.6996106650189345,-0.2067936485059296,0.1938292591754843,0.0178469583304584,-1.3152738772882069,0.2865061222507173,-0.729327824690798,-0.1008057945254462,False,-1.4590630742221655,1.1563811045730283,56.031642945513454,0,0,0,1000
-1.4293557359059772,1.1537584511355468,0.6244527126989444,29,1.6060209268009058,1.3255425704868278,0,1.0302090621398854,0,0.9233857416348982,-0.2067936485059296,0.8377929173648766,-1.6937672637531331,-0.5455021597421865,-0.3828964360347748,-0.2866623928088815,0.0934270666333798,True,0.2133402046659321,0.5766107312314388,-0.5903999211935073,0,0,0,1000
-1.4279767144531013,0.9723523701981992,-0.5004721416568685,5,-0.705111902376723,-1.22383516968053,1,-0.0378873453286157,0,-1.2202938111117605,-0.2067936485059296,0.3792083482933379,0.995144540257094,-1.330669311639127,1.188150384431176,-0.1122790408553992,-0.5863879474225113,True,0.8796804899502064,0.6107230570977249,1.0048790492823756,0,0,0,1000
-1.426597693000225,1.1328269802581603,0.9712114752535738,25,0.5412850600837013,1.635602025372047,2,1.7610118672499129,2,-1.3233493238148013,-0.2067936485059296,-0.4187917117753492,1.37127022750651,-0.3453615131802212,1.037876340734433,0.9876774868511812,0.4263976857627958,False,-1.3900031870289231,-1.2852520490579924,0.7292508121417456,0,0,0,1000
-1.4252186715473492,-1.699898745148114,1.111149746504588,8,-0.8009885917967556,0.4987173574595767,0,1.0864246625329643,2,0.3110669241976558,-0.2067936485059296,0.4469398125613178,0.0457188211129107,1.147995618859058,1.0515376174341369,0.3438004950229389,0.5512616679363268,True,-0.6642099339432701,0.3456419339681871,21.872782114221984,0,0,0,1000
-1.4238396500944732,-1.4068581528647064,0.9013885049447794,41,-0.6546504868924953,-0.2592057544820701,2,-0.93733695161788,1,-1.796020240971909,-0.2067936485059296,0.9120746926178104,-0.0854378675150055,-0.791829109356913,-1.380169635113161,1.457171126725941,0.8703585112686838,True,0.0106861876730308,-1.6189119998602317,-11.70442567830871,0,0,0,1000
-1.4224606286415973,-0.3533074520362643,1.0197976478988389,6,-0.1702208982439093,0.9465810145160044,0,0.7491310601744904,1,-0.7869262188093323,-0.2067936485059296,-1.4788686866490464,-1.6280761805427664,0.347433032611197,-0.328251329235959,-0.4878739527552072,1.2033291303981,True,-2.498666334547885,-0.8025055070116841,-0.6142219101128377,0,0,0,1000
-1.4210816071887211,0.4420884413044137,0.9737975498909448,16,-1.562955965608594,-1.120482018052123,1,0.6929154597814113,2,0.1403364078873898,-0.2067936485059296,-0.6084865885614947,1.5687406749869257,0.2396649921547541,-0.3555738826353669,0.7730518229084338,0.7316207532980938,True,-1.5822841384524395,0.1366592501612365,0.6374539477424715,0,0,0,1000
-1.4197025857358454,-0.2556272546084617,-0.2817640708933368,36,0.4403622291152459,1.2910915199440256,1,-0.2065341465078527,0,2.021362067533934,-0.2067936485059296,1.238846451836844,0.7975327338708535,-1.2075058368317635,-0.8337185671250041,-1.4134471285083057,-1.5714260290137003,True,1.520610522730181,-0.5695472048977333,1.253866872347393,0,0,0,1000
-1.4183235642829692,-0.9324114796439508,1.1798368323923154,4,1.5555595113166782,-1.3960904223945405,0,-1.274630553976354,3,0.8774958557738228,-0.2067936485059296,-1.3760391704814496,-1.6656028892394588,-0.5147112910403457,-0.4921866496324061,1.1084044228189769,0.981348717645156,True,-2.555876002873765,1.0353019309135711,-0.6003832405063492,0,0,0,1000
-1.416944542830093,-1.351040897191676,-1.1475127962270602,23,1.4849135296387594,-1.0515799169665192,0,0.1869750562437003,0,-0.4052611939289046,-0.2067936485059296,-1.120931528789168,1.1737804098296076,0.994041275349854,-1.2845406982152334,-0.313490600801725,0.6483780985157398,True,0.026581267437892,0.4650424058476742,0.8519480359621625,0,0,0,1000
-1.4155655213772171,1.2235300207268345,1.271215355534581,4,0.9752532332480596,0.1542068520315554,0,-1.330846154369433,3,-0.8249389814020169,-0.2067936485059296,-1.4207883065575904,1.3811765595110976,-1.5616008269029331,1.6116499621219975,0.5852543669585298,1.425309543151044,True,-2.692003662092172,-1.0486751005373005,0.7240203438957441,0,0,0,1000
-1.4141864999243412,1.0421239397894868,1.0591638847203193,28,0.990391657893328,1.7045041264576513,0,-0.0941029457216947,0,0.6751506888007894,-0.2067936485059296,1.7746541110869762,1.1267378200552716,1.5790677806848294,0.3138286756501251,-0.8366406566621718,-1.3355718404636974,True,0.7154902263666569,0.7150952263218435,0.8875178355148866,0,0,0,1000
-1.4128074784714653,1.2444614916042207,1.3982607046922348,31,-1.194587632573732,0.7398747112591916,1,-0.2627497469009318,0,0.2127161215072761,3.1124756489183207,1.955839060811353,-1.270011242733722,1.4097180028247052,-1.1342666545184903,1.4437570227295191,-1.3078242888695797,True,0.5575783561191181,0.297432593958163,-0.7873946663550384,0,0,0,1000
-1.411428457018589,0.3374310869174824,0.0323837676572328,10,0.6623924572458478,-0.224754703939268,1,0.0745438554575422,1,-1.365032361609816,-0.2067936485059296,-0.4244140735126083,1.0336177768697714,-0.1914071696710171,-0.5195092030318139,-1.158579152576293,0.7871158564863298,False,-0.4567978411698412,-0.044204890842976,0.9674755268633892,0,0,0,1000
-1.4100494355657132,0.6514031500782764,-0.8073467643145186,13,-0.2610514461155192,1.0843852166872128,0,0.3556218574229373,0,0.4461042836433006,-0.2067936485059296,1.9743522926577888,-1.533999271415066,0.7169234570332866,-0.7380896302270766,0.759637718912012,-1.3633193920578153,True,2.781699056972308,-0.3601608499462649,-0.6518908345155959,0,0,0,1000
-1.4086704141128372,1.2444614916042207,-1.6007757718522209,38,1.0913144888617834,-1.3616393718517383,0,-0.3189653472940107,0,-1.0788156848149264,-0.2067936485059296,1.8655054355915457,1.2308425057902543,-0.3145706444783804,0.5733929329444997,1.0279197988404465,-1.2800767372754611,True,3.4662812074437666,1.726942010545896,0.8124515639089017,0,0,0,1000
-1.407291392659961,-0.5137820620962256,-1.1291713257863996,25,0.8289151283437993,1.2910915199440256,0,0.6366998593883324,2,0.6996106650189345,-0.2067936485059296,0.5805894295982508,0.7133000197691217,0.7323188913842071,-1.4074921885125689,-0.5951867847265809,-1.7379113385784082,False,1.7097607553846503,-0.7899803021537349,1.4019344344476996,0,0,0,1000
-1.4059123712070851,-0.4998277481779681,1.4462824971138313,22,-0.8817268565715201,-0.4314610071960808,1,0.1869750562437003,1,-1.9077023575485812,-0.2067936485059296,-0.3410607245343268,1.361562059141266,-0.0990345635654947,1.6253112388217017,1.0145056948440243,-0.9054847907548684,True,-1.7873432216481582,-2.759076529425305,0.734450493711354,0,0,0,1000
-1.4045333497542092,-0.1649242141397879,0.6491115287464801,41,-0.619327496053536,1.118836267230015,1,0.5242686586021743,0,-1.818232807264332,-0.2067936485059296,-1.2353785131590496,-1.1011194525648833,1.6098586493866702,1.5023597485243665,0.5986684709549516,0.6622518743127987,True,-1.8844900419055295,-1.1802358771403545,-0.9081667647295985,0,0,0,1000
-1.4031543283013332,0.9932838410755854,-1.3245435593677275,13,0.3243009735015221,-0.1558526028536637,2,0.4680530582090954,2,0.8074766543044608,-0.2067936485059296,-0.960263982440148,-1.590701277599443,-0.7764336750059926,-0.8337185671250041,0.3169722870300955,1.244950457789277,False,0.3642795769275795,-1.0695380017987746,-0.6286535862814404,0,0,0,1000
-1.401775306848457,-1.5464012920472814,-1.0181850108931634,21,0.3343932565983676,1.670053075914849,2,-0.7124745500455638,1,0.485465530333871,-0.2067936485059296,0.599322382624353,-0.5844095585287135,-1.5462053925520127,-0.5468317564312217,1.6717967906686886,-1.1552127551019302,False,1.6175073935175164,-0.4942937262912478,-1.7111290472908516,0,0,0,1000
-1.4003962853955811,-1.2045206010499725,-0.1975086639857383,19,0.4908236445994736,-1.22383516968053,2,-0.5438277488663268,0,-0.4052611939289046,-0.2067936485059296,1.7713011279168047,-1.6936848860073983,0.9632504066480132,-0.4375415428335904,-0.5817726807301593,1.61954240430987,True,1.9688097919025431,0.0800425969781631,-0.5904286371712332,0,0,0,1000
-1.3990172639427052,-0.2346957837310754,1.193303166348788,32,1.278021726153426,-0.6381673104528937,1,-0.7124745500455638,1,0.2972190748525578,-0.2067936485059296,-1.281369722171896,-1.4019405627945536,1.5020906089302275,-0.4238802661338866,-0.5147021607480506,0.0656795150392618,True,-2.474672888520684,0.3546724631208147,-0.7132970525771495,0,0,0,1000
-1.397638242489829,-0.3253988241997492,-0.2196210836159669,26,-0.5486815143756172,0.0853047509459511,0,-1.330846154369433,3,1.934661294856368,-0.2067936485059296,-1.0491197753275474,1.0329428669899208,-1.253692139884525,-1.5714275089090155,-0.0586226248697124,1.4669308705422208,True,-0.8294986917115804,-0.4248924100062253,0.9681076612720262,0,0,0,1000
-1.396259221036953,1.035146782830358,-0.916437041256724,22,-0.7656656009577962,0.6709726101735873,2,0.6366998593883324,1,1.0244620953927852,-0.2067936485059296,0.694229981678329,0.242772265262209,-0.4377341192857437,1.529682301923774,1.7120391026579536,-0.7389994811901603,False,1.6106670229350528,-0.9388550115814276,4.119084966363196,0,0,0,1000
-1.3948801995840772,-1.699898745148114,-1.2524631218473958,21,-0.6546504868924953,0.3953642058311703,1,0.8053466605675694,2,0.6381100577755286,-0.2067936485059296,-1.108133625029022,1.6906560387492042,0.5321782448222419,-1.4074921885125689,0.437699222997891,-0.6418830506107474,True,0.1443294968183739,-0.7992093150437607,0.5914863330752926,0,0,0,1000
-1.3935011781312012,0.065321965511461,-0.7610424431339688,1,0.768361429762726,0.4642663069167745,1,1.817227467642992,2,-0.9601914853903032,-0.2067936485059296,0.5606651819182326,-1.270491906542058,1.147995618859058,1.0515376174341369,0.3438004950229389,0.5512616679363268,False,1.3217076250522015,0.7307464739178708,-0.7870967721718214,0,0,0,1000
-1.392122156678325,1.1398041372172891,-1.3148806733331406,30,-0.922095988958902,1.0499341661444108,1,-1.274630553976354,3,-0.4754482043131202,-0.2067936485059296,0.9878580597853496,1.1646459475086353,-1.2998784429372865,0.5460703795450919,0.7864659269048555,-1.0164749971313405,True,2.30273873311849,0.6251576550222682,0.8586299692847972,0,0,0,1000
-1.3907431352254491,0.6025630513643752,0.986801329660734,14,0.2940241242109855,-1.292737270766134,2,-1.218414953583275,3,-0.6011506974392071,-0.2067936485059296,-1.2241892906219354,0.9949414796579642,-0.8226199780587538,0.518747826145684,1.403514710740254,1.383688215759867,True,-2.210990620282669,-0.5932163075594871,1.0050841380493665,0,0,0,1000
-1.3893641137725732,0.0164818667975597,1.5927833156513376,41,-0.6748350530861864,-1.1893841191377277,2,0.4680530582090954,0,0.979901010801098,-0.2067936485059296,-1.364127294176985,0.6472611435926147,-0.791829109356913,0.3274899523498291,0.1023466230873481,-0.6141354990166293,False,-2.9569106098283227,1.56076998099387,1.544971230549065,0,0,0,1000
-1.387985092319697,-0.8556627530935347,-0.9571357876107164,1,-0.6697889115377637,1.2566404694012234,0,0.3556218574229373,1,0.6628510710023714,-0.2067936485059296,-0.5063196667174381,-1.6659088948154246,1.2711590936664214,-0.0960096253409924,1.5242416467080495,-1.7517851143754672,True,0.4508161208932782,-0.6344384819124617,-0.600272957986752,0,0,0,1000
-1.386606070866821,0.3723168717131262,1.481444320112319,31,1.4798673880903366,-1.533894624565749,2,0.6929154597814113,1,0.125634056650171,-0.2067936485059296,0.4526482846485208,0.57262451188769,0.9786458409989336,-0.164316008839512,-0.2464200808196164,1.522425973730457,True,-1.0287960354637982,0.1861198596370652,1.7463447767350455,0,0,0,1000
-1.3852270494139451,1.523547769969371,0.29549785684027,15,0.9046072515701408,-1.4649925234801446,1,-1.049768152404038,1,0.3522237231242945,-0.2067936485059296,0.5519696901715626,-1.4684456295426955,0.5629691135240826,1.406730811626439,-1.426861232504727,0.4541452373569138,False,0.2564718333312926,0.1040813553115297,-0.680992232862339,0,0,0,1000
-1.3838480279610692,-1.4487210946194786,0.6579564107166004,37,0.107316886919343,-1.017128866423717,1,1.2550714637122016,2,0.472401208410713,-0.2067936485059296,-0.2863804481173371,1.5967681522692467,0.1626878204001521,0.710005699941539,1.323030086761724,-0.3782813104666262,True,-0.9443368588339376,0.3108194035040974,0.6262649564699513,0,0,0,1000
-1.382469006508193,1.3281873751137656,0.0400224779247602,39,1.0156223656354415,-0.9826778158809149,0,-1.49949295554867,3,-1.840507443699069,-0.2067936485059296,-1.2654607294130136,0.5248129906056103,-0.9457834528661168,0.9285861271368016,-0.1927636648339295,0.8703585112686838,True,-1.3054832073377738,-0.0736616685358029,1.9054402755961095,0,0,0,1000
-1.381089985055317,1.2444614916042207,0.0832827364105601,1,-0.6849273361830319,-1.3616393718517383,2,-1.49949295554867,3,-0.7680260388013285,-0.2067936485059296,-1.266707450479239,1.6251632279995096,-0.2683843414256192,-0.1779772855392159,-0.7963983446729067,1.300445560977513,True,-1.3499901868897992,-0.0639633101459376,0.615322769577226,0,0,0,1000
-1.3797109636024412,0.0513676515932035,0.1357250848705335,18,1.0509453564744011,-0.224754703939268,1,-0.3189653472940107,0,-0.3879037737670492,-0.2067936485059296,0.9494805640224818,-0.5468221275306737,0.8400869318406499,-0.9976538875214512,-1.2256496725584014,1.48080464633928,False,0.8137554791519482,-0.052648272616133,-1.828748568370182,0,0,0,1000
-1.378331942149565,-1.2254520719273587,-0.140107363543043,42,-0.9624651213462844,-0.4314610071960808,2,0.7491310601744904,0,-1.840507443699069,-0.2067936485059296,-0.9723776394573712,-0.0109811174662228,-0.9457834528661168,-1.7353628293054628,-0.6488432007122678,-1.474309598434287,True,-0.8322702759143283,0.2578686455180222,-91.06624254773828,0,0,0,1000
-1.3769529206966893,1.2444614916042207,0.5569228337197157,38,0.505962069244742,-0.2592057544820701,2,-1.49949295554867,3,0.537177286385998,-0.2067936485059296,-1.363346523336468,-1.3363784328585535,-1.6539734330084557,-1.1479279312181945,0.5181838469764212,0.3292812551833828,True,-1.920269357056184,0.2991662965439573,-0.7482910904885518,0,0,0,1000
-1.3755738992438131,0.776991975342594,0.8417397396415988,22,-1.0280649614757804,1.428895722115234,0,0.8053466605675694,0,1.3013479113434747,-0.2067936485059296,1.6502847673286425,0.5907533834797527,-0.5147112910403457,-0.4921866496324061,1.1084044228189769,0.981348717645156,True,0.8085450276870437,1.0953962520773948,1.6927534546383658,0,0,0,1000
-1.3741948777909372,0.3932483425905125,0.4550640048363709,32,0.748176863569035,-0.3281078555676744,1,0.5242686586021743,1,-1.1795361053656206,-0.2067936485059296,-1.4775747433750208,-0.3769833741605354,1.3481362654210234,-0.1916385622389199,0.5181838469764212,0.0656795150392618,False,-1.932638748211392,-0.5367644239567749,-2.6526375798151665,0,0,0,1000
-1.372815856338061,-1.1417261884178136,-0.943450509196764,4,-1.6386480888349355,1.5322488737436406,0,-1.218414953583275,3,0.6131765436908184,-0.2067936485059296,-1.1318131430745433,0.7039710937339776,0.3320375982602765,-1.3528470817137532,1.13523263081182,-0.2811648798872132,True,-0.1883626338777791,-0.5785017223726145,1.4205126699799144,0,0,0,1000
-1.371436834885185,1.3700503168685385,-1.4192477861853583,20,0.1628244439519935,0.3953642058311703,0,0.8053466605675694,1,0.6996106650189345,-0.2067936485059296,0.5749481926971879,0.375190193088363,-0.0374528261618131,1.3384244281279192,1.3364441907581457,0.911979838659861,True,1.9941959788825463,-0.9929208875197892,2.66531415769993,0,0,0,1000
-1.3700578134323091,-0.3812160798727793,-1.1899363950614232,39,0.1779628685972618,0.3953642058311703,2,-1.105983752797117,3,-0.8440511312458903,-0.2067936485059296,-1.38453022627159,-1.382978337468228,0.5629691135240826,1.406730811626439,-1.426861232504727,0.4541452373569138,False,-0.1945938312101667,1.0043671603622508,-0.7230771771439198,0,0,0,1000
-1.368678791979433,0.4769742261000576,1.0347479491787348,34,1.2881140092502714,-1.5683456751085512,1,1.9296586684291497,2,-1.4703801694062202,-0.2067936485059296,0.637736581357997,0.130208462371419,-0.4839204223385048,-0.7244283535273728,0.9876774868511812,-0.2672911040901542,True,-0.3970113678207377,-1.521472864806167,7.679986490807777,0,0,0,1000
-1.3672997705265573,0.7979234462199803,0.9775221076116613,21,-0.4376664003103162,1.670053075914849,1,-0.0941029457216947,1,0.7838085591320157,-0.2067936485059296,0.6544830543080536,0.2426735643171873,-0.4993158566894253,-0.3555738826353669,1.3901006067438324,-1.3216980646666383,True,-0.3230390533036075,0.7661901946867874,4.120760292690627,0,0,0,1000
-1.365920749073681,0.609540208323504,-1.5236313137769506,13,0.6472540326005796,0.1886579025743575,0,-0.0378873453286157,1,0.6381100577755286,-0.2067936485059296,1.051079573324048,-0.856341544196369,0.5937599822259234,1.4477146417255506,-0.8232265526657501,0.2599123761980878,True,2.5747108871009985,-0.9722444656628144,-1.1677584995765875,0,0,0,1000
-1.364541727620805,-0.4928505912188394,-1.0146885123770653,5,-0.619327496053536,-0.9826778158809149,2,1.9296586684291497,2,0.28330532668029,4.772110297630446,0.2194315969915204,-0.7442249969660412,0.3782239013130378,1.1198440009326565,0.9340210708654944,-1.6269211322019363,False,1.2341201093685856,-0.287466660477722,-1.34367985279271,0,0,0,1000
-1.363162706167929,1.202598549849448,1.0857037442996698,19,1.1518681874428565,1.635602025372047,2,-0.0941029457216947,1,-1.642282406264363,-0.2067936485059296,1.1599677027418098,0.0172671582917863,-0.1452208666182559,-0.6561219700288532,1.416928814736676,-1.1274652035078123,True,0.07426395844214,-1.7830321576786905,57.91307358132703,0,0,0,1000
-1.361783684715053,-0.7091424569518308,0.2853604511416601,42,0.7734075713111488,1.5322488737436406,2,-1.049768152404038,1,-0.9994590305551176,-0.2067936485059296,0.4724114048491443,-0.0198026096462002,-1.3460647459900474,1.529682301923774,1.2425454627831938,0.8703585112686838,False,0.1870509537074842,-0.2852060798568145,-50.498649810878,0,0,0,1000
-1.3604046632621771,-0.5416906899327407,-0.7549711155990988,10,0.5867003340195063,-0.5692652093672893,1,1.5361494656775965,2,-1.7297564003402095,-0.2067936485059296,0.7377264523065726,-1.4026311429457197,1.5020906089302275,-1.1752504846176022,-1.574416376465366,-1.8905228723460572,True,1.4926975679056715,1.3059161192795292,-0.7129458634395125,0,0,0,1000
-1.359025641809301,-1.5673327629246676,-0.0849553874526952,37,1.3385754247344992,1.3255425704868278,2,0.9177778613537274,2,-0.1856465098343156,-0.2067936485059296,-0.0580738631969255,0.4780943619264555,1.301949962368262,-0.7517509069267806,1.13523263081182,-0.3089124314813312,True,0.0268815242557696,0.0157716711722148,2.0916368618254952,0,0,0,1000
-1.3576466203564252,0.0862534363888472,0.1981495022776527,38,-1.426710143801179,0.2920110542027639,0,-0.1503185461147737,1,1.6068499798655516,-0.2067936485059296,0.909246309292519,-0.3211069953960923,0.3166421639093562,1.2837793213291036,-0.0586226248697124,1.411435767353985,True,0.7110968070148662,0.3183965237452154,-3.114227736425524,0,0,0,1000
-1.356267598903549,1.1956213928903194,-1.2164093037158052,12,1.3133447169923853,1.0843852166872128,2,-0.93733695161788,3,1.197326685405432,-0.2067936485059296,-1.4440515289378746,-0.9316163041720849,-0.376152381882062,-1.4621372953113845,0.3974569110086258,1.286571785180454,True,-0.2276422252220693,-1.4564393197143746,-1.0734033988692662,0,0,0,1000
-1.354888577450673,1.4188904155824396,-0.1865606573419238,3,1.54042108667141,-1.6716988267369577,2,-0.5438277488663268,0,0.9233857416348982,-0.2067936485059296,0.220087730472623,-0.4060505304161061,0.3166421639093562,1.6253112388217017,-1.628072792451053,0.7177469775010348,True,0.4066483878145468,-0.1722674509395664,-2.4627482822151805,0,0,0,1000
-1.353509555997797,1.4119132586233107,1.944056890050532,18,0.6169771833100429,0.843227862887598,0,0.5242686586021743,1,0.8543170953229892,6.431744946342571,-1.4401727105139193,1.5778232295341654,-0.9765743215679576,1.0105537873350252,-1.5878304804617878,-1.1552127551019302,False,-3.384229600564451,1.660841035450614,0.6337845190153442,0,0,0,1000
-1.352130534544921,-1.351040897191676,0.7045195531798274,27,0.505962069244742,-1.0515799169665192,1,0.0745438554575422,0,0.2693247864040974,-0.2067936485059296,0.6088274493854303,1.1080105399773494,1.4405088715265455,0.3957963358483486,-0.0049662088840255,-0.1563008977136822,True,-0.095692103794397,0.1897445781776671,0.902518409047446,0,0,0,1000
-1.350751513092045,1.0560782537077442,-0.259618833229797,10,-0.5688660805693082,-0.0180484006824552,2,1.7610118672499129,2,-1.685893511431728,-0.2067936485059296,-0.1642931335802583,-0.6777115509755985,0.1780832547510725,-0.5331704797315179,0.4913556389835778,1.2172029061951588,True,0.0953256996495386,0.4376897063875906,-1.4755542326464328,0,0,0,1000
-1.349372491639169,-0.1998099989354317,0.5708981695439002,14,-0.639512062247227,-0.8448736137097064,1,1.3675026644983594,2,1.672671906374716,-0.2067936485059296,-0.1134150335937043,0.5815327346665453,0.7785051944369683,-0.7244283535273728,0.4913556389835778,1.161707803006923,True,-0.6843132031376045,0.9549253295968312,1.7195933580833944,0,0,0,1000
-1.347993470186293,-1.6650129603524702,-0.9460117219938105,33,0.8642381191827586,1.428895722115234,0,1.5361494656775965,2,0.110853606478371,-0.2067936485059296,-0.6446668497703404,1.625297731161634,1.1941819219118193,-0.6287994166294454,-0.313490600801725,0.8564847354716248,True,0.3013448722234699,-0.104868811153828,0.6152718479205004,0,0,0,1000
-1.346614448733417,1.3491188459911518,1.3431717403654266,42,1.429405972606109,0.7398747112591916,1,0.7491310601744904,1,-0.9797908625831016,-0.2067936485059296,0.2124344223543766,0.9667318354716008,-0.0220573918108927,-0.9839926108217472,0.4511133269943127,0.911979838659861,True,-1.13073731801105,-1.3160273980898871,1.034412915626057,0,0,0,1000
-1.345235427280541,-0.8068226543796334,0.2158581816978783,39,-0.6899734777314547,1.1877383683156193,0,0.0183282550644632,1,0.5880462384367718,-0.2067936485059296,0.4615916296551599,1.324017394925358,-0.2375934727237784,-1.216234314716714,1.148646734808242,1.1755815788039818,True,0.2457334479572815,0.1269345917832386,0.7552770290670331,0,0,0,1000
-1.343856405827665,0.7700148183834652,-1.2048138182359462,30,0.6573463156974251,0.5676194585451809,2,-1.105983752797117,3,-0.0103374563904445,-0.2067936485059296,0.4045299950938099,-1.3737633473641069,-0.4377341192857437,1.5160210252240702,1.4705852307223628,-0.7806208085813373,True,1.6093438133297562,0.012454710304619,-0.7279274663365315,0,0,0,1000
-1.342477384374789,-1.5464012920472814,0.5166673896401022,35,-0.3417897108902835,1.3255425704868278,2,-1.049768152404038,3,-0.7491969517311343,-0.2067936485059296,-0.911302566772015,-1.665607024449945,0.5013873761204011,-0.8063960137255962,-0.7561560326836414,1.078465148224569,False,-1.427969956412117,-0.3870856333772468,-0.6003817499319313,0,0,0,1000
-1.341098362921913,0.9444437423616842,0.626961666650544,30,-0.9826496875399756,0.326462104745566,1,0.7491310601744904,0,1.1227184347359322,1.4528410002061956,0.9323445567909096,0.0454802847606642,-0.9457834528661168,-1.7353628293054628,-0.6488432007122678,-1.474309598434287,False,0.3053828901403655,0.70390142102133,21.987500881146783,0,0,0,1000
-1.339719341469037,1.3909817877459243,-1.5327261803738832,36,1.6161132098977515,0.4642663069167745,1,0.4680530582090954,0,-1.0191957916838013,-0.2067936485059296,1.9297924947161205,0.9015285982772564,1.2095773562627397,-0.4512028195332943,-1.2122355685619797,1.522425973730457,True,3.462518675090004,1.5621480728406487,1.1092270295010171,0,0,0,1000
-1.338340320016161,-1.504538350292509,-1.189567594154865,36,-0.4780355326976983,-1.292737270766134,0,1.0864246625329643,0,-1.512971918718622,-0.2067936485059296,0.899319489558324,1.5686881142852216,-1.1151332307262414,-1.7490241060051668,-1.5610022724689443,-0.4060288620607443,True,2.088887083713189,1.7997823653739808,0.6374753063696941,0,0,0,1000
-1.336961298563285,-1.1277718744995562,-1.296582504722691,24,-0.3821588432776657,-0.9137757147953108,1,1.0302090621398854,2,0.28330532668029,-0.2067936485059296,0.015732389758201,-1.571845044247154,0.7477143257351275,1.0788601708335448,-0.6622573047086895,0.4680190131539728,True,1.3123148944808924,-0.3673287300684108,-0.6361950672424354,0,0,0,1000
-1.3355822771104089,-0.6254165734422857,-0.3639798528667361,27,1.5151903789292962,0.3953642058311703,1,-0.4313965480801688,0,-0.2185719381821825,-0.2067936485059296,1.536712835688601,-0.575291419407028,1.5944632150357498,1.434053365025847,1.2425454627831938,0.8287371838775068,False,1.9006926885553368,0.0795557819003481,-1.7382497636688372,0,0,0,1000
-1.334203255657533,-0.4998277481779681,0.1579834608685042,37,-0.089482633469145,1.5322488737436406,2,-1.274630553976354,3,1.491422182083449,-0.2067936485059296,-1.3748859785042502,0.0455109723753236,0.3782239013130378,-0.5604930331309258,0.7193954069227468,1.633416180106929,False,-1.5328694393727544,0.2356200379415997,21.972674951561995,0,0,0,1000
-1.332824234204657,-1.0859089327447835,-1.1776033120118927,41,1.0711299226680924,0.4642663069167745,1,-1.330846154369433,3,-1.751781892697946,-0.2067936485059296,-1.2407969064085629,0.8079605376819946,0.6861325883314459,0.0952482484548624,-0.8366406566621718,1.439183318948103,True,-0.0631935943966699,2.0629041587635637,1.237684057071095,0,0,0,1000
-1.331445212751781,1.2235300207268345,-1.2262729130248458,4,-0.4124356925682024,-1.017128866423717,0,-1.105983752797117,3,-0.4931829525124468,-0.2067936485059296,-1.3362934627765164,0.1490578399800073,-1.4230419177446496,0.846618466938578,-1.5475881684725226,1.2033291303981,True,-0.1100205497516706,0.6047768958316324,6.708800618968213,0,0,0,1000
-1.330066191298905,0.2327737325305511,1.8135944199153329,29,-1.0633879523147398,0.6020705090879831,2,-1.105983752797117,3,0.2411596552708484,-0.2067936485059296,-1.3772170517937998,0.1497755166419898,-0.3145706444783804,1.229134214530288,-0.1525213528446644,-0.0591844671342692,True,-3.1908114717091327,0.437365805107916,6.676654200598684,0,0,0,1000
-1.328687169846029,-0.4161018646684231,0.8663077572106868,19,0.2738395580172945,1.7045041264576513,0,0.4680530582090954,2,-0.3706226321335793,-0.2067936485059296,-0.3992751257297429,0.9017848725060617,1.301949962368262,-1.216234314716714,-1.2256496725584014,-1.5714260290137003,True,-1.2655828829404296,-0.3210732612151625,1.1089118032439582,0,0,0,1000
-1.327308148393153,1.690999536988461,0.6370085596720317,9,1.4243598310576864,-1.6372477761941553,2,1.3112870641052805,2,-0.9211999030702372,-0.2067936485059296,0.3842052096684998,1.4002447768114596,0.917064103595252,1.4203920883261427,-0.0720367288661341,1.06459137242751,True,-0.2528033500035319,-0.5868122234247871,0.7141607989861962,0,0,0,1000
-1.3259291269402769,-0.702165299992702,1.4769079495664097,20,0.1527321608551479,-0.0524994512252573,0,-1.274630553976354,3,-1.3233493238148013,-0.2067936485059296,1.1402896282147958,-0.5750988056554421,0.1780832547510725,-0.5331704797315179,0.4913556389835778,1.2172029061951588,True,-0.3366183213516138,-1.9544651363954129,-1.7388319433970838,0,0,0,1000
-1.3245501054874012,0.149047849021006,-1.4464668508761178,13,-0.0087443686943806,0.1886579025743575,1,0.3556218574229373,1,-0.6377279608971212,-0.2067936485059296,0.2423185558384853,0.4409818272063371,0.8862732348934113,-0.3692351593350709,0.1023466230873481,-0.8638634633636911,True,1.688785406714603,0.922452355314507,2.267666628279068,0,0,0,1000
-1.323171084034525,0.9025808006069116,0.9466009144183424,31,0.9348841008606776,-1.0860309675093214,0,-0.6000433492594058,1,-0.0729400943822046,-0.2067936485059296,-0.7904329568154642,0.8350514986105596,0.2858512952075154,-0.0140419651427689,-1.628072792451053,0.7038732017039758,True,-1.7370338712338067,-0.0690451600399551,1.19753078931158,0,0,0,1000
-1.321792062581649,-0.9672972644395949,-1.3084848264832571,37,-0.1449901905017955,0.7743257618019938,0,0.6366998593883324,2,-1.5989242880013397,-0.2067936485059296,0.6009539124011468,-0.0861441179374871,-0.4839204223385048,-0.5468317564312217,1.5376557507044717,1.244950457789277,True,1.909438738884404,2.0921681695452983,-11.608467122182274,0,0,0,1000
-1.320413041128773,1.690999536988461,1.3725251543852504,28,0.2132858594362212,-0.3970099566532786,1,-0.9935525520109588,3,-0.268553453715343,-0.2067936485059296,-0.9254378285822386,-1.139129110317812,-0.376152381882062,-1.6670564458069432,-0.3537329127909901,0.1766697214157337,True,-2.297962982967489,-0.3685963705213433,-0.877863693174669,0,0,0,1000
-1.319034019675897,-1.4905840363742513,-0.0011999313735768,42,0.3798085305341726,0.326462104745566,0,1.5923650660706756,2,-0.3192396785201743,-0.2067936485059296,-0.1066779778482768,0.9666934215426122,-0.7610382406550722,-0.5331704797315179,0.759637718912012,-1.3494456162607564,True,-0.1054780464746999,0.0003830657059469,1.034454020550628,0,0,0,1000
-1.317654998223021,-0.904502851807436,-0.0002315944763173,13,1.7271283239630524,-0.2936568050248722,1,0.3556218574229373,1,1.969551366468625,-0.2067936485059296,0.8373682327451141,1.3052663917978058,-0.7764336750059926,-0.8337185671250041,0.3169722870300955,1.244950457789277,False,0.8375998272214313,-0.0004561372172973,0.7661270754163406,0,0,0,1000
-1.3162759767701449,1.6421594382745597,1.457770696634813,15,-1.1340339339926586,1.5666999242864428,2,-0.3189653472940107,1,-0.0414729400948349,-0.2067936485059296,1.0130529862352593,0.2429004567872758,-1.3768556146918882,0.7236669766412428,1.4705852307223628,1.34206688836869,False,-0.4447177103995536,-0.0604580367735413,4.116911106448251,0,0,0,1000
-1.3148969553172691,1.4956391421328556,-1.0628451875771732,31,-1.2854181804453415,-0.5003631082816851,2,-1.162199353190196,3,0.8074766543044608,-0.2067936485059296,-0.8333552908800717,-0.0580746356223343,-1.5308099582010923,0.9832312339356172,0.947435174861916,-0.1424271219166232,True,0.2294898966971015,-0.8582226761084129,-17.21925090375445,0,0,0,1000
-1.313517933864393,1.6491365952336885,-0.2577115462638167,23,0.6523001741490023,1.2910915199440256,1,-0.4313965480801688,0,-0.45778839002166,-0.2067936485059296,1.6320432751176903,0.7692645438097143,0.8092960631388092,-1.6533951691072395,1.3901006067438324,-0.3505337588725082,True,1.8897548213815072,0.1179773538541052,1.299942754482501,0,0,0,1000
-1.312138912411517,0.3862711856313838,0.6250723050444863,26,-0.8716345734746745,1.4977978232008384,2,-1.330846154369433,3,-0.4402037724726214,-0.2067936485059296,0.0851988771838403,-0.8380358379453644,0.8862732348934113,0.3001673989504212,0.6925671989299035,0.4957665647480908,True,-0.539873427860646,-0.27515918674874,-1.1932665335391637,0,0,0,1000
-1.3107598909586409,1.2514386485633493,0.6804313496281579,41,-1.4923099839306753,1.35999362102963,1,1.8734430680360703,2,0.2411596552708484,-0.2067936485059296,-0.683074311326978,-0.1798860750158195,1.2095773562627397,-0.4512028195332943,-1.2122355685619797,1.522425973730457,True,-1.363505660955136,0.1640925897118046,-5.559077075975813,0,0,0,1000
-1.309380869505765,-0.1160841154258866,0.1507662632140409,8,0.4555006537605142,0.4642663069167745,1,-0.8249057508317219,0,-0.9601914853903032,-0.2067936485059296,1.610644814174278,-0.180157475409297,1.255763659315501,0.4914252727462762,0.5986684709549516,0.1350483940245568,True,1.459878550960237,-0.1447644822222353,-5.550702532872238,0,0,0,1000
-1.308001848052889,0.9583980562799416,-0.4978164361304249,13,-0.4982200988913894,-0.0180484006824552,1,-0.7686901504386429,1,-1.840507443699069,-0.2067936485059296,0.0319513139751547,0.6381817448639036,1.5790677806848294,-1.3118632516146411,-1.6414868964474745,-0.4337764136548623,False,0.5297677501055796,0.9162348562937892,1.5669515014380526,0,0,0,1000
-1.3066228266000128,-1.2673150136821312,-1.4490409454126822,28,1.1619604705397022,-0.0869505017680595,2,-0.4876121484732478,1,1.280775265620233,-0.2067936485059296,-0.7733461169838457,0.1305189296218566,0.5629691135240826,-0.6151381399297413,-1.6414868964474745,1.411435767353985,True,0.6756948284288365,-1.8558958017555216,7.661718010754659,0,0,0,1000
-1.3052438051471371,0.3444082438766112,0.7901311713074867,36,-0.9776035459915526,-1.533894624565749,1,1.4237182648914386,0,0.8074766543044608,-0.2067936485059296,1.2246278652315492,-0.6499281599332813,0.5937599822259234,0.163554631953382,1.510827542711628,0.6206305469216218,True,0.4344966939240625,0.6380124746690341,-1.5386318296561243,0,0,0,1000
-1.303864783694261,0.9374665854025552,-1.1659558509232586,29,1.565651794413524,0.4298152563739724,0,0.9739934617468065,2,0.4195783825648011,-0.2067936485059296,-0.6833888353294233,-1.3737413654557338,0.6399462852786847,0.163554631953382,-1.2524778805512449,-1.3078242888695797,True,0.4825670155938353,-0.4892098700723472,-0.7279391142612678,0,0,0,1000
-1.302485762241385,0.2397508894896799,1.9823144563635124,10,-1.2198183403158456,1.428895722115234,2,-0.9935525520109588,3,0.600636264246138,-0.2067936485059296,-1.4731351722614077,0.7883588782289354,-0.4685249879875845,1.0788601708335448,-0.1525213528446644,0.3847763583716188,True,-3.45544962862492,1.190649949631294,1.2684576793258835,0,0,0,1000
-1.3011067407885089,-0.2067871558945604,-0.7336725850239921,9,0.7885459959564171,-0.8793246642525085,1,0.2994062570298583,0,0.485465530333871,-0.2067936485059296,1.910928214528883,-0.1792670992988587,-0.4223386849348233,1.2564567679296956,-0.9037111766442802,1.605668628512811,True,2.644600799552875,-0.3561727505800944,-5.578271538605302,0,0,0,1000
-1.299727719335633,1.3491188459911518,0.9712833941827538,21,-0.0339750764364945,1.0499341661444108,2,-1.443277355155591,3,0.537177286385998,-0.2067936485059296,-0.9631059425301122,1.4652607324993183,0.1165015173473909,-0.8337185671250041,0.2364876630515652,-1.6130473564048773,True,-1.934389336712866,0.5217513779988734,0.6824723474620449,0,0,0,1000
-1.298348697882757,0.8328092310156241,0.4857640647127054,20,-0.9523728382494387,-0.4314610071960808,1,0.0745438554575422,0,0.9119708027708356,-0.2067936485059296,0.6400802333588289,-1.3646370466427775,1.332740831070103,0.4914252727462762,-1.520759960479679,0.3292812551833828,True,0.1543161686461235,0.4430026440532701,-0.7327956365685084,0,0,0,1000
-1.2969696764298808,-0.590530788646642,1.4072337025683697,38,1.141775904346011,0.912129963973202,1,-1.330846154369433,3,-1.0390009501597688,-0.2067936485059296,-1.1856691706385805,-0.0852379627344047,-0.0682436948636539,-1.1752504846176022,-1.1451650485798712,0.2876599277922058,True,-2.59290287320695,-1.4621171540653854,-11.731875576419958,0,0,0,1000
-1.295590654977005,-0.3393531381180067,-1.529591165675244,15,-0.8312654410872923,0.5331684080023787,0,-0.1503185461147737,1,0.4195783825648011,-0.2067936485059296,0.8173503006924759,0.9290637678690836,-1.3922510490428086,-0.4921866496324061,1.0547480068332895,-0.8499896875666323,True,2.34694146636772,-0.6417833872794276,1.0763522666031742,0,0,0,1000
-1.294211633524129,0.4141798134678988,0.590264557947881,7,-0.9372344136041704,-1.258286220223332,0,-1.387061754762512,3,-0.7869262188093323,-0.2067936485059296,-1.482407728534071,1.0987762884980696,-0.2068026040219376,0.1225708018542703,-0.4878739527552072,0.7177469775010348,True,-2.072672286481952,-0.464494656683088,0.9101032844061308,0,0,0,1000
-1.2928326120712528,-0.9952058922761098,0.4128728939834529,8,0.4050392382762864,0.4298152563739724,2,0.5242686586021743,1,-1.5773404800409108,-0.2067936485059296,0.5467257606072052,-0.7344725383200652,-0.8995971498133557,0.3548125057492369,0.4645274309907343,1.577921076918693,True,0.1338528666237523,-0.6512411287917398,-1.3615214783107004,0,0,0,1000
-1.2914535906183768,1.3421416890320232,-1.360355630028495,21,-1.562955965608594,1.2910915199440256,2,1.1426402629260437,2,-1.4703801694062202,-0.2067936485059296,-0.1439674798916087,-1.1106133517341543,-1.1305286650771618,0.9559086805362094,1.5242416467080495,1.522425973730457,True,1.216388150136886,2.0002399417340038,-0.9004034468691613,0,0,0,1000
-1.290074569165501,1.321210218154637,0.1049108006486721,33,-0.1702208982439093,0.3609131552883682,1,-0.9935525520109588,3,0.537177286385998,-0.2067936485059296,-1.118171988039152,-0.6783184475250869,-1.3460647459900474,-0.3145900525362552,-1.0378522166084974,-0.1008057945254462,True,-1.2230827886878242,0.0563556992050361,-1.474234043128276,0,0,0,1000
-1.288695547712625,0.3444082438766112,-0.1831503689971814,28,0.3444855396952132,-1.5683456751085512,0,0.7491310601744904,2,1.58784382216041,-0.2067936485059296,-0.5694631294196613,0.3470180922603595,1.1633910532099787,0.9559086805362094,-0.7963983446729067,1.605668628512811,True,-0.3863127604224797,-0.290814181938574,2.881693301110057,0,0,0,1000
-1.2873165262597488,-0.3812160798727793,-1.2897446216793027,17,1.580790219058792,1.5666999242864428,1,0.1869750562437003,0,-0.9601914853903032,-0.2067936485059296,0.5177495916044733,-1.4680606196821808,0.8092960631388092,-1.6533951691072395,1.3901006067438324,-0.3505337588725082,True,1.807494213283776,1.2384018040644045,-0.6811708281730028,0,0,0,1000
-1.285937504806873,-0.018403917998084,-0.4538619189601502,20,-0.8060347333451784,0.6020705090879831,1,0.4680530582090954,0,1.925894152550876,-0.2067936485059296,-0.9194913032900958,-0.8004593979015112,-1.0535514933225598,0.7373282533409466,-1.319548400533353,0.1627959456186748,False,-0.4656293843299455,-0.874090015790873,-1.2492827588131037,0,0,0,1000
-1.284558483353997,0.2467280464488087,0.1124856194213839,21,0.0063940559508876,0.7054236607163894,0,-0.6562589496524849,1,-0.6377279608971212,-0.2067936485059296,0.6256418471984407,-0.7441704774804228,-1.0535514933225598,1.5433435786234782,-1.520759960479679,0.9952224934422148,True,0.5131562277770567,-0.0717352247038488,-1.3437782936022704,0,0,0,1000
-1.2831794619011208,-1.3929038389464488,1.2325394731078134,40,-0.6041890714082676,1.2566404694012234,0,-0.3189653472940107,1,0.889026224217017,-0.2067936485059296,1.0489706211253569,1.3239765869271407,1.3481362654210234,-0.2052998389386238,0.5181838469764212,0.92585361445692,True,-0.1835688519824565,1.095759913975471,0.7553003084374027,0,0,0,1000
-1.281800440448245,1.5305249269284995,0.8472821471092037,20,1.6413439176398654,-0.5692652093672893,1,-0.7686901504386429,0,0.0204634203862926,-0.2067936485059296,1.8961201576938844,1.6254981800488777,-1.1613195337790023,1.1198440009326565,0.3974569110086258,0.1627959456186748,True,1.0488380105846806,0.0173382907620962,0.6151959754580181,0,0,0,1000
-1.2804214189953689,1.2723701194407355,1.6286792112638109,20,0.3747623889857499,-0.4314610071960808,1,-0.8811213512248008,0,-0.9601914853903032,-0.2067936485059296,1.2432037960896896,-0.3304882644902832,0.994041275349854,-1.2845406982152334,-0.313490600801725,0.6483780985157398,True,-0.3854754151741211,-1.5638439110877058,-3.0258269658228603,0,0,0,1000
-1.279042397542493,0.093230593347976,0.6018268229449256,6,0.3192548319530994,-0.1214015523108616,0,1.6485806664637546,2,0.2693247864040974,-0.2067936485059296,0.7162463660903134,1.164629733130677,-0.4069432505839028,1.4477146417255506,-1.2122355685619797,-1.224581634087225,True,0.1144195431453878,0.1620868805418986,0.8586419234271798,0,0,0,1000
-1.2776633760896168,0.4560427552226713,-1.4258375244055517,18,0.6724847403426935,0.0853047509459511,2,0.4680530582090954,1,0.0357374403789397,-0.2067936485059296,0.0009810790293238,-1.270503115138902,0.7939006287878887,-0.1916385622389199,1.3096159827653022,-1.2384554098842842,True,1.4268186034348755,-0.0509557835184984,-0.787089828268272,0,0,0,1000
-1.2762843546367408,-1.1277718744995562,-0.1664453097892186,23,-1.2046799156705774,-1.4649925234801446,1,-1.049768152404038,3,-0.9994590305551176,-0.2067936485059296,-1.0995085360442116,-0.1519549046092913,0.6707371539805255,0.0269418649563428,-1.319548400533353,-1.5159309258254643,True,-0.9330632262549928,0.1663552679623787,-6.580904121927676,0,0,0,1000
-1.274905333183865,-0.757982555665732,-0.5348508758128114,30,1.6918053331240932,-0.465912057738883,1,-1.049768152404038,1,2.004160702128213,-0.2067936485059296,0.2682080600605316,1.0986351472349016,-0.868806281111515,1.4203920883261427,1.148646734808242,-0.2811648798872132,True,0.8030589358733431,-1.0719271068028942,0.9102202050378853,0,0,0,1000
-1.2735263117309887,1.1607356080946756,0.3584444846127069,41,0.2334704256299122,-1.292737270766134,2,-0.4313965480801688,1,-1.058874311958881,-0.2067936485059296,-0.2333950101366269,0.609676541949118,0.4552010730676398,1.1471665543320644,-1.0646804246013408,1.244950457789277,True,-0.5918394947493338,-0.3795476570197358,1.640213731664428,0,0,0,1000
-1.272147290278113,-0.4300561785866805,-0.5942517710082836,1,-0.1904054644376004,0.5676194585451809,1,0.5804842589952534,1,0.1983874950706012,-0.2067936485059296,-0.7528182467714579,0.835687668097436,-0.1452208666182559,-0.6561219700288532,1.416928814736676,-1.1274652035078123,True,-0.1585664757631742,-0.1178921202916019,1.1966191658837422,0,0,0,1000
-1.2707682688252369,-1.1975434440908437,1.3092897393162637,16,-0.331697427793438,1.5322488737436406,0,-1.330846154369433,3,0.7599707599737691,-0.2067936485059296,-0.8627357378026934,-0.7719575684479115,0.3782239013130378,0.7236669766412428,1.2827877747724588,-1.3633193920578153,True,-2.172025477118957,0.9950219182140388,-1.2954081550769734,0,0,0,1000
-1.269389247372361,-0.7510053987066033,-1.0168733620036572,11,0.2284242840814895,1.7389551770004534,0,-0.4313965480801688,1,-1.40697668519828,-0.2067936485059296,-0.2625240889896041,0.9764222659602864,0.1011060829964705,0.5733929329444997,-0.4476316407659421,-0.9332323423489864,True,0.7543492730140531,1.4307171121383362,1.0241469622795107,0,0,0,1000
-1.2680102259194848,0.5676772665687314,-0.7505860625872147,10,1.646390059188288,1.2221894188584217,1,1.3675026644983594,2,0.7599707599737691,-0.2067936485059296,-0.2610037675445685,-1.599949893494095,0.0857106486455501,0.4777639960465722,1.175474942801085,0.3431550309804418,True,0.4895822950426461,-0.5704234604101246,-0.6250196125317921,0,0,0,1000
-1.2666312044666088,1.3072559042363794,-0.4480361550321093,42,1.6009747852524832,1.394444671572432,2,1.4799338652845175,2,-1.4703801694062202,-0.2067936485059296,0.584310281827064,-0.3117255086592442,-0.1452208666182559,0.3684737824489408,-0.0720367288661341,1.605668628512811,True,1.0323464368591733,0.6587834775362245,-3.20795152471234,0,0,0,1000
-1.2652521830137329,-1.351040897191676,-1.3166008885160494,26,1.1770988951849704,1.0154831156016086,1,-1.049768152404038,3,0.889026224217017,-0.2067936485059296,-0.9965722834485564,1.2017541293756104,-1.5308099582010923,-0.3145900525362552,0.2364876630515652,-0.1979222251048592,True,0.3200286050674928,-1.170492716718193,0.8321168967464879,0,0,0,1000
-1.2638731615608567,0.3374310869174824,-1.415220880879545,1,-0.3115128615997469,-1.533894624565749,1,0.7491310601744904,0,0.73595977530185,-0.2067936485059296,1.3574785518553574,0.7034175196354931,-1.7155551704121372,-0.9156862273232276,-1.5610022724689443,-1.0858438761166351,True,2.7726994327349024,-1.041545641494596,1.4216305820121398,0,0,0,1000
-1.262494140107981,-0.9882287353169812,2.3702732234027506,35,0.4201776629215548,1.118836267230015,2,0.5804842589952534,1,1.5302741201584202,-0.2067936485059296,-0.7060482759313916,-1.186257995405712,-0.791829109356913,-1.380169635113161,1.457171126725941,0.8703585112686838,True,-3.076321499334142,3.627167771477706,-0.8429870130879004,0,0,0,1000
-1.2611151186551048,-0.5416906899327407,-1.3922221115889033,36,1.671620766930402,1.6011509748292447,0,1.1426402629260437,0,1.9434104844676097,-0.2067936485059296,1.6867280132648068,1.5875720970762983,0.4090147700148786,1.1471665543320644,1.698624998661532,1.189455354601041,True,3.0789501248537103,-2.705659048369509,0.6298926132881504,0,0,0,1000
-1.259736097202229,1.677045223070203,-1.4809628770831706,20,1.2174680275723526,-0.9137757147953108,1,-0.9935525520109588,1,-1.1795361053656206,-0.2067936485059296,-0.5110194708113933,-0.6124270242488052,-1.022760624620719,-0.6287994166294454,-0.6622573047086895,0.6206305469216218,True,0.9699434062717772,1.7468491842257474,-1.6328478719752346,0,0,0,1000
-1.2583570757493527,-0.1230612723850154,1.3955525771901534,35,0.6018387586647747,0.843227862887598,2,0.0745438554575422,1,-0.8249389814020169,-0.2067936485059296,-0.2550835083521999,0.7412867978745541,-1.0073651902697986,-1.4894598487107924,-0.3671470167874118,1.036843820833392,True,-1.6506360855423532,-1.1512457215202048,1.3490053619823013,0,0,0,1000
-1.2569780542964768,-0.646348044319672,2.022709152169472,15,-0.1803131813407549,0.8087768123447958,0,0.1307594558506213,1,0.625667627837102,-0.2067936485059296,-0.74707990765298,0.5062215195457556,1.486695174579307,0.1089095251545663,-1.5073458564832574,-0.3921550862636853,True,-2.769789059822452,1.2655436370422692,1.9754193842952088,0,0,0,1000
-1.2555990328436009,1.3281873751137656,-1.3874442629311332,15,-1.1491723586379268,1.7045041264576513,0,1.817227467642992,2,1.4324091610751095,-0.2067936485059296,-0.4151922433592793,0.7227601843265329,-0.3453615131802212,1.037876340734433,0.9876774868511812,0.4263976857627958,True,0.972252019571854,-1.9873878727036585,1.3835846015415731,0,0,0,1000
-1.2542200113907247,0.860717858852139,-0.3896364965598461,38,-0.3165590031481697,0.6020705090879831,1,-0.1503185461147737,1,1.7282523977937572,-0.2067936485059296,0.594309918845254,-0.2461490143078719,-0.3299660788293008,1.1744891077314723,-0.6756714087051112,0.2876599277922058,True,0.9839464154051,-0.673390209447513,-4.062581396354424,0,0,0,1000
-1.252840989937849,-1.49756119333338,-0.0509087926117357,22,-1.345971879026415,-1.533894624565749,0,-0.9935525520109588,3,-1.7297564003402095,-0.2067936485059296,-1.2685540794228107,-0.9137295600361116,-0.8380154124096743,1.0925214475332483,-0.6354290967158461,-0.2811648798872132,True,-1.217645286811075,0.0880598098537422,-1.0944158459775162,0,0,0,1000
-1.2514619684849728,0.8676950158112677,0.4381793315168477,26,-0.3518819939871291,0.9465810145160044,1,1.7047962668568335,2,-1.2819289279963564,-0.2067936485059296,0.2681647006054923,-0.6034034508616555,-0.5762930284440273,-1.7490241060051668,0.5047697429799994,0.4402714615598547,True,-0.1700146309113554,-0.5617147607215527,-1.6572662358802075,0,0,0,1000
-1.2500829470320969,-1.5254698211698952,-1.540219701525281,24,1.278021726153426,-0.5003631082816851,0,0.4680530582090954,1,0.485465530333871,-0.2067936485059296,0.7391921840901408,-1.2050066044640355,0.9632504066480132,-0.4375415428335904,-0.5817726807301593,1.61954240430987,True,2.279411885615421,-0.747723574231647,-0.8298710391150805,0,0,0,1000
-1.2487039255792207,-1.4556982515786077,0.3825332268794888,14,0.7532230051174578,-1.017128866423717,2,-0.3751809476870898,1,0.3793476208697771,-0.2067936485059296,0.4952996983171929,-1.4401673190979984,-0.0220573918108927,-0.5741543098306296,0.2901440790372521,1.050717596630451,True,0.112766471437704,0.1451130695203727,-0.6943638118817322,0,0,0,1000
-1.2473249041263448,1.6072736534789158,-1.3580346240369323,7,-0.573912222117731,0.5676194585451809,1,0.5242686586021743,1,0.1695114023874439,-0.2067936485059296,0.917367360509809,1.0990115602104586,0.917064103595252,1.693617622320221,-1.104922736590606,0.6483780985157398,True,2.275401984546741,-0.2302023536112056,0.909908453390296,0,0,0,1000
-1.2459458826734688,0.7909462892608515,-0.4445344004224725,4,-1.012926536830512,-1.5683456751085512,2,-0.9935525520109588,3,-1.449180960650241,-0.2067936485059296,-1.049560552962608,0.0455099929833664,-0.5608975940931069,-1.6533951691072395,1.2962018787688805,0.6622518743127987,True,-0.6050261525401355,0.6442107894463176,21.973147810651383,0,0,0,1000
-1.244566861220593,0.6234945222417615,0.8364677905473568,7,0.5816541924710835,-0.8793246642525085,0,-0.8811213512248008,0,0.3928177842655264,-0.2067936485059296,1.7960192359174858,-0.0483334943945306,0.0395243455927888,1.4886984718246623,1.2962018787688805,-1.1968340824931072,True,0.959551445370129,0.328579424092293,-20.689629034478887,0,0,0,1000
-1.243187839767717,0.6793117779147915,-0.5014059887032803,5,0.1931012932425301,0.1197558014887532,2,-0.0941029457216947,0,-0.7680260388013285,-0.2067936485059296,-1.0374094944907783,-1.448636121352049,-0.5608975940931069,-1.6533951691072395,1.2962018787688805,0.6622518743127987,True,-0.536003505787498,0.385092855335044,-0.6903045245738638,0,0,0,1000
-1.2418088183148408,0.8537407018930104,1.0435468435253303,23,0.6775308818911162,-0.8448736137097064,0,-0.1503185461147737,1,0.2693247864040974,-0.2067936485059296,-0.7849663685851314,0.9018807440965404,1.2865545280173418,0.8056346368394663,1.2023031507939286,-0.4199026378578032,True,-1.8285132121104617,0.2810530307351296,1.108793923882207,0,0,0,1000
-1.2404297968619649,0.0722991224705897,-0.5715382317268465,7,-1.234956764961114,1.5322488737436406,2,1.3675026644983594,0,0.1983874950706012,3.1124756489183207,0.9191859860924162,-1.3927640954407494,1.117204750157217,-1.011315164221155,-0.7829842406764849,1.522425973730457,True,1.4907242178192628,-0.1133860381293699,-0.7179967340292591,0,0,0,1000
-1.239050775409089,1.4467990434189544,0.6668288734965789,37,-1.4822177008338298,-1.6372477761941553,1,-1.049768152404038,3,0.9005177508105646,-0.2067936485059296,-0.9113584262862512,0.1771660626881345,-1.6077871299556945,1.3930695349267348,-1.1451650485798712,1.425309543151044,False,-1.5781872997828303,0.6004912373366817,5.644418690493958,0,0,0,1000
-1.2376717539562128,0.5607001096096026,-0.2660550592414312,29,0.6018387586647747,-1.258286220223332,0,1.3112870641052805,0,1.422485627292018,-0.2067936485059296,1.5240292516724627,0.5909448001967242,-1.2998784429372865,0.5460703795450919,0.7864659269048555,-1.0164749971313405,True,1.790084310913894,-0.3784594978392623,1.6922051441125938,0,0,0,1000
-1.2362927325033368,-0.5835536316875132,1.2651910863101432,6,1.6564823422851336,-1.120482018052123,0,-1.218414953583275,3,0.5114292264090835,-0.2067936485059296,-1.3326322671131927,0.9104939522536164,-0.8380154124096743,-1.5850887856087197,-0.407389328776677,-1.7379113385784082,True,-2.597823353423336,0.6470556985312645,1.0983048132218354,0,0,0,1000
-1.2349137110504609,1.0142153119529718,0.9255290516554108,2,-1.62855580573809,-1.4649925234801446,1,0.6366998593883324,2,0.7479871380105251,-0.2067936485059296,0.2668176095657163,0.111421112920121,0.347433032611197,-0.328251329235959,-0.4878739527552072,1.2033291303981,True,-0.6587114420896945,0.6922838264933261,8.974951661286525,0,0,0,1000
-1.233534689597585,-0.3951703937910368,1.5216436728814415,31,0.2486088502751806,0.1886579025743575,2,0.7491310601744904,2,1.462027771664948,-0.2067936485059296,-0.8220368010024274,-0.4620898147094329,-1.6847643017102962,-0.3145900525362552,0.1023466230873481,-0.2534173282930952,True,-2.343680473883869,2.2246853083309213,-2.164081926447575,0,0,0,1000
-1.2321556681447088,-1.2952236415186462,1.6326589607901918,28,0.3091625488562538,0.0164026498603468,2,-0.4313965480801688,0,-0.8824859019390859,-0.2067936485059296,1.5732146662218356,-0.979353391665416,1.548276911982989,1.6253112388217017,0.5047697429799994,-0.7806208085813373,False,-0.0594442945683562,-1.4407985155718632,-1.0210819818652712,0,0,0,1000
-1.2307766466918326,1.5793650256424008,1.0625593089916547,7,1.055991498022824,-1.3271883213089362,0,1.3675026644983594,2,0.3522237231242945,-0.2067936485059296,0.072958654456642,-0.8759359126204135,-0.6686656345495497,0.0269418649563428,0.5718402629621081,1.369814439962808,True,-0.9896006545350128,0.3742585958534183,-1.141636162823896,0,0,0,1000
-1.229397625238957,0.149047849021006,-0.6594842672131073,33,-1.4771715592854069,0.1542068520315554,0,-0.8249057508317219,1,0.3928177842655264,-0.2067936485059296,-1.3825592781038356,0.5999964494866475,0.6553417196296051,1.4613759184252546,-1.6549010004438962,0.4818927889510318,True,-0.7230750108907283,-0.2590571486046271,1.6666762514811,0,0,0,1000
-1.2280186037860807,-1.0928860897039123,1.2756115197015228,10,0.5160543523415875,-0.0869505017680595,0,1.9858742688222288,2,-0.564866129107652,-0.2067936485059296,-0.020344807806989,0.6471586339010927,1.5020906089302275,-0.4238802661338866,-0.5147021607480506,0.0656795150392618,True,-1.2959563275085118,-0.7205497413789285,1.5452159533905527,0,0,0,1000
-1.2266395823332048,0.5676772665687314,-0.5528638873803775,28,-1.2955104635421872,-1.1893841191377277,0,1.5361494656775965,2,-0.3192396785201743,-0.2067936485059296,-0.3389072256749363,1.465202077803214,-0.991969755918878,-1.4757985720110882,1.13523263081182,1.286571785180454,True,0.2139566617054411,0.1764960896727255,0.6824996680658131,0,0,0,1000
-1.2252605608803286,-1.1277718744995562,-1.2226405783137697,14,-1.250095189606382,-1.258286220223332,0,0.9739934617468065,2,0.1839862714709786,-0.2067936485059296,-0.0222943259444456,-1.0734432505312173,0.0549197799437092,-0.8337185671250041,0.8803646548798074,1.036843820833392,True,1.200346252369324,-0.2249490813530715,-0.9315817046344071,0,0,0,1000
-1.223881539427453,0.5327914817730877,0.3405814030098211,36,0.0719938960803836,-0.1214015523108616,1,-0.93733695161788,3,-1.491643875679105,-0.2067936485059296,-0.968368995793705,-1.1110331844198145,-0.7610382406550722,-0.9703313341220434,-1.104922736590606,-0.4753977410460392,True,-1.308950398803526,-0.5080261639697968,-0.900063206058534,0,0,0,1000
-1.2225025179745768,0.1281163781436197,-0.2507989314770345,37,1.2426987353144665,1.7389551770004534,0,1.4799338652845175,2,0.0357374403789397,-0.2067936485059296,0.4007841971437498,-0.1990402611657593,0.6707371539805255,0.4914252727462762,1.5913121666901584,-0.0869320187283872,True,0.6515831286207844,-0.0089629118607623,-5.024111687526251,0,0,0,1000
-1.2211234965217006,-0.4998277481779681,0.0380908126754491,10,-1.6891095043191633,1.3255425704868278,1,-0.2627497469009318,1,0.1983874950706012,-0.2067936485059296,0.5722699729283378,1.361834438926701,-0.637874765847709,0.873941020337986,-0.3403188087945684,0.8287371838775068,False,0.5341791602528887,0.0075567409118858,0.7343035966675712,0,0,0,1000
-1.2197444750688249,0.4979056969774438,-0.4912984735580447,28,-0.5032662404398122,0.3609131552883682,0,-1.330846154369433,3,0.472401208410713,-0.2067936485059296,-1.2381526231486089,0.4403137730701869,0.5167828104713215,-0.1916385622389199,-0.4744598487587855,-0.0591844671342692,True,-0.7468541495905642,-0.232089992599159,2.2711071832174543,0,0,0,1000
-1.2183654536159487,-1.2533606997638735,-0.3228531377117346,9,-1.7042479289644314,-1.22383516968053,1,-0.1503185461147737,0,1.9955343394275864,-0.2067936485059296,1.8405665967877964,1.2490605020504235,-0.7302473719532313,-1.4348147419119766,0.5315979509728429,1.550173525324575,False,2.163419734499531,-0.6442645228957099,0.800601666851414,0,0,0,1000
-1.2169864321630728,0.093230593347976,-0.4076355047880999,0,-0.750527176312528,-1.4649925234801446,2,-1.387061754762512,3,0.6751506888007894,-0.2067936485059296,-1.220455480806773,0.1113547319096874,-0.868806281111515,0.518747826145684,0.2767299750408304,1.4669308705422208,True,-0.812819976018673,-0.2752153918373431,8.980301823014143,0,0,0,1000
-1.2156074107101966,-1.6301271755568263,1.2942897086785008,1,-0.4830816742461211,0.8087768123447958,0,1.0864246625329643,0,-0.268553453715343,-0.2067936485059296,-1.1540915705621144,-0.5936815710090104,0.9478549722970928,0.518747826145684,-0.1525213528446644,0.6345043227186808,True,-2.448381279240615,-0.3475859713738365,-1.6844049356979556,0,0,0,1000
-1.214228389257321,0.4560427552226713,2.1121677462228416,12,-1.144126217089504,-1.258286220223332,1,-0.2065341465078527,0,2.0640702978270924,-0.2067936485059296,1.752977694821146,1.2960566251174563,-0.7764336750059926,-0.8337185671250041,0.3169722870300955,1.244950457789277,True,-0.3591900514016957,4.359662709006959,0.7715711670794146,0,0,0,1000
-1.2128493678044447,-0.8207769682978908,-0.0180420553109909,28,-1.2854181804453415,1.7389551770004534,2,-0.7124745500455638,0,-1.3441580977555516,-0.2067936485059296,0.9434344294924906,0.0455526509441696,0.6707371539805255,0.4914252727462762,1.5913121666901584,-0.0869320187283872,True,0.9614764848034816,0.0242513747464221,21.952571014330587,0,0,0,1000
-1.2114703463515686,-0.1230612723850154,-0.784498581356242,31,0.4706390784057826,-0.2592057544820701,1,0.6929154597814113,0,-0.9211999030702372,-0.2067936485059296,1.4068721543020386,1.625548346681353,1.301949962368262,-1.216234314716714,-1.2256496725584014,-1.5714260290137003,True,2.191370735658281,0.7226800171041087,0.6151769896748112,0,0,0,1000
-1.2100913248986929,1.1049183524216457,0.3879069068638123,23,0.4655929368573597,1.5666999242864428,0,0.8053466605675694,2,-1.3441580977555516,-0.2067936485059296,0.4763190579167136,1.3247259305957402,0.3628284669621174,0.0952482484548624,1.6583826866722668,0.4402714615598547,True,0.0884121510529013,-0.5214082100363019,0.7548730657540501,0,0,0,1000
-1.2087123034458167,1.6421594382745597,-1.351755878088881,2,0.2687934164688716,-0.0180484006824552,0,-0.0378873453286157,0,-0.1693034138610984,-0.2067936485059296,-1.3756561056522445,1.164813749997305,0.3166421639093562,1.6253112388217017,-1.628072792451053,0.7177469775010348,True,-0.0239002275633632,0.2288568848672542,0.8585062754896962,0,0,0,1000
-1.2073332819929408,0.5467457956913451,-0.6450739744663302,31,-0.9321882720557478,0.9810320650588064,0,-1.049768152404038,3,0.6751506888007894,-0.2067936485059296,-1.120154042814957,1.0607786010912843,0.0395243455927888,-1.1479279312181945,-1.5341740644761008,1.577921076918693,False,-0.4750800683486268,-0.4355221381884057,0.9427036939667454,0,0,0,1000
-1.2059542605400646,-1.581287076842925,-0.1782300865055169,31,-1.1794492079284635,1.670053075914849,1,0.7491310601744904,1,0.485465530333871,-0.2067936485059296,0.9341663081577388,-0.0201643317423988,0.8554823661915704,-0.8337185671250041,1.2559595667796155,-1.3771931678548743,True,1.1123963946632558,-0.0865245634668524,-49.59276469221106,0,0,0,1000
-1.2045752390871889,-0.4230790216275518,-1.514657862952295,10,0.6523001741490023,1.1877383683156193,2,-0.3751809476870898,1,0.537177286385998,-0.2067936485059296,0.91688309221372,-0.3395207612263765,1.1633910532099787,-1.4757985720110882,1.3096159827653022,1.161707803006923,False,2.4315409551660148,-0.8136398006239288,-2.9453288538845266,0,0,0,1000
-1.2031962176343127,0.6304716792008902,-0.7664864737877845,27,0.172916727048839,-1.017128866423717,1,0.7491310601744904,2,-0.2351536375112642,-0.2067936485059296,0.6785332569228291,-1.0730678169476178,-0.6840610689004701,-0.9156862273232276,-0.407389328776677,0.0379319634451437,True,1.4450197307106136,0.1802420824143797,-0.931907636588433,0,0,0,1000
-1.2018171961814366,-1.10684040362217,-0.9078246969798168,20,-0.3468358524387063,0.050853700403149,2,1.2550714637122016,2,-0.6745960027047526,-0.2067936485059296,-0.9036784935178191,-0.3492516732492936,0.7323188913842071,0.4504414426471644,-1.3463766085261968,-0.2950386556842722,True,0.0041462034619976,0.6124149117392378,-2.863265555818144,0,0,0,1000
-1.2004381747285608,1.4258675725415682,-0.7306666163588197,35,-1.608371239544399,0.6020705090879831,0,-0.9935525520109588,3,0.6874037218721623,-0.2067936485059296,-0.9024071796468836,0.0461397420118566,0.4552010730676398,1.1471665543320644,-1.0646804246013408,1.244950457789277,True,-0.1717405632880639,-0.502262951532792,21.67324282868215,0,0,0,1000
-1.199059153275685,0.4979056969774438,-0.9496866376472972,12,-0.3670204186323974,-1.6027967256513531,2,0.2431906566367793,1,-0.7117529458539462,-0.2067936485059296,0.472469949052242,1.3244583389487627,-0.5762930284440273,0.1089095251545663,-0.4610457447623638,1.369814439962808,True,1.4221565866995391,0.675942261983593,0.7550255792048189,0,0,0,1000
-1.1976801318228087,-0.7928683404613758,-1.26186442344532,41,1.626205492994597,-0.1558526028536637,1,0.4118374578160163,1,0.7956636066243687,-0.2067936485059296,0.9470107004671728,-0.4529574199937035,1.332740831070103,0.1089095251545663,0.2633158710444087,-0.6002617232195703,True,2.2088751239124926,-1.004019598229483,-2.2077135214724,0,0,0,1000
-1.1963011103699326,0.1978879477349073,-0.7439823956706914,39,-1.6134173810928218,-1.5683456751085512,0,-0.2627497469009318,0,-1.1390459728740463,-0.2067936485059296,-1.0624716094908604,-0.5373346488197891,-0.3145706444783804,0.3138286756501251,-0.9976099046192324,0.2182910488069108,True,-0.318489213820169,0.8474301516778863,-1.8610379738217413,0,0,0,1000
-1.1949220889170566,-0.2695815685267192,-0.5565424989779661,19,-0.3619742770839746,-0.0869505017680595,2,0.6366998593883324,1,1.58784382216041,-0.2067936485059296,-0.1395031652784631,0.4788446849870119,-0.1298254322673355,0.1089095251545663,0.3974569110086258,-1.4881833742313462,True,0.4170393336995031,-0.8837025687718798,2.0883593835675245,0,0,0,1000
-1.1935430674641807,0.0025275528793022,0.8209133412202383,29,-1.0633879523147398,0.1542068520315554,0,-1.443277355155591,3,1.6257663138470562,-0.2067936485059296,-1.3776695205022282,1.6252225356235857,-1.7001597360612166,-0.7927347370258924,-1.6817292084367397,-0.0453106913372102,True,-2.1985828617224668,1.3346132567434974,0.6153003152188484,0,0,0,1000
-1.1921640460113043,-0.9254343226848222,-0.4849425077994054,38,1.5454672282198327,-1.6716988267369577,2,-1.105983752797117,3,0.1983874950706012,-0.2067936485059296,-0.8372188057075576,-0.4717435724103871,-0.4685249879875845,-0.6561219700288532,-0.5012880567516289,-1.4881833742313462,False,-0.3522762979081521,-0.0962065293755795,-2.119796157200588,0,0,0,1000
-1.1907850245584288,-0.8207769682978908,0.0577961968378195,41,-1.6689249381254725,1.3255425704868278,2,0.2431906566367793,1,-0.6194028630245529,-0.2067936485059296,-0.4046721997769345,0.4591344218480302,1.024832144051695,1.3111018747285117,-0.9707816966263888,-0.2950386556842722,True,-0.4624683966147541,-0.035799129793276,2.1780109149165474,0,0,0,1000
-1.189406003105553,0.1002077503071048,0.0241728201968456,41,-1.522586833221212,-0.9826778158809149,2,-1.274630553976354,3,0.4328703072542469,-0.2067936485059296,-0.8484180850232186,-0.2838071791694884,-0.9303880185151966,1.229134214530288,0.6791530949334817,0.4818927889510318,False,-0.8725909052200642,0.0104636961058102,-3.5235202833076764,0,0,0,1000
-1.1880269816526767,0.5258143248139588,-1.5899876520382312,8,0.9298379593122548,-1.120482018052123,1,1.9858742688222288,2,1.9434104844676097,6.431744946342571,0.7871663520557834,1.522483557562277,1.486695174579307,0.4367801659474605,-0.4878739527552072,-1.1690865308989893,True,2.377154004094015,-3.0899986731451365,0.6568215002065433,0,0,0,1000
-1.1866479601998008,1.1118955093807743,1.5722316849181066,7,-1.426710143801179,-0.2592057544820701,0,-0.8811213512248008,0,1.2392862489351957,-0.2067936485059296,0.7628974185757527,-0.3306755459967687,0.6091554165768439,0.6826831465421311,0.5315979509728429,-0.6002617232195703,True,-0.809334266342354,1.9484451072592224,-3.0241132569902747,0,0,0,1000
-1.1852689387469246,-1.4626754085377365,0.7915141534570881,8,1.6564823422851336,-1.1893841191377277,2,-0.5438277488663268,1,-0.7304391794012987,-0.2067936485059296,0.8360411436793929,0.9197327742286964,1.301949962368262,-1.4211534652122726,0.759637718912012,0.2876599277922058,True,0.0445269902223047,-0.578152948735709,1.0872722156839474,0,0,0,1000
-1.183889917294049,0.2955681451627099,-0.5011904503962329,5,-0.2963744369544787,-1.4994435740229468,1,1.2550714637122016,2,1.719041342019685,-0.2067936485059296,0.5594451901465041,-0.4810584604941445,0.5013873761204011,-0.8063960137255962,-0.7561560326836414,1.078465148224569,True,1.060635640542737,-0.8615671044565906,-2.078749860979024,0,0,0,1000
-1.1825108958411723,0.3862711856313838,-0.0467300718109591,22,1.1821450367333932,1.3255425704868278,1,0.9177778613537274,0,0.5499720170437528,-0.2067936485059296,0.7757065165147806,-0.4149157687701725,-0.3145706444783804,0.5597316562447958,1.148646734808242,1.147834027209864,False,0.8224365883257397,-0.0257002318504726,-2.410128311047018,0,0,0,1000
-1.1811318743882968,0.2397508894896799,0.2752711273441337,24,-1.6336019472865129,-1.120482018052123,0,-1.049768152404038,3,0.8192481196371983,-0.2067936485059296,-1.5177131805397572,-0.0854306853073192,-0.7456428063041518,0.4914252727462762,-1.6549010004438962,-0.5031452926401574,True,-1.792984307883891,0.2255153534670933,-11.705409677373767,0,0,0,1000
-1.1797528529354206,-0.7230967708700883,-0.0919986972810815,17,1.237652593766044,1.6011509748292447,2,-1.218414953583275,3,0.2972190748525578,4.772110297630446,-1.4417593776274436,0.6473096779051611,0.5321782448222419,1.4477146417255506,1.1218185268153984,0.4263976857627958,True,-1.349760680346362,-0.0273437676935235,1.544855390932334,0,0,0,1000
-1.1783738314825447,-0.841708439175277,-0.4592808944448165,34,-1.451940851543293,-0.7415204620813,2,-0.2627497469009318,0,1.3522922991925097,-0.2067936485059296,1.6524280427874265,-0.9223319948816582,-1.1767149681299232,1.1608278310317683,-0.5549444727373157,1.189455354601041,False,2.111708937232243,-0.6210820167239733,-1.084208412990323,0,0,0,1000
-1.1769948100296688,0.2885909882035812,1.409503139755959,30,1.101406771958629,0.843227862887598,1,-0.0378873453286157,0,-1.5773404800409108,-0.2067936485059296,0.8740325338834557,-0.3774233387919828,-0.868806281111515,0.518747826145684,0.2767299750408304,1.4669308705422208,True,-0.5354706058725033,-2.223266359081835,-2.649545383587657,0,0,0,1000
-1.1756157885767926,-1.5882642338020538,0.599896539378697,25,-1.4923099839306753,-0.5003631082816851,0,-0.1503185461147737,0,0.472401208410713,-0.2067936485059296,-1.2848569739414146,-0.8095751429539678,-0.637874765847709,-0.0003806884430649,0.1157607270837698,0.4957665647480908,True,-1.884753513320112,0.2833918501239013,-1.235215942862087,0,0,0,1000
-1.174236767123917,-0.1439927432624016,1.0221095970336036,42,1.585836360607215,0.4642663069167745,1,1.5923650660706756,2,0.472401208410713,-0.2067936485059296,0.2434890221667062,1.0987971821931568,-0.0220573918108927,0.9285861271368016,-1.5341740644761008,-1.6269211322019363,True,-0.7786205748668973,0.4828458087668612,0.9100859787385336,0,0,0,1000
-1.1728577456710405,-1.3649952111099335,0.0071690038792613,39,-1.1592646417347725,0.0164026498603468,1,-0.9935525520109588,1,0.2693247864040974,-0.2067936485059296,0.7763736533174496,1.522516639246165,1.6406495180885112,0.696344423241835,0.6254966789477949,-0.3089124314813312,True,0.7692046494381882,0.0019307904385121,0.6568072285990919,0,0,0,1000
-1.1714787242181648,1.0421239397894868,0.6346827746236419,7,0.5816541924710835,0.9810320650588064,0,0.3556218574229373,1,0.5114292264090835,-0.2067936485059296,0.8727702047943583,0.9106737250884296,0.1011060829964705,-1.3118632516146411,0.2767299750408304,1.0229700450363328,True,0.2380874301707164,0.3245953204409398,1.09808800083048,0,0,0,1000
-1.1700997027652886,-0.2835358824449767,-0.0904497396761743,21,1.2477448768628894,-0.224754703939268,0,0.0745438554575422,0,0.485465530333871,-0.2067936485059296,0.43398141536823,0.1869285328963398,1.3173453967191826,-0.341912605935663,-1.2658919845476666,0.1211746182274977,True,0.5244311550444044,-0.0439102308404545,5.349635229796732,0,0,0,1000
-1.1687206813124127,-0.4998277481779681,0.099437536254434,33,-1.2904643219937644,0.912129963973202,1,1.9858742688222288,2,1.1867614863444798,-0.2067936485059296,-0.5919208401429242,0.5720219681913447,-0.2529889070746988,-1.6943789992063512,1.1084044228189769,-0.0453106913372102,True,-0.6913583763973583,0.1180086383237452,1.7481843019830738,0,0,0,1000
-1.1673416598595368,-0.7858911835022471,1.450112217140975,40,1.1165451966038973,-0.8104225631669043,1,0.7491310601744904,0,-1.1189017032627826,-0.2067936485059296,1.5369961500531713,-0.1519222582107174,-1.4384373520955698,0.2591835688513095,-1.6146586884546312,0.5928829953275039,False,0.0868839329121962,-1.622533029681207,-6.582318285743352,0,0,0,1000
-1.1659626384066606,-1.5254698211698952,0.7156388363668243,29,-0.3619742770839746,-1.0515799169665192,0,1.0864246625329643,0,-0.8440511312458903,-0.2067936485059296,0.659868121468427,0.7796217225786072,-0.1914071696710171,1.2974405980288075,-0.5951867847265809,1.61954240430987,False,-0.0557707148983973,-0.6040357693989107,1.2826731769673787,0,0,0,1000
-1.1645836169537849,-0.2695815685267192,0.1551682947317577,9,1.2578371599597349,-1.22383516968053,2,0.7491310601744904,1,0.2127161215072761,-0.2067936485059296,-0.0148762805531471,-1.073552833609097,1.6252540837375906,-0.4102189894341826,1.5510698547008932,1.439183318948103,True,-0.1700445752849048,0.0330067978362374,-0.9314866132734576,0,0,0,1000
-1.1632045955009085,1.1816670789720618,0.156886753185327,35,0.4958697861478964,-1.430541472937343,0,-1.49949295554867,3,1.8372118535501083,-0.2067936485059296,-1.0407639338974288,1.2959305011976323,-1.3460647459900474,-0.3145900525362552,-1.0378522166084974,-0.1008057945254462,False,-1.197650687082756,0.288234202617073,0.7716462587393579,0,0,0,1000
-1.1618255740480328,1.035146782830358,-0.4756917965237346,37,-1.562955965608594,1.635602025372047,0,-1.218414953583275,3,0.9233857416348982,-0.2067936485059296,-1.0602124416430954,-1.233058893009273,-0.6070838971458681,-0.9566700574223396,0.5181838469764212,-0.9609798939431042,True,-0.5845206451193607,-0.4392470223227057,-0.8109913376956712,0,0,0,1000
-1.1604465525951566,1.690999536988461,-0.8730459347569651,9,0.4706390784057826,1.7389551770004534,1,0.9177778613537274,2,-0.3022664678409858,6.431744946342571,-0.8822988913593678,-0.4801801635511785,-1.222901271182684,-0.4921866496324061,1.2693736707760372,0.6483780985157398,True,-0.0092529566024026,0.2638925109619196,-2.082552100569286,0,0,0,1000
-1.1590675311422804,0.35138540083574,-0.0995369088721101,28,-0.9574189797978616,1.3255425704868278,1,1.9858742688222288,2,1.8012087709607636,-0.2067936485059296,-0.4668758897858915,1.042150130779713,1.2711590936664214,1.5843274087225898,0.9071928628726508,0.8564847354716248,True,-0.3673389809137814,-0.1792867532947669,0.9595545540990024,0,0,0,1000
-1.1576885096894047,1.2723701194407355,1.2477830396825522,18,-1.0230188199273575,-0.5003631082816851,1,-0.8811213512248008,1,-0.8440511312458903,-0.2067936485059296,1.0288599767567477,1.3055496537160984,-1.099737796375321,1.2427954912299917,1.3632723987509892,0.3154074793863238,True,-0.2189230629258047,-1.0531926861934937,0.7659608507095299,0,0,0,1000
-1.1563094882365286,0.1630021629392635,1.5025309088809906,0,-0.6243736376019587,-0.465912057738883,2,0.8053466605675694,0,-1.302606210010628,-0.2067936485059296,0.4044023387763537,0.3087709863684702,-0.0220573918108927,1.2837793213291036,-1.6951433124331614,-1.4881833742313462,False,-1.0981285701046368,-1.9572060926412915,3.2386452104736767,0,0,0,1000
-1.1549304667836526,0.7909462892608515,0.267333629716239,12,-0.6092352129566904,-0.6381673104528937,0,1.5361494656775965,2,-0.1530404922217351,-0.2067936485059296,0.7828804088804379,0.7790410519693064,-0.3453615131802212,1.037876340734433,0.9876774868511812,0.4263976857627958,True,0.5155467791641989,-0.0409128702791962,1.2836292376495655,0,0,0,1000
-1.1535514453307765,1.5933193395606584,-0.3491719190516142,23,1.227560310669198,0.2575600036599618,0,0.0183282550644632,1,0.485465530333871,-0.2067936485059296,0.062978206232337,-0.9037436796403324,0.7477143257351275,-0.9566700574223396,1.6181403746830016,-1.1274652035078123,True,0.4121501252839512,-0.1695109308600873,-1.1065085523462033,0,0,0,1000
-1.1521724238779008,0.4699970691409288,1.7188117177183089,5,-1.6134173810928218,-1.0860309675093214,1,0.4680530582090954,2,1.6539749880754304,-0.2067936485059296,0.3064429738515057,1.4936975956197558,-1.284483008586366,-0.4921866496324061,1.6449685826758451,-0.0591844671342692,True,-1.412368743866803,2.8428715903170496,0.6694795090951026,0,0,0,1000
-1.1507934024250246,-0.1091069584667578,-1.6021134136603268,27,1.5252826620261415,-1.6372477761941553,1,-0.6000433492594058,1,-0.3192396785201743,-0.2067936485059296,-0.3475264531945861,0.9384867155321206,1.147995618859058,1.0515376174341369,0.3438004950229389,0.5512616679363268,True,1.2545869604657407,0.5114581711297818,1.0655450704792284,0,0,0,1000
-1.1494143809721484,0.5746544235278602,-0.591708872922256,11,-1.3156950297358785,0.7054236607163894,0,0.6929154597814113,1,0.3110669241976558,-0.2067936485059296,0.848423398377614,-0.0485833481649494,1.332740831070103,-1.5714275089090155,1.323030086761724,0.1905434972127928,True,1.44013227129987,-0.1840610591203878,-20.583226477670014,0,0,0,1000
-1.1480353595192727,0.0792762794297185,1.872406644300243,7,-0.5537276559240399,-1.533894624565749,2,-1.162199353190196,3,0.5243298950584547,-0.2067936485059296,-1.1314352473618303,-0.9416719390394837,0.8246914974897296,0.4914252727462762,-0.9573675926299672,-1.8905228723460572,True,-3.003841891662073,0.9817587793126996,-1.0619410696405789,0,0,0,1000
-1.1466563380663966,0.1141620642253623,-0.5871534719790981,40,0.4655929368573597,-1.3271883213089362,1,-0.8249057508317219,1,0.1983874950706012,-0.2067936485059296,-0.3019251582163733,-1.4300290888422078,0.5167828104713215,1.3520857048276231,-0.6086008887230027,1.2172029061951588,True,0.2852283137627247,-0.1164839065279397,-0.6992865234218982,0,0,0,1000
-1.1452773166135206,1.656113752192817,-0.6808700180720879,41,-0.377112701729243,1.0154831156016086,2,0.7491310601744904,0,-1.4280464114595173,-0.2067936485059296,-1.4317808217605246,-0.1236846469429091,0.5013873761204011,-0.8063960137255962,-0.7561560326836414,1.078465148224569,True,-0.7509108036884367,0.9723139859782218,-8.085084391840677,0,0,0,1000
-1.143898295160645,-0.1439927432624016,-0.6156749330260021,33,0.1678705855004162,-0.5692652093672893,0,0.4680530582090954,2,-0.9211999030702372,-0.2067936485059296,-0.1583886728465401,-1.5896796629667374,1.3943225684737848,-1.2845406982152334,1.564483958697315,-0.6002617232195703,True,0.4572862601794619,0.5671596886263279,-0.6290575933012257,0,0,0,1000
-1.1425192737077683,-0.3672617659545217,0.8510331574342176,30,1.6968514746725158,-0.8448736137097064,0,1.2550714637122016,2,1.61631929993183,-0.2067936485059296,0.2505355737527182,0.4694861595504941,-0.5147112910403457,-0.4921866496324061,1.1084044228189769,0.981348717645156,True,-0.6004975836814994,1.3755413172428494,2.1299877891153662,0,0,0,1000
-1.1411402522548926,-0.4649419633823243,1.3524298080799837,15,-1.62855580573809,-1.1893841191377277,2,-0.9935525520109588,1,1.9782297698019933,-0.2067936485059296,-1.3162045522253218,-0.6119376547341827,-0.991969755918878,0.6007154863439075,-0.5951867847265809,1.536299749527516,True,-2.668634360305305,2.6754169079114205,-1.6341536685624505,0,0,0,1000
-1.1397612308020164,0.7351290335878214,0.3898912258664106,19,1.3385754247344992,1.2221894188584217,1,-0.5438277488663268,0,1.6257663138470562,-0.2067936485059296,0.7289795350672305,-0.481104927201448,-1.253692139884525,-0.7790734603261885,1.6583826866722668,-1.0858438761166351,True,0.3390883092008198,0.6338720210781444,-2.0785490883908357,0,0,0,1000
-1.1383822093491407,1.3351645320728944,0.4020838215467591,4,0.9348841008606776,-0.5348141588244872,1,-0.4876121484732478,1,-0.4226946174867851,-0.2067936485059296,0.3154978527847813,-1.6000396710901732,-0.0066619574599723,-0.1779772855392159,-0.6086008887230027,0.5790092195304448,False,-0.0865859687619777,-0.1699586671463321,-0.6249845429251845,0,0,0,1000
-1.1370031878962643,1.718908164824976,0.9121213980627716,10,1.5757440775103695,0.6365215596307852,1,-1.162199353190196,3,-1.1795361053656206,-0.2067936485059296,-0.7923981174416203,-0.4810204818504702,-0.8380154124096743,-0.0140419651427689,0.1157607270837698,-1.5436784774195824,False,-1.704519515504392,-1.0758801214916065,-2.0789139872889204,0,0,0,1000
-1.1356241664433886,0.2397508894896799,-0.7347809213554614,19,-1.0078803952820894,-0.3970099566532786,0,0.2994062570298583,1,0.0051049946661323,-0.2067936485059296,-1.386971385983256,-1.467953648316187,-0.0066619574599723,-0.1779772855392159,-0.6086008887230027,0.5790092195304448,True,-0.6521904646277946,-0.0037510526842954,-0.6812204658294861,0,0,0,1000
-1.1342451449905129,1.5584335547650146,-0.8576772819792184,42,0.8036844206016854,0.843227862887598,0,1.1988558633191224,2,0.7599707599737691,-0.2067936485059296,-0.7281176499372686,-0.0017029021701968,-0.2068026040219376,-1.6943789992063512,-1.158579152576293,-0.0591844671342692,True,0.1295596320419498,-0.6518096557979832,-587.2672806638554,1,1,1,500
-1.1328661235376365,-0.2207414698128179,-0.9043700291027515,33,-0.3922511263745112,0.1886579025743575,1,-0.3189653472940107,1,0.8074766543044608,-0.2067936485059296,0.5160848419782178,-1.402527762683569,0.6707371539805255,0.0269418649563428,-1.319548400533353,-1.5159309258254643,True,1.4204548710809697,-0.7302576853531177,-0.7129984146527417,0,0,0,1000
-1.1314871020847606,1.397958944705053,1.507144350869888,29,-1.1996337741221546,0.1542068520315554,2,1.7047962668568335,2,-0.0414729400948349,-0.2067936485059296,0.7904625875105702,-0.0202656443993064,0.7323188913842071,-0.7790734603261885,-1.668315104440318,1.2033291303981,False,-0.7166817633593179,-0.0625057073778957,-49.34483773523605,0,0,0,1000
-1.1301080806318844,0.7351290335878214,0.7036058475533213,31,0.5463312016321241,0.2920110542027639,2,-0.1503185461147737,1,0.3658165287182165,-0.2067936485059296,0.2936723984297913,-1.524930754819213,1.3789271341228642,0.9422474038365056,1.457171126725941,-1.4049407194489922,True,-0.40993344912353,0.2573906487377947,-0.6557675241426334,0,0,0,1000
-1.128729059179009,-1.1766119732134577,-0.271681761827366,34,-1.0886186600568537,-0.8448736137097064,2,-0.5438277488663268,0,-0.057165238718669,-0.2067936485059296,1.212670483919139,1.3337820415601351,-0.6686656345495497,0.0269418649563428,0.5718402629621081,1.369814439962808,True,1.4843522457465048,0.0155307527703699,0.7497476303216148,0,0,0,1000
-1.1273500377261323,1.677045223070203,-1.508820887767107,20,-0.1601286151470638,0.7054236607163894,0,-0.6000433492594058,1,0.5627146920237458,-0.2067936485059296,0.6426904412115572,-1.1956629875495333,-0.3607569475311417,-0.2326223923380316,1.5913121666901584,0.0240581876480847,True,2.151511328978664,-0.8490356811788623,-0.836356142197792,0,0,0,1000
-1.1259710162732566,1.1746899220129332,0.1102622983742935,16,-0.9120037058620566,-1.0515799169665192,1,0.5804842589952534,2,0.4984746518105413,-0.2067936485059296,-0.5575764374698868,0.7228018628953788,-1.6539734330084557,1.4477146417255506,-0.3403188087945684,-1.4049407194489922,False,-0.6678387358441804,0.0549629607899559,1.3835048205932223,0,0,0,1000
-1.1245919948203806,-1.4556982515786077,1.995321056012388,2,-1.3207411712843011,0.3609131552883682,1,0.8615622609606484,1,0.6751506888007894,-0.2067936485059296,1.1181872746349355,1.2306027724033932,1.6252540837375906,-0.4375415428335904,0.813294134897699,1.647289955903988,False,-0.8771337813774522,1.3471423853454825,0.8126098373612431,0,0,0,1000
-1.1232129733675045,0.693266091833049,-0.8007643162273763,0,-0.4073895510197796,-1.1893841191377277,1,0.5242686586021743,1,0.0810536478232512,-0.2067936485059296,-0.7811196205072026,-1.3179758756251132,1.486695174579307,0.1089095251545663,-1.5073458564832574,-0.3921550862636853,True,0.0196446957201736,-0.0649048688769203,-0.7587392867867409,0,0,0,1000
-1.1218339519146283,-1.246383542804745,0.3818149630891742,31,0.460546795308937,-0.0869505017680595,1,1.3112870641052805,2,0.600636264246138,-0.2067936485059296,0.7190452781805824,1.2305243122254874,-0.8842017154624353,-0.5331704797315179,-0.6220149927194244,-0.0453106913372102,True,0.3372303150914082,0.2293319130631586,0.8126616506465172,0,0,0,1000
-1.1204549304617524,0.1560250059801348,-0.4665512665014885,24,0.9752532332480596,0.3609131552883682,2,-1.443277355155591,3,0.0509267047203175,-0.2067936485059296,-1.4644769844803711,0.9207472066537156,1.5944632150357498,1.434053365025847,1.2425454627831938,0.8287371838775068,True,-0.9979257179788829,-0.0237599185860114,1.0860743146068097,0,0,0,1000
-1.1190759090088769,0.2048651046940361,0.1975950240922744,7,1.1972834613786616,-1.6027967256513531,2,-0.4876121484732478,0,-1.3859719465647844,-0.2067936485059296,1.2234640156010783,1.4467199721785815,1.255763659315501,1.4886984718246623,0.3438004950229389,0.8564847354716248,True,1.0258689915088042,-0.273861160172685,0.6912187224264632,0,0,0,1000
-1.1176968875560005,1.5933193395606584,-1.1643082839691057,34,0.9802993747964824,-0.3625589061104765,0,1.817227467642992,2,-1.365032361609816,-0.2067936485059296,0.798375430755102,0.7037514922929039,-1.3614601803409678,0.8192959135391702,0.9340210708654944,-1.2384554098842842,False,1.962683714724208,1.5893184865082202,1.4209559323935377,0,0,0,1000
-1.1163178661031246,-0.8835713809300496,-1.4379647853871615,14,0.9197456762154091,-0.7759715126241021,1,-0.6000433492594058,1,1.719041342019685,-0.2067936485059296,1.1513735296125431,1.6342329416299772,1.301949962368262,0.518747826145684,0.9608492788583376,1.34206688836869,True,2.5893383149997047,-2.471920914448994,0.6119078335379905,0,0,0,1000
-1.1149388446502486,-1.232429228886487,-0.9594513649743706,4,-1.0230188199273575,1.6011509748292447,1,-1.330846154369433,3,-1.664056411114758,-0.2067936485059296,-1.0405037588874784,-1.1012319738186347,1.425113437175625,-0.6014768632300375,-0.7695701366800631,-1.3494456162607564,True,-0.0810523939131078,1.5965811950384068,-0.9080739704095172,0,0,0,1000
-1.1135598231973725,-1.0859089327447835,-0.9857330377664566,22,-0.2711437292123648,0.5676194585451809,0,-0.3751809476870898,0,1.7374428195258165,-0.2067936485059296,1.4929552066780518,0.6565062772047525,0.5013873761204011,-1.1069441011190826,0.8401223428905423,-1.3633193920578153,True,2.478688244444508,-1.7126547884367005,1.5232144495804616,0,0,0,1000
-1.1121808017444963,1.0839868815442593,1.3721191325904485,12,-0.3014205785029014,-0.5348141588244872,0,-1.274630553976354,3,-0.1530404922217351,-0.2067936485059296,-1.5043274935916613,-1.6935679030791753,0.8092960631388092,-1.188911761317306,-0.9707816966263888,-0.2672911040901542,True,-2.87644662618211,-0.2099897874385024,-0.5904694209359915,0,0,0,1000
-1.1108017802916204,1.690999536988461,1.4586921502417525,13,-1.5528636825117483,0.8776789134304002,2,-0.93733695161788,3,1.462027771664948,-0.2067936485059296,-1.507773241059848,0.2715525684956439,-1.284483008586366,-0.4921866496324061,1.6449685826758451,-0.0591844671342692,True,-2.9664653913016004,2.1326484339631007,3.6825268760562415,0,0,0,1000
-1.1094227588387446,-0.904502851807436,-1.1239237140387266,25,-1.3106488881874556,-0.224754703939268,0,0.7491310601744904,1,0.6874037218721623,-0.2067936485059296,0.6684808584833152,1.4274307387598746,-1.1459240994280822,0.4777639960465722,-0.313490600801725,-1.5159309258254643,True,1.7924045725220417,-0.7725893441306044,0.7005593355883928,0,0,0,1000
-1.1080437373858685,0.1420706920618773,-1.1289902344586462,21,0.1022707453709202,-1.430541472937343,1,-0.9935525520109588,3,0.5114292264090835,-0.2067936485059296,-1.3805441434570618,-0.6689965948763005,0.8246914974897296,-0.328251329235959,0.7193954069227468,1.369814439962808,True,-0.2515539089984155,-0.5773986022325952,-1.4947761425639503,0,0,0,1000
-1.1066647159329923,-0.1091069584667578,-0.6803273279047203,2,1.2628833015081578,-0.4314610071960808,2,1.2550714637122016,2,0.485465530333871,-0.2067936485059296,0.7497237132877667,-0.7909274112672375,-0.8380154124096743,1.0925214475332483,-0.6354290967158461,-0.2811648798872132,True,1.430051041192487,-0.3302754670418904,-1.264338689225161,0,0,0,1000
-1.1052856944801166,0.093230593347976,1.2362136770974756,11,-0.6496043453440725,-0.1558526028536637,0,-1.387061754762512,3,1.934661294856368,4.772110297630446,-1.1996858187892545,0.9864338281896105,0.424410204365799,0.9968925106353214,-1.0780945285977626,0.7593683048922117,True,-2.43589949588673,2.391654753252554,1.013752641127508,0,0,0,1000
-1.1039066730272404,0.3932483425905125,0.0435131847924087,5,-0.6243736376019587,-1.6372477761941553,0,0.1869750562437003,0,-1.1795361053656206,-0.2067936485059296,0.8515186625436296,1.2017541293756104,0.5013873761204011,-1.1069441011190826,0.8401223428905423,-1.3633193920578153,True,0.8080054777512209,-0.0513253725220923,0.8321168967464879,0,0,0,1000
-1.1025276515743645,1.2723701194407355,-0.1277180141637676,27,0.7380845804721894,1.7045041264576513,1,0.5242686586021743,2,0.1983874950706012,-0.2067936485059296,0.1769527137109615,-1.3650877845857547,-0.8995971498133557,0.1498933552536781,-0.3000764968053033,0.3709025825745598,True,0.3046707278747292,-0.0253376569053414,-0.7325536749703057,0,0,0,1000
-1.1011486301214883,0.2746366742853237,-0.7907990712875751,30,0.3899008136310182,-1.3271883213089362,2,0.3556218574229373,1,-0.2020694574570239,-0.2067936485059296,-0.5133699291357358,0.3749799502815472,1.1787864875608989,1.679956345620517,-1.0915086325941843,-1.4465620468401692,True,0.2774291421518393,0.1597963392925987,2.6668085388787146,0,0,0,1000
-1.0997696086686126,-1.581287076842925,0.307589554893693,26,-0.1702208982439093,-0.2592057544820701,1,0.9739934617468065,2,-0.0414729400948349,-0.2067936485059296,-0.8721006091887396,0.704492347897874,-0.0220573918108927,0.9285861271368016,-1.5341740644761008,-1.6269211322019363,False,-1.1796901640824329,-0.012756643183903,1.4194616322487024,0,0,0,1000
-1.0983905872157365,1.718908164824976,0.6740096214587024,25,-0.5133585235366577,-0.3625589061104765,1,1.3112870641052805,2,1.7830899206543975,-0.2067936485059296,0.797759250641763,-1.467809786519805,0.4552010730676398,1.1471665543320644,-1.0646804246013408,1.244950457789277,True,0.1237496291830606,1.201819762447098,-0.6812872330683499,0,0,0,1000
-1.0970115657628603,-0.702165299992702,-1.562580519834266,11,-0.5789583636661537,0.4642663069167745,2,1.1988558633191224,2,-0.9406610984409725,-0.2067936485059296,0.0233837776604765,0.4401617496741611,1.147995618859058,1.3247631514282154,1.0815762148261332,-0.9054847907548684,True,1.5859642974947423,1.4698587081897665,2.271891579745656,0,0,0,1000
-1.0956325443099846,-0.3393531381180067,1.3850770676952129,1,-0.3468358524387063,1.0499341661444108,2,1.3112870641052805,2,-0.3022664678409858,-0.2067936485059296,-0.7848468978921046,-0.5187123813239464,0.7631097600860479,-0.9566700574223396,0.1828312470658784,0.9674749418480968,True,-2.169923965587317,-0.418662352939782,-1.9278510187721571,0,0,0,1000
-1.0942535228571084,-1.21847491496823,-1.477170260729892,29,1.3738984155734586,0.326462104745566,0,-1.49949295554867,3,-0.3534180473878296,-0.2067936485059296,-0.8053497086645123,0.6566421950441484,-1.3152738772882069,0.2865061222507173,-0.729327824690798,-0.1008057945254462,True,0.6718205520653797,0.5220586292065296,1.5228991606956517,0,0,0,1000
-1.0928745014042325,1.1537584511355468,0.4140788011529089,18,-1.0936648016052763,-1.22383516968053,2,1.9858742688222288,2,0.4062277873044279,6.431744946342571,-0.1646336783331438,0.9861655836146616,-0.4531295536366641,1.4886984718246623,-0.0049662088840255,-0.5586403958283933,True,-0.5787124794860529,0.1682103151620164,1.014028389564957,0,0,0,1000
-1.0914954799513563,-0.4649419633823243,0.8635341141898735,36,1.0509453564744011,-1.0515799169665192,1,-1.218414953583275,3,0.3793476208697771,-0.2067936485059296,-0.8673438278667391,0.9673462406927612,0.424410204365799,1.5433435786234782,1.5376557507044717,-0.1146795703225052,True,-1.7308779420566127,0.3275796117578189,1.033755913403109,0,0,0,1000
-1.0901164584984806,-0.4998277481779681,1.259749165982295,38,-0.906957564313634,-1.533894624565749,0,-0.9935525520109588,3,1.6351911693495274,-0.2067936485059296,-1.2825639571772869,0.3185719793269926,1.425113437175625,-0.6014768632300375,-0.7695701366800631,-1.3494456162607564,True,-2.5423131231595817,2.059930711809681,3.13900704076947,0,0,0,1000
-1.0887374370456044,-1.2952236415186462,0.8705735307184876,14,-1.5124945501243665,-1.1893841191377277,0,-0.5438277488663268,0,1.501171318379266,3.1124756489183207,1.5754925135672255,1.2959090633959025,1.101809315806297,-1.4348147419119766,-0.5281162647444724,-0.4060288620607443,True,0.7049189828487379,1.3068800148547643,0.7716590238312083,0,0,0,1000
-1.0873584155927285,0.3444082438766112,-1.0453284100259048,13,-1.1289877924442355,-0.5003631082816851,0,-1.049768152404038,3,-1.3441580977555516,-0.2067936485059296,-0.9582511732619664,1.3339255768925316,0.424410204365799,1.5433435786234782,1.5376557507044717,-0.1146795703225052,True,0.0870772367639383,1.4050866471502554,0.7496669547058772,0,0,0,1000
-1.0859793941398526,-0.2137643128536892,0.5764492962063171,18,-1.0684340938631625,-0.8448736137097064,0,-0.0378873453286157,0,-0.3534180473878296,-0.2067936485059296,0.6841117129795171,1.1368821443054626,-1.5462053925520127,0.2865061222507173,-0.876882968651437,-1.8350277691578207,True,0.1076624167731999,-0.2037275846833252,0.879598573210996,0,0,0,1000
-1.0846003726869764,-1.4836068794151225,-0.9708838227026546,29,0.2889779826625627,1.7389551770004534,2,0.8053466605675694,1,-0.9994590305551176,-0.2067936485059296,1.0921247408736847,-1.3366044547580136,0.7477143257351275,-0.9566700574223396,1.6181403746830016,-1.1274652035078123,False,2.0630085635763398,0.9703586042200418,-0.7481645532877571,0,0,0,1000
-1.0832213512341005,0.8328092310156241,-1.5776930257105264,9,-0.8110808748936011,0.1542068520315554,2,1.0302090621398854,2,-1.3441580977555516,-0.2067936485059296,0.5238103581416913,-1.299231184134619,1.3789271341228642,0.9422474038365056,1.457171126725941,-1.4049407194489922,True,2.1015033838522177,2.1206688562812617,-0.7696860183006412,0,0,0,1000
-1.0818423297812243,1.0211924689121004,-0.0268438576721456,41,1.3234370000892308,-1.258286220223332,0,1.1426402629260437,2,1.9083055912122904,-0.2067936485059296,-0.1320502746398307,1.36250717237998,-0.0528482605127335,0.3001673989504212,-1.6817292084367397,0.8981060628628018,True,-0.1052064169676851,-0.0512262836854624,0.7339410366986409,0,0,0,1000
-1.0804633083283484,-0.2486500976493329,0.8103669482098437,8,-1.144126217089504,0.1886579025743575,0,0.8615622609606484,1,-1.1189017032627826,-0.2067936485059296,-1.4035766753019223,0.1873071222984683,-0.7610382406550722,-0.9703313341220434,-1.104922736590606,-0.4753977410460392,True,-2.213943623511766,-0.9067209586198572,5.338822431558623,0,0,0,1000
-1.0790842868754724,1.4816848282145982,-1.298008705966788,7,0.349531681243636,-1.258286220223332,2,0.5242686586021743,2,0.8309784133015728,-0.2067936485059296,0.1010959697340963,-0.9320537659129748,-1.2075058368317635,-0.7517509069267806,-0.7963983446729067,-0.5308928442342753,False,1.3991046757008845,-1.0786172149359092,-1.0728995942744024,0,0,0,1000
-1.0777052654225965,-0.2067871558945604,-0.8308796174445634,33,0.2536549918236033,0.1542068520315554,1,-0.93733695161788,3,-0.0729400943822046,-0.2067936485059296,-1.4720371900441902,-1.3270751886569545,0.8708778005424909,-1.011315164221155,1.403514710740254,1.425309543151044,False,-0.6411575725996268,0.0606044377166565,-0.7535368635485686,0,0,0,1000
-1.0763262439697203,1.4816848282145982,2.138897112207907,28,1.0509453564744011,1.118836267230015,0,-1.49949295554867,3,0.7838085591320157,-0.2067936485059296,-1.145385085342394,0.5728301841987053,-1.638577998657535,-0.3145900525362552,0.7730518229084338,-0.6973781537989833,True,-3.2842821975503007,1.676485863651309,1.7457177589673605,0,0,0,1000
-1.0749472225168444,1.3281873751137656,-1.1311639867364596,33,1.54042108667141,1.0154831156016086,0,0.5804842589952534,1,-1.3233493238148013,1.4528410002061956,-0.5908157372984589,0.9669918096255776,-1.222901271182684,-0.5741543098306296,1.2559595667796155,0.953601166051038,False,0.5403482494380006,1.4969250969713486,1.0341348154476322,0,0,0,1000
-1.0735682010639684,-1.3580180541508051,-1.4275113607922392,27,1.2426987353144665,1.2910915199440256,2,0.5242686586021743,2,-0.5288762138917308,-0.2067936485059296,0.5569966015902886,-0.4624475104164741,0.5167828104713215,-0.1233321787404002,-0.8634688646550153,0.5790092195304448,True,1.984507962382528,0.754976803783232,-2.1624080435425364,0,0,0,1000
-1.0721891796110925,0.979329527157328,0.5351017892922187,13,1.7119898993177842,-0.3281078555676744,2,-1.330846154369433,3,1.7374428195258165,-0.2067936485059296,-0.9150205558920418,0.1401945604098554,-1.253692139884525,-1.5714275089090155,-0.0586226248697124,1.4669308705422208,True,-1.4501223451842606,0.9297087615211818,7.132939279402842,0,0,0,1000
-1.0708101581582163,0.6862889348739202,0.4788531904879778,29,0.5261466354384331,0.6365215596307852,2,0.5242686586021743,2,-0.8824859019390859,-0.2067936485059296,0.2875204820214427,0.1396527390148575,1.548276911982989,-0.8337185671250041,0.2901440790372521,1.508552197933398,False,-0.1913327084665351,-0.422581189704192,7.160613468757416,0,0,0,1000
-1.0694311367053404,0.3862711856313838,-0.4108689230260213,28,-1.2198183403158456,-0.0180484006824552,0,-1.49949295554867,3,-0.3534180473878296,-0.2067936485059296,-1.4449133781949757,1.4655051452033083,-0.3145706444783804,0.5733929329444997,1.0279197988404465,-1.2800767372754611,True,-1.0340444551689545,0.1452084925081969,0.682358526708153,0,0,0,1000
-1.0680521152524642,-0.1439927432624016,0.5827182659965113,14,-0.8413577241841378,0.6020705090879831,1,1.3675026644983594,2,0.5499720170437528,-0.2067936485059296,-0.6321373275758428,-0.6030183321798123,0.4398056387167194,0.7646508067403546,-0.7829842406764849,1.300445560977513,False,-1.2148555935723542,0.3204787401183394,-1.6583246519515065,0,0,0,1000
-1.0666730937995883,-0.702165299992702,0.6404564004654743,28,0.6523001741490023,0.0853047509459511,0,0.9739934617468065,0,0.9347629233820862,-0.2067936485059296,1.3697593797802778,-1.6370034470541233,1.486695174579307,0.4367801659474605,-0.4878739527552072,-1.1690865308989893,True,0.7293029793148036,0.5986748971978748,-0.6108723001694252,0,0,0,1000
-1.0652940723467124,0.379294028672255,-0.7459697084387127,30,-0.7454810347641052,-1.1893841191377277,2,0.5804842589952534,2,-1.862844008126029,-0.2067936485059296,0.2648619367273443,-0.6125359543987134,-1.099737796375321,1.2427954912299917,1.3632723987509892,0.3154074793863238,True,1.010831645166057,1.3896252016085766,-1.6325574949104569,0,0,0,1000
-1.0639150508938364,0.5467457956913451,1.0930860478560982,25,-1.451940851543293,-1.6372477761941553,0,0.5804842589952534,2,0.2552765406419526,-0.2067936485059296,-0.1516395990256887,-0.4148690844202118,1.5790677806848294,-1.3118632516146411,-1.6414868964474745,-0.4337764136548623,True,-1.2447256468817869,0.2790392249206886,-2.4103995178080644,0,0,0,1000
-1.0625360294409605,1.035146782830358,-0.1260148201509813,28,0.990391657893328,0.5331684080023787,1,0.7491310601744904,1,-0.2853709610732421,-0.2067936485059296,0.7070409887876841,-0.2553421313249487,1.332740831070103,0.1089095251545663,0.2633158710444087,-0.6002617232195703,True,0.8330558089386654,0.0359609703359572,-3.91631567592332,0,0,0,1000
-1.0611570079880843,-0.702165299992702,2.128928303091069,26,0.3293471150499449,-1.1893841191377277,0,0.0745438554575422,1,-0.9018081025139288,-0.2067936485059296,-0.2062476505645626,-1.5997663119127814,1.6252540837375906,-0.4102189894341826,1.5510698547008932,1.439183318948103,True,-2.335175953655632,-1.9198847933987555,-0.6250913368174822,0,0,0,1000
-1.0597779865352084,-0.841708439175277,1.4054143239365129,12,1.5606056528651011,0.326462104745566,0,-1.049768152404038,3,1.422485627292018,-0.2067936485059296,-1.3819758767955928,-1.120518595525456,-0.4685249879875845,1.0788601708335448,-0.1525213528446644,0.3847763583716188,True,-2.787390200732106,1.999181676190018,-0.8924439926634679,0,0,0,1000
-1.0583989650823322,1.4747076712554696,0.4391700944390029,25,0.1931012932425301,0.4987173574595767,2,0.4680530582090954,0,0.8074766543044608,-0.2067936485059296,1.2218404146541662,-1.2047755767834611,-0.4223386849348233,1.2564567679296956,-0.9037111766442802,1.605668628512811,True,0.7826703202151633,0.3546195985281801,-0.8300301751408689,0,0,0,1000
-1.0570199436294565,0.0374133376749459,-0.2625473096823972,23,-1.058341810766317,-1.430541472937343,0,0.6929154597814113,2,0.4195783825648011,-0.2067936485059296,0.1938977103576342,-0.940916174912498,1.1326001845081377,-1.0386377176205628,0.9876774868511812,-1.6407949079989952,True,0.4564450200400315,-0.1101591755432802,-1.062794043658991,0,0,0,1000
-1.0556409221765803,-0.5765764747283845,-1.6448354451273377,20,0.748176863569035,-0.7070694115384979,0,0.0183282550644632,1,0.3385684026291145,-0.2067936485059296,-0.0336084030584917,0.6567359990293841,1.1326001845081377,0.9695699572359132,0.6925671989299035,-1.5159309258254643,True,1.6112270420688457,-0.5568893092445112,1.5226816395169067,0,0,0,1000
-1.0542619007237044,0.4699970691409288,1.017388827595375,18,1.5252826620261415,-0.9137757147953108,0,-0.8249057508317219,0,0.2693247864040974,6.431744946342571,0.2422282974176359,-1.0640640490422693,-0.8226199780587538,-0.5331704797315179,1.0145056948440243,0.7732420806892708,True,-0.7751605301777391,0.2740080286820395,-0.9397931401586048,0,0,0,1000
-1.0528828792708285,-0.2486500976493329,-1.0174853958295138,33,0.3343932565983676,-0.3281078555676744,1,-1.218414953583275,3,-0.5109923747150832,-0.2067936485059296,-0.9244816914083808,1.427790937357473,-1.4384373520955698,0.2591835688513095,-1.6146586884546312,0.5928829953275039,True,0.093003704421133,0.5199272786528396,0.7003826006995952,0,0,0,1000
-1.0515038578179523,-1.211497758009101,0.0631382771686385,9,-1.234956764961114,1.428895722115234,1,1.817227467642992,2,0.9005177508105646,-0.2067936485059296,0.8351303938242738,-1.3831152346995812,1.301949962368262,-0.7517509069267806,1.13523263081182,-0.3089124314813312,True,0.7719921166556353,0.0568571393459564,-0.7230056087971335,0,0,0,1000
-1.0501248363650764,1.7119310078658472,1.323265181669273,11,1.5505133697682556,-0.1903036533964659,2,0.8615622609606484,1,0.0660316830787908,-0.2067936485059296,-0.1491434318362151,0.7225986934749208,-0.29917521012746,1.3520857048276231,0.5047697429799994,0.7732420806892708,True,-1.472408613505488,0.087377427105184,1.3838938135934031,0,0,0,1000
-1.0487458149122004,-1.4626754085377365,1.2794892591755658,6,-0.9523728382494387,-1.3960904223945405,0,-0.9935525520109588,3,-1.1592575015304638,-0.2067936485059296,-1.3320701510839124,0.3368984704517559,0.1318969516983113,-0.4648640962329982,-1.3463766085261968,-0.4476501894519213,True,-2.611559410259478,-1.4832575218269304,2.9682524287920677,0,0,0,1000
-1.0473667934593245,-0.9393886366030798,0.3516327695912328,4,1.2426987353144665,1.635602025372047,1,-0.8249057508317219,1,-0.8632335084751533,-0.2067936485059296,0.9510019903437328,1.0328404661197272,-1.5000190894992516,-0.0003806884430649,0.0486902071016612,0.2321648246039697,False,0.5993692207524999,-0.3035411893890751,0.9682036442051208,0,0,0,1000
-1.0459877720064483,0.5258143248139588,0.4923804306966554,30,-0.3569281355355518,-0.5692652093672893,1,1.7610118672499129,2,0.7838085591320157,-0.2067936485059296,-0.647517249199504,1.361662501227545,0.3320375982602765,-1.3528470817137532,1.13523263081182,-0.2811648798872132,False,-1.1398976798961593,0.3859319959291468,0.7343963174860612,0,0,0,1000
-1.0446087505535724,1.3840046307867957,1.3138839321789213,8,-0.3468358524387063,-0.0869505017680595,1,-1.443277355155591,3,0.0660316830787908,-0.2067936485059296,0.5895596188199991,0.3087305048342386,0.5321782448222419,-0.2189611156383277,0.3303863910265172,-1.5159309258254643,True,-0.7243243133589222,0.086757967411954,3.239069869787975,0,0,0,1000
-1.0432297291006964,0.5188371678548301,-0.3189069299448101,30,1.3991291233155725,-1.3960904223945405,1,0.1869750562437003,0,0.4328703072542469,-0.2067936485059296,0.2940659803107663,-0.1334066356168827,-0.376152381882062,1.4886984718246623,-0.5147021607480506,1.591794852715752,True,0.6129729102555765,-0.1380453407507185,-7.495884630958431,0,0,0,1000
-1.0418507076478205,1.265392962481607,-0.5783663647557171,40,-0.7454810347641052,0.843227862887598,1,-0.2627497469009318,0,-1.0191957916838013,-0.2067936485059296,1.0444097197413942,0.0641588128833826,1.332740831070103,0.1089095251545663,0.2633158710444087,-0.6002617232195703,True,1.6227760844971113,0.5894685650104853,15.586299004436588,0,0,0,1000
-1.0404716861949443,0.2327737325305511,0.2146274450352051,10,-0.6445582037956498,-0.6381673104528937,1,0.6929154597814113,1,-0.9211999030702372,-0.2067936485059296,0.4085609280377215,-1.5810157440705432,-1.5000190894992516,-0.0003806884430649,0.0486902071016612,0.2321648246039697,True,0.1939334830025164,-0.1977147815626436,-0.6325048102783866,0,0,0,1000
-1.0390926647420684,-1.016137363153496,1.531490016361068,33,-0.3165590031481697,-1.22383516968053,2,1.1426402629260437,2,0.1403364078873898,-0.2067936485059296,0.2785405488032347,0.7981553006916575,-0.9149925841642762,1.693617622320221,1.6449685826758451,-1.4326882710431104,True,-1.2529494675578334,0.2149238076115122,1.2528888473766262,0,0,0,1000
-1.0377136432891925,-1.1766119732134577,-0.3770713974153532,29,1.252791018411312,0.6020705090879831,0,-0.3189653472940107,1,0.4592810194835228,-0.2067936485059296,0.3310122612477098,-0.8100991176510787,-1.7001597360612166,-0.697105800127965,-0.1659354568410861,-1.807280217563703,True,0.708083658663063,-0.173181735823,-1.2344170011457962,0,0,0,1000
-1.0363346218363163,-1.3719723680690623,-1.6196456260220573,35,0.6573463156974251,1.4633467726580365,2,-0.0941029457216947,0,0.6628510710023714,-0.2067936485059296,1.870618288610553,0.7692991489922026,0.5783645478750031,1.6253112388217017,0.0486902071016612,0.7454945290951528,False,3.49026391463261,-1.073583837853027,1.2998842795050431,0,0,0,1000
-1.0349556003834404,-1.071954618826526,-1.0034391503899651,14,1.1821450367333932,-0.8104225631669043,2,-0.2627497469009318,0,1.0244620953927852,-0.2067936485059296,1.2048015886008188,-1.0641623147019768,0.3166421639093562,0.163554631953382,-0.5549444727373157,1.314319336774572,False,2.208240738990784,-1.02798537460766,-0.9397063588468552,0,0,0,1000
-1.0335765789305644,0.5327914817730877,0.990010266358216,3,0.6068849002131974,-0.3625589061104765,1,-0.3189653472940107,1,0.0204634203862926,-0.2067936485059296,-0.7070647301830493,-0.1986944269835333,-1.3152738772882069,0.2865061222507173,-0.729327824690798,-0.1008057945254462,True,-1.6970749965412653,0.0202589962672337,-5.032856323486651,0,0,0,1000
-1.0321975574776885,1.663090909151946,-1.2815942433814305,12,0.349531681243636,-0.0524994512252573,0,0.6929154597814113,2,-1.2202938111117605,-0.2067936485059296,0.7957864688887788,-0.6589109253222137,0.917064103595252,0.0952482484548624,-0.6488432007122678,0.8981060628628018,True,2.0773807122702093,1.563921523554819,-1.5176560493007385,0,0,0,1000
-1.0308185360248123,0.7072204057513065,-0.5334655516878516,26,-1.588186673350708,-1.1893841191377277,1,-1.443277355155591,3,-0.7117529458539462,6.431744946342571,-1.3960552305832683,0.6756281434201042,0.6245508509277643,0.1362320785539742,0.4913556389835778,1.286571785180454,False,-0.8625896788954169,0.3796956779254289,1.4801039029065606,0,0,0,1000
-1.0294395145719364,0.1071849072662335,-0.7636830080987915,34,-0.2610514461155192,-1.533894624565749,0,0.8053466605675694,2,-0.9994590305551176,-0.2067936485059296,0.4205679052289596,-1.045415337963582,0.347433032611197,-0.3145900525362552,1.403514710740254,-0.0175631397430922,True,1.1842509133277512,0.7632698789258342,-0.9565577042362148,0,0,0,1000
-1.0280604931190604,-0.5695993177692557,0.878221210791519,1,0.5009159276963192,-0.6381673104528937,0,-1.105983752797117,3,0.6996106650189345,-0.2067936485059296,-1.1987583755338502,-0.6128421776173365,0.4398056387167194,0.2728448455510134,1.3364441907581457,0.5790092195304448,True,-2.0769795863253693,0.6144129253155886,-1.63174174313861,0,0,0,1000
-1.0266814716661845,-0.6672795151970583,1.8907920750510303,36,1.389036840218727,0.2575600036599618,0,0.3556218574229373,1,-0.9601914853903032,-0.2067936485059296,-1.3893645660165796,0.7040551037996411,0.7785051944369683,-0.7244283535273728,0.4913556389835778,1.161707803006923,True,-3.28015664106761,-1.8155224511074624,1.4203431699719082,0,0,0,1000
-1.025302450213308,-1.644081489475084,-1.565945335800065,19,-0.1954516059860232,-0.4314610071960808,2,0.1869750562437003,0,1.8550979737486308,-0.2067936485059296,1.3557272342946711,-0.2833919169796287,1.332740831070103,0.1089095251545663,0.2633158710444087,-0.6002617232195703,True,2.921672570094736,-2.90498201944382,-3.528683399040714,0,0,0,1000
-1.0239234287604324,1.516570613010242,-1.0263296107297286,24,1.469775104993491,-0.3625589061104765,2,-0.2065341465078527,1,-0.45778839002166,-0.2067936485059296,0.7489468906090347,-0.8474024161601971,-1.7309506047630576,0.9559086805362094,-0.6756714087051112,0.6345043227186808,True,1.7752765013387632,0.4698417801275195,-1.180077020005401,0,0,0,1000
-1.0225444073075562,-0.848685596134406,1.094069299500534,37,1.383990698670304,0.4987173574595767,2,0.0745438554575422,1,0.889026224217017,-0.2067936485059296,-0.7721114531227112,-1.2615719310597162,-0.9611788872170371,0.9285861271368016,-0.5281162647444724,1.078465148224569,True,-1.866180752623245,0.9726562983667164,-0.7926619597712509,0,0,0,1000
-1.0211653858546803,1.5933193395606584,0.6318014336005617,18,-1.0532956692178943,0.6365215596307852,0,1.0302090621398854,2,0.4592810194835228,-0.2067936485059296,-1.1528983056828888,-1.5809335839674656,0.3166421639093562,0.163554631953382,-0.5549444727373157,1.314319336774572,True,-1.7846997392834505,0.2901744065352172,-0.632537681149259,0,0,0,1000
-1.0197863644018044,-1.0928860897039123,-1.0322104409470878,11,-0.8918191396683656,-0.224754703939268,1,0.3556218574229373,2,-0.6377279608971212,-0.2067936485059296,0.6069550701410864,-1.3273337481336596,-1.0535514933225598,1.6116499621219975,-0.5012880567516289,1.231076681992218,False,1.6391655110881742,0.6582694597219046,-0.7533900774730471,0,0,0,1000
-1.0184073429489284,-0.8835713809300496,0.6143299275977971,4,1.474821246541914,-0.7415204620813,0,-1.49949295554867,3,0.6505043648705744,-0.2067936485059296,-1.3194031232982226,-0.8100610301860758,-0.2068026040219376,0.9559086805362094,0.5181838469764212,-1.8350277691578207,True,-1.93373305089602,0.399624299372991,-1.2344750409951188,0,0,0,1000
-1.0170283214960525,-1.2673150136821312,-0.2592372123479197,35,-1.6992017874160088,-0.465912057738883,1,-0.8249057508317219,0,-0.4226946174867851,-0.2067936485059296,1.4444435760890175,-1.580582308718811,-0.8842017154624353,-0.8337185671250041,1.3498582947545674,0.0795532908363207,True,1.7036807884369372,0.1095781743117444,-0.6326782589882374,0,0,0,1000
-1.015649300043176,-1.6301271755568263,-0.5708713357871585,6,-0.4073895510197796,-1.1893841191377277,1,0.8615622609606484,0,0.3385684026291145,-0.2067936485059296,1.9160412130965516,-0.0853502663454989,0.3320375982602765,-1.3528470817137532,1.13523263081182,-0.2811648798872132,True,2.48691254888371,-0.1932789962642071,-11.71643879347561,0,0,0,1000
-1.0142702785903004,-1.0510231479491396,-0.4577312056994125,21,-0.6344659206988043,0.6020705090879831,2,0.5242686586021743,1,-0.6745960027047526,-0.2067936485059296,0.1839988226682836,1.4937176187442147,-1.1305286650771618,-1.6124113390081276,-1.3597907125226183,-0.4753977410460392,True,0.6417300283676961,0.3087836416780506,0.6694705347946941,0,0,0,1000
-1.0128912571374242,0.6514031500782764,1.082921976295408,28,0.0215324805961559,-1.4649925234801446,2,0.5804842589952534,0,-1.1592575015304638,-0.2067936485059296,1.8165727268550116,1.4374997586506888,0.994041275349854,-1.2845406982152334,-0.313490600801725,0.6483780985157398,True,0.7336507505596033,-1.255385424592647,0.6956522423164976,0,0,0,1000
-1.0115122356845485,0.7560605044652078,0.9181789281591656,23,0.899561110021718,-1.3616393718517383,2,0.2994062570298583,1,1.133471172798824,-0.2067936485059296,-0.6468867651243124,-1.073353799399125,1.3173453967191826,-0.341912605935663,-1.2658919845476666,0.1211746182274977,True,-1.565065693283478,1.0407293465397367,-0.9316593407744446,0,0,0,1000
-1.0101332142316723,-1.4347667807012212,0.4820562248689921,25,-1.0028342537336663,-0.9826778158809149,2,0.8615622609606484,2,-0.2185719381821825,-0.2067936485059296,-0.4182909217165177,-1.4587179821596357,-0.4685249879875845,0.7373282533409466,1.13523263081182,-0.9471061181460452,True,-0.9003471465855097,-0.1053639633824016,-0.6855335169535987,0,0,0,1000
-1.0087541927787962,0.3095224590809674,0.0188294873527763,0,-1.5175406916727892,-0.3970099566532786,2,-0.93733695161788,3,-1.0191957916838013,-0.2067936485059296,0.8154171473332894,-0.4808775994460452,-1.3922510490428086,1.7346014524193327,1.175474942801085,1.009096269239274,True,0.7965876599805131,-0.019190934269513,-2.079531691859084,0,0,0,1000
-1.0073751713259202,0.435111284345285,1.3233846616159293,26,0.5513773431805469,0.1197558014887532,1,-1.387061754762512,3,-0.4226946174867851,-0.2067936485059296,-1.4029010637630337,0.9294181989362672,-0.5608975940931069,-1.6533951691072395,1.2962018787688805,0.6622518743127987,True,-2.726285725378963,-0.5593875733296237,1.0759418026786374,0,0,0,1000
-1.0059961498730443,-0.5277363760144832,0.57291047914161,33,0.3243009735015221,1.7045041264576513,1,-0.2627497469009318,1,0.3658165287182165,-0.2067936485059296,0.4377021124539477,-0.0863438050754307,1.1941819219118193,-0.6287994166294454,-0.313490600801725,0.8564847354716248,True,-0.1352083666876622,0.2095801227458739,-11.581620213383124,0,0,0,1000
-1.0046171284201684,0.7839691323017228,-0.4161082618848417,30,0.3999930967278637,1.6011509748292447,0,1.4799338652845175,2,-0.4931829525124468,-0.2067936485059296,0.425990487895678,0.966691898044012,-0.4685249879875845,1.0788601708335448,-0.1525213528446644,0.3847763583716188,True,0.8420987497805198,0.2052175011611887,1.0344556508416154,0,0,0,1000
-1.0032381069672922,0.6165173652826327,-1.2347631759774147,39,-1.5377252578664802,-1.258286220223332,1,0.4680530582090954,1,-1.491643875679105,-0.2067936485059296,0.7125903623597916,-0.9032354840358656,-1.1305286650771618,0.873941020337986,-0.3671470167874118,-1.5159309258254643,True,1.9473535383372065,1.841826929360792,-1.107131117396849,0,0,0,1000
-1.0018590855144165,0.1002077503071048,1.840383212646035,29,-1.562955965608594,0.7054236607163894,2,-1.330846154369433,3,0.2693247864040974,-0.2067936485059296,-1.0745570672713367,-1.5904169274678643,-0.4069432505839028,-1.0659602710199707,-0.729327824690798,-0.9332323423489864,False,-2.914940279917372,0.4956608156475799,-0.6287659830612587,0,0,0,1000
-1.0004800640615403,0.8188549170973666,1.0982910817233809,23,1.0257146487322872,1.670053075914849,0,-1.274630553976354,3,0.2269731747650891,-0.2067936485059296,-0.9930359096667656,0.3463747405657969,-0.3145706444783804,0.5597316562447958,1.148646734808242,1.147834027209864,True,-2.0913269913901464,0.2492826136349397,2.887045717196198,0,0,0,1000
-0.9991010426086644,-1.504538350292509,-1.2533082112094172,8,0.1375937362098796,1.6011509748292447,1,-1.049768152404038,3,-0.805897272154619,-0.2067936485059296,-0.984393530544465,-1.3364585253563883,0.917064103595252,1.693617622320221,-1.104922736590606,0.6483780985157398,True,0.2689146806649521,1.0100376685826544,-0.7482462462184963,0,0,0,1000
-0.9977220211557882,-1.1975434440908437,-0.5832771298424037,25,1.0862683473133607,1.2910915199440256,1,-1.49949295554867,3,0.3110669241976558,1.4528410002061956,-0.811315387153473,0.5062883358415035,-0.991969755918878,-1.3528470817137532,-1.1988214645655582,0.6761256501098578,True,-0.2280382573110693,-0.1814382227349132,1.9751586826941785,0,0,0,1000
-0.9963429997029124,1.293301590318122,1.0023087539189257,24,1.6766669084788248,-0.465912057738883,2,-0.93733695161788,3,1.58784382216041,-0.2067936485059296,-0.8933471643341336,1.4368866592854712,-0.376152381882062,-1.6670564458069432,-0.3537329127909901,0.1766697214157337,True,-1.895655918253059,1.5915097628074644,0.6959490673414483,0,0,0,1000
-0.9949639782500362,-0.674256672156187,0.0824242751534734,12,0.0013479144024648,0.843227862887598,0,0.4680530582090954,0,1.3522922991925097,-0.2067936485059296,-1.234142943851528,-0.9408866843324528,1.2865545280173418,0.8056346368394663,1.2023031507939286,-0.4199026378578032,True,-1.3165672190050013,0.1114617125565666,-1.062827355232711,0,0,0,1000
-0.9935849567971602,-0.6114622595240282,1.9497160175867077,40,1.5908825021556376,0.0164026498603468,2,-0.8249057508317219,1,-1.3859719465647844,-0.2067936485059296,0.7868527907540604,1.4932141024568768,-0.2683843414256192,-1.4211534652122726,-0.5012880567516289,0.1350483940245568,True,-1.162863226832647,-2.702251704143188,0.669696282257856,0,0,0,1000
-0.992205935344284,-0.8626399100526634,-1.1029270023315842,5,0.944976383957523,-0.224754703939268,2,1.7610118672499129,2,-0.6011506974392071,-0.2067936485059296,0.6399883670710027,1.4935222844594145,-0.6840610689004701,-0.6287994166294454,-0.876882968651437,-0.0175631397430922,False,1.742915369402587,0.6630253366761659,0.6695580932735424,0,0,0,1000
-0.9908269138914084,0.4211569704270275,1.270459792841519,7,-0.7303426101188368,0.2231089531171596,0,1.3112870641052805,2,0.6751506888007894,-0.2067936485059296,0.500752200619604,0.1111778972507456,-1.4846236551483312,-0.5604930331309258,-1.6012445844582095,0.0518057392422027,True,-0.7697075922219151,0.8577518042306599,8.99458548209541,0,0,0,1000
-0.9894478924385324,-0.4579648064231956,-1.0805481222020414,6,0.6321156079553112,-1.6372477761941553,2,-0.5438277488663268,1,0.8774958557738228,-0.2067936485059296,0.2794164731417112,-0.2078690443747515,-0.7610382406550722,-1.544104955509608,-1.6951433124331614,-0.9748536697401632,True,1.3599645953437527,-0.9481764991964776,-4.81072342483817,0,0,0,1000
-0.9880688709856562,1.0839868815442593,-0.1395743760092605,27,0.965160950151214,-1.1893841191377277,1,-0.8249057508317219,1,-0.9797908625831016,-0.2067936485059296,0.967257947287969,1.6626637107560145,0.7477143257351275,0.3138286756501251,0.7059813029263252,0.4263976857627958,True,1.1068323232972297,0.1367536982646115,0.6014444973968005,0,0,0,1000
-0.9866898495327804,-1.0859089327447835,0.0986894006863087,23,0.2435627087267578,-1.6027967256513531,2,-1.443277355155591,3,0.9119708027708356,-0.2067936485059296,-1.5069564165315883,-0.6687170328831795,-0.8380154124096743,0.0542644183557506,1.6181403746830016,1.605668628512811,True,-1.605645817217897,0.0900018519688656,-1.4954010446370638,0,0,0,1000
-0.9853108280799042,0.4420884413044137,-1.030541618159808,39,0.4100853798247092,0.5676194585451809,2,-0.0378873453286157,1,0.6751506888007894,-0.2067936485059296,1.1110481309327331,-1.195083187510861,0.4705965074185602,-0.5058479263321101,0.3169722870300955,-0.0453106913372102,False,2.141589749092541,-0.6957708833384745,-0.8367619042143897,0,0,0,1000
-0.9839318066270282,1.502616299091985,0.9008516566821289,26,-0.3417897108902835,-0.5692652093672893,2,0.5804842589952534,1,-0.805897272154619,-0.2067936485059296,0.9612126797796504,-0.3869160409266391,-1.4230419177446496,-0.4238802661338866,0.3706287030157824,-0.6141354990166293,False,0.0603610230975215,-0.725993892736097,-2.584540708260981,0,0,0,1000
-0.982552785174152,0.4560427552226713,1.1198367940258886,6,-1.4014794360590652,-0.0524994512252573,0,-0.0378873453286157,1,-0.1530404922217351,-0.2067936485059296,-1.3589932517926395,1.3900806470794669,0.6553417196296051,0.6143767630436114,0.5852543669585298,0.0518057392422027,False,-2.4788300458185284,-0.1713803741657318,0.719382670467871,0,0,0,1000
-0.9811737637212764,-0.7230967708700883,0.6750407438179611,15,-0.1399440489533727,-0.0180484006824552,0,-0.6000433492594058,1,-0.8440511312458903,-0.2067936485059296,-1.2326137731059168,0.3747674222268312,-0.0220573918108927,-0.9839926108217472,0.4511133269943127,0.911979838659861,True,-1.9076545169238777,-0.5697689034566172,2.668320867448972,0,0,0,1000
-0.9797947422684002,-1.4208124667829638,-0.037303985602026,36,-1.2400029065095366,-1.258286220223332,1,-1.49949295554867,3,0.9119708027708356,-0.2067936485059296,-1.4232900168014362,0.638289586800526,-1.06894692767348,0.9422474038365056,-0.0049662088840255,-1.071970100319576,False,-1.38598603119941,-0.0340201456960313,1.566686757877248,0,0,0,1000
-0.9784157208155242,-1.6929215881889852,0.8024894293271926,42,1.611067068349329,-1.6372477761941553,1,-0.5438277488663268,0,0.485465530333871,-0.2067936485059296,0.9586092667378076,-0.4619035125949046,-0.0528482605127335,0.3001673989504212,-1.6817292084367397,0.8981060628628018,True,0.156119837410615,0.389580956395651,-2.1649547778444607,0,0,0,1000
-0.9770366993626484,1.4258675725415682,-0.7620823525948475,13,-0.8968652812167882,0.0853047509459511,0,-1.162199353190196,3,1.1655389904582625,4.772110297630446,-0.945723307485542,-0.809385358556925,1.6560449524394316,1.0651988941338408,-1.104922736590606,-1.0164749971313405,True,-0.1836409548906945,-0.888236695889456,-1.235505575902046,0,0,0,1000
-0.9756576779097722,-1.4487210946194786,-0.5511002467332751,5,-1.522586833221212,-0.8448736137097064,1,-0.9935525520109588,3,0.8192481196371983,-0.2067936485059296,-1.5208240713255896,-0.5747062871232556,-0.4377341192857437,1.5160210252240702,1.4705852307223628,-0.7806208085813373,True,-0.9697238245923144,-0.4514878408678316,-1.7400195480852425,0,0,0,1000
-0.9742786564568962,0.0443904946340747,-0.9543080643829251,5,1.2881140092502714,-1.1893841191377277,2,-0.3189653472940107,0,-1.3859719465647844,-0.2067936485059296,0.5212019387521541,-1.731595407529991,0.4398056387167194,0.2728448455510134,1.3364441907581457,0.5790092195304448,True,1.4755100031350794,1.3226442056152743,-0.5775021424760243,0,0,0,1000
-0.97289963500402,0.7281518766286927,-0.9240572738668992,33,0.2536549918236033,-0.0869505017680595,2,-1.330846154369433,3,0.7956636066243687,-0.2067936485059296,-1.021105983553099,-1.571846785388411,-0.2068026040219376,0.1225708018542703,-0.4878739527552072,0.7177469775010348,True,-0.0970487096861998,-0.735238743252419,-0.6361943625264541,0,0,0,1000
-0.9715206135511444,1.488661985173727,-0.6905027971701837,31,1.5908825021556376,1.670053075914849,0,0.6366998593883324,0,1.890643953049121,4.772110297630446,0.7434961257467275,-0.7722169984952454,-1.0073651902697986,-0.5331704797315179,0.5450120549692647,0.7316207532980938,True,1.4339989229169112,-1.3054949380333116,-1.294972956365778,0,0,0,1000
-0.9701415920982682,-0.6323937304014146,0.1736640728238559,14,-1.229910623412691,0.1542068520315554,1,0.5242686586021743,1,0.8309784133015728,-0.2067936485059296,0.8460823564851483,-0.2733234411954575,1.6252540837375906,-0.4102189894341826,1.5510698547008932,1.439183318948103,True,0.6724182836612924,0.1443110956826566,-3.658670333921044,0,0,0,1000
-0.9687625706453922,-1.1347490314586848,1.2570353874374982,16,1.626205492994597,1.7389551770004534,0,1.0864246625329643,0,0.2269731747650891,-0.2067936485059296,0.7084608739153004,1.4935536250020451,0.3166421639093562,1.2837793213291036,-0.0586226248697124,1.411435767353985,True,-0.5485745135221978,0.2853133126787528,0.6695440433511226,0,0,0,1000
-0.9673835491925162,0.4979056969774438,-1.223757814112041,29,1.3789445571218812,-1.3271883213089362,0,-0.6000433492594058,0,0.4984746518105413,-0.2067936485059296,1.2108281725866314,-0.8759020691872252,1.2403682249645809,-0.5468317564312217,-0.6354290967158461,-1.1413389793048714,True,2.4345859866986723,-0.6100122502899288,-1.1416802737958551,0,0,0,1000
-0.9660045277396402,1.265392962481607,2.031259964710457,2,0.1779628685972618,0.7054236607163894,1,-1.443277355155591,3,-0.7117529458539462,-0.2067936485059296,-0.852353469285069,-0.4809315748250207,-0.791829109356913,1.679956345620517,0.5852543669585298,-0.8916110149578094,True,-2.883613433995526,-1.4457552636778508,-2.0792983041166813,0,0,0,1000
-0.964625506286764,-1.1556805023360712,-1.6340360135957663,11,-0.377112701729243,-1.292737270766134,0,-0.6562589496524849,1,-1.512971918718622,-0.2067936485059296,-0.4393265767389872,1.6906619151009477,-0.0220573918108927,-0.5741543098306296,0.2901440790372521,1.050717596630451,False,1.1947094368567792,2.472250602745315,0.5914842772050397,0,0,0,1000
-0.963246484833888,1.0491010967486154,1.4960112120113844,17,-1.1138493677989674,-1.1549330685949255,2,-0.7686901504386429,0,0.3928177842655264,-0.2067936485059296,0.68210163384011,-0.0010603122249342,0.7323188913842071,0.4504414426471644,-1.3463766085261968,-0.2950386556842722,True,-0.8139095781712744,0.5876598095386967,-943.2073847875408,1,1,1,500
-0.9618674633810124,0.4630199121818,0.2396452690624824,2,0.2587011333720261,0.5331684080023787,1,1.0302090621398854,0,0.0509267047203175,-0.2067936485059296,1.3891027344315146,-1.1955629807485684,1.255763659315501,1.3384244281279192,1.0279197988404465,1.355940664165749,True,1.149457465369032,0.012204343855166,-0.8364261019661952,0,0,0,1000
-0.9604884419281362,-1.5184926642107663,0.6074663753658885,13,0.4454083706636687,-0.224754703939268,1,-1.049768152404038,3,1.0022523781171095,-0.2067936485059296,-1.220047377029353,1.0513433566181185,0.8246914974897296,0.4914252727462762,-0.9573675926299672,-1.8905228723460572,False,-1.8275137523952412,0.6088346193366425,0.9511639547524496,0,0,0,1000
-0.95910942047526,-0.9393886366030798,-1.3823805452079998,41,-1.4771715592854069,-1.5683456751085512,1,1.9858742688222288,2,-1.2819289279963564,-0.2067936485059296,-0.1962220848245798,-1.1387961170523584,-0.9457834528661168,0.5597316562447958,-0.1391072488482427,0.3847763583716188,False,1.18615846038342,1.7721136104015098,-0.878120387695405,0,0,0,1000
-0.9577303990223842,0.35138540083574,-0.585885502629075,40,-1.6436942303833584,-1.5683456751085512,0,1.2550714637122016,0,-0.8632335084751533,-0.2067936485059296,0.5719417355599586,1.5688531962406769,0.8092960631388092,-0.669783246728557,0.9206069668690726,0.2876599277922058,True,1.1578272381890335,0.5057559979992251,0.6374082282876439,0,0,0,1000
-0.9563513775695082,-0.2277186267719466,-0.688713295407609,41,0.6623924572458478,-1.6027967256513531,2,-0.4313965480801688,0,1.925894152550876,-0.2067936485059296,1.118336142807522,-1.3358331291810412,1.5020906089302275,-1.1752504846176022,-1.574416376465366,-1.8905228723460572,True,1.807049438215131,-1.326388908409558,-0.7485965522300865,0,0,0,1000
-0.954972356116632,-0.1788785280580454,-1.5315123347436312,13,0.9096533931185636,0.1197558014887532,2,-0.4313965480801688,1,-0.9018081025139288,-0.2067936485059296,0.4605234648004465,1.248774628420245,-1.2690875742354455,-0.0140419651427689,0.0352761031052395,0.2182910488069108,True,1.9920357995440776,1.381130232571831,0.8007849432259443,0,0,0,1000
-0.9535933346637564,1.125849823299032,0.6388143070620068,15,-1.451940851543293,-0.1558526028536637,1,-1.330846154369433,3,0.0810536478232512,1.4528410002061956,-1.4216220906252066,-1.4964941093414326,-0.4993158566894253,1.6389725155214054,1.457171126725941,0.1489221698216158,True,-2.060436397687213,0.0517782298690581,-0.6682285353351154,0,0,0,1000
-0.9522143132108802,-1.1347490314586848,-1.3599686945614322,3,-1.4418485684464477,0.4987173574595767,1,-0.93733695161788,3,-0.805897272154619,-0.2067936485059296,-0.9144131053229584,-1.3178945860926643,0.3936193356639582,-1.4348147419119766,1.148646734808242,-0.4753977410460392,False,0.4455555892384737,1.0959950611627365,-0.7587860868625621,0,0,0,1000
-0.950835291758004,-0.2277186267719466,0.4809894901266184,10,1.1821450367333932,1.1532873177728171,0,0.8615622609606484,0,0.537177286385998,-0.2067936485059296,-1.2824878069349757,0.1959685383041051,1.6252540837375906,-1.325524528314345,0.3438004950229389,-0.1008057945254462,True,-1.763477297061594,0.2583766290864017,5.102857317649955,0,0,0,1000
-0.949456270305128,-0.074221173671114,0.5875749867302416,20,-0.8060347333451784,-0.0524994512252573,2,1.7047962668568335,2,-1.302606210010628,-0.2067936485059296,-0.6469357992188005,-0.9690807670688296,0.7323188913842071,0.5460703795450919,-0.0049662088840255,-0.0036893639460332,False,-1.234510785949042,-0.765378826561725,-1.0319058402276169,0,0,0,1000
-0.9480772488522522,0.3304539299583537,-0.2800905116908804,41,0.0114401974993103,-0.2936568050248722,1,0.4118374578160163,2,-0.6194028630245529,-0.2067936485059296,0.399527058242143,0.2719899214152054,0.6245508509277643,-1.0932828244193786,1.4303429187330976,0.3986501341686778,False,0.6796175699330235,0.1734888648473433,3.676605468086101,0,0,0,1000
-0.946698227399376,1.4537762003780834,-0.2381852973087765,28,-1.0078803952820894,1.35999362102963,1,-1.162199353190196,3,-0.9018081025139288,-0.2067936485059296,-1.2467940823048014,-1.4015287828872085,0.6861325883314459,0.0952482484548624,-0.8366406566621718,1.439183318948103,True,-1.0086087849960248,0.2147974310127437,-0.7135066247377526,0,0,0,1000
-0.9453192059465,1.202598549849448,0.2481576588147079,3,-1.6790172212223178,1.0499341661444108,0,-0.2627497469009318,1,0.3793476208697771,-0.2067936485059296,0.3394891095123389,0.0741294582931606,0.9786458409989336,-0.164316008839512,-0.2464200808196164,1.522425973730457,False,0.091331450697631,0.0941380174719733,13.489895569663222,0,0,0,1000
-0.9439401844936244,1.2723701194407355,-1.2446790985411509,0,0.349531681243636,-0.7759715126241021,2,-1.162199353190196,3,-1.840507443699069,-0.2067936485059296,-1.1963359487895937,-0.6784413068050533,-1.253692139884525,-0.7790734603261885,1.6583826866722668,-1.0858438761166351,True,0.0483431497515571,2.290841145881635,-1.473967073299168,0,0,0,1000
-0.942561163040748,1.5305249269284995,-0.5744303247828135,34,-0.5032662404398122,0.4298152563739724,1,0.4118374578160163,1,1.578306680802934,-0.2067936485059296,0.717652573152563,-0.99825979165018,0.8862732348934113,-0.3692351593350709,0.1023466230873481,-0.8638634633636911,False,1.2920828979353765,-0.9066272192605138,-1.0017433423029865,0,0,0,1000
-0.941182141587872,1.460753357337212,0.5886515508068721,26,-1.3106488881874556,-0.9137757147953108,1,0.3556218574229373,2,0.7479871380105251,-0.2067936485059296,0.3708789866261274,1.4650834625550622,0.5937599822259234,1.4477146417255506,-0.8232265526657501,0.2599123761980878,True,-0.2177725641807447,0.4403037887734894,0.6825549242092579,0,0,0,1000
-0.939803120134996,-0.4230790216275518,0.0475653977869424,12,1.1064529135070518,0.326462104745566,2,-1.049768152404038,1,0.625667627837102,-0.2067936485059296,0.1875152123968307,0.5720298033270024,0.3012467295584358,1.2974405980288075,0.437699222997891,0.2044172730098518,False,0.1399498146098883,0.0297601296004844,1.7481603569741135,0,0,0,1000
-0.9384240986821202,-1.637104332515955,-1.3207135976771922,39,1.3082985754439624,-1.6027967256513531,0,1.5361494656775965,2,0.0204634203862926,-0.2067936485059296,-0.2371445118758524,-1.2707281576464045,1.1633910532099787,1.6389725155214054,0.1694171430694566,-0.6280092748136883,True,1.0835690858013398,-0.0270263175591613,-0.7869504367851632,0,0,0,1000
-0.937045077229244,0.6514031500782764,-0.7011882215515957,10,0.8894688269248725,-0.3625589061104765,0,1.4237182648914386,0,1.3825332066107927,-0.2067936485059296,-1.031795828725779,0.3085320147309094,-0.5147112910403457,1.6253112388217017,-1.6146586884546312,-0.7389994811901603,True,-0.3306076071741832,-0.9694160003794464,3.241153683052294,0,0,0,1000
-0.935666055776368,-1.637104332515955,0.1752640099576924,14,-1.1996337741221546,0.2920110542027639,2,-0.8811213512248008,0,0.4461042836433006,-0.2067936485059296,0.703742562010822,1.6439077018473474,0.4705965074185602,-0.5058479263321101,0.3169722870300955,-0.0453106913372102,True,0.5284785520531295,0.0781860256106286,0.6083066208921488,0,0,0,1000
-0.934287034323492,0.3164996160400962,-1.176409203803193,9,1.4495905387998,-0.0180484006824552,0,-1.443277355155591,3,0.8774958557738228,-0.2067936485059296,-0.9743247248594492,1.4652692205629476,-0.6994565032513905,1.7209401757196288,1.577898062693737,0.9952224934422148,True,0.2020844789437438,-1.0322942010314844,0.6824683940122394,0,0,0,1000
-0.932908012870616,-0.3951703937910368,0.524891598163228,5,-1.2046799156705774,-0.3970099566532786,0,1.3675026644983594,2,-1.751781892697946,-0.2067936485059296,0.3960876783561714,-0.6503304723850402,1.2865545280173418,-1.4348147419119766,0.0218619991088178,-0.2395435524960362,True,-0.1288039198070565,-0.9194955972916292,-1.537679989222357,0,0,0,1000
-0.93152899141774,0.8816493297295254,-0.5992707871513597,22,-1.5932328148991306,0.7398747112591916,2,0.5242686586021743,1,0.7719110874194387,-0.2067936485059296,-1.2092380345496685,1.108000310772463,-0.0528482605127335,1.570666132022886,-1.5073458564832574,-1.3910669436519334,True,-0.6099672473983088,-0.462583764968709,0.9025267412155844,0,0,0,1000
-0.930149969964864,-0.304467353322363,-0.8639808188186582,19,1.035806931829133,-1.5683456751085512,1,1.2550714637122016,0,-1.9077023575485812,-0.2067936485059296,0.328920017113496,-0.7253719194322811,0.5937599822259234,0.163554631953382,1.510827542711628,0.6206305469216218,False,1.1929008359321542,1.648218244937108,-1.3786033220626894,0,0,0,1000
-0.9287709485119882,1.5584335547650146,0.3884628385417656,17,-0.5991429298598449,-0.9826778158809149,2,-1.330846154369433,3,-0.45778839002166,-0.2067936485059296,-1.1438892145821054,1.5219607798997803,0.8708778005424909,1.3247631514282154,-1.386618920515462,1.591794852715752,True,-1.532352053123871,-0.1778337774392789,0.6570471115301261,0,0,0,1000
-0.927391927059112,-1.5743099198837964,1.0381771341479515,30,0.6270694664068884,-1.120482018052123,1,-1.105983752797117,3,0.6874037218721623,-0.2067936485059296,-0.9407102233512118,-0.3118903729720423,1.6098586493866702,-1.011315164221155,1.0815762148261332,0.3292812551833828,True,-1.9788873574991637,0.7136468259758769,-3.206255810644147,0,0,0,1000
-0.926012905606236,-0.6882109860744444,1.768112000228127,35,-0.6950196192798775,-1.4649925234801446,0,-0.0941029457216947,0,0.7956636066243687,-0.2067936485059296,0.4611446576043166,-1.2043383326852282,-0.3607569475311417,-0.2326223923380316,1.5913121666901584,0.0240581876480847,True,-1.3069673426238104,1.4068223710173382,-0.8303315238696446,0,0,0,1000
-0.92463388415336,0.7700148183834652,-0.7821598366788165,42,-0.3821588432776657,1.2221894188584217,2,-0.3189653472940107,0,-1.3859719465647844,-0.2067936485059296,0.4507540452810369,1.399554849588265,-1.022760624620719,-0.6287994166294454,-0.6622573047086895,0.6206305469216218,True,1.2329138819598535,1.0840515913665332,0.7145128530281644,0,0,0,1000
-0.923254862700484,-0.5486678468918694,-0.8987334244043163,8,0.6523001741490023,-1.22383516968053,1,0.8053466605675694,2,0.6505043648705744,-0.2067936485059296,0.4068290565641463,-1.7129003385653283,0.6707371539805255,-1.1069441011190826,-0.1659354568410861,-1.6130473564048773,True,1.3055624809684625,-0.5846300154300861,-0.583805161261212,0,0,0,1000
-0.921875841247608,1.237484334645092,-1.1271798680786551,41,0.0164863390477331,-0.2592057544820701,2,1.3112870641052805,0,-1.3233493238148013,-0.2067936485059296,1.9529634126188844,0.2430207043553563,-0.9611788872170371,1.6662950689208131,-0.0586226248697124,-0.1840484493078002,True,3.0801432806975395,1.4916527162395452,4.1148740440252745,0,0,0,1000
-0.920496819794732,1.1607356080946756,-0.1864996975736583,9,-1.2046799156705774,-0.8104225631669043,1,1.7610118672499129,2,-0.268553453715343,4.772110297630446,0.0770302550281388,-0.1516349699032673,-1.1613195337790023,1.1198440009326565,0.3974569110086258,0.1627959456186748,False,0.2635299526017972,0.0500851379002729,-6.594789184294693,0,0,0,1000
-0.919117798341856,-0.7300739278292171,1.0483096640949428,18,-1.2097260572190005,-0.3970099566532786,2,-1.274630553976354,3,-0.45778839002166,-0.2067936485059296,-0.8615457711584033,1.033508955541192,-0.6224793314967885,-1.011315164221155,1.0279197988404465,0.3986501341686778,True,-1.909855435253346,-0.4799039933701711,0.967577395319826,0,0,0,1000
-0.91773877688898,1.3770274738276669,-1.545595294643244,21,0.6573463156974251,1.0843852166872128,2,0.5242686586021743,0,0.6996106650189345,-0.2067936485059296,1.7375078389901806,-0.6785772246444493,-1.1613195337790023,0.518747826145684,-1.158579152576293,1.522425973730457,True,3.2831031336334244,-1.081314951935496,-1.4736718402111846,0,0,0,1000
-0.916359755436104,-1.337086583273419,-0.0705163951504439,40,0.1275014531130341,1.0154831156016086,1,-0.9935525520109588,3,-0.4226946174867851,-0.2067936485059296,-1.0917832184785603,-0.4811439940584081,-0.2529889070746988,-1.6943789992063512,1.1084044228189769,-0.0453106913372102,False,-1.0212668233281166,0.0298069006746638,-2.078380318962555,0,0,0,1000
-0.914980733983228,1.2165528637677054,-0.6837404681409579,24,1.363806132476613,-0.3970099566532786,1,-0.9935525520109588,3,-0.6194028630245529,-0.2067936485059296,-1.0105003152634586,-1.138496205470793,1.6560449524394316,-1.4348147419119766,0.4242851190014692,-0.6835043780019243,True,-0.3267598471225007,0.4235108035322574,-0.8783517090613834,0,0,0,1000
-0.913601712530352,-1.4626754085377365,-0.4436948451024743,13,-0.6142813545051131,-0.6726183609956957,0,-1.443277355155591,3,1.764891573685902,3.1124756489183207,-1.461601999801799,1.2683059892950417,-1.5462053925520127,-1.339185805014049,-0.2732482888124598,-0.1424271219166232,True,-1.0179071546993248,-0.7830732934092284,0.78845320419129,0,0,0,1000
-0.912222691077476,-1.3789495250281911,0.45352157420471,25,1.5151903789292962,-0.5692652093672893,0,0.2431906566367793,1,0.537177286385998,4.772110297630446,1.11983887993579,-0.6029558687372075,1.4405088715265455,0.3957963358483486,-0.0049662088840255,-0.1563008977136822,True,0.6663173057310798,0.2436214885487922,-1.658496446753195,0,0,0,1000
-0.9108436696246002,1.5305249269284995,0.5739323777366052,9,0.061901612983538,-1.4649925234801446,1,-0.2065341465078527,1,1.280775265620233,-0.2067936485059296,1.1437478607924618,-1.7125685423344892,0.2550604265056745,-0.4921866496324061,1.0010915908476028,-1.2107078582901665,True,0.5698154830558566,0.7350783935436523,-0.583918268771115,0,0,0,1000
-0.909464648171724,-1.4626754085377365,-0.4542836804332237,5,-0.7808040256030646,1.7045041264576513,1,-0.0378873453286157,1,0.6751506888007894,-0.2067936485059296,-1.1405670388479006,0.1868170998558743,-0.0066619574599723,-1.4621372953113845,-0.4476316407659421,-1.5020571500284052,True,-0.6862833584146768,-0.3067099397554487,5.352826189298842,0,0,0,1000
-0.908085626718848,0.1630021629392635,-0.3185784514559087,27,-1.5478175409633257,-0.8104225631669043,0,0.2431906566367793,1,0.1549618143491789,-0.2067936485059296,1.1116560801354485,0.7226376515105523,-0.8226199780587538,0.341151229049533,-0.0317944168768689,-0.7806208085813373,True,1.4302345315913572,-0.0493674948501594,1.383819206662908,0,0,0,1000
-0.906706605265972,-1.071954618826526,1.577196402114228,6,1.03076079028071,0.7398747112591916,2,1.1988558633191224,2,-0.2185719381821825,-0.2067936485059296,-0.0524167568679761,0.1489310631322121,-1.669368867359376,1.693617622320221,-0.4342175367695203,-0.0175631397430922,False,-1.629613158982204,-0.3447308745040718,6.714511449240883,0,0,0,1000
-0.905327583813096,-0.2626044115675904,0.8442183954091783,28,0.5463312016321241,-1.430541472937343,0,0.5804842589952534,2,0.0357374403789397,-0.2067936485059296,0.6348208906759304,-0.4802376212126685,-1.592391695604774,0.8602797436382821,0.6120825749513732,0.2460386004010288,True,-0.2093975047332479,0.0301702045727397,-2.082302935170198,0,0,0,1000
-0.90394856236022,-0.4509876494640668,-0.6570255047222782,33,0.4857775030510508,0.6365215596307852,2,0.6929154597814113,0,-1.0988248781928884,-0.2067936485059296,1.3063464842952277,1.10809476768567,1.1326001845081377,-1.0386377176205628,0.9876774868511812,-1.6407949079989952,True,1.9633719890175056,0.7219559701960784,0.9024498074687112,0,0,0,1000
-0.902569540907344,1.2863244333589932,0.5156309134085721,10,1.6867591915756703,-1.120482018052123,2,-0.6000433492594058,0,-0.7117529458539462,-0.2067936485059296,1.150290354207326,1.6250033694678263,-0.1452208666182559,0.3684737824489408,-0.0720367288661341,1.605668628512811,True,0.6346594407987538,-0.3670018215919123,0.6153833015061135,0,0,0,1000
-0.9011905194544682,-0.9882287353169812,1.2804519026845007,10,-1.6992017874160088,-1.0860309675093214,0,0.1307594558506213,0,-0.057165238718669,-0.2067936485059296,-1.0755587649006184,0.7131308026031804,1.563672346333909,-0.4238802661338866,0.2230735590551435,0.2876599277922058,True,-2.356010667585119,-0.0731973386847334,1.4022670961946058,0,0,0,1000
-0.8998114980015921,-0.3184216672406205,1.4950393849394656,36,0.2031935763393756,0.2920110542027639,1,-1.274630553976354,3,-1.6205716478482672,-0.2067936485059296,-1.0729316610808677,-1.307526960476228,-1.3768556146918882,0.0132805882566389,-0.7024996166979546,0.7316207532980938,True,-2.5679710460203333,-2.4228184396494097,-0.7648026440051715,0,0,0,1000
-0.898432476548716,1.0211924689121004,-0.2098881724865517,7,0.1325475946614568,1.428895722115234,1,-1.049768152404038,3,0.7956636066243687,-0.2067936485059296,-1.1523741382379045,0.5724563829350344,0.5167828104713215,-0.0413645185421767,0.2230735590551435,-1.3216980646666383,True,-0.9424859657513528,-0.1670003803084473,1.7468576735700725,0,0,0,1000
-0.8970534550958399,0.4281341273861563,-1.5796372130013632,19,-1.406525577607488,-0.7415204620813,1,1.8734430680360703,2,1.934661294856368,-0.2067936485059296,0.3508368001600453,-0.0863554489575887,0.7169234570332866,0.4367801659474605,-0.1793495608375078,-0.2672911040901542,True,1.9304740131614089,-3.0560629759085214,-11.580058584339977,0,0,0,1000
-0.8956744336429641,-0.1649242141397879,-0.2093937165199986,11,0.0820861791772291,1.394444671572432,0,-0.9935525520109588,3,-1.4280464114595173,-0.2067936485059296,-0.8960632940897412,1.1927043300482731,-1.5000190894992516,-1.0522989943202667,1.457171126725941,1.439183318948103,True,-0.6866695775697426,0.2990239454585555,0.8384306914660544,0,0,0,1000
-0.894295412190088,-0.6882109860744444,-1.3295285428787278,28,-1.6689249381254725,-0.9482267653381128,2,-1.105983752797117,3,0.957405412360788,4.772110297630446,-0.9587552359118138,-0.0109968965588668,-1.6847643017102962,-0.3692351593350709,0.8401223428905423,-1.3633193920578153,True,0.370773306966914,-1.272897822840246,-90.9355733414641,0,0,0,1000
-0.892916390737212,1.125849823299032,-0.5715382317268465,9,0.944976383957523,-0.6037162599100915,2,0.8615622609606484,0,0.1403364078873898,-0.2067936485059296,1.7451989695232446,0.6102912736342643,-1.1305286650771618,0.9559086805362094,1.5242416467080495,1.522425973730457,True,2.316737201250091,-0.0802076224108562,1.6385615841905716,0,0,0,1000
-0.8915373692843361,1.5863421826015296,-1.110301032129616,12,0.3949469551794409,-0.0180484006824552,0,-0.8249057508317219,0,-0.1207564839209342,-0.2067936485059296,1.0125238708331483,0.657482839807426,-1.5769962612538535,0.5324091028453879,1.564483958697315,0.4818927889510318,True,2.1228249029627646,0.1340760487337567,1.520952011763067,0,0,0,1000
-0.8901583478314601,-1.1905662871317149,0.8147687250674406,24,-1.3762487283169516,-0.6037162599100915,2,0.6366998593883324,2,0.9005177508105646,-0.2067936485059296,0.4667681435601067,-1.467873446997024,-0.8842017154624353,-0.164316008839512,0.8401223428905423,-1.8905228723460572,False,-0.3480005815073338,0.7337136997285229,-0.6812576861932949,0,0,0,1000
-0.8887793263785839,-0.0602668597528565,-1.304481256786947,6,-1.3308334543811466,-0.7070694115384979,1,-0.7124745500455638,1,0.2972190748525578,-0.2067936485059296,0.9396044414585988,1.0519780026063943,1.255763659315501,1.4886984718246623,0.3438004950229389,0.8564847354716248,True,2.244085698245546,-0.3877167123047183,0.950590128751147,0,0,0,1000
-0.8874003049257079,-0.6951881430335732,-1.2990549468755233,24,1.6918053331240932,-0.7415204620813,1,1.1426402629260437,0,-0.3706226321335793,-0.2067936485059296,1.0562850849150722,-0.2177247744615495,1.4097180028247052,-0.8063960137255962,-0.8098124486693283,-0.0175631397430922,True,2.3553400317905955,0.4814591636971534,-4.592956689328298,0,0,0,1000
-0.886021283472832,-1.1487033453769424,-1.619438932806311,13,0.1830090101456845,-1.5683456751085512,0,1.8734430680360703,2,-0.0258635578477847,-0.2067936485059296,0.7588830561411912,-1.571405950186335,-1.0535514933225598,-0.8747023972241159,-0.7024996166979546,-0.6973781537989833,True,2.3783219889475022,0.0418844525195908,-0.6363728376608891,0,0,0,1000
-0.884642262019956,1.4956391421328556,2.076083094493385,13,1.4394982557029543,-0.6037162599100915,1,-1.330846154369433,3,1.501171318379266,-0.2067936485059296,-1.2895582375465104,-0.6402539438225541,-1.3152738772882069,0.2865061222507173,-0.729327824690798,-0.1008057945254462,False,-3.365641332039896,3.116556396025541,-1.5618805098140875,0,0,0,1000
-0.8832632405670799,0.7490833475060791,-0.4474754832343331,20,0.0467631883382697,0.912129963973202,2,0.2994062570298583,1,-0.4754482043131202,-0.2067936485059296,-0.691550150958344,0.5255146705322915,0.5167828104713215,-0.0413645185421767,0.2230735590551435,-1.3216980646666383,False,-0.2440746677240108,0.2127514149779094,1.9028960860359925,0,0,0,1000
-0.8818842191142041,-1.5673327629246676,0.2153113341725729,35,-1.2702797558000734,0.4987173574595767,0,-0.93733695161788,1,0.7956636066243687,-0.2067936485059296,-0.5133969934805629,0.7034253547711509,1.301949962368262,-1.4211534652122726,0.759637718912012,0.2876599277922058,False,-0.7287083276531358,0.171315392694854,1.4216147471167864,0,0,0,1000
-0.880505197661328,0.7979234462199803,-0.6217987760054906,0,1.383990698670304,-1.3271883213089362,2,-0.93733695161788,1,0.4195783825648011,-0.2067936485059296,1.189621641046117,-0.5746989960942407,1.1787864875608989,0.4914252727462762,0.4511133269943127,-0.7944945843783963,True,1.8114204170516075,-0.2608933247171568,-1.7400416231807363,0,0,0,1000
-0.8791261762084519,-0.5486678468918694,-0.2345442889989235,37,-0.8564961488294062,1.1877383683156193,0,0.6929154597814113,2,0.8192481196371983,-0.2067936485059296,0.4864519623659774,-0.4809407158166214,-0.8995971498133557,0.3548125057492369,0.4645274309907343,1.577921076918693,True,0.7209962513649009,-0.1921499677340117,-2.079258783960329,0,0,0,1000
-0.8777471547555759,-0.8277541252570195,-0.2507356377758271,28,0.5766080509226608,0.4987173574595767,0,1.4237182648914386,0,0.4592810194835228,1.4528410002061956,1.7613754066108158,-1.440214329911945,0.0857106486455501,-0.3145900525362552,-0.5012880567516289,-0.1563008977136822,True,2.012111044386643,-0.1151581193385331,-0.6943411467758794,0,0,0,1000
-0.8763681333027,-0.4579648064231956,0.8038294370791012,24,-0.1046210581144133,0.1542068520315554,1,0.3556218574229373,2,-0.564866129107652,-0.2067936485059296,0.5456715376903478,-1.242827892497193,-0.5762930284440273,-1.7490241060051668,0.5047697429799994,0.4402714615598547,True,-0.2581578993887533,-0.4540560225856547,-0.8046167023596382,0,0,0,1000
-0.874989111849824,-0.2067871558945604,0.7689793796544981,33,1.5706979359619466,0.2920110542027639,1,1.0864246625329643,2,-1.512971918718622,-0.2067936485059296,-0.3970021096165015,-1.1863268793067028,1.3481362654210234,-0.4512028195332943,0.7193954069227468,0.2182910488069108,True,-1.1659814892709996,-1.1634442074909217,-0.8429380651631304,0,0,0,1000
-0.8736100903969479,0.7141975627104353,1.9320093840775343,11,-0.9422805551525932,-1.3960904223945405,2,-0.8249057508317219,0,-1.1592575015304638,-0.2067936485059296,1.2848219856040448,0.4591633683214324,-0.791829109356913,0.3274899523498291,0.1023466230873481,-0.6141354990166293,False,-0.6471873984734895,-2.2396963715191327,2.177873609274074,0,0,0,1000
-0.872231068944072,0.2746366742853237,0.5604407339558645,27,0.8945149684732954,-0.5692652093672893,1,-1.330846154369433,3,1.61631929993183,-0.2067936485059296,-1.3835263046974788,1.5214420286264414,-0.3453615131802212,1.037876340734433,0.9876774868511812,0.4263976857627958,False,-1.9439670386533436,0.905851174760824,0.6572711384709718,0,0,0,1000
-0.8708520474911959,1.2095757068085768,1.1779858715051916,30,-0.705111902376723,-0.1214015523108616,0,0.4680530582090954,1,-0.2351536375112642,-0.2067936485059296,0.3291437415557406,0.722426211669122,0.0241289112418684,-1.339185805014049,-0.5951867847265809,0.4402714615598547,True,-0.8488421299494511,-0.2770076626213225,1.3842242230762067,0,0,0,1000
-0.8694730260383199,0.8258320740564953,1.566034618003043,1,-0.9977881121852435,-0.1903036533964659,1,1.9296586684291497,2,-1.3441580977555516,-0.2067936485059296,-0.115284884965259,0.4503669050470283,-1.4538327864464902,-0.2326223923380316,0.8803646548798074,0.5373878921392677,False,-1.681319502968302,-2.1049981131543123,2.220411328524339,0,0,0,1000
-0.8680940045854438,1.4119132586233107,0.208685008930138,1,0.1779628685972618,0.9465810145160044,1,-1.387061754762512,3,1.5302741201584202,-0.2067936485059296,-1.4828435119042978,-0.1987765870866109,-0.4993158566894253,1.6389725155214054,1.457171126725941,0.1489221698216158,True,-1.6915285208344355,0.319345268430819,-5.030776097598906,0,0,0,1000
-0.866714983132568,1.0560782537077442,-1.424066027107341,27,-1.3812948698653742,1.1532873177728171,2,0.9739934617468065,2,-0.5829717049916499,-0.2067936485059296,-0.2391114194179828,-0.3489099742775537,-0.4993158566894253,-0.3555738826353669,1.3901006067438324,-1.3216980646666383,True,1.1849546076893585,0.8301901998434518,-2.866069646411072,0,0,0,1000
-0.865335961679692,0.7421061905469503,0.267333629716239,4,-1.4166178607043336,-0.8104225631669043,2,-0.3189653472940107,1,-0.2185719381821825,-0.2067936485059296,0.6781584754024911,-0.0198032625741717,0.4090147700148786,-0.4648640962329982,-0.0452085208732907,-0.8916110149578094,False,0.4108248456862521,-0.0584316295883562,-50.49698482525464,0,0,0,1000
-0.863956940226816,0.3164996160400962,0.6671748188002994,23,-1.426710143801179,1.0154831156016086,2,1.7047962668568335,2,-1.3233493238148013,-0.2067936485059296,-1.0174869567355052,0.5163118684169712,-1.222901271182684,-0.0413645185421767,1.3364441907581457,-1.0164749971313405,False,-1.6846617755358049,-0.8829053453256388,1.9368135181255464,0,0,0,1000
-0.86257791877394,0.9863066841164568,0.5506892625633737,4,-1.214772198767423,1.1877383683156193,0,1.8734430680360703,2,-0.6745960027047526,-0.2067936485059296,0.1571487536205227,-1.4308414400600544,1.2865545280173418,-1.4348147419119766,0.0218619991088178,-0.2395435524960362,False,-0.393540508942851,-0.3714927752576799,-0.6988895078737581,0,0,0,1000
-0.8611988973210639,-0.1788785280580454,1.5510934685209827,8,0.2031935763393756,1.0843852166872128,0,-1.387061754762512,3,-0.7304391794012987,-0.2067936485059296,1.086949230664229,-1.5903436907137305,0.3936193356639582,-1.4348147419119766,1.148646734808242,-0.4753977410460392,True,-0.4641442378567537,-1.1329794403211806,-0.6287949383008549,0,0,0,1000
-0.8598198758681879,1.6351822813154309,-1.553926419557245,22,-1.4368024268980248,-1.5683456751085512,0,-1.162199353190196,3,-0.3879037737670492,-0.2067936485059296,-1.3006493337850522,0.1772857661495721,1.486695174579307,-0.4102189894341826,0.9608492788583376,0.0934270666333798,True,0.2532770857721929,0.6027739223025744,5.640607577573737,0,0,0,1000
-0.8584408544153119,-0.2346957837310754,-0.47186080044495,4,-0.5991429298598449,0.8087768123447958,1,0.3556218574229373,0,0.0959938744403302,-0.2067936485059296,1.4493974218965284,-0.1987315350565789,0.5167828104713215,-0.1233321787404002,-0.8634688646550153,0.5790092195304448,False,1.9212582223414785,-0.0452957464312262,-5.031916564761379,0,0,0,1000
-0.857061832962436,0.1699793198983923,0.5531173130234782,11,-0.7404348932156823,-0.3970099566532786,0,-0.0941029457216947,1,-1.3233493238148013,-0.2067936485059296,0.68969275910699,1.0706474985588408,0.7631097600860479,-0.9566700574223396,0.1828312470658784,0.9674749418480968,True,0.1365754460835118,-0.7319674221798796,0.9340141437257816,0,0,0,1000
-0.8556828115095599,1.6072736534789158,0.3390949273552542,7,0.2334704256299122,-0.3625589061104765,1,-0.9935525520109588,1,0.2552765406419526,-0.2067936485059296,-0.7727395711767514,0.9766047593283144,0.2242695578038337,-1.530443678809904,-1.2658919845476666,0.6483780985157398,True,-1.1118344985320057,0.0865629800044835,1.0239555849514983,0,0,0,1000
-0.854303790056684,0.7351290335878214,-0.7310619404416535,27,0.571561909374238,0.9810320650588064,0,1.3112870641052805,0,0.0660316830787908,-0.2067936485059296,1.0173575155863015,-0.3495223118934711,-0.0682436948636539,-0.3145900525362552,0.7059813029263252,0.6899994259069169,True,1.7484194560279551,-0.0482732503622091,-2.8610484998440797,0,0,0,1000
-0.8529247686038078,-1.5464012920472814,-0.8122328827971512,0,0.4857775030510508,0.7398747112591916,1,-1.49949295554867,3,0.8774958557738228,-0.2067936485059296,-0.1549621376582647,-1.270736319246048,1.2711590936664214,1.5843274087225898,0.9071928628726508,0.8564847354716248,True,0.6572707451388864,-0.7127309885777253,-0.7869453824125034,0,0,0,1000
-0.8515457471509319,1.146781294176418,1.3150377784563936,39,1.3537138493797674,1.1532873177728171,0,-1.049768152404038,1,1.7740007458305995,-0.2067936485059296,0.3085325467048632,-1.731611730729278,-1.5769962612538535,0.5324091028453879,1.564483958697315,0.4818927889510318,True,-1.0065052317515304,2.332877999777057,-0.577496698597967,0,0,0,1000
-0.850166725698056,-1.33010942631429,0.48356276103574,25,0.9802993747964824,-0.2936568050248722,2,0.2994062570298583,1,0.125634056650171,-0.2067936485059296,-1.392952117052141,-0.6124416063068349,1.3173453967191826,-1.6670564458069432,0.0084478951123961,0.2321648246039697,True,-1.876514878087881,0.0607519513138773,-1.6328089943319373,0,0,0,1000
-0.8487877042451799,-0.5486678468918694,-1.24449174491646,31,1.666574625381979,1.1877383683156193,2,-0.93733695161788,3,-1.0988248781928884,-0.2067936485059296,-1.3235442208044,0.8541136219165211,-1.5000190894992516,-1.0522989943202667,1.457171126725941,1.439183318948103,True,-0.0790524758879398,1.3674784900198844,1.1708042785639,0,0,0,1000
-0.847408682792304,0.0792762794297185,-0.974503090082068,17,0.3394393981467904,-0.6726183609956957,1,1.3112870641052805,2,-1.2819289279963564,-0.2067936485059296,-0.6502715246030119,1.0985813894985834,-1.5769962612538535,0.8192959135391702,-0.689085512701533,0.2599123761980878,False,0.3242315654790563,1.2492437015980424,0.910264745546024,0,0,0,1000
-0.8460296613394279,-1.5115155072516375,0.9262288756062148,18,-1.583140531802285,1.6011509748292447,1,0.5242686586021743,2,-1.1592575015304638,-0.2067936485059296,-0.1530323525516078,0.7979345022159695,0.7477143257351275,0.3138286756501251,0.7059813029263252,0.4263976857627958,False,-1.0792612281578229,-1.0737377721806314,1.253235537377209,0,0,0,1000
-0.8446506398865519,-0.8207769682978908,0.123105013866165,11,-1.0028342537336663,-0.3970099566532786,1,-0.93733695161788,3,-0.6745960027047526,-0.2067936485059296,-1.2398901490965475,0.7790043791815751,-0.6224793314967885,-0.2736062224371434,-0.6756714087051112,1.411435767353985,True,-1.3629951629627126,-0.0830461502670281,1.2836896663939643,0,0,0,1000
-0.8432716184336758,-0.5068049051370969,-0.3100580956242786,39,0.4706390784057826,-0.5692652093672893,1,-1.49949295554867,3,-0.1530404922217351,-0.2067936485059296,-1.4481103334519294,-1.598995312799795,-1.1767149681299232,1.3520857048276231,1.1888890467975068,0.1211746182274977,True,-1.1380522378276507,0.0474514435716734,-0.6253927416386873,0,0,0,1000
-0.8418925969807999,-0.7649597126248608,-1.1582741143324695,30,0.3444855396952132,0.912129963973202,2,-0.8249057508317219,0,-1.0988248781928884,-0.2067936485059296,1.14406790667724,1.5590178157423231,1.1787864875608989,0.4914252727462762,0.4511133269943127,-0.7944945843783963,False,2.30234202100971,1.2727404125953516,0.6414294472837101,0,0,0,1000
-0.8405135755279239,-1.3440637402325477,-1.1033761606164671,15,-1.1088032262505447,0.4298152563739724,1,0.8053466605675694,1,-0.9406610984409725,-0.2067936485059296,-0.4319235777324265,-1.4300999315271132,-1.2690875742354455,-0.0140419651427689,0.0352761031052395,0.2182910488069108,False,0.6714525828840405,1.037903031239069,-0.6992518829487332,0,0,0,1000
-0.8391345540750479,0.176956476857521,-1.4496352114224842,17,-1.0936648016052763,-1.6027967256513531,0,-0.0941029457216947,1,0.4062277873044279,-0.2067936485059296,0.2903798929415626,-1.100856322592378,0.8708778005424909,1.3247631514282154,-1.386618920515462,1.591794852715752,True,1.7400151043640468,-0.5888821043347423,-0.9083838374870842,0,0,0,1000
-0.837755532622172,1.3630731599094097,-1.162204234856579,35,1.0610376395712469,1.0154831156016086,1,-0.4876121484732478,0,-0.4226946174867851,-0.2067936485059296,-0.9093106849018512,-0.9415701910972616,-1.06894692767348,0.9422474038365056,-0.0049662088840255,-1.071970100319576,True,0.2528935499547279,0.4912574744942234,-1.0620558251108496,0,0,0,1000
-0.8363765111692959,-0.7370510847883458,-0.9543080643829251,20,0.2637472749204489,-1.3960904223945405,1,0.4680530582090954,2,0.3110669241976558,-0.2067936485059296,-0.1107379185997282,-0.5464249296813581,0.3166421639093562,0.163554631953382,-0.5549444727373157,1.314319336774572,True,0.843570145783197,-0.2968536743246151,-1.83007789119528,0,0,0,1000
-0.8349974897164198,-0.7649597126248608,-0.587974287040309,36,-1.1996337741221546,-1.120482018052123,0,-0.6562589496524849,0,-0.9994590305551176,-0.2067936485059296,1.20565206472042,-1.064071884177927,-0.2221980383728579,1.0515376174341369,0.6254966789477949,-0.2534173282930952,True,1.7936263517607292,0.5876562109166436,-0.9397862201304142,0,0,0,1000
-0.8336184682635438,-0.2835358824449767,1.998146807615268,24,-1.1844953494768864,1.35999362102963,1,-1.49949295554867,3,0.28330532668029,-0.2067936485059296,-1.264449975483095,1.305281844426464,0.6553417196296051,-0.4375415428335904,0.1157607270837698,-1.6407949079989952,True,-3.2625967830983624,0.5660856340866222,0.7661180055925743,0,0,0,1000
-0.8322394468106679,1.2165528637677054,-0.6106966466463658,33,1.454636680348223,-0.3970099566532786,1,-0.0941029457216947,1,1.61631929993183,-0.2067936485059296,-0.5714862113709009,0.534412772927589,-1.4384373520955698,0.2591835688513095,-1.6146586884546312,0.5928829953275039,True,0.0392104352754648,-0.9870807763781702,1.8712124102135848,0,0,0,1000
-0.8308604253577919,1.1956213928903194,2.413388648553126,32,-0.7656656009577962,-0.5692652093672893,0,-0.8249057508317219,0,0.6996106650189345,-0.2067936485059296,1.4070825965947351,-0.0762936112744609,1.4405088715265455,0.3957963358483486,-0.0049662088840255,-0.1563008977136822,True,-1.0063060519583915,1.6884324373634003,-13.107274567591528,0,0,0,1000
-0.8294814039049159,0.9025808006069116,0.7204830046066341,26,0.5009159276963192,-0.6037162599100915,0,1.0864246625329643,2,-0.5109923747150832,-0.2067936485059296,-0.7279747546527765,-0.1520514291277414,0.1165015173473909,-0.8337185671250041,0.2364876630515652,-1.6130473564048773,True,-1.4484577592594106,-0.3681613214658021,-6.576726462942519,0,0,0,1000
-0.8281023824520399,1.4398218864598258,-0.3301753686504778,41,-1.038157244572626,0.326462104745566,1,0.0745438554575422,1,0.6874037218721623,-0.2067936485059296,0.8192290282420976,-1.7310593536654078,-0.9611788872170371,0.9285861271368016,-0.5281162647444724,1.078465148224569,False,1.1494043968925756,-0.2269637772808517,-0.5776809764787448,0,0,0,1000
-0.8267233609991639,-1.6301271755568263,0.8211056775248374,28,1.3688522740250355,0.5331684080023787,1,0.2431906566367793,1,0.7238882179995157,-0.2067936485059296,0.8993451539120665,0.2431123319140203,1.0710184471044562,-1.216234314716714,-0.4342175367695203,1.009096269239274,False,0.078239476387229,0.5943887256927396,4.113323173673249,0,0,0,1000
-0.8253443395462878,-1.239406385845616,0.8660175100504897,40,0.238516567178335,-1.292737270766134,0,-1.49949295554867,3,0.3928177842655264,-0.2067936485059296,-1.2177498977909198,-0.6681719468483241,-1.5000190894992516,-0.4648640962329982,0.3840428070122041,-1.2523291856813432,True,-2.083767407841409,0.3401870794331815,-1.4966209736564988,0,0,0,1000
-0.8239653180934119,-1.3580180541508051,-0.7249806041605243,30,0.107316886919343,0.7398747112591916,1,-0.7686901504386429,0,-1.5558203784823792,-0.2067936485059296,0.420165923854078,-1.2705099708826024,-0.5455021597421865,-0.8063960137255962,0.6120825749513732,0.953601166051038,True,1.1451465280146025,1.127939597957411,-0.7870855810866833,0,0,0,1000
-0.8225862966405358,-0.4649419633823243,-1.008840706580764,5,0.7229461558269211,1.4977978232008384,1,-0.4313965480801688,1,-0.0414729400948349,-0.2067936485059296,-0.5218643078107739,0.4027950083304809,0.7939006287878887,-1.2708794215155297,-0.917125280640702,0.5096403405451498,True,0.48697639876999,0.0418395901892549,2.4826517981929683,0,0,0,1000
-0.8212072751876599,0.0443904946340747,0.5044589479515242,10,-0.7959424502483329,-0.8448736137097064,2,0.6366998593883324,1,0.9119708027708356,-0.2067936485059296,0.8830283223301438,1.4466078862101448,-1.6539734330084557,-1.1479279312181945,0.5181838469764212,0.3292812551833828,True,0.3785693743786196,0.4600518317282827,0.6912722793822131,0,0,0,1000
-0.8198282537347839,-1.6859444312298566,-0.3150345307801127,34,-1.5730482487054396,1.2910915199440256,0,-0.6562589496524849,0,-0.1530404922217351,-0.2067936485059296,0.2613703700031431,-1.195285159896705,1.6098586493866702,1.5023597485243665,0.5986684709549516,0.6622518743127987,True,0.5764049007832558,0.0482130396574318,-0.8366205130066788,0,0,0,1000
-0.8184492322819079,1.202598549849448,-1.111201445755645,22,0.5160543523415875,-1.6027967256513531,2,-0.9935525520109588,3,0.4592810194835228,-0.2067936485059296,-0.2662778165287292,-0.1514812053659843,-0.4993158566894253,1.6389725155214054,1.457171126725941,0.1489221698216158,True,0.8449236292269158,-0.5103537328582172,-6.601483383580815,0,0,0,1000
-0.8170702108290318,-0.8207769682978908,0.3588918494808715,32,-1.073480235411585,1.2910915199440256,2,-0.9935525520109588,3,-1.3441580977555516,-0.2067936485059296,-1.5076648804170698,-1.590258048328138,1.1941819219118193,-1.4074921885125689,0.6791530949334817,0.3292812551833828,True,-1.8665567298979413,-0.48240738569818,-0.6288288016741654,0,0,0,1000
-0.8156911893761558,-0.8068226543796334,0.1724392476627558,32,-1.2248644818642684,1.3255425704868278,1,-1.162199353190196,3,-0.0414729400948349,-0.2067936485059296,-1.2662438927414246,-1.7307517157695131,-1.7001597360612166,-0.697105800127965,-0.1659354568410861,-1.807280217563703,False,-1.4386831404041804,-0.0071515625883158,-0.577783658202964,0,0,0,1000
-0.8143121679232799,0.9863066841164568,-0.3573325360344273,20,1.409221406412418,1.4977978232008384,2,-0.3189653472940107,1,0.8774958557738228,4.772110297630446,-0.6271644235324894,0.3088592404659483,-1.1305286650771618,1.5843274087225898,-0.4342175367695203,1.1339602514128049,False,-0.2698318874980621,-0.3135578195033601,3.2377197933900588,0,0,0,1000
-0.8129331464704038,0.7630376614243366,-0.6275587699972299,12,-0.4073895510197796,-0.8448736137097064,1,-0.2065341465078527,1,-1.664056411114758,-0.2067936485059296,-1.3805523004685585,1.3616374723219715,1.22497279061366,1.2701180446293998,-1.4939317524868356,-1.071970100319576,False,-0.7529935304713283,1.0442931945651823,0.7344098167728444,0,0,0,1000
-0.8115541250175279,-1.0928860897039123,0.6629535364136637,24,-1.2601874727032278,0.1197558014887532,2,0.9177778613537274,0,-0.5109923747150832,-0.2067936485059296,0.9361872426923268,0.1212724901537758,-1.2075058368317635,-0.8337185671250041,-1.4134471285083057,-1.5714260290137003,False,0.2732337062786631,-0.3387642018977804,8.245886384812772,0,0,0,1000
-0.8101751035646518,-1.3929038389464488,1.0161019033296,32,-1.0633879523147398,0.6365215596307852,2,0.8615622609606484,1,0.7838085591320157,-0.2067936485059296,-0.1861354914487481,1.2303547685955605,-0.5608975940931069,-1.4621372953113845,0.3169722870300955,-0.8499896875666323,True,-1.202237394778348,0.7964293687800724,0.8127736359035108,0,0,0,1000
-0.8087960821117758,-1.5673327629246676,-0.5391580842151781,1,-1.2400029065095366,1.0843852166872128,0,0.0745438554575422,1,-0.5468342158350353,4.772110297630446,0.4416447836478728,-0.5845353559845515,-1.6077871299556945,1.3930695349267348,-1.1451650485798712,1.425309543151044,True,0.9808028678630508,0.2948300881929268,-1.7107607963110243,0,0,0,1000
-0.8074170606588997,0.5048828539365726,1.5641899946432212,18,-0.3266512862450152,1.4977978232008384,1,0.1307594558506213,0,0.9347629233820862,-0.2067936485059296,1.0055787554619242,1.5591896446201503,-1.5462053925520127,0.8192959135391702,-0.8634688646550153,-0.8638634633636911,True,-0.558611239181297,1.4621468121177073,0.6413587592212004,0,0,0,1000
-0.8060380392060238,0.8397863879747528,1.7624114425370163,15,-1.2450490480579597,-0.3625589061104765,2,1.3112870641052805,0,0.2552765406419526,-0.2067936485059296,1.966186665815702,-0.9040400001180549,0.4859919417694806,-0.7107670768276688,-1.5610022724689443,-1.7795326659695851,False,0.2037752232786853,0.4499022962386431,-1.1061458679748697,0,0,0,1000
-0.8046590177531479,1.7049538509067184,-1.5688025200560818,7,0.3646701058889043,-1.3271883213089362,0,1.0302090621398854,2,0.3658165287182165,-0.2067936485059296,-1.1265874007985,-1.63762655798157,0.4552010730676398,1.1471665543320644,-1.0646804246013408,1.244950457789277,True,0.4422151192575818,-0.5738938921313061,-0.6106398654748982,0,0,0,1000
-0.8032799963002718,-0.8277541252570195,-0.0769224646785457,14,1.469775104993491,-1.4649925234801446,2,0.4680530582090954,2,-1.4703801694062202,-0.2067936485059296,0.1578520803654848,-0.0203238638100965,0.8246914974897296,-0.8337185671250041,0.1425889350766132,1.2033291303981,False,0.2347745450440305,0.113105266645184,-49.20348461751035,0,0,0,1000
-0.8019009748473959,-1.49756119333338,1.2850207491186565,27,1.454636680348223,0.5676194585451809,1,0.7491310601744904,2,-0.3192396785201743,-0.2067936485059296,0.8384924818015997,1.0329748604605231,-0.1452208666182559,0.5050865494459801,1.1620608388046636,-1.0858438761166351,True,-0.4465282673170565,-0.4102296108403934,0.9680776768820976,0,0,0,1000
-0.8005219533945198,0.2467280464488087,-1.5165718441569769,39,1.156914328991279,-1.6716988267369577,0,-1.049768152404038,3,-0.7680260388013285,-0.2067936485059296,-1.4665710166070238,-0.4809326630383064,0.8246914974897296,-0.8337185671250041,0.1425889350766132,1.2033291303981,True,0.0500008275499528,1.1647666660255085,-2.079293599257386,0,0,0,1000
-0.7991429319416438,-0.1230612723850154,0.8350305887801099,37,-0.4073895510197796,-0.0524994512252573,0,0.2431906566367793,1,1.5495571485901265,-0.2067936485059296,-0.749413090823374,-1.0076297433261987,1.0556230127535355,-0.6014768632300375,-1.1451650485798712,1.286571785180454,True,-1.584443679603484,1.2939276181356416,-0.9924281273613456,0,0,0,1000
-0.7977639104887678,-0.4649419633823243,0.6689343971751295,13,-0.5940967883114221,0.1197558014887532,0,0.3556218574229373,1,-0.7491969517311343,1.4528410002061956,0.285316046369289,-0.2551208975639464,-0.0220573918108927,0.9285861271368016,-1.5341740644761008,-1.6269211322019363,True,-0.3836183508058404,-0.5011636112717109,-3.9197117975038807,0,0,0,1000
-0.7963848890358918,-0.7858911835022471,1.293340282953598,14,-0.3872049848260885,-0.5348141588244872,1,0.2994062570298583,0,-0.2518142449081098,-0.2067936485059296,0.940047549333508,-1.2988974291198647,-0.8842017154624353,-0.164316008839512,0.8401223428905423,-1.8905228723460572,True,-0.35329273362009,-0.3256815067612013,-0.7698837911058004,0,0,0,1000
-0.7950058675830158,-1.0300916770717534,-0.9155070367422776,38,0.6169771833100429,-0.5692652093672893,2,0.4118374578160163,2,2.021362067533934,-0.2067936485059296,0.6105501157858233,1.3056733835666934,-1.2075058368317635,1.6116499621219975,-0.9841958006228106,-1.7517851143754672,False,1.526057152528101,-1.850571196631236,0.7658882657770696,0,0,0,1000
-0.7936268461301398,0.5397686387322164,-0.4426458721443556,22,0.813776703698531,-0.5692652093672893,1,0.2431906566367793,1,1.1548811865240554,-0.2067936485059296,0.1721132057478485,-1.5994006722487537,1.6252540837375906,-0.4102189894341826,1.5510698547008932,1.439183318948103,True,0.6147590778922041,-0.5112033900320487,-0.6252342392212616,0,0,0,1000
-0.7922478246772638,0.7281518766286927,1.0053789373583983,38,-1.2097260572190005,-0.1214015523108616,1,-0.7686901504386429,1,2.0555620144374465,-0.2067936485059296,1.0210767341230895,0.2614936689883878,-1.6077871299556945,1.3930695349267348,-1.1451650485798712,1.425309543151044,True,0.0156977967646914,2.0666187537494087,3.824182900680922,0,0,0,1000
-0.7908688032243878,0.4281341273861563,-1.5514862593571768,0,0.70276158963323,-0.7070694115384979,2,-1.162199353190196,3,-1.0788156848149264,-0.2067936485059296,-1.3554472535509237,-1.590428571350022,-1.3922510490428086,-0.4921866496324061,1.0547480068332895,-0.8499896875666323,True,0.1960390058062531,1.6737677113693612,-0.6287613797250236,0,0,0,1000
-0.7894897817715117,-0.0602668597528565,-0.5804484619982974,33,-1.588186673350708,1.2910915199440256,0,-1.218414953583275,3,-0.4052611939289046,-0.2067936485059296,1.1126186842214891,-1.204993437083277,0.3166421639093562,1.2837793213291036,-0.0586226248697124,1.411435767353985,True,1.6930671462197866,0.2352332367236264,-0.8298801074041872,0,0,0,1000
-0.7881107603186358,-0.8765942239709209,1.173601196805014,26,0.5564234847289696,-0.6037162599100915,1,0.8053466605675694,2,0.9233857416348982,-0.2067936485059296,0.5213671982869893,0.9673598433588336,1.2403682249645809,-0.5468317564312217,-0.6354290967158461,-1.1413389793048714,True,-0.6522339985180247,1.0836866114954018,1.0337413771008903,0,0,0,1000
-0.7867317388657598,-1.239406385845616,-0.590289033385932,23,1.2174680275723526,0.2920110542027639,1,-0.6000433492594058,1,-1.642282406264363,6.431744946342571,-1.4420891284963673,0.5060007210700674,-0.3607569475311417,-0.2326223923380316,1.5913121666901584,0.0240581876480847,True,-0.8518000951104353,0.9694212941405131,1.9762813781314537,0,0,0,1000
-0.7853527174128838,0.8258320740564953,0.3285979418048239,31,-0.1449901905017955,-0.0524994512252573,2,-0.2065341465078527,0,0.7838085591320157,-0.2067936485059296,0.2350403283416421,1.6915557734939004,0.1011060829964705,0.5733929329444997,-0.4476316407659421,-0.9332323423489864,True,-0.0935576134631817,0.2575578792997849,0.5911717228320131,0,0,0,1000
-0.7839736959600078,0.5537229526504739,-1.2359777644169023,34,-1.366156445220106,-0.2592057544820701,2,-1.330846154369433,3,-0.1207564839209342,-0.2067936485059296,-1.3718105796840232,-0.3209274402039359,-0.8072245437078334,-0.4512028195332943,-0.6756714087051112,1.34206688836869,True,-0.1358328152671206,0.149252329035442,-3.115970111379547,0,0,0,1000
-0.7825946745071318,-0.2137643128536892,-0.9274503986851904,14,1.6312516345430197,-0.6726183609956957,0,1.2550714637122016,0,1.7282523977937572,-0.2067936485059296,1.4427436202292128,-0.1518255160496102,0.1165015173473909,-0.8337185671250041,0.2364876630515652,-1.6130473564048773,True,2.370194018914403,-1.6028683753624564,-6.586512495860652,0,0,0,1000
-0.7812156530542558,1.293301590318122,-1.426231302221969,39,-1.4670792761885614,0.3609131552883682,0,0.9739934617468065,2,-1.1592575015304638,-0.2067936485059296,-0.1307369344048746,-0.9419045990399868,-0.0066619574599723,-0.1779772855392159,-0.6086008887230027,0.5790092195304448,True,1.2954943678170945,1.6533693360183797,-1.0616787593850816,0,0,0,1000
-0.7798366316013797,0.2537052034079374,1.1541607642146698,3,-0.619327496053536,1.635602025372047,0,0.3556218574229373,2,0.625667627837102,-0.2067936485059296,0.7427677661446392,0.901131182785284,-0.7764336750059926,0.8602797436382821,0.5986684709549516,-1.3216980646666383,True,-0.4113929980700306,0.7221210274888492,1.1097162190498209,0,0,0,1000
-0.7784576101485038,1.1607356080946756,-1.3933931243719704,38,-0.5638199390208853,-1.6027967256513531,2,0.7491310601744904,2,1.2600886452227027,6.431744946342571,0.1064225984258552,0.9677964345290953,-1.099737796375321,1.2427954912299917,1.3632723987509892,0.3154074793863238,False,1.4998157227978255,-1.755798854352505,1.0332750369751782,0,0,0,1000
-0.7770785886956277,1.488661985173727,-0.6922156782774024,28,0.8945149684732954,0.843227862887598,1,0.3556218574229373,1,1.2183662282076309,-0.2067936485059296,0.4009096336388849,0.3085092710732363,0.7169234570332866,1.1471665543320644,-0.0183803128804472,-0.4337764136548623,True,1.0931253119162874,-0.8433722050490257,3.2413926245456333,0,0,0,1000
-0.7756995672427518,-1.6510586464342127,1.4410918186438302,41,1.3133447169923853,-0.6037162599100915,0,0.4118374578160163,0,-0.2518142449081098,6.431744946342571,1.296693743393455,-1.0537457194876794,-1.5000190894992516,-1.0522989943202667,1.457171126725941,1.439183318948103,True,-0.1443980752503755,-0.3628874481550507,-0.9489956413637952,0,0,0,1000
-0.7743205457898757,1.258415805522478,0.5876086442229514,14,-0.5537276559240399,0.0853047509459511,0,-1.330846154369433,3,1.090266048425438,-0.2067936485059296,-1.4513998524445615,1.3616616306569165,-1.5769962612538535,0.5324091028453879,1.564483958697315,0.4818927889510318,False,-2.039008496667513,0.6406497545575864,0.7343967870181404,0,0,0,1000
-0.7729415243369997,-0.074221173671114,1.9221101103695928,18,-0.6798811946346092,0.1886579025743575,0,1.1426402629260437,0,-0.0729400943822046,-0.2067936485059296,-1.1290321687133131,0.4783128751542433,-0.637874765847709,0.873941020337986,-0.3403188087945684,0.8287371838775068,True,-3.0511422790829066,-0.1401988928633479,2.0906813152570787,0,0,0,1000
-0.7715625028841238,1.7049538509067184,-0.157557811125282,36,-0.7858501671514874,1.2221894188584217,2,-1.443277355155591,3,1.5302741201584202,-0.2067936485059296,-1.2034683079057489,-0.0863328141212442,-0.5608975940931069,-1.6533951691072395,1.2962018787688805,0.6622518743127987,True,-1.0459104967804669,-0.2411066407938275,-11.58309466091402,0,0,0,1000
-0.7701834814312477,-1.5464012920472814,0.3175074979828532,40,-1.0028342537336663,-0.7759715126241021,1,-0.8811213512248008,0,0.1983874950706012,-0.2067936485059296,0.5689203462082507,-0.8100541744423753,-0.4069432505839028,1.4477146417255506,-1.2122355685619797,-1.224581634087225,True,0.2514128482253974,0.0629895171909522,-1.2344854887476242,0,0,0,1000
-0.7688044599783718,0.1839336338166498,0.9341207911908213,2,1.7018976162209387,1.428895722115234,0,-0.2627497469009318,0,-0.3534180473878296,-0.2067936485059296,0.9521898627888972,0.6480697948852898,-1.1151332307262414,-0.2462836690377356,-1.0780945285977626,0.1905434972127928,True,0.0180690715980759,-0.3301351460470345,1.5430434400551856,0,0,0,1000
-0.7674254385254957,-0.9254343226848222,0.2458013026104633,30,-1.1239416508958129,-0.2592057544820701,0,0.4680530582090954,2,-0.4226946174867851,-0.2067936485059296,0.1900666184502788,1.362121727234151,1.2865545280173418,-1.0386377176205628,-1.6549010004438962,-0.4060288620607443,True,-0.0557346841601845,-0.1038988875846833,0.734148722974761,0,0,0,1000
-0.7660464170726198,0.804900603179109,0.6366858107501271,41,-0.5638199390208853,-1.6027967256513531,1,-1.274630553976354,3,-0.2518142449081098,-0.2067936485059296,-1.2178528671175044,-1.1392613282320363,-0.4223386849348233,1.2564567679296956,-0.9037111766442802,1.605668628512811,True,-1.854538677867632,-0.1603265566777509,-0.8777618119698948,0,0,0,1000
-0.7646673956197437,-1.5184926642107663,-0.0016305294877413,24,1.4899596711871823,0.7054236607163894,1,0.6929154597814113,2,0.3793476208697771,-0.2067936485059296,0.6520201620195564,0.6661757051770223,-1.4538327864464902,1.365746981527327,-0.6756714087051112,0.5651354437333858,True,0.6536506915072978,-0.0006185374819327,1.501105252140268,0,0,0,1000
-0.7632883741668677,-0.960320107480466,-1.437076121201866,10,-1.169356924831618,0.0164026498603468,0,0.7491310601744904,0,1.5495571485901265,-0.2067936485059296,1.5502889451933346,-0.5843683152451818,-0.8226199780587538,-1.1615892079178982,0.4511133269943127,0.8148634080804479,True,2.987365066395201,-2.2268315766765228,-1.7112498146060742,0,0,0,1000
-0.7619093527139917,-0.1998099989354317,-1.0438289592843433,8,-1.30055660509061,1.4977978232008384,0,-1.49949295554867,3,1.133471172798824,-0.2067936485059296,0.8660412692467405,0.6382272321792499,0.7631097600860479,0.0132805882566389,-0.7561560326836414,1.0229700450363328,True,1.909870228531084,-1.1831500346814006,1.5668398227093543,0,0,0,1000
-0.7605303312611157,0.3095224590809674,0.488363763583172,35,1.0055300825385962,-1.533894624565749,0,1.0302090621398854,0,0.7719110874194387,-0.2067936485059296,1.6470189112111533,0.1770509297224973,0.424410204365799,1.5433435786234782,1.5376557507044717,-0.1146795703225052,True,1.1586551476279814,0.376973403803736,5.648089150158346,0,0,0,1000
-0.7591513098082397,-0.7789140265431183,-1.5308044282031863,17,1.12159133815232,-0.3970099566532786,1,1.7047962668568335,2,0.2552765406419526,-0.2067936485059296,-0.8895243037724239,1.5026972283146185,-0.868806281111515,0.1772159086530859,0.9608492788583376,-0.3505337588725082,True,0.6412801244307624,-0.3907784588310918,0.6654700059402987,0,0,0,1000
-0.7577722883553637,-1.699898745148114,1.2930939882746906,25,1.54042108667141,-0.8448736137097064,1,-0.0378873453286157,1,-1.512971918718622,-0.2067936485059296,-0.3962229500198884,-0.5272007714171416,0.8092960631388092,-0.669783246728557,0.9206069668690726,0.2876599277922058,True,-1.689316938294579,-1.956414892523474,-1.8968109378767488,0,0,0,1000
-0.7563932669024878,1.3281873751137656,-0.0051343023531689,19,0.9702070916996368,-1.3271883213089362,0,-0.9935525520109588,3,0.5114292264090835,-0.2067936485059296,-1.0738714050926836,1.493493555628669,0.4705965074185602,-0.5058479263321101,0.3169722870300955,-0.0453106913372102,True,-1.0687371027395147,-0.0026258322806315,0.6695709728871003,0,0,0,1000
-0.7550142454496117,-0.332375981158878,0.457955481073512,6,-0.2913282954060558,-1.120482018052123,1,0.5804842589952534,2,0.8426679393432855,-0.2067936485059296,-0.8320413621031312,-1.4684709849122546,-0.868806281111515,1.4203920883261427,1.148646734808242,-0.2811648798872132,False,-1.289996843176643,0.3859044015471793,-0.6809804745020552,0,0,0,1000
-0.7536352239967357,1.4677305142963408,-0.7408058205818742,34,0.7380845804721894,-0.3625589061104765,1,-1.049768152404038,3,0.3110669241976558,-0.2067936485059296,-1.4018939349529318,0.30865454754689,-1.1613195337790023,0.4914252727462762,0.0755184150945047,-1.0164749971313405,True,-0.6610881143710576,-0.2304401880361241,3.239866977373417,0,0,0,1000
-0.7522562025438597,0.9653752132390704,-0.6202096174917452,10,1.54042108667141,0.8776789134304002,1,0.4680530582090954,2,0.0509267047203175,-0.2067936485059296,0.3926893528789913,0.1868203644957317,1.5020906089302275,-1.1342666545184903,-0.689085512701533,-1.2800767372754611,True,1.0128989703707365,-0.0315852320547032,5.352732650029607,0,0,0,1000
-0.7508771810909837,0.3234767729992249,-1.319278402236671,25,-1.1289877924442355,-1.22383516968053,2,-1.218414953583275,3,-0.6377279608971212,-0.2067936485059296,-1.376491546033873,0.4406840920513433,0.4398056387167194,0.7646508067403546,-0.7829842406764849,1.300445560977513,True,-0.0572131437972018,0.8413407253140044,2.2691987097270143,0,0,0,1000
-0.7494981596381077,-0.5277363760144832,1.0021223998285134,28,1.252791018411312,-0.6037162599100915,2,-0.6562589496524849,0,-1.4280464114595173,-0.2067936485059296,0.3766389941756149,-1.4683654282235323,-0.3145706444783804,0.5597316562447958,1.148646734808242,1.147834027209864,False,-0.6254834056528984,-1.431077296918308,-0.6810294282893664,0,0,0,1000
-0.7481191381852317,0.9095579575660404,-0.7483564676361942,37,0.3899008136310182,-0.0869505017680595,1,-0.9935525520109588,3,-0.3022664678409858,-0.2067936485059296,-1.248351171184107,0.5720773582475916,-1.1613195337790023,1.1198440009326565,0.3974569110086258,0.1627959456186748,True,-0.4999947035479128,0.2262030661583494,1.7480150381440238,0,0,0,1000
-0.7467401167323556,-0.5137820620962256,-1.6356956520327124,42,-0.8918191396683656,-1.22383516968053,0,1.1426402629260437,2,0.5243298950584547,-0.2067936485059296,0.7011997274823756,1.0052614415324828,-1.284483008586366,1.3794082582270308,0.7059813029263252,0.8009896322833888,True,2.336895379515088,-0.8576441295778827,0.9947659973896328,0,0,0,1000
-0.7453610952794797,-1.4905840363742513,-0.9114522936550018,17,-1.1188955093473902,0.8776789134304002,2,0.8053466605675694,1,-0.2351536375112642,-0.2067936485059296,0.3178966708507325,-0.1886542447447929,0.5475736791731622,-0.6014768632300375,-0.2464200808196164,-1.6407949079989952,False,1.2293489645057345,0.2143313222709586,-5.3007051679292685,0,0,0,1000
-0.7439820738266036,-0.2067871558945604,-0.0952164910332823,39,-0.2055438890828687,0.326462104745566,1,-0.3189653472940107,1,-1.9077023575485812,-0.2067936485059296,-0.4472566844518161,-1.534289715541045,0.7169234570332866,-0.861041120524412,-0.3403188087945684,-1.3771931678548743,False,-0.3520401934185337,0.181644724421696,-0.6517674302627438,0,0,0,1000
-0.7426030523737277,1.146781294176418,-1.3662614093627754,18,0.1577783024035707,-1.1549330685949255,0,0.4680530582090954,1,0.979901010801098,-0.2067936485059296,-0.5399334753763092,1.1077610126709163,-0.3145706444783804,-1.0386377176205628,-1.104922736590606,-0.4892715168430983,True,0.8263279339864662,-1.3388009360531163,0.902721704672324,0,0,0,1000
-0.7412240309208517,1.502616299091985,-0.6954109550537115,7,-1.6941556458675862,-0.8104225631669043,2,-1.162199353190196,3,-0.3534180473878296,-0.2067936485059296,-1.0007791257232928,-0.1801866395253564,-0.9303880185151966,0.0406031416560467,0.9071928628726508,0.6483780985157398,True,-0.3053681706695812,0.2457707818671884,-5.5498041231835575,0,0,0,1000
-0.7398450094679757,1.488661985173727,1.447200017280034,24,-1.5024022670275208,-1.4994435740229468,2,-0.8249057508317219,0,-1.3859719465647844,-0.2067936485059296,0.7115554388451869,-1.0071122979088023,-0.3145706444783804,0.2455222921516055,1.6717967906686886,-1.6130473564048773,True,-0.7356445784348472,-2.0057786250181984,-0.9929380282320376,0,0,0,1000
-0.7384659880150997,-1.0231145201126248,0.1350945623807755,30,-0.3619742770839746,-0.1903036533964659,0,-1.49949295554867,3,1.2497020334700657,-0.2067936485059296,-1.3778978065820695,-1.4019962793147862,0.3320375982602765,-0.7517509069267806,0.0621043110980829,-0.3505337588725082,True,-1.5129923689628453,0.1688279493180038,-0.7132687055457895,0,0,0,1000
-0.7370869665622236,-0.904502851807436,0.7722836144937719,18,1.3133447169923853,-0.8793246642525085,1,1.1426402629260437,0,-0.33629030118055,-0.2067936485059296,1.504510067030756,0.1957002937291563,1.2865545280173418,-1.4348147419119766,0.0218619991088178,-0.2395435524960362,True,0.7322264525369842,-0.2597114893149143,5.109851753205826,0,0,0,1000
-0.7357079451093477,1.1607356080946756,-0.9402094697919904,14,1.2174680275723526,-1.3960904223945405,2,-1.330846154369433,3,0.6505043648705744,-0.2067936485059296,-1.1546824358850334,0.4407661433330923,-0.9149925841642762,1.693617622320221,1.6449685826758451,-1.4326882710431104,False,-0.214472966093043,-0.6116103639923383,2.2687762847670894,0,0,0,1000
-0.7343289236564716,-0.0951526445485003,-0.9640019559737396,31,0.304116407307831,0.6020705090879831,0,1.0864246625329643,0,-1.796020240971909,-0.2067936485059296,1.5582637747193175,-0.6127081097405264,-0.1298254322673355,0.1089095251545663,0.3974569110086258,-1.4881833742313462,True,2.522265730693057,1.7313670252653472,-1.632098787844289,0,0,0,1000
-0.7329499022035957,0.1978879477349073,-1.267045841103695,8,-0.5184046650850805,0.0853047509459511,2,-1.049768152404038,3,0.472401208410713,-0.2067936485059296,-1.360431779375272,0.5443744949884235,1.2711590936664214,-0.0960096253409924,1.5242416467080495,-1.7517851143754672,True,-0.0933859382715773,-0.5985539864491536,1.8369703678425071,0,0,0,1000
-0.7315708807507196,-1.2673150136821312,2.0518944997455657,37,-0.4679432496008528,-1.5683456751085512,0,-1.218414953583275,3,0.4195783825648011,-0.2067936485059296,-1.0675430956170184,-1.139230858260034,-1.7001597360612166,0.9832312339356172,0.5315979509728429,0.4263976857627958,True,-3.119437595362584,0.8609305753968561,-0.8777852886690987,0,0,0,1000
-0.7301918592978437,-1.4347667807012212,1.4351577342525996,20,0.4555006537605142,1.4977978232008384,0,1.3112870641052805,0,-0.3192396785201743,-0.2067936485059296,1.0663912888737168,1.239862161609575,-0.2221980383728579,1.0515376174341369,0.6254966789477949,-0.2534173282930952,True,-0.3687664453788828,-0.4581592937085417,0.8065412029734749,0,0,0,1000
-0.7288128378449676,-1.644081489475084,-0.4582945983406184,13,-0.9170498474104796,-0.3281078555676744,0,-0.6000433492594058,1,-1.058874311958881,-0.2067936485059296,0.0104017623164552,0.1960367692771245,-1.099737796375321,-0.9156862273232276,-1.5610022724689443,-0.3366599830754492,True,0.4686963606570737,0.485276377492394,5.101081259292941,0,0,0,1000
-0.7274338163920916,-0.046312545834599,1.016285844390143,11,-1.6638787965770496,0.3609131552883682,2,-0.8811213512248008,1,-0.8440511312458903,-0.2067936485059296,0.4608105509646997,-0.809392867228597,-1.3768556146918882,0.2728448455510134,-0.4610457447623638,0.5651354437333858,True,-0.5554752934254432,-0.8577972166266851,-1.2354941142160831,0,0,0,1000
-0.7260547949392157,1.000260998034714,0.6572589010786093,25,1.5303288035745644,1.635602025372047,1,-1.162199353190196,3,-0.9018081025139288,-0.2067936485059296,-1.095274978679493,-0.3401414780845946,-1.253692139884525,-0.7790734603261885,1.6583826866722668,-1.0858438761166351,False,-1.7525338797581025,-0.5927214024420907,-2.9399539851082035,0,0,0,1000
-0.7246757734863396,0.0164818667975597,0.8302719401919081,5,-1.229910623412691,-1.4649925234801446,2,-0.4876121484732478,0,1.197326685405432,-0.2067936485059296,-1.42732623537495,-1.2705365232867758,1.5944632150357498,1.434053365025847,1.2425454627831938,0.8287371838775068,True,-2.257598175566858,0.9941067501351144,-0.7870691321175037,0,0,0,1000
-0.7232967520334637,0.9932838410755854,0.0979907539141765,19,-0.3720665601808202,-1.1893841191377277,1,-0.5438277488663268,1,-0.9406610984409725,-0.2067936485059296,-1.250597990514228,-0.4803971532803662,-0.991969755918878,0.6280380397433154,0.4108710150050475,0.0518057392422027,True,-1.3485887444284044,-0.0921760902139683,-2.0816114361475617,0,0,0,1000
-0.7219177305805876,1.432844729500697,-0.5723535865431306,6,1.5959286437040603,-1.1893841191377277,0,0.4118374578160163,2,0.4328703072542469,-0.2067936485059296,0.3805102382100988,0.5815511254710753,-0.5608975940931069,1.0925214475332483,0.8937787588762292,0.8564847354716248,True,0.9528638247532296,-0.2477548728649951,1.7195389781699242,0,0,0,1000
-0.7205387091277117,-1.413835309823835,-0.7478789426365267,11,-1.4166178607043336,0.3609131552883682,2,-1.387061754762512,3,0.9119708027708356,-0.2067936485059296,-1.3544768568976115,-1.721631726685242,1.6252540837375906,-1.325524528314345,0.3438004950229389,-0.1008057945254462,True,-0.6065979142610849,-0.682043759691637,-0.580844348175317,0,0,0,1000
-0.7191596876748356,-1.6510586464342127,-0.6033988219891425,14,-1.2702797558000734,-0.1214015523108616,0,-1.162199353190196,3,-1.365032361609816,-0.2067936485059296,-1.208336596531143,-0.4434615620405183,-1.6847643017102962,-0.3692351593350709,0.8401223428905423,-1.3633193920578153,True,-0.6049377745420005,0.8236589189724202,-2.2549873790580515,0,0,0,1000
-0.7177806662219596,-1.4208124667829638,0.1675755701207203,40,-0.8564961488294062,0.7743257618019938,1,-0.8249057508317219,0,-0.1047360641534968,-0.2067936485059296,1.072292717264974,-1.2605952596357142,-0.7302473719532313,1.7346014524193327,-1.6012445844582095,-1.668542459593113,True,0.9047171471442538,-0.0175512056627225,-0.793276090548356,0,0,0,1000
-0.7164016447690836,-0.4719191203414531,0.4886197687459452,26,-1.2904643219937644,1.4633467726580365,0,0.0183282550644632,1,-1.862844008126029,-0.2067936485059296,-0.0120013399335713,1.4283225295475843,-1.0535514933225598,1.5433435786234782,-1.520759960479679,0.9952224934422148,True,-0.5006211086795166,-0.91022240846031,0.7001219327574093,0,0,0,1000
-0.7150226233162076,-0.6951881430335732,1.868668139224098,8,1.666574625381979,0.4987173574595767,1,0.7491310601744904,2,-1.885242359436149,-0.2067936485059296,-1.0170033532953024,-1.5337680260918345,-0.8842017154624353,-0.5331704797315179,-0.6220149927194244,-0.0453106913372102,True,-2.8856714925194007,-3.5228923317939964,-0.6519891197282247,0,0,0,1000
-0.7136436018633316,0.2606823603670661,0.3381856505443135,12,1.7018976162209387,0.3953642058311703,2,-0.2627497469009318,1,-0.1856465098343156,-0.2067936485059296,-0.7874723916662997,-1.4023697541144715,0.5013873761204011,-0.8063960137255962,-0.7561560326836414,1.078465148224569,True,-1.1256580422106133,-0.0627829856995993,-0.7130787500043643,0,0,0,1000
-0.7122645804104557,-1.6301271755568263,0.5757695755449735,42,-1.3207411712843011,0.4298152563739724,2,-0.8249057508317219,1,-0.8632335084751533,-0.2067936485059296,0.494093076707048,1.6907402664575248,-1.0843423620244006,-0.4102189894341826,1.5510698547008932,-0.4199026378578032,True,-0.0816764988379255,-0.4970235907709374,0.5914568669672335,0,0,0,1000
-0.7108855589575795,-0.6672795151970583,0.6890105665665663,19,1.5757440775103695,1.635602025372047,2,1.0864246625329643,2,0.73595977530185,-0.2067936485059296,0.4119849182185696,-1.4964724538970453,1.1326001845081377,1.2974405980288075,0.1694171430694566,0.8009896322833888,True,-0.2770256483479967,0.5070840617509305,-0.668238205267104,0,0,0,1000
-0.7095065375047036,-0.590530788646642,0.7105015876550258,28,-0.3115128615997469,0.5331684080023787,0,1.7610118672499129,2,-1.199881602118864,-0.2067936485059296,0.8279219891142566,-1.2616429913872786,-1.1305286650771618,1.5843274087225898,-0.4342175367695203,1.1339602514128049,True,0.1174204014592308,-0.8525177833035087,-0.7926173141596502,0,0,0,1000
-0.7081275160518276,-0.6254165734422857,-1.361516679173526,35,0.3999930967278637,0.6365215596307852,0,-1.162199353190196,3,0.5754059049627287,-0.2067936485059296,-0.9195882979598788,0.0085156382260855,-1.06894692767348,-0.8337185671250041,0.1425889350766132,-0.1563008977136822,True,0.4419283812136473,-0.7834247369016919,117.42963128396528,0,0,0,1000
-0.7067484945989516,0.7560605044652078,-1.1957502812864391,7,0.5816541924710835,0.9810320650588064,1,1.2550714637122016,2,0.5627146920237458,-0.2067936485059296,-0.4967528179653362,0.2433160454411213,1.2711590936664214,1.5843274087225898,0.9071928628726508,0.8564847354716248,True,0.6989974633211029,-0.672866251271406,4.1098793431362495,0,0,0,1000
-0.7053694731460756,0.5258143248139588,0.5825154687110092,38,-0.619327496053536,1.670053075914849,2,0.6929154597814113,2,0.2693247864040974,-0.2067936485059296,-0.3533551478545111,-0.2457753218655295,0.3166421639093562,1.2837793213291036,-0.0586226248697124,1.411435767353985,True,-0.9358706165655204,0.1568858541876752,-4.068758406195754,0,0,0,1000
-0.7039904516931996,-0.9672972644395949,0.4784844809159767,40,0.460546795308937,1.3255425704868278,2,1.5923650660706756,2,-0.4754482043131202,-0.2067936485059296,0.5274258813093552,-1.646773099470015,-1.638577998657535,-1.3665083584134572,0.2901440790372521,1.231076681992218,True,0.0489414003933785,-0.2274945872431965,-0.6072482365947417,0,0,0,1000
-0.7026114302403236,-0.9672972644395949,-0.9537085874437424,18,-0.0642519257270311,-1.292737270766134,0,-1.049768152404038,3,-0.564866129107652,-0.2067936485059296,-1.423618728503416,1.1361571766144651,-1.6539734330084557,1.037876340734433,-0.219591872826773,-1.7934064417666442,True,-0.4699101410596735,0.5387176780860735,0.8801598340150686,0,0,0,1000
-0.7012324087874475,0.0443904946340747,0.7134658652673718,23,1.4495905387998,1.7389551770004534,2,-0.9935525520109588,1,-0.1693034138610984,-0.2067936485059296,1.1789088822302978,-1.3085435693278185,0.6399462852786847,0.163554631953382,-1.2524778805512449,-1.3078242888695797,True,0.465443016962926,-0.1207922066631285,-0.764208467995096,0,0,0,1000
-0.6998533873345716,-0.7230967708700883,0.0329608266787225,6,-0.8564961488294062,-0.8448736137097064,0,-1.443277355155591,3,-1.1592575015304638,-0.2067936485059296,-1.011846632725823,-1.044792009393478,1.5790677806848294,-1.3118632516146411,-1.6414868964474745,-0.4337764136548623,True,-1.0448074594045456,-0.0382100855839545,-0.9571283917967164,0,0,0,1000
-0.6984743658816955,1.4188904155824396,-0.0636316958166721,9,-0.0995749165659905,1.118836267230015,0,-1.330846154369433,3,0.5627146920237458,-0.2067936485059296,-1.2845803180895965,-1.600133692718066,-1.0073651902697986,-1.4894598487107924,-0.3671470167874118,1.036843820833392,True,-1.2209486222729244,-0.0358064901144273,-0.624947819701323,0,0,0,1000
-0.6970953444288196,0.2188194186122936,-1.108231022822764,5,-0.397297267922934,-0.5692652093672893,0,-0.0378873453286157,0,-0.5829717049916499,-0.2067936485059296,0.1818986090468767,-1.374422586972642,0.8092960631388092,-0.669783246728557,0.9206069668690726,0.2876599277922058,True,1.2901296318696405,0.6460673288996267,-0.7275783170592909,0,0,0,1000
-0.6957163229759435,-1.4208124667829638,0.187806041905875,37,0.5110082107931647,0.6365215596307852,1,1.1426402629260437,2,-1.491643875679105,-0.2067936485059296,-0.4236254062604215,-0.1802914344647785,-1.1613195337790023,1.1198440009326565,0.3974569110086258,0.1627959456186748,False,-0.6114314481662965,-0.2801397322244318,-5.546578281028579,0,0,0,1000
-0.6943373015230676,0.9653752132390704,-0.4227455208195953,35,1.4596828218966456,-0.0524994512252573,0,-0.6562589496524849,1,0.4984746518105413,-0.2067936485059296,0.8172178001186776,-0.1520586113354277,0.3936193356639582,-1.4348147419119766,1.148646734808242,-0.4753977410460392,True,1.239963320938273,-0.2107279262950137,-6.57641582320958,0,0,0,1000
-0.6929582800701916,-1.5115155072516375,1.7978765095253662,13,1.6060209268009058,1.2910915199440256,0,-0.93733695161788,3,-0.3706226321335793,-0.2067936485059296,-1.1214252936749751,0.1771247105832743,0.8092960631388092,-0.669783246728557,0.9206069668690726,0.2876599277922058,True,-2.9193018032003417,-0.6663337242114235,5.645736453899298,0,0,0,1000
-0.6915792586173155,-0.6672795151970583,-0.8660574199792721,22,0.6977154480848072,-0.3625589061104765,2,0.7491310601744904,2,1.6257663138470562,3.1124756489183207,0.2389482735447395,-0.2554541084720571,1.332740831070103,0.1089095251545663,0.2633158710444087,-0.6002617232195703,True,1.1050056935240116,-1.408006979259593,-3.914598976079035,0,0,0,1000
-0.6902002371644396,1.4537762003780834,2.2500158346334844,31,-1.3560641621232603,-0.6381673104528937,0,-0.7686901504386429,1,0.6381100577755286,-0.2067936485059296,0.4639733060288492,0.6001497787386162,-0.29917521012746,-1.2435568681161218,1.6583826866722668,-0.1146795703225052,True,-1.7860425286046353,1.435757734233827,1.6662504408095216,0,0,0,1000
-0.6888212157115635,-0.6603023582379295,0.5311905376278299,36,0.460546795308937,0.2575600036599618,0,0.8615622609606484,2,-0.1856465098343156,-0.2067936485059296,0.597255862425963,1.3904960180906554,-0.991969755918878,-1.325524528314345,0.7998800309012772,-0.7528732569872193,True,0.0660653247981331,-0.0986136693676203,0.7191677754362515,0,0,0,1000
-0.6874421942586876,-0.4091247077092942,0.5269831269076796,35,-0.9019114227652112,0.3609131552883682,2,0.5804842589952534,2,0.472401208410713,-0.2067936485059296,-0.9919031508043602,0.0741616694064202,0.8092960631388092,-1.188911761317306,-0.9707816966263888,-0.2672911040901542,True,-1.5188862777120398,0.2489474659632439,13.484036424748911,0,0,0,1000
-0.6860631728058116,-0.646348044319672,0.1299906127427686,28,-0.3619742770839746,-1.258286220223332,1,-1.274630553976354,3,-1.796020240971909,-0.2067936485059296,-1.2417515522602671,1.0610719833931352,1.1633910532099787,0.5460703795450919,0.6120825749513732,-1.3216980646666383,True,-1.3717421650030357,-0.2334657716223534,0.9424430400639354,0,0,0,1000
-0.6846841513529356,-1.6929215881889852,0.7955405363285173,30,1.3738984155734586,0.5676194585451809,1,-0.9935525520109588,3,0.2972190748525578,-0.2067936485059296,-0.9685687824737028,-0.0862574009405385,-0.991969755918878,-1.325524528314345,0.7998800309012772,-0.7528732569872193,False,-1.76410931880222,0.2364498222152695,-11.59322154873997,0,0,0,1000
-0.6833051299000595,-0.8556627530935347,0.4788531904879778,35,-0.8564961488294062,0.0853047509459511,0,0.2994062570298583,0,0.5627146920237458,-0.2067936485059296,1.2698563835255263,0.3088339939177178,1.5020906089302275,-0.4238802661338866,-0.5147021607480506,0.0656795150392618,True,0.7910031930375485,0.2694577256100305,3.2379844702846454,0,0,0,1000
-0.6819261084471835,-0.332375981158878,0.6966378862745424,11,0.7179000142784983,-1.5683456751085512,1,-0.1503185461147737,1,0.8309784133015728,-0.2067936485059296,-1.2980884937706598,-0.3956844282982698,1.3173453967191826,-0.341912605935663,-1.2658919845476666,0.1211746182274977,True,-1.9947263800452024,0.5788910453821807,-2.527267138177362,0,0,0,1000
-0.6805470869943075,-0.5835536316875132,1.5648141256821757,14,1.3335292831860763,1.1877383683156193,1,0.9177778613537274,0,0.6628510710023714,-0.2067936485059296,0.4157468871175352,-1.1671171942791874,-1.022760624620719,-0.6287994166294454,-0.6622573047086895,0.6206305469216218,False,-1.1490672385646403,1.0372387191280696,-0.8568120584486864,0,0,0,1000
-0.6791680655414315,1.1746899220129332,0.9451530617087526,16,-1.4771715592854069,0.8087768123447958,2,0.6366998593883324,1,-1.058874311958881,-0.2067936485059296,-0.7335405424184546,1.6249870462685392,-0.1452208666182559,0.3684737824489408,-0.0720367288661341,1.605668628512811,False,-1.6786936041272071,-1.0007982979126853,0.6153894831084059,0,0,0,1000
-0.6777890440885556,0.5467457956913451,1.100268195606685,16,1.101406771958629,1.7389551770004534,1,-0.0941029457216947,0,-0.2853709610732421,-0.2067936485059296,0.4126283245926063,0.5727892673791595,-1.222901271182684,-0.5741543098306296,1.2559595667796155,0.953601166051038,False,-0.687639871014079,-0.3139845924186017,1.745842463130164,0,0,0,1000
-0.6764100226356796,-1.476629722455994,-0.9040332079748304,13,0.6220233248584657,0.7054236607163894,0,1.5923650660706756,2,-0.564866129107652,-0.2067936485059296,0.4977157844234414,1.5971137688088155,1.1633910532099787,0.9559086805362094,-0.7963983446729067,1.605668628512811,True,1.4017489923982718,0.5106577387735153,0.6261294323026796,0,0,0,1000
-0.6750310011828035,0.2955681451627099,-1.200464024165706,36,1.187191178281816,-0.224754703939268,1,0.6929154597814113,1,-1.0191957916838013,-0.2067936485059296,-0.5891103530877921,-1.0735731831975417,-0.5147112910403457,0.3684737824489408,-1.5073458564832574,0.8426109596745658,True,0.6113536710779137,1.2235078814974885,-0.9314689569354604,0,0,0,1000
-0.6736519797299275,1.6002964965197872,0.5098962649813237,37,0.8188228452469537,0.1542068520315554,0,0.9177778613537274,0,-0.9797908625831016,-0.2067936485059296,1.3234800322036775,1.324610471166117,-0.3607569475311417,-0.2326223923380316,1.5913121666901584,0.0240581876480847,True,0.8135837672223538,-0.4995917012939529,0.7549388641218927,0,0,0,1000
-0.6722729582770515,-0.1160841154258866,0.8715717714449374,19,-0.200497747534446,0.0853047509459511,0,0.4118374578160163,0,0.6996106650189345,-0.2067936485059296,-1.2799514042722768,0.0175295265149917,1.4405088715265455,0.3957963358483486,-0.0049662088840255,-0.1563008977136822,True,-2.151523175717214,0.6097609066323234,57.04628100004166,0,0,0,1000
-0.6708939368241755,-0.1091069584667578,-1.1123723546136104,14,0.5463312016321241,-0.8104225631669043,2,1.5361494656775965,2,0.5627146920237458,-0.2067936485059296,-0.222044007941469,0.4028574717730856,0.9478549722970928,1.3930695349267348,1.0681621108297117,1.328193112571631,True,0.8903283466721413,-0.6259482669421267,2.482266860713896,0,0,0,1000
-0.6695149153712995,0.5118600108957013,-0.3160182836301566,34,-1.098710943153699,-1.258286220223332,1,-0.93733695161788,3,-1.773869888025952,-0.2067936485059296,-0.971080023695595,-1.374308215756305,1.147995618859058,1.3247631514282154,1.0815762148261332,-0.9054847907548684,True,-0.6550617400654384,0.5605753173971796,-0.7276388668123983,0,0,0,1000
-0.6681358939184235,-1.5254698211698952,-0.7294810042607068,10,0.8541458360859131,-0.5692652093672893,2,1.0864246625329643,0,-0.5829717049916499,-0.2067936485059296,1.899449780849772,1.3813745055077842,-0.5147112910403457,0.3684737824489408,-1.5073458564832574,0.8426109596745658,False,2.628930785110479,0.4252667848128852,0.7239165943928776,0,0,0,1000
-0.6667568724655475,-1.0859089327447835,1.573429325140694,12,1.4495905387998,-1.0860309675093214,1,-0.4876121484732478,1,1.7830899206543975,4.772110297630446,1.188072903654651,-1.590178826400932,1.563672346333909,-0.4238802661338866,0.2230735590551435,0.2876599277922058,True,-0.3853564214860432,2.8055659705204223,-0.6288601296178263,0,0,0,1000
-0.6653778510126714,-0.7510053987066033,-1.0580582752522962,31,0.6674385987942706,0.2231089531171596,0,1.6485806664637546,2,-0.2351536375112642,-0.2067936485059296,0.6421878504661789,-0.4144016968139624,-1.592391695604774,1.2974405980288075,1.3096159827653022,-1.1968340824931072,True,1.700246125718475,0.2488062521244718,-2.4131181146218665,0,0,0,1000
-0.6639988295597955,-1.3091779554369036,-1.3810184066468474,38,1.7271283239630524,0.0164026498603468,0,1.9296586684291497,2,-0.1207564839209342,-0.2067936485059296,-0.2749121658093085,-0.1989780153658118,-1.3152738772882069,0.2865061222507173,-0.729327824690798,-0.1008057945254462,True,1.1061062408375388,0.1667669270167643,-5.0256833687374085,0,0,0,1000
-0.6626198081069195,-1.0928860897039123,-0.2181296489053302,15,-1.073480235411585,0.843227862887598,2,1.9858742688222288,2,-0.7869262188093323,-0.2067936485059296,0.1331454696122969,0.6100546960659321,0.7323188913842071,0.6690218698424271,-1.1451650485798712,1.078465148224569,True,0.3512751185176272,0.1716519398232787,1.6391970138563166,0,0,0,1000
-0.6612407866540435,0.7141975627104353,-0.2034714946197011,38,1.0660837811196695,1.428895722115234,1,-0.3751809476870898,1,-0.0729400943822046,-0.2067936485059296,1.0715148776565104,0.3370127328467646,-0.4223386849348233,1.2564567679296956,-0.9037111766442802,1.605668628512811,True,1.2749863722762116,0.0148412300216492,2.9672460587122123,0,0,0,1000
-0.6598617652011676,0.7421061905469503,-0.8325213045435128,13,-1.1491723586379268,0.5331684080023787,2,0.0745438554575422,1,0.8543170953229892,-0.2067936485059296,-0.5898110577856667,1.2024949849805804,-0.0220573918108927,0.9285861271368016,-1.5341740644761008,-1.6269211322019363,True,0.2427102467578461,-0.7112371826921196,0.8316042306452749,0,0,0,1000
-0.6584827437482915,-1.1905662871317149,1.1524651849185044,8,0.041717046789847,-0.2592057544820701,2,0.4680530582090954,2,-1.818232807264332,-0.2067936485059296,-0.1943230288673857,-0.1426510074797205,1.5328814776320685,1.0788601708335448,-0.8634688646550153,0.5512616679363268,True,-1.34678821378589,-2.0954500084487795,-7.010120143414871,0,0,0,1000
-0.6571037222954155,-1.637104332515955,-0.4539322067144635,31,-0.5890506467629992,-1.6716988267369577,2,1.3112870641052805,2,-0.0887971527059343,-0.2067936485059296,-0.0745561165181729,1.4937631060595609,-1.4384373520955698,0.2591835688513095,-1.6146586884546312,0.5928829953275039,False,0.3793760901962905,0.0403078874777659,0.6694501484193921,0,0,0,1000
-0.6557247008425394,-1.5184926642107663,0.9004424535478406,41,1.1720527536365477,-1.4994435740229468,1,-0.93733695161788,1,1.0684665314000334,-0.2067936485059296,0.7005209176753444,0.7787227495832111,1.548276911982989,-0.8337185671250041,0.2901440790372521,1.508552197933398,False,-0.1999215358724961,0.962092625067597,1.284153920146585,0,0,0,1000
-0.6543456793896635,-1.21847491496823,-0.7276641148313101,1,-0.7454810347641052,-0.465912057738883,2,1.1988558633191224,2,0.5114292264090835,-0.2067936485059296,0.5340633275201577,-0.6689568750913689,-0.0220573918108927,-0.9839926108217472,0.4511133269943127,0.911979838659861,True,1.261727442351468,-0.3721486953338274,-1.4948648959619486,0,0,0,1000
-0.6529666579367874,1.0281696258712292,0.4080373655248934,12,-1.2803720388969189,-1.4994435740229468,2,-0.0378873453286157,0,-1.0390009501597688,-0.2067936485059296,0.8276560481920743,-0.6124005806659605,0.7939006287878887,-1.2708794215155297,-0.917125280640702,0.5096403405451498,True,0.4196186826671808,-0.4239512104810531,-1.6329183786932056,0,0,0,1000
-0.6515876364839115,0.5048828539365726,0.2645743633295607,4,1.141775904346011,1.2221894188584217,2,0.5242686586021743,1,0.32484974849802,-0.2067936485059296,0.5906509894625552,-0.2837514626492556,-0.1144299979164151,1.5843274087225898,-1.6817292084367397,-1.2384554098842842,True,0.3260766261329945,0.0859469153866315,-3.524212150607705,0,0,0,1000
-0.6502086150310356,-0.9882287353169812,0.5719900159077579,36,-1.4368024268980248,0.0164026498603468,2,-0.8811213512248008,1,-1.058874311958881,-0.2067936485059296,-0.7575065855956997,-1.5249021348097964,1.563672346333909,-0.4238802661338866,0.2230735590551435,0.2876599277922058,True,-1.3294966015034575,-0.6056655345416766,-0.6557798318662036,0,0,0,1000
-0.6488295935781594,-0.2626044115675904,0.7777503144364704,20,0.70276158963323,-0.9137757147953108,0,-0.2065341465078527,0,-0.3534180473878296,-0.2067936485059296,1.4100417648868695,-1.655902120724558,-0.9457834528661168,-1.7353628293054628,-0.6488432007122678,-1.474309598434287,True,0.6322914504503994,-0.2748709974834079,-0.6039004648127907,0,0,0,1000
-0.6474505721252835,0.3234767729992249,-0.6515022111628342,32,0.2435627087267578,0.912129963973202,1,-0.5438277488663268,0,0.0204634203862926,-0.2067936485059296,1.0591067819091258,0.4411290624639054,1.5790677806848294,0.3138286756501251,-0.8366406566621718,-1.3355718404636974,True,1.71060899307196,-0.0133319636296242,2.266909751362954,0,0,0,1000
-0.6460715506724074,-1.0231145201126248,0.4681147088180339,7,1.227560310669198,1.3255425704868278,0,0.4680530582090954,1,-0.3879037737670492,-0.2067936485059296,0.0668726022312214,0.5065641979094527,1.6098586493866702,-0.6151381399297413,-1.668315104440318,-0.5863879474225113,True,-0.4012421065868125,-0.1815834621063787,1.97408306137427,0,0,0,1000
-0.6446925292195315,-0.3672617659545217,0.2410754167279678,13,1.055991498022824,-1.533894624565749,1,-0.4313965480801688,1,0.4592810194835228,-0.2067936485059296,0.7533283056443073,1.5789549713513935,-1.192110402480843,-1.5714275089090155,1.510827542711628,0.4957665647480908,True,0.5122528889163395,0.1107213631672362,0.6333302436174587,0,0,0,1000
-0.6433135077666555,0.6374488361600189,-0.8001962073618512,9,1.2225141691207757,1.4633467726580365,0,-0.8811213512248008,1,0.485465530333871,-0.2067936485059296,0.4932062927275249,-0.9416668244370402,-1.7001597360612166,0.9832312339356172,0.5315979509728429,0.4263976857627958,True,1.293402500089376,-0.3884676761780733,-1.061946837505417,0,0,0,1000
-0.6419344863137795,-1.5394241350881526,0.2474467673705731,28,0.2788856995657172,-0.7070694115384979,1,1.0302090621398854,0,0.125634056650171,-0.2067936485059296,1.7873616498018972,0.6376237090909475,-1.06894692767348,-0.7517509069267806,-1.6549010004438962,1.120086475615746,True,1.539914882431324,0.0310877411897362,1.5683228664652409,0,0,0,1000
-0.6405554648609034,0.6165173652826327,-1.035726663145256,10,-1.3257873128327238,0.4298152563739724,0,1.6485806664637546,2,1.452180050845441,-0.2067936485059296,-1.0321586698059946,0.4035159496323208,-1.4692282207974106,-0.7654121836264846,-0.1525213528446644,-0.3505337588725082,True,0.0035679933392613,-1.5040615983482568,2.478216172346028,0,0,0,1000
-0.6391764434080274,1.5095934560511133,0.2090514967898574,17,-1.1491723586379268,-1.4649925234801446,0,-0.93733695161788,1,-0.4052611939289046,6.431744946342571,-0.5113203812264032,-1.646782566925601,-1.1151332307262414,-0.6287994166294454,-0.9573675926299672,0.3709025825745598,True,-0.7203718780162607,-0.0847204591816821,-0.6072447454865806,0,0,0,1000
-0.6377974219551514,0.0792762794297185,0.7684613224224653,26,1.4142675479608409,-0.7415204620813,1,-1.330846154369433,3,0.2269731747650891,3.1124756489183207,-1.0814728546521388,-1.0546081285166728,0.4398056387167194,0.2728448455510134,1.3364441907581457,0.5790092195304448,False,-1.849934177074604,0.1744201060344057,-0.9482195971962396,0,0,0,1000
-0.6364184005022754,1.2095757068085768,-0.2045187085695453,16,0.4302699460184003,-0.1903036533964659,0,0.6929154597814113,2,-0.33629030118055,-0.2067936485059296,-0.2101642173714622,-0.283721863247882,-1.022760624620719,0.5324091028453879,0.6925671989299035,0.3015337035892648,True,-0.0056455088019168,0.0687776581019095,-3.524579815635503,0,0,0,1000
-0.6350393790493994,-0.6114622595240282,-0.0657162155782438,11,1.1619604705397022,-0.2936568050248722,2,0.6929154597814113,0,0.4592810194835228,-0.2067936485059296,0.4259475184610395,0.3744963482973394,-0.4839204223385048,-0.5468317564312217,1.5376557507044717,1.244950457789277,True,0.4916637340392834,-0.0301822104873747,2.670252293570562,0,0,0,1000
-0.6336603575965235,1.1537584511355468,-1.156082562045504,9,-1.1390800755410813,-1.120482018052123,1,1.0302090621398854,2,0.3385684026291145,-0.2067936485059296,-0.0410636362767995,-1.5335191517133728,0.7477143257351275,0.9559086805362094,1.229131358786772,-0.6141354990166293,True,1.1150189257687044,-0.3914130263391204,-0.65209493086031,0,0,0,1000
-0.6322813361436475,-0.2835358824449767,0.8451868061677809,17,0.591746475567929,0.8776789134304002,0,0.6366998593883324,2,0.3522237231242945,-0.2067936485059296,-0.1874652943714693,1.662914108633076,0.5167828104713215,-0.0413645185421767,0.2230735590551435,-1.3216980646666383,True,-1.0326521005392502,0.2976948436039472,0.6013539332386877,0,0,0,1000
-0.6309023146907714,0.3723168717131262,-0.9470368242574704,17,1.0660837811196695,-1.3960904223945405,1,1.0864246625329643,2,0.711772004452503,-0.2067936485059296,0.4932248674319373,-1.468001529700762,-0.3299660788293008,0.710005699941539,-0.6086008887230027,-1.1968340824931072,False,1.4402616916894078,-0.6740742986920726,-0.6811982466555502,0,0,0,1000
-0.6295232932378954,-0.5765764747283845,-0.1628363621229039,21,0.7279922973753439,-1.258286220223332,2,-1.218414953583275,3,-1.818232807264332,-0.2067936485059296,-1.0702674445590408,1.0514199668334383,-1.2075058368317635,-0.7517509069267806,-0.7963983446729067,-0.5308928442342753,False,-0.9074310824361368,0.2960744158274389,0.9510946495549584,0,0,0,1000
-0.6281442717850194,0.1978879477349073,1.2678288879967134,2,0.3142086904046766,-1.533894624565749,2,-0.0378873453286157,0,-0.0258635578477847,-0.2067936485059296,1.5313977050211436,-1.5624613810837342,1.2711590936664214,-0.0960096253409924,1.5242416467080495,-1.7517851143754672,True,0.2635688170244301,-0.0327905657857956,-0.6400158596611065,0,0,0,1000
-0.6267652503321434,-0.9393886366030798,0.2752711273441337,35,-0.6041890714082676,-0.9826778158809149,2,-0.8811213512248008,0,0.889026224217017,-0.2067936485059296,1.1180529230076075,-1.2608138816848309,-0.4993158566894253,-0.3555738826353669,1.3901006067438324,-1.3216980646666383,True,0.8427817956634738,0.2447232509787169,-0.793138538399934,0,0,0,1000
-0.6253862288792674,1.1118955093807743,0.6277100526547872,17,-1.3409257374779922,0.050853700403149,0,1.9858742688222288,2,-1.1189017032627826,-0.2067936485059296,0.4106567483437068,-0.5186452385642127,-0.6840610689004701,0.4367801659474605,-1.5073458564832574,0.2876599277922058,True,-0.2170533043110804,-0.7023458470706123,-1.9281005944996268,0,0,0,1000
-0.6240072074263915,0.895603643647783,1.13664823331442,22,0.6977154480848072,0.326462104745566,2,0.2994062570298583,1,-0.2853709610732421,-0.2067936485059296,-1.2401009168196349,0.3750936685699129,-0.3145706444783804,0.5597316562447958,1.148646734808242,1.147834027209864,False,-2.3767491501340547,-0.3243663987431387,2.6660000346383046,0,0,0,1000
-0.6226281859735154,0.149047849021006,0.5937853410539597,6,0.7986382790532627,-1.6716988267369577,0,1.9858742688222288,2,-1.1592575015304638,1.4528410002061956,-0.2301195409614244,-0.2176608963416733,-1.515414523850172,0.6553605931427232,-0.7561560326836414,0.8009896322833888,True,-0.8239048820153841,-0.6883501109156277,-4.594304609775701,0,0,0,1000
-0.6212491645206394,-0.3253988241997492,-0.4947341037534772,7,-0.705111902376723,1.5322488737436406,1,-0.93733695161788,3,0.6874037218721623,-0.2067936485059296,-1.4418376917824811,-1.073223866732801,-1.1151332307262414,-1.7490241060051668,-1.5610022724689443,-0.4060288620607443,True,-0.947103588029004,-0.3400820642572287,-0.9317721345701142,0,0,0,1000
-0.6198701430677633,-1.3649952111099335,-1.4048296284298558,26,0.4857775030510508,-1.6372477761941553,2,-0.2627497469009318,1,-1.751781892697946,-0.2067936485059296,-1.376837983935723,1.117458951831274,1.6868358211412722,-1.3118632516146411,-0.7561560326836414,0.2737861519951468,False,0.0279916444941328,2.4609551054090053,0.8948873771805921,0,0,0,1000
-0.6184911216148874,0.4560427552226713,1.3380391626263997,11,1.6362977760914426,-1.0515799169665192,2,-0.0378873453286157,0,0.472401208410713,4.772110297630446,1.767238224400542,1.1741524699520214,1.0864138814553763,-0.9430087807226356,-1.319548400533353,-0.8916110149578094,True,0.4291990617741423,0.6320913173255697,0.8516780745460212,0,0,0,1000
-0.6171121001620115,1.1886442359311906,-0.9003307521159302,27,1.252791018411312,-1.1549330685949255,1,0.4680530582090954,0,-0.9018081025139288,-0.2067936485059296,0.851353729955908,-0.4431182307488496,1.1787864875608989,-0.4921866496324061,-0.8500547606585935,1.147834027209864,False,1.751684482071838,0.8119255672006054,-2.256734560398251,0,0,0,1000
-0.6157330787091354,-1.1556805023360712,-1.565945335800065,23,-1.1844953494768864,0.3609131552883682,0,1.3112870641052805,2,1.1227184347359322,-0.2067936485059296,-0.0676273524173148,1.295891760804658,1.5944632150357498,1.434053365025847,1.2425454627831938,0.8287371838775068,True,1.4983179833827502,-1.7581156962914828,0.7716693269290773,0,0,0,1000
-0.6143540572562595,-0.8626399100526634,-0.186316831746437,29,-1.5024022670275208,-0.5003631082816851,0,-1.49949295554867,3,-1.7077935573996443,-0.2067936485059296,1.0184174566413926,-1.054562532379998,-1.2075058368317635,-0.8337185671250041,-1.4134471285083057,-1.5714260290137003,True,1.2047342883878296,0.3181906848916787,-0.9482605953856535,0,0,0,1000
-0.6129750358033833,-0.1579470571806591,-0.6209662290554504,37,-0.7908963086999101,0.4642663069167745,1,-0.9935525520109588,1,-0.0258635578477847,-0.2067936485059296,-1.205072138115589,1.4653899034163425,-0.5762930284440273,-1.7490241060051668,0.5047697429799994,0.4402714615598547,True,-0.5841059090601387,0.0160603959866964,0.6824121890204289,0,0,0,1000
-0.6115960143505074,0.2885909882035812,-0.2950134102458687,38,1.3537138493797674,0.9465810145160044,2,0.0745438554575422,0,1.8817854608487636,-0.2067936485059296,1.0956152319207837,1.6250174074192132,-1.222901271182684,-0.5741543098306296,1.2559595667796155,0.953601166051038,True,1.3906286421666525,-0.5551519461560873,0.6153779854274674,0,0,0,1000
-0.6102169928976313,0.4769742261000576,1.1003319114936003,26,1.429405972606109,-0.1558526028536637,1,1.4237182648914386,2,-0.805897272154619,-0.2067936485059296,-0.7101796150474471,1.4565358736591196,-0.4839204223385048,-0.1779772855392159,0.9742633828547594,-1.3771931678548743,False,-1.8105115265410476,-0.8867544859373702,0.6865604544512506,0,0,0,1000
-0.6088379714447554,1.2514386485633493,0.4721991532316523,34,-1.406525577607488,1.1532873177728171,2,1.2550714637122016,0,-1.773869888025952,-0.2067936485059296,1.93350554848614,-0.6123106942485537,0.0857106486455501,0.4777639960465722,1.175474942801085,0.3431550309804418,False,1.4613063952544876,-0.8376198590689805,-1.6331580890368729,0,0,0,1000
-0.6074589499918794,0.7909462892608515,0.3288895648860727,15,0.107316886919343,1.6011509748292447,1,0.0183282550644632,1,-1.491643875679105,-0.2067936485059296,1.176265267637454,-1.270253043725826,-1.5769962612538535,0.5324091028453879,1.564483958697315,0.4818927889510318,True,0.8473757027513813,-0.490586105237076,-0.7872447806079181,0,0,0,1000
-0.6060799285390034,-1.38592668198732,-1.4105118763237017,36,-1.214772198767423,0.3953642058311703,0,-0.8811213512248008,1,-1.512971918718622,-0.2067936485059296,-0.5252294988714126,-1.3832743314819649,1.117204750157217,0.0952482484548624,-1.668315104440318,0.1627959456186748,True,0.8852823774522889,2.134064859896874,-0.7229224525701274,0,0,0,1000
-0.6047009070861273,-0.8347312822161483,1.1900164143616403,23,0.8087305621501082,-1.22383516968053,0,-0.4876121484732478,0,-0.3879037737670492,-0.2067936485059296,0.5623405537672111,0.3840675106099017,1.1326001845081377,0.9695699572359132,0.6925671989299035,-1.5159309258254643,True,-0.6276758605944291,-0.4616118579756128,2.6037082335893773,0,0,0,1000
-0.6033218856332513,0.7979234462199803,0.6602362475857301,36,0.061901612983538,1.3255425704868278,0,0.5804842589952534,2,0.472401208410713,-0.2067936485059296,-0.3666621229810143,-0.15132983489793,1.548276911982989,-0.0413645185421767,0.0621043110980829,-0.6696306022048653,True,-1.0268983705667445,0.3118964011960535,-6.6080866438739685,0,0,0,1000
-0.6019428641803753,1.397958944705053,-1.0474464966873334,14,1.4596828218966456,-0.3625589061104765,0,-1.387061754762512,3,0.537177286385998,-0.2067936485059296,-0.9094744708582694,0.1872521675275356,-0.0066619574599723,0.1225708018542703,0.3572145990193606,-0.4892715168430983,True,0.1379720258290639,-0.562664466725022,5.34038926846613,0,0,0,1000
-0.6005638427274993,0.6165173652826327,0.695380393048014,7,-1.0432033861210488,0.4987173574595767,2,0.5242686586021743,1,1.9608554183122704,-0.2067936485059296,0.9224300690978924,1.1081054321758708,-0.0990345635654947,1.6389725155214054,-0.0854508328625558,-1.7240375627813491,True,0.2270496760498784,1.3635404114963148,0.9024411222245274,0,0,0,1000
-0.5991848212746234,0.9583980562799416,0.1794895547444846,6,-1.30055660509061,1.6011509748292447,1,1.1426402629260437,2,0.5499720170437528,-0.2067936485059296,-0.5746139568067916,-0.4146850675535837,-0.8842017154624353,-0.5331704797315179,-0.6220149927194244,-0.0453106913372102,False,-0.7541035115512763,0.0987142324611093,-2.4114691349904898,0,0,0,1000
-0.5978057998217474,-0.4230790216275518,-1.1770521327474666,18,-1.3510180205748377,-1.4994435740229468,1,-1.49949295554867,3,0.3793476208697771,-0.2067936485059296,-1.3468250776964954,0.3463827933441118,-0.0220573918108927,1.2837793213291036,-1.6951433124331614,-1.4881833742313462,False,-0.1697729449490288,-0.4465119261974484,2.8869785985838408,0,0,0,1000
-0.5964267783688714,-1.4626754085377365,-1.6121079872423298,29,-0.6546504868924953,-1.0515799169665192,1,0.8615622609606484,2,0.1403364078873898,-0.2067936485059296,0.4139626043450728,0.9950755475347742,0.8092960631388092,-1.188911761317306,-0.9707816966263888,-0.2672911040901542,False,2.026070591587403,-0.2262374440561586,1.0049487217152038,0,0,0,1000
-0.5950477569159953,0.4769742261000576,-1.0667509663770536,28,1.4798673880903366,-0.4314610071960808,1,-0.6000433492594058,1,-0.9018081025139288,-0.2067936485059296,0.6998162979266876,0.2525761963966031,-1.669368867359376,-1.0659602710199707,0.3438004950229389,0.4402714615598547,True,1.7665672643037411,0.9620046648433906,3.959199712192188,0,0,0,1000
-0.5936687354631193,-1.1975434440908437,0.7682022050437967,23,0.0871323207256519,-0.3970099566532786,1,-1.049768152404038,1,1.559163501032625,-0.2067936485059296,0.6053718595651001,1.53109545986341,-1.4538327864464902,-1.4757985720110882,-1.520759960479679,1.355940664165749,True,-0.1628303454786965,1.1977528395170685,0.6531270981474276,0,0,0,1000
-0.5922897140102433,-0.8207769682978908,1.0610613724789475,12,1.1972834613786616,-1.6372477761941553,1,0.7491310601744904,0,-0.564866129107652,-0.2067936485059296,1.7049835691655333,-0.8379351782164283,-1.06894692767348,-0.7517509069267806,-1.6549010004438962,1.120086475615746,True,0.6439221966865858,-0.5993576302178356,-1.1934098786370564,0,0,0,1000
-0.5909106925573674,-0.4788962773005818,-0.6688035345053704,25,-0.5234508066335033,0.7054236607163894,0,-1.049768152404038,3,1.61631929993183,-0.2067936485059296,0.7664499970582843,0.9111129279705772,-0.991969755918878,-1.325524528314345,0.7998800309012772,-0.7528732569872193,True,1.4352535315636548,-1.0810000606836538,1.0975586664888448,0,0,0,1000
-0.5895316711044913,-0.0114267610389552,-0.9874644071182156,26,-1.6840633627707406,0.8087768123447958,1,1.0302090621398854,2,-1.0788156848149264,-0.2067936485059296,0.7102266259514686,1.5600004723393972,1.22497279061366,1.2701180446293998,-1.4939317524868356,-1.071970100319576,True,1.6976910330696842,1.0652920905956031,0.6410254058435292,0,0,0,1000
-0.5881526496516154,1.4119132586233107,-0.5492645642638726,21,1.4243598310576864,0.050853700403149,2,0.4118374578160163,2,-0.5109923747150832,-0.2067936485059296,0.5750896618811557,0.7416636461354253,-1.4692282207974106,-0.7654121836264846,-0.1525213528446644,-0.3505337588725082,True,1.1243542261450283,0.2806700040400416,1.348319916148906,0,0,0,1000
-0.5867736281987393,-1.2045206010499725,0.496311084152323,41,1.4344521141545317,-0.224754703939268,0,0.5242686586021743,2,-1.4703801694062202,-0.2067936485059296,-0.7016583518524213,-0.0014484779039776,-0.1914071696710171,-0.1096709020406963,0.2096594550587218,-1.1968340824931072,True,-1.1979694360047444,-0.7297659759940774,-690.4275446716542,1,1,1,500
-0.5853946067458633,0.9374665854025552,-1.261582019141532,2,0.9298379593122548,1.35999362102963,2,1.4237182648914386,2,0.7238882179995157,-0.2067936485059296,-0.2736285786938016,-0.6782230112199226,1.6252540837375906,-0.4102189894341826,1.5510698547008932,1.439183318948103,True,0.9879534404477304,-0.9132443596965945,-1.4744414903372929,0,0,0,1000
-0.5840155852929872,1.3421416890320232,-0.3206817030563508,29,-1.3308334543811466,-1.0515799169665192,1,0.7491310601744904,1,-1.1390459728740463,-0.2067936485059296,0.9148803543746776,1.3997172110105056,-1.4230419177446496,0.846618466938578,-1.5475881684725226,1.2033291303981,False,1.2355620574310286,0.3652712024407272,0.7144299724907056,0,0,0,1000
-0.5826365638401113,0.3932483425905125,-0.8916821039882603,39,-0.5840045052145765,0.050853700403149,2,-1.274630553976354,3,-0.7117529458539462,-0.2067936485059296,-0.8584231413970639,1.1737227345254604,1.3481362654210234,-0.4512028195332943,0.7193954069227468,0.2182910488069108,False,0.0332589625911964,0.6346573642788891,0.8519898996463701,0,0,0,1000
-0.5812575423872354,1.0142153119529718,-0.0979224960616315,18,0.8894688269248725,-0.2592057544820701,1,-0.4313965480801688,1,0.8774958557738228,-0.2067936485059296,-0.1615459267696642,-0.715623378354134,-1.5000190894992516,-0.0003806884430649,0.0486902071016612,0.2321648246039697,True,-0.0636234307080327,-0.0859265844811102,-1.3973832744791443,0,0,0,1000
-0.5798785209343593,-1.1905662871317149,-1.4843593908077397,29,1.5252826620261415,-0.9482267653381128,2,1.9296586684291497,2,0.7479871380105251,-0.2067936485059296,0.7650915744391995,1.3904605423375385,1.4097180028247052,-1.1342666545184903,1.4437570227295191,-1.3078242888695797,True,2.2494509652469388,-1.1102817325093275,0.7191861240451041,0,0,0,1000
-0.5784994994814834,0.6723346209556628,0.9433835786285876,38,1.4394982557029543,-0.6381673104528937,0,0.6929154597814113,2,1.2910757245429476,-0.2067936485059296,-0.981595566425285,0.3376750194525001,-1.3768556146918882,0.0132805882566389,-0.7024996166979546,0.7316207532980938,True,-1.9249791450538725,1.2179796372998224,2.9614263604063598,0,0,0,1000
-0.5771204780286072,-0.5556450038509981,-1.266103200075814,24,-1.411571719155911,1.4977978232008384,0,1.1988558633191224,0,1.5973582042816945,4.772110297630446,1.1137173357117132,-0.5282132450582463,-0.1298254322673355,-0.5604930331309258,1.148646734808242,-0.2950386556842722,True,2.379820535787527,-2.022420334108409,-1.8931751497583984,0,0,0,1000
-0.5757414565757313,-1.6789672742707276,1.2846304557570098,9,1.0408530733775556,-0.7415204620813,1,1.9296586684291497,2,0.5880462384367718,-0.2067936485059296,-0.0671283096883315,0.1769135972058298,1.0864138814553763,-0.9703313341220434,0.437699222997891,0.9397273902539788,True,-1.3517587654453411,0.7554221072892255,5.652473583413681,0,0,0,1000
-0.5743624351228552,-1.6650129603524702,-0.3479040839255664,32,-0.3821588432776657,-1.6716988267369577,1,1.1988558633191224,2,0.8543170953229892,-0.2067936485059296,0.105878457712035,-0.5840345602304281,1.3943225684737848,-0.1096709020406963,-0.6220149927194244,-0.4337764136548623,False,0.4537825416376014,-0.2972204064302953,-1.7122277332838451,0,0,0,1000
-0.5729834136699793,-1.2812693276003886,-0.140107363543043,40,1.0055300825385962,1.2566404694012234,1,-1.49949295554867,3,0.4195783825648011,-0.2067936485059296,1.1732598388114377,1.0512782814636277,1.0864138814553763,0.7783120834400585,1.1084044228189769,-0.8916110149578094,True,1.313367202354481,-0.0587860209808085,0.9512228327265362,0,0,0,1000
-0.5716043922171034,0.7700148183834652,1.2957998974675635,1,0.1224553115646113,-1.0860309675093214,2,-1.162199353190196,3,-0.9601914853903032,-0.2067936485059296,-0.7976816179892686,-0.5465079603550644,-0.868806281111515,1.4203920883261427,1.148646734808242,-0.2811648798872132,True,-2.093481515456832,-1.2442160283179824,-1.8297998483504023,0,0,0,1000
-0.5702253707642273,1.3421416890320232,0.0795924180385904,2,1.4445443972513772,-1.6716988267369577,1,-0.2065341465078527,0,0.7838085591320157,-0.2067936485059296,1.2606577329610162,1.6447559641036251,-1.5000190894992516,-0.4648640962329982,0.3840428070122041,-1.2523291856813432,True,1.1810653149224255,0.0623852185006606,0.6079928944022404,0,0,0,1000
-0.5688463493113513,-0.9952058922761098,0.4250715251487099,31,1.272975584605003,-1.6027967256513531,0,-1.274630553976354,3,1.3724795730738664,-0.2067936485059296,-1.1898316563561162,0.9295791456812366,1.3173453967191826,-0.341912605935663,-1.2658919845476666,0.1211746182274977,True,-1.614903181504826,0.5834019853619586,1.075755514815906,0,0,0,1000
-0.5674673278584752,-0.0672440167119853,0.1117943261099354,26,0.5967926171163519,-1.3271883213089362,1,-0.1503185461147737,0,-1.3233493238148013,-0.2067936485059296,0.7395915900646358,-1.5995799009769245,-1.1613195337790023,0.4914252727462762,0.0755184150945047,-1.0164749971313405,False,0.6277972639547004,-0.1479429458639145,-0.6251641833619441,0,0,0,1000
-0.5660883064055993,-1.0928860897039123,1.527588715057565,22,0.8238689867953766,-0.5003631082816851,2,1.3112870641052805,0,-0.564866129107652,-0.2067936485059296,1.7589526585661934,-0.5280518630279627,0.917064103595252,1.4203920883261427,-0.0720367288661341,1.06459137242751,True,0.2313639435086283,-0.8628831243430988,-1.893753737826353,0,0,0,1000
-0.5647092849527233,-0.5277363760144832,0.0670284278191599,15,-0.397297267922934,-1.120482018052123,0,0.4118374578160163,0,-0.268553453715343,-0.2067936485059296,0.9427686670427688,0.7318816969094043,-1.0381560589716394,0.3001673989504212,0.6523248869406384,0.4818927889510318,True,0.8757402392236089,-0.0180007157879449,1.3663408547976017,0,0,0,1000
-0.5633302634998473,0.776991975342594,0.0182992710880286,40,-0.5840045052145765,-1.3960904223945405,0,-1.218414953583275,3,-0.805897272154619,-0.2067936485059296,-1.1714030967379618,-1.006958968656834,1.4097180028247052,-1.1342666545184903,1.4437570227295191,-1.3078242888695797,False,-1.1897023678259904,-0.0147473326522601,-0.9930892225358556,0,0,0,1000
-0.5619512420469713,-0.444010492504938,-0.2831813622681722,3,-0.9574189797978616,-0.4314610071960808,1,1.0302090621398854,2,0.0204634203862926,-0.2067936485059296,0.6288451931815702,0.609805712866142,-1.1459240994280822,0.0132805882566389,-0.0183803128804472,-0.3644075346695672,False,0.9120265554497424,-0.0057948592616566,1.639866296616476,0,0,0,1000
-0.5605722205940953,0.8258320740564953,-0.0911953328229748,17,0.4504545122120915,1.635602025372047,1,-0.6000433492594058,1,-0.3022664678409858,-0.2067936485059296,-1.0249870337489435,1.3995566995508506,0.917064103595252,1.4203920883261427,-0.0720367288661341,1.06459137242751,True,-0.9337917009259686,0.0275652911359837,0.7145119085705721,0,0,0,1000
-0.5591931991412192,-0.8696170670117922,-1.418265220700904,12,-1.3106488881874556,-0.7759715126241021,0,0.0745438554575422,0,0.8659262724603146,4.772110297630446,1.9620973553413996,-1.382915982846952,-0.6070838971458681,-0.9566700574223396,0.5181838469764212,-0.9609798939431042,True,3.3803625760423035,-1.2281131159216394,-0.7231097801417548,0,0,0,1000
-0.5578141776883432,1.118872666339903,0.0838379116864289,34,-0.5890506467629992,0.1886579025743575,2,-0.6000433492594058,0,1.890643953049121,-0.2067936485059296,1.4739803386470962,-1.0732493309236886,0.3166421639093562,0.163554631953382,-0.5549444727373157,1.314319336774572,True,1.3901424269606673,0.158507640766213,-0.9317500271016764,0,0,0,1000
-0.5564351562354672,-1.2603378567230024,0.2378105352162235,28,0.990391657893328,1.1532873177728171,2,-1.049768152404038,3,-0.1530404922217351,-0.2067936485059296,-1.2018807557546858,-0.123936024211928,-1.5308099582010923,0.9832312339356172,0.947435174861916,-0.1424271219166232,True,-1.4396912909709094,-0.0363946413650051,-8.068685543426614,0,0,0,1000
-0.5550561347825913,0.490928540018315,-1.0799237424881465,9,-0.4124356925682024,1.2566404694012234,2,-0.4876121484732478,0,-0.9601914853903032,-0.2067936485059296,1.2154622147507126,-0.8667141755939203,-0.4223386849348233,1.2564567679296956,-0.9037111766442802,1.605668628512811,False,2.295385957238859,1.0369335824079484,-1.1537830389044332,0,0,0,1000
-0.5536771133297153,0.3583625577948687,-1.16010150420929,8,-0.1752670397923321,-0.1558526028536637,2,1.0864246625329643,2,0.472401208410713,-0.2067936485059296,0.0838104627336085,-0.396549449039149,-1.6077871299556945,1.3930695349267348,-1.1451650485798712,1.425309543151044,True,1.2439119669428984,-0.5480333524675544,-2.5217542341779904,0,0,0,1000
-0.5522980918768393,-0.2207414698128179,1.8517210093240704,17,1.5959286437040603,1.35999362102963,1,-1.387061754762512,3,-0.3022664678409858,-0.2067936485059296,-1.355426950664652,-0.3117321467602876,0.8246914974897296,-0.4512028195332943,0.8669505508833859,-1.1690865308989893,True,-3.2071479599887223,-0.559713168915332,-3.207883213781256,0,0,0,1000
-0.5509190704239633,0.3304539299583537,-0.6382814292581996,35,-0.4023434094713568,1.428895722115234,2,1.5923650660706756,2,-1.449180960650241,-0.2067936485059296,-0.1856208910950534,1.3339687789599777,0.4398056387167194,0.4367801659474605,-0.0317944168768689,1.4946784221363392,False,0.4526605381631461,0.9249852948176066,0.7496426759068361,0,0,0,1000
-0.5495400489710872,0.5327914817730877,-1.5338391957528998,31,-0.2610514461155192,0.7743257618019938,0,-1.330846154369433,3,0.3110669241976558,-0.2067936485059296,-1.4415903874825502,-1.205194430077164,-0.2683843414256192,0.4641027193468683,-1.5475881684725226,-0.7112519295960422,True,0.0922488082703496,-0.4771266408366607,-0.8297417064150757,0,0,0,1000
-0.5481610275182113,-1.3580180541508051,0.5147008965054264,34,-0.9321882720557478,-1.0860309675093214,1,0.5804842589952534,0,-1.818232807264332,-0.2067936485059296,1.5568931943015494,1.239556917782909,-1.6539734330084557,1.037876340734433,-0.219591872826773,-1.7934064417666442,True,1.0421922977961229,-0.9358460559545296,0.8067398156388284,0,0,0,1000
-0.5467820060653352,1.0560782537077442,-0.343573027985482,23,-1.0633879523147398,-0.0180484006824552,0,0.9177778613537274,2,-0.45778839002166,-0.2067936485059296,0.435979179656582,1.1642238295750749,1.6252540837375906,-0.4102189894341826,1.5510698547008932,1.439183318948103,True,0.7795522076420641,0.1572837433363406,0.8589412866345959,0,0,0,1000
-0.5454029846124593,1.0142153119529718,0.113472545184859,6,-0.0793903503722995,-0.4314610071960808,2,-1.387061754762512,3,2.0640702978270924,-0.2067936485059296,-0.9037788753357712,-1.5623711682023418,-1.1767149681299232,1.1608278310317683,-0.5549444727373157,1.189455354601041,True,-1.0172514205206302,0.2342153101349103,-0.6400528148224073,0,0,0,1000
-0.5440239631595832,0.9165351145251692,-0.4281540425660862,6,-1.4771715592854069,1.3255425704868278,0,-1.49949295554867,3,0.0959938744403302,-0.2067936485059296,-0.9016267220828716,1.2498651269539414,1.0864138814553763,-1.6943789992063512,1.698624998661532,0.0934270666333798,True,-0.4734726795167854,-0.0411001654032087,0.8000862640503326,0,0,0,1000
-0.5426449417067073,1.3840046307867957,-0.0128207068012011,11,0.0972246038224974,-1.292737270766134,1,0.5804842589952534,1,0.2411596552708484,-0.2067936485059296,0.9201574849338728,0.9017384057987582,0.9478549722970928,1.1198440009326565,-1.0646804246013408,-0.6835043780019243,True,0.932978191735074,-0.0030918372325062,1.1089689456193312,0,0,0,1000
-0.5412659202538311,-1.1347490314586848,1.910018935770709,3,0.70276158963323,0.843227862887598,0,-1.049768152404038,3,0.485465530333871,-0.2067936485059296,-0.9271713271223656,-1.3271115349807,1.5328814776320685,1.0788601708335448,-0.8634688646550153,0.5512616679363268,True,-2.8371902628930745,0.9272483556016632,-0.7535162260240361,0,0,0,1000
-0.5398868988009552,-0.646348044319672,0.2433513892991123,35,-0.6344659206988043,-0.3281078555676744,0,-0.1503185461147737,1,0.711772004452503,-0.2067936485059296,0.4337268194950072,-0.4802130275924096,1.117204750157217,0.0952482484548624,-1.668315104440318,0.1627959456186748,True,0.1903754301958949,0.1732107061477305,-2.082409578212709,0,0,0,1000
-0.5385078773480793,1.1607356080946756,-0.724586204228535,13,-0.6748350530861864,1.2910915199440256,0,0.0183282550644632,0,-0.0729400943822046,-0.2067936485059296,1.8276263435210969,-0.0574736154245891,0.7169234570332866,1.1471665543320644,-0.0183803128804472,-0.4337764136548623,True,2.552212547749632,0.0528513861244727,-17.39931849674478,0,0,0,1000
-0.5371288558952032,0.0862534363888472,-0.7491525350557032,13,-0.3518819939871291,0.7054236607163894,0,-0.7124745500455638,0,0.110853606478371,-0.2067936485059296,1.239745200235972,0.7040585860821555,-0.5301067253912661,1.3520857048276231,1.0145056948440243,-0.2672911040901542,True,1.9888977352916752,-0.083046260313339,1.42033614493794,0,0,0,1000
-0.5357498344423273,-1.6650129603524702,-0.8409089969303907,1,0.0316247636930014,0.1542068520315554,1,-1.330846154369433,3,1.6633342388534342,-0.2067936485059296,-0.9737850460735532,-1.1667109642596,-1.7001597360612166,0.9832312339356172,0.5315979509728429,0.4263976857627958,True,-0.1328760491431625,-1.3987127263542165,-0.8571103866720267,0,0,0,1000
-0.5343708129894512,1.2863244333589932,-0.873962368642384,29,-1.3611103036716834,-0.2592057544820701,1,-0.7124745500455638,0,0.6628510710023714,-0.2067936485059296,1.7289961829460627,0.7033715970348325,0.3320375982602765,-0.7517509069267806,0.0621043110980829,-0.3505337588725082,True,2.6029585515884466,-0.5793068920703736,1.4217233991865863,0,0,0,1000
-0.5329917915365752,1.0281696258712292,0.2716138713259196,5,-1.017972678378935,1.1877383683156193,2,0.0745438554575422,1,-1.2613176508759902,-0.2067936485059296,-0.0300784092010949,-0.2086025001293781,0.8708778005424909,-0.3965577127344787,-1.4939317524868356,1.120086475615746,True,-0.3016922805270145,-0.3425913701261424,-4.793808697214347,0,0,0,1000
-0.5316127700836991,-0.4649419633823243,1.6282084054601542,12,-1.2198183403158456,0.9465810145160044,0,-0.8811213512248008,0,-1.2819289279963564,-0.2067936485059296,-1.205447488439562,0.534411467071646,-0.5147112910403457,-0.5195092030318139,-1.2256496725584014,0.1350483940245568,True,-2.8336558938997163,-2.0872474557661924,1.871216982595616,0,0,0,1000
-0.5302337486308232,1.6072736534789158,-0.3430406459106792,40,-1.431756285349602,-1.1893841191377277,0,-0.3751809476870898,1,1.8192490974560207,-0.2067936485059296,0.6329505059194742,1.6909463740538548,-1.623182564306615,1.5843274087225898,0.4779415349871561,0.6761256501098578,False,0.9759911518301534,-0.6240763854637337,0.5913847749435923,0,0,0,1000
-0.5288547271779472,1.5584335547650146,-0.2764269420324622,21,-1.1844953494768864,0.2231089531171596,1,1.8734430680360703,2,0.0051049946661323,-0.2067936485059296,-0.264494702890412,-0.2829805723575977,1.1633910532099787,1.6389725155214054,0.1694171430694566,-0.6280092748136883,True,0.0119322391420501,-0.0014111580646509,-3.5338127456947506,0,0,0,1000
-0.5274757057250712,0.0164818667975597,1.4779421658083716,37,0.304116407307831,-0.7415204620813,0,1.3675026644983594,2,-0.3192396785201743,-0.2067936485059296,0.4490427591143197,-0.0195066156324637,1.0094367097007746,0.0542644183557506,1.457171126725941,0.6345043227186808,True,-1.0288994066940518,-0.4718177818840747,-51.26492187747515,0,0,0,1000
-0.5260966842721952,0.8676950158112677,-0.7092513764416356,18,1.5606056528651011,1.2221894188584217,2,-0.93733695161788,1,1.013374784664033,-0.2067936485059296,1.1571102333066443,-0.9230689329187992,-0.5301067253912661,-1.1069441011190826,0.66573899093706,-1.6269211322019363,True,1.86636160974828,-0.7187374608742115,-1.0833428281160131,0,0,0,1000
-0.5247176628193192,-1.33010942631429,1.184293019449624,18,0.3848546720825954,-0.8793246642525085,2,0.5804842589952534,1,0.4195783825648011,-0.2067936485059296,0.4957589855564123,0.2521772574060303,-1.253692139884525,0.5597316562447958,-0.5147021607480506,-1.3216980646666383,True,-0.6885340338932117,0.4969037495834578,3.965463078391696,0,0,0,1000
-0.5233386413664431,0.3723168717131262,-0.0400697875411162,42,1.651436200736711,0.6709726101735873,2,1.817227467642992,2,0.6751506888007894,-0.2067936485059296,-0.0237805393055712,-1.731714458063457,0.5629691135240826,1.406730811626439,-1.426861232504727,0.4541452373569138,True,0.016289248235545,-0.0270531446584859,-0.5774624408140157,0,0,0,1000
-0.5219596199135672,-1.4905840363742513,-1.133883191114407,27,1.580790219058792,-0.6726183609956957,2,0.6366998593883324,2,0.7479871380105251,-0.2067936485059296,0.3547328129283972,1.061010716985145,0.347433032611197,0.6007154863439075,0.3035581830336738,-0.8222421359725143,True,1.4886160040428045,-0.8481300429599065,0.9424974599613348,0,0,0,1000
-0.5205805984606912,0.7979234462199803,1.8833854529942364,20,0.0164863390477331,-0.1214015523108616,1,-0.8249057508317219,1,1.7557622794849694,-0.2067936485059296,1.0902392403558088,0.5342703258084783,-1.0073651902697986,-0.5331704797315179,0.5450120549692647,0.7316207532980938,True,-0.7931462126384277,3.3067771360979923,1.8717113126498848,0,0,0,1000
-0.5192015770078152,0.7700148183834652,-1.1389650282202346,5,1.4849135296387594,0.3953642058311703,2,1.3112870641052805,2,-1.818232807264332,-0.2067936485059296,0.4891257105810294,0.3093070402330534,0.5321782448222419,1.4477146417255506,1.1218185268153984,0.4263976857627958,False,1.628090738801264,2.070903580636776,3.233032380844913,0,0,0,1000
-0.5178225555549392,-1.078931775785655,-0.5837985726369335,32,-1.4468947099948704,-0.9137757147953108,0,0.2431906566367793,0,-0.0729400943822046,-0.2067936485059296,0.2620302280809178,0.3183223431992311,-1.022760624620719,0.5324091028453879,0.6925671989299035,0.3015337035892648,True,0.8458288007178514,0.0425823229883342,3.1414687257037723,0,0,0,1000
-0.5164435341020632,-0.1649242141397879,0.0495868459644988,16,0.8945149684732954,-0.9826778158809149,2,-0.7686901504386429,1,-1.512971918718622,-0.2067936485059296,0.8758760534894047,0.5916249335003467,-1.592391695604774,1.2974405980288075,1.3096159827653022,-1.1968340824931072,True,0.8262892075249059,-0.0750235054821125,1.6902597817463956,0,0,0,1000
-0.5150645126491871,1.551456397805886,-0.5924565000706765,30,0.3293471150499449,0.6709726101735873,0,0.0183282550644632,0,-0.3706226321335793,-0.2067936485059296,1.1877280283910452,-1.0730571524574168,-1.5308099582010923,0.9832312339356172,0.947435174861916,-0.1424271219166232,True,1.7801845284617217,0.2195777874808422,-0.9319168982766496,0,0,0,1000
-0.5136854911963111,1.3700503168685385,-0.1596551600484828,33,0.4908236445994736,-0.2936568050248722,0,-1.330846154369433,3,-0.6011506974392071,-0.2067936485059296,-1.5174293130671102,-0.5281173734677677,0.7477143257351275,1.0788601708335448,-0.6622573047086895,0.4680190131539728,True,-1.3577741530186274,0.0959768108129136,-1.893518826668396,0,0,0,1000
-0.5123064697434352,1.3072559042363794,1.6142598532360226,17,0.1830090101456845,1.2221894188584217,2,0.8615622609606484,1,1.422485627292018,-0.2067936485059296,0.6423561204225563,0.449714412360865,0.5013873761204011,-1.024976440920859,-1.480517648490414,-1.2384554098842842,True,-0.9719037328134664,2.2962614399427648,2.2236329327028,0,0,0,1000
-0.5109274482905591,-0.8068226543796334,-1.5373826675431217,37,-0.1702208982439093,1.4633467726580365,2,-0.2065341465078527,1,0.2693247864040974,-0.2067936485059296,-0.6632693580575564,-1.3365356796783514,-1.5462053925520127,0.8192959135391702,-0.8634688646550153,-0.8638634633636911,False,0.8741133094855653,-0.4140552585574127,-0.7482030521332312,0,0,0,1000
-0.5095484268376832,1.5933193395606584,-1.063377511818446,8,-1.3358795959295695,-1.6716988267369577,1,1.7047962668568335,2,0.73595977530185,-0.2067936485059296,-0.0404011093336425,-1.4023548455924562,-0.868806281111515,0.1772159086530859,0.9608492788583376,-0.3505337588725082,True,1.0229764024848036,-0.7826030746589439,-0.713086330789666,0,0,0,1000
-0.5081694053848071,0.1002077503071048,-0.714588553231003,25,-0.220682313728137,1.6011509748292447,1,0.2431906566367793,1,0.5627146920237458,-0.2067936485059296,1.089200539593291,-1.204922920862358,-0.7302473719532313,1.7346014524193327,-1.6012445844582095,-1.668542459593113,False,1.803789092824294,-0.4021094776550779,-0.8299286748376999,0,0,0,1000
-0.5067903839319311,-0.5068049051370969,-1.6425486273182826,1,0.0871323207256519,-0.3625589061104765,1,0.5804842589952534,2,1.101116147891736,-0.2067936485059296,0.7550022818057379,0.4406266343898533,-0.2683843414256192,-0.1779772855392159,-0.7963983446729067,1.300445560977513,True,2.3975509091240204,-1.808636817237566,2.2694946129056937,0,0,0,1000
-0.505411362479055,0.1909107907757786,0.8160941787927087,7,0.7128538727300755,0.050853700403149,2,-1.049768152404038,1,0.8309784133015728,-0.2067936485059296,1.2022714082771817,0.8538302511768997,-0.5608975940931069,-0.4921866496324061,0.8937787588762292,-1.5852998048107594,False,0.386177229484473,0.6781566457978152,1.1711928471758162,0,0,0,1000
-0.5040323410261791,-0.2277186267719466,-1.0670174438632665,7,-1.2601874727032278,0.5331684080023787,0,0.4118374578160163,2,1.5302741201584202,-0.2067936485059296,0.4548500682334584,1.0326906191502732,1.0864138814553763,0.7783120834400585,1.1084044228189769,-0.8916110149578094,True,1.5218675120967249,-1.6328291801015469,0.9683441338785612,0,0,0,1000
-0.5026533195733032,1.2514386485633493,-1.0382783929992725,29,0.8692842607311815,-0.7415204620813,0,0.3556218574229373,0,-1.3233493238148013,-0.2067936485059296,1.634069574529608,-1.6657233544501964,0.3166421639093562,1.2837793213291036,-0.0586226248697124,1.411435767353985,True,2.6723479675288804,1.3740050093071057,-0.600339820752559,0,0,0,1000
-0.5012742981204271,-1.2952236415186462,1.0575726731130526,17,1.671620766930402,-1.3616393718517383,2,0.4680530582090954,2,-0.4402037724726214,-0.2067936485059296,0.0429483253168952,-0.442663575238044,0.1626878204001521,0.710005699941539,1.323030086761724,-0.3782813104666262,True,-1.0146243477961574,-0.4655474803683201,-2.259052431335669,0,0,0,1000
-0.4998952766675511,-1.10684040362217,-1.163484803370319,19,-0.3922511263745112,0.1886579025743575,1,1.1426402629260437,2,0.73595977530185,-0.2067936485059296,-0.9683576873643114,1.1930168649039536,-0.9457834528661168,-1.7353628293054628,-0.6488432007122678,-1.474309598434287,True,0.1951271160060073,-0.8562780144555369,0.8382110476362816,0,0,0,1000
-0.4985162552146751,-0.8068226543796334,-0.6601762339634683,11,1.035806931829133,0.326462104745566,1,-1.443277355155591,3,-0.2351536375112642,-0.2067936485059296,-0.9956206568605372,1.296219313003683,1.4405088715265455,0.3957963358483486,-0.0049662088840255,-0.1563008977136822,True,-0.3354444228970689,0.1552428428149969,0.7714743275467042,0,0,0,1000
-0.4971372337617991,0.7351290335878214,-1.1251896134269237,30,0.4100853798247092,1.7389551770004534,1,-1.218414953583275,3,-1.3859719465647844,-0.2067936485059296,-1.11683550631337,1.2305933049478068,1.1787864875608989,-0.4921866496324061,-0.8500547606585935,1.147834027209864,False,0.0083541071135533,1.5594812387757904,0.8126160890992367,0,0,0,1000
-0.4957582123089231,1.063055410666873,-0.9043700291027515,18,-1.1592646417347725,-0.224754703939268,2,1.3112870641052805,0,0.0810536478232512,-0.2067936485059296,1.2713947383853048,-0.8760038171294471,1.6560449524394316,0.5597316562447958,-1.0378522166084974,0.2182910488069108,True,2.1757647674880563,-0.0733024898407978,-1.141547667488071,0,0,0,1000
-0.4943791908560471,0.9653752132390704,-1.483759791874374,11,-0.1601286151470638,-0.9137757147953108,2,-0.8249057508317219,0,0.5114292264090835,-0.2067936485059296,-1.3536852337215846,1.1643582239158707,1.3943225684737848,-0.1096709020406963,-0.6220149927194244,-0.4337764136548623,False,0.1300745581527895,-0.7588381225352139,0.8588421446044935,0,0,0,1000
-0.4930001694031711,-1.1556805023360712,2.2039087034141858,36,-0.1500363320502183,0.9810320650588064,2,-1.49949295554867,3,-0.8249389814020169,4.772110297630446,-1.2234121901492423,1.0332650869438451,-0.3453615131802212,1.037876340734433,0.9876774868511812,0.4263976857627958,True,-3.427320893563428,-1.818090200897538,0.9678057604531942,0,0,0,1000
-0.4916211479502951,-0.6114622595240282,-0.9996984658308417,29,-1.4872638423822526,1.428895722115234,1,-0.8811213512248008,0,0.6505043648705744,-0.2067936485059296,1.8303571884898644,-0.0578228230680011,0.8246914974897296,-0.8337185671250041,0.1425889350766132,1.2033291303981,True,2.830055654320706,-0.6503082155773793,-17.294239131975377,0,0,0,1000
-0.4902421264974191,1.2095757068085768,-0.3242362587480792,27,1.6362977760914426,0.6365215596307852,1,-1.387061754762512,3,1.91710895314072,-0.2067936485059296,-0.9584204420538328,-1.0729941449081697,0.3012467295584358,1.2974405980288075,0.437699222997891,0.2044172730098518,True,-0.6341841833057535,-0.6215962345787936,-0.9319716215998044,0,0,0,1000
-0.488863105044543,0.776991975342594,1.2945708468957733,11,-0.4679432496008528,-0.1903036533964659,2,-1.49949295554867,3,-0.0729400943822046,-0.2067936485059296,-1.1498361951059528,1.1645918633083312,-0.0990345635654947,1.6253112388217017,1.0145056948440243,-0.9054847907548684,False,-2.444407042001726,-0.0944261197570283,0.8586698444657266,0,0,0,1000
-0.4874840835916671,0.9304894284434266,0.5118347746418166,36,-0.4982200988913894,-1.22383516968053,2,-0.1503185461147737,1,-1.449180960650241,-0.2067936485059296,-0.4967460824271253,0.9291555042490762,-0.1144299979164151,1.5843274087225898,-1.6817292084367397,-1.2384554098842842,False,-1.0085808570689418,-0.7417412104096274,1.0762459973624965,0,0,0,1000
-0.4861050621387911,-1.4208124667829638,-0.964603492471346,39,1.7119898993177842,0.7743257618019938,2,1.3675026644983594,2,-1.1795361053656206,-0.2067936485059296,0.4613352189290442,0.1494139033671198,-0.4069432505839028,1.4477146417255506,-1.2122355685619797,-1.224581634087225,True,1.4259387114003903,1.1377846467317272,6.692813106298581,0,0,0,1000
-0.484726040685915,1.5933193395606584,0.6030233396772187,11,-1.0331111030242033,0.5331684080023787,1,0.3556218574229373,0,1.9083055912122904,-0.2067936485059296,1.2478325734134907,-0.4622754638959897,-0.9149925841642762,1.693617622320221,1.6449685826758451,-1.4326882710431104,True,0.6448092337362721,1.1507528107375449,-2.1632128339527874,0,0,0,1000
-0.4833470192330391,0.8188549170973666,1.528624208081347,20,-0.1601286151470638,-0.465912057738883,0,-1.274630553976354,3,1.6633342388534342,-0.2067936485059296,-1.0120254091169454,-1.2521365777652211,-0.376152381882062,1.4886984718246623,-0.5147021607480506,1.591794852715752,False,-2.5406496171982926,2.542612983641921,-0.7986349872857091,0,0,0,1000
-0.4819679977801631,-0.9742744213987234,-1.361516679173526,11,1.5252826620261415,0.2231089531171596,0,-0.9935525520109588,1,-0.6931384774092352,-0.2067936485059296,0.8073239864037887,-1.2042569343314506,1.6098586493866702,-0.6151381399297413,-1.668315104440318,-0.5863879474225113,True,2.1688406655773145,0.943719597969616,-0.830387647793716,0,0,0,1000
-0.4805889763272871,0.093230593347976,1.3130047329624877,24,0.5614696262773924,0.6020705090879831,2,-0.4313965480801688,1,-0.1530404922217351,-0.2067936485059296,-0.1615823769148377,0.8544631560239188,0.424410204365799,1.5433435786234782,1.5376557507044717,-0.1146795703225052,True,-1.474587109877325,-0.2009428906220469,1.1703253392700683,0,0,0,1000
-0.4792099548744111,-1.2045206010499725,0.6411640418254214,32,-1.3611103036716834,1.0499341661444108,2,-1.330846154369433,3,-0.2853709610732421,-0.2067936485059296,-0.9529016367290668,-1.468261721497396,-1.1305286650771618,1.5843274087225898,-0.4342175367695203,1.1339602514128049,False,-1.5940656785544882,-0.1829695988213249,-0.6810775309785441,0,0,0,1000
-0.4778309334215351,1.3002787472772506,-0.5786636937665223,7,-1.5326791163180575,1.0843852166872128,2,-0.6562589496524849,0,0.711772004452503,4.772110297630446,1.7843758428049337,1.258865630219432,1.0864138814553763,0.2455222921516055,-1.5610022724689443,-0.6696306022048653,True,2.363039536571456,-0.4118766172160869,0.7943658930374493,0,0,0,1000
-0.4764519119686591,1.404936101664182,0.1149515326223513,4,0.1022707453709202,0.2231089531171596,2,1.5361494656775965,2,0.4592810194835228,-0.2067936485059296,0.0884251423891071,-1.3365800787804116,-1.6539734330084557,-1.1479279312181945,0.5181838469764212,0.3292812551833828,True,-0.0265263902332441,0.0527950570939869,-0.7481781979949075,0,0,0,1000
-0.475072890515783,-0.1858556850171741,0.9379342336793406,33,-0.9019114227652112,1.0499341661444108,0,-1.49949295554867,3,0.4062277873044279,-0.2067936485059296,-1.1507784914099524,0.8074096841167245,0.3628284669621174,-1.2982019749149374,-0.6488432007122678,0.4402714615598547,True,-2.0887127250892927,0.3810149483846328,1.238528464321202,0,0,0,1000
-0.4736938690629071,-0.4858734342597106,0.0106939126884521,13,-0.705111902376723,1.2910915199440256,1,1.5923650660706756,2,-0.1530404922217351,-0.2067936485059296,-0.7862155776354766,0.3745741555472738,1.301949962368262,-0.7517509069267806,1.13523263081182,-0.3089124314813312,False,-0.7969094903239287,-0.0016366016616169,2.6696976238768584,0,0,0,1000
-0.472314847610031,0.9374665854025552,0.2120710162748924,31,0.6674385987942706,-0.6726183609956957,0,0.1869750562437003,1,-1.1390459728740463,-0.2067936485059296,-0.6176405987522868,-0.4151675813245057,0.3628284669621174,-1.2982019749149374,-0.6488432007122678,0.4402714615598547,True,-0.8297116150271793,-0.2415586370512225,-2.4086664899902743,0,0,0,1000
-0.470935826157155,-0.5416906899327407,1.1720958385258051,38,0.8692842607311815,-0.5692652093672893,0,-0.4313965480801688,0,-0.805897272154619,-0.2067936485059296,1.9790545455569044,1.2018904825003205,-0.3145706444783804,0.2455222921516055,1.6717967906686886,-1.6130473564048773,True,0.8069587070310991,-0.9445888389717274,0.8320224940274322,0,0,0,1000
-0.4695568047042791,0.5955858944052463,-0.239882846984873,6,0.4655929368573597,0.1197558014887532,0,-0.9935525520109588,3,1.7830899206543975,-0.2067936485059296,-0.8017284029862788,0.7695936195073391,-1.6539734330084557,-1.1479279312181945,0.5181838469764212,0.3292812551833828,True,-0.5618455560014057,-0.4277326865966082,1.2993869033132928,0,0,0,1000
-0.468177783251403,0.149047849021006,0.5450509923638146,35,0.6371617495037339,0.5331684080023787,2,1.8734430680360703,2,-0.0414729400948349,4.772110297630446,0.6392379985661866,-0.4055833604525138,1.6252540837375906,0.8876022970376899,1.510827542711628,0.2182910488069108,True,0.0941870062023719,-0.0226048671549348,-2.4655849920538846,0,0,0,1000
-0.4667987617985271,1.0491010967486154,0.5199496016130459,26,1.4647289634450684,1.7045041264576513,1,1.0864246625329643,2,0.0509267047203175,-0.2067936485059296,-0.6044338418400268,0.007647570488006,1.117204750157217,-1.011315164221155,-0.7829842406764849,1.522425973730457,False,-1.1243834434530728,0.0264793198307943,130.75877178133044,0,0,0,1000
-0.465419740345651,-0.7858911835022471,-0.4949490097134592,31,0.4252238044699776,-1.5683456751085512,0,-0.5438277488663268,1,-1.1189017032627826,-0.2067936485059296,0.7372236591695585,1.2019158378698798,-0.3915478162329824,-0.9976538875214512,0.3035581830336738,-0.4892715168430983,False,1.2321726688830177,0.553799289996617,0.8320049418533134,0,0,0,1000
-0.464040718892775,0.2048651046940361,1.3448599859082806,7,-1.5427713994149028,0.6365215596307852,1,0.0745438554575422,1,0.125634056650171,-0.2067936485059296,0.2576097418350681,0.3369437401244451,0.8554823661915704,-0.8337185671250041,1.2559595667796155,-1.3771931678548743,False,-1.0872502440732126,0.1689602156561492,2.967853632910057,0,0,0,1000
-0.462661697439899,0.7002432487921777,-0.952938007829652,22,-1.194587632573732,1.5322488737436406,2,-1.49949295554867,3,-0.7491969517311343,-0.2067936485059296,-0.9043923672611754,-1.2419395839919976,1.147995618859058,-0.0550257952418806,0.7328095109191686,-1.7240375627813491,True,0.0485456405684764,0.713938250654715,-0.8051922117699928,0,0,0,1000
-0.461282675987023,1.690999536988461,-0.078684804694098,40,-1.497356125479098,-1.3271883213089362,2,-0.93733695161788,1,0.3658165287182165,-0.2067936485059296,-0.4054828205878566,-0.5373933035158935,1.1633910532099787,-1.4757985720110882,1.3096159827653022,1.161707803006923,True,-0.3267980158937585,-0.0287842021160657,-1.8608348476636896,0,0,0,1000
-0.459903654534147,-1.3091779554369036,-1.4404343773664805,8,0.6573463156974251,0.2920110542027639,1,1.4237182648914386,2,0.9233857416348982,-0.2067936485059296,-0.2919510473185269,1.2957589987837912,0.7015280226823664,-1.2435568681161218,-1.29272019254051,0.2460386004010288,True,1.148483330047953,-1.33007656582095,0.7717483913009812,0,0,0,1000
-0.458524633081271,-0.8347312822161483,0.0369409148182077,15,1.4798673880903366,0.8776789134304002,0,0.9739934617468065,0,-0.0729400943822046,-0.2067936485059296,1.2130734851769942,-0.2836723495433783,0.5167828104713215,-0.1233321787404002,-0.8634688646550153,0.5790092195304448,True,1.1761325703587864,-0.002694473813405,-3.525195015055863,0,0,0,1000
-0.457145611628395,-0.0951526445485003,1.1961535146105196,38,-0.4830816742461211,-0.1903036533964659,2,-0.8811213512248008,0,0.4328703072542469,3.1124756489183207,1.1865745839033666,-1.4024129561819174,1.2865545280173418,0.4641027193468683,-0.9573675926299672,0.1489221698216158,True,-0.0095789307071529,0.517779339392703,-0.7130567832375052,0,0,0,1000
-0.455766590175519,-0.1370155863032728,1.3858782585988327,27,0.1224553115646113,1.4633467726580365,2,-0.0378873453286157,1,0.600636264246138,-0.2067936485059296,0.6001605099856452,1.3616200609093991,0.7323188913842071,-1.4074921885125689,-0.5951867847265809,-1.7379113385784082,True,-0.7857177486131875,0.8324087399447461,0.7344192078737434,0,0,0,1000
-0.454387568722643,-0.1719013710989166,0.4164094479454123,34,1.4243598310576864,-0.224754703939268,0,-0.3751809476870898,1,-0.3534180473878296,3.1124756489183207,0.963634401469608,1.2585844359063822,1.6560449524394316,-1.4348147419119766,0.4242851190014692,-0.6835043780019243,True,0.5472249535241955,-0.1471666140067117,0.794543371121146,0,0,0,1000
-0.4530085472697671,0.7141975627104353,-0.3855526682061616,40,0.8844226853764499,0.5331684080023787,1,-1.387061754762512,3,-1.365032361609816,-0.2067936485059296,-0.9799553575831697,-1.5339967685245088,-1.1613195337790023,0.4914252727462762,0.0755184150945047,-1.0164749971313405,True,-0.594402689377008,0.5262918692064226,-0.6518918981498576,0,0,0,1000
-0.451629525816891,1.5863421826015296,-1.429481519928704,35,-1.5680021071570167,0.2575600036599618,1,-1.443277355155591,3,-0.9406610984409725,-0.2067936485059296,0.307639749387519,-1.4674013800736456,1.5020906089302275,-1.1342666545184903,-0.689085512701533,-1.2800767372754611,True,1.7371212693162228,1.3446576567372055,-0.6814768486162233,0,0,0,1000
-0.450250504364015,0.5467457956913451,-1.6461873325245169,7,-1.2955104635421872,0.0164026498603468,0,-1.105983752797117,3,0.4195783825648011,-0.2067936485059296,-1.0298751273766442,-1.3361891925681535,0.1011060829964705,-1.530443678809904,0.7998800309012772,-1.6546686837960545,True,0.6163122051478727,-0.6907046183793012,-0.748397068619982,0,0,0,1000
-0.448871482911139,-0.6184394164831569,1.476456037970632,1,1.5606056528651011,0.7398747112591916,1,1.1426402629260437,0,1.176165671975607,-0.2067936485059296,1.318050494704364,-1.53380284891698,-1.5308099582010923,0.9832312339356172,0.947435174861916,-0.1424271219166232,True,-0.1584055432662678,1.7365569080421708,-0.6519743172360992,0,0,0,1000
-0.447492461458263,-1.38592668198732,-1.2698752713856296,41,-0.3064667200513241,-1.6716988267369577,2,-1.105983752797117,3,0.4984746518105413,-0.2067936485059296,-0.9307300047848968,-0.6400163868622649,0.1011060829964705,-1.3118632516146411,0.2767299750408304,1.0229700450363328,False,0.3391452666007328,-0.6330006337467684,-1.5624602381645414,0,0,0,1000
-0.4461134400053869,-0.3393531381180067,-0.9318673099577895,23,-0.5133585235366577,-1.1549330685949255,2,0.2431906566367793,1,0.1549618143491789,4.772110297630446,1.1300035204025791,-0.8761562758107871,1.332740831070103,-1.4484760186116803,0.9206069668690726,1.48080464633928,False,2.061870830360369,-0.1444038490837478,-1.141349028413352,0,0,0,1000
-0.444734418552511,0.0234590237566884,-1.3302960689041712,5,0.9146995346669864,1.4633467726580365,2,-0.7686901504386429,0,-1.9077023575485812,-0.2067936485059296,0.9776138278919672,-1.1006576148463916,0.6553417196296051,0.8056346368394663,0.7462236149155903,1.383688215759867,True,2.3079098967961382,2.5378089468860976,-0.9085478330101264,0,0,0,1000
-0.443355397099635,1.4258675725415682,1.799943757932693,38,-0.266097587663942,1.428895722115234,1,0.9739934617468065,0,0.6628510710023714,-0.2067936485059296,-1.4881460139774614,-1.5716519952102537,1.1787864875608989,0.4914252727462762,0.4511133269943127,-0.7944945843783963,False,-3.2880897719101543,1.1930946476897186,-0.6362732123109369,0,0,0,1000
-0.4419763756467589,0.4839513830591863,-1.4454772723368254,5,-1.3913871529622197,1.0154831156016086,1,-1.274630553976354,3,-0.8824859019390859,-0.2067936485059296,-1.1880394554039868,-0.7163338728084303,1.2865545280173418,-1.4348147419119766,0.0218619991088178,-0.2395435524960362,True,0.2574378169328386,1.2756133144106132,-1.395997282215857,0,0,0,1000
-0.440597354193883,1.3560960029502809,1.326945376480351,1,0.3192548319530994,1.7389551770004534,1,-1.218414953583275,3,1.342158256908509,-0.2067936485059296,-0.7919629499675798,-1.4399539204726537,0.4859919417694806,1.6116499621219975,0.5986684709549516,1.231076681992218,True,-2.1189083264479307,1.7809706935096734,-0.6944667153782458,0,0,0,1000
-0.4392183327410069,0.2885909882035812,0.3608826966707711,20,0.349531681243636,-0.8448736137097064,0,0.5804842589952534,1,0.0051049946661323,-0.2067936485059296,1.0119265976189402,1.2301797838992043,-0.29917521012746,-1.2435568681161218,1.6583826866722668,-0.1146795703225052,True,0.651043900948169,0.0018423042416037,0.8128892474085812,0,0,0,1000
-0.437839311288131,-0.960320107480466,-1.3055293812753204,4,1.1821450367333932,-0.0869505017680595,1,-0.8249057508317219,0,-0.0729400943822046,-0.2067936485059296,1.891351651154106,0.7891451123279231,0.0241289112418684,1.5433435786234782,0.7998800309012772,0.3847763583716188,True,3.1968810324294266,0.0952254362889631,1.2671939009172597,0,0,0,1000
-0.4364602898352549,-0.6393708873605433,0.0177688428037564,20,-1.189541491025309,0.3953642058311703,0,0.0745438554575422,0,-1.5558203784823792,-0.2067936485059296,0.2529678751234885,1.2026782400979084,-0.868806281111515,0.518747826145684,0.2767299750408304,1.4669308705422208,False,0.235199032319732,-0.0276451277361343,0.831477517021377,0,0,0,1000
-0.435081268382379,1.237484334645092,-1.3988626764394831,21,-0.6142813545051131,-0.8793246642525085,1,0.6929154597814113,1,-0.7491969517311343,-0.2067936485059296,0.9699161039227044,1.032466229570742,1.3481362654210234,-0.1916385622389199,0.5181838469764212,0.0656795150392618,True,2.368778780362188,1.0480236530789169,0.9685545875532422,0,0,0,1000
-0.433702246929503,-0.4649419633823243,1.2483350572561664,22,-1.1289877924442355,-0.465912057738883,0,-0.2065341465078527,1,-1.2613176508759902,-0.2067936485059296,0.3872371484138723,-1.4682967619651983,-0.2068026040219376,-1.6943789992063512,-1.158579152576293,-0.0591844671342692,True,-0.8610979088422941,-1.574547041924493,-0.6810612772636692,0,0,0,1000
-0.4323232254766269,-0.5765764747283845,0.8731461117769977,15,-1.1996337741221546,-1.0515799169665192,0,1.0302090621398854,2,-0.5468342158350353,-0.2067936485059296,0.8211633618724504,1.503245034882688,0.6399462852786847,-1.2435568681161218,-1.4402753365011487,-1.2939505130725202,True,-0.0519827499045473,-0.4774661693429847,0.6652274980274852,0,0,0,1000
-0.430944204023751,-1.6929215881889852,0.677536630260289,33,0.0518093298866925,-0.7070694115384979,1,-0.6562589496524849,1,1.1867614863444798,-0.2067936485059296,-0.6992983842241965,-1.2516635314498856,1.0094367097007746,-1.1615892079178982,1.5913121666901584,-0.0730582429313282,True,-1.3768350144844854,0.8040743783805308,-0.7989368186954484,0,0,0,1000
-0.429565182570875,1.4467990434189544,-1.5416389708246687,31,1.4142675479608409,-0.465912057738883,2,-0.8249057508317219,1,-1.199881602118864,-0.2067936485059296,0.6352614210833121,-1.3359951641392964,0.8400869318406499,-1.2572181448158255,-1.0378522166084974,0.4263976857627958,True,2.176900391907981,1.84978423820198,-0.7485057593713803,0,0,0,1000
-0.4281861611179989,1.258415805522478,0.3056389391891006,13,-1.5730482487054396,-0.6037162599100915,0,-0.4876121484732478,0,-0.7304391794012987,-0.2067936485059296,1.1698913741175176,0.1772964306397729,-1.2690875742354455,-0.7244283535273728,-0.2866623928088815,-1.6269211322019363,True,0.8642524349284171,-0.22325065593437,5.640268291722963,0,0,0,1000
-0.4268071396651229,0.4630199121818,-0.1811440319762388,30,-1.5175406916727892,-0.3625589061104765,2,1.8734430680360703,2,-0.4754482043131202,-0.2067936485059296,0.3879502741678347,0.0641129991040505,1.22497279061366,0.846618466938578,-1.3061342965369318,-1.0164749971313405,True,0.5690943061440735,0.0861246047251411,15.59743662331901,0,0,0,1000
-0.4254281182122469,0.8746721727703964,-1.3314476607339694,18,1.3335292831860763,1.0499341661444108,1,-0.0378873453286157,0,-1.1592575015304638,-0.2067936485059296,0.8179087657923716,-0.1330658072157714,0.9632504066480132,-0.4375415428335904,-0.5817726807301593,1.61954240430987,True,2.149356426526341,1.543490688601042,-7.515084246149607,0,0,0,1000
-0.4240490967593709,-0.8277541252570195,0.2990864323268846,32,1.454636680348223,0.1197558014887532,1,1.9296586684291497,2,-0.0103374563904445,-0.2067936485059296,0.030963210153017,-0.0104767306082563,0.0395243455927888,-1.1615892079178982,-0.5147021607480506,1.147834027209864,True,-0.2681232221738676,-0.0030917929511528,-95.45053532878464,0,0,0,1000
-0.422670075306495,-0.1021298015076291,0.6698131863054085,13,-0.1904054644376004,-1.1893841191377277,1,-1.443277355155591,3,-1.4280464114595173,-0.2067936485059296,-1.048997131136302,1.4375275080894765,-1.669368867359376,1.693617622320221,-0.4342175367695203,-0.0175631397430922,True,-1.7188103174417106,-0.9565243170517036,0.6956388137331388,0,0,0,1000
-0.421291053853619,-0.0532897027937278,0.7115006172149058,14,0.9752532332480596,-1.533894624565749,0,-1.218414953583275,3,0.625667627837102,-0.2067936485059296,-0.8564247632455703,0.4405881116395361,-0.5455021597421865,-0.8063960137255962,0.6120825749513732,0.953601166051038,True,-1.567925380460476,0.445162903377484,2.269693045755256,0,0,0,1000
-0.4199120324007429,-1.60919570467944,0.9886429174571604,16,0.8036844206016854,1.0843852166872128,0,-1.105983752797117,3,-1.302606210010628,-0.2067936485059296,-1.3364512916513125,-1.1857748287068184,-0.4993158566894253,1.6389725155214054,1.457171126725941,0.1489221698216158,True,-2.3250942091084728,-1.2878124037627217,-0.843330504345104,0,0,0,1000
-0.4185330109478669,0.3095224590809674,-0.3797814793734236,23,0.4454083706636687,-0.9826778158809149,0,0.6929154597814113,0,-1.5773404800409108,-0.2067936485059296,0.8086681588611172,1.3806506260300726,0.6399462852786847,-1.2435568681161218,-1.4402753365011487,-1.2939505130725202,True,1.1884496382345409,0.5990447009855232,0.7242961461190138,0,0,0,1000
-0.4171539894949909,-0.4300561785866805,-0.5854381472476179,30,-0.2761898707607875,1.4633467726580365,1,0.9739934617468065,2,-1.1189017032627826,6.431744946342571,-0.5797854766370152,-0.8096319476874864,1.548276911982989,-1.3118632516146411,-0.2330059768231946,0.8426109596745658,False,0.0056526706106027,0.6550477401103674,-1.235129278642204,0,0,0,1000
-0.4157749680421149,1.000260998034714,0.719581914089604,14,-0.377112701729243,0.4298152563739724,1,0.2994062570298583,1,-0.1047360641534968,-0.2067936485059296,-0.6458641907289736,0.0458362393264481,0.0857106486455501,0.4777639960465722,1.175474942801085,0.3431550309804418,True,-1.3654461048185778,-0.0753661775177848,21.816750959930765,0,0,0,1000
-0.4143959465892389,-0.1649242141397879,-0.1437245959897881,14,1.5959286437040603,-0.8104225631669043,1,-0.2065341465078527,1,-0.9994590305551176,-0.2067936485059296,-1.4078082068605695,-0.678410075083751,-1.1459240994280822,0.0132805882566389,-0.0183803128804472,-0.3644075346695672,False,-1.2640836108707814,0.1436468453748796,-1.4740349298026585,0,0,0,1000
-0.4130169251363629,0.721174719669564,0.4906293488509964,17,1.469775104993491,0.5676194585451809,0,-0.9935525520109588,3,-0.9211999030702372,-0.2067936485059296,-1.075435468236896,-1.073567306845798,1.486695174579307,0.1089095251545663,-1.5073458564832574,-0.3921550862636853,True,-1.5660648170878926,-0.4519677086049515,-0.9314740554883912,0,0,0,1000
-0.4116379036834869,-0.2207414698128179,-1.4491399833880625,24,1.469775104993491,0.5331684080023787,1,-1.49949295554867,3,-1.642282406264363,-0.2067936485059296,-1.2486498966757391,1.4275305279181822,-0.4223386849348233,-0.341912605935663,-1.668315104440318,-1.4881833742313462,True,0.2004900867123233,2.3798970989324464,0.70051036415123,0,0,0,1000
-0.4102588822306109,0.2188194186122936,0.3273056477793852,23,0.6623924572458478,1.2221894188584217,0,0.1307594558506213,1,0.28330532668029,3.1124756489183207,0.82627920818793,1.3617700167001818,1.117204750157217,0.0952482484548624,-1.668315104440318,0.1627959456186748,True,0.4989735604085448,0.0927274334684426,0.7343383348895796,0,0,0,1000
-0.4088798607777349,1.5723878686832722,-0.0682555046725393,15,0.0467631883382697,-1.533894624565749,0,0.9177778613537274,2,1.8192490974560207,-0.2067936485059296,0.0633097187915489,-0.3494375400785076,0.5167828104713215,-0.4648640962329982,1.5510698547008932,-1.4049407194489922,True,0.1315652234640882,-0.1241737652719224,-2.861742576225751,0,0,0,1000
-0.4075008393248589,-0.6323937304014146,-0.7055689208915795,21,1.3284831416376537,1.0843852166872128,2,1.0302090621398854,2,-0.0258635578477847,-0.2067936485059296,0.1589106795174618,0.976317253378207,-1.5769962612538535,0.8192959135391702,-0.689085512701533,0.2599123761980878,False,0.8644796004090414,0.0182485226010784,1.0242571194088146,0,0,0,1000
-0.4061218178719828,-0.5207592190553544,0.5991302049020036,27,-0.1853593228891777,-0.1214015523108616,1,0.4118374578160163,2,-0.0103374563904445,6.431744946342571,-0.8555307487164288,0.3468625865818193,1.301949962368262,-1.4211534652122726,0.759637718912012,0.2876599277922058,False,-1.4546609536184325,-0.0061934823653725,2.8829852235031805,0,0,0,1000
-0.4047427964191069,-0.8696170670117922,-1.1126426239353784,39,-0.6647427699893408,-1.4649925234801446,2,-0.3189653472940107,1,-0.7117529458539462,-0.2067936485059296,0.2473237530126303,-1.5338030665596372,1.332740831070103,0.1089095251545663,0.2633158710444087,-0.6002617232195703,True,1.3599663769480088,0.7919266652686701,-0.6519742247226369,0,0,0,1000
-0.4033637749662309,-0.0253810749572128,-1.544377549591232,16,-0.4578509665040072,1.6011509748292447,0,-0.7686901504386429,0,0.9005177508105646,-0.2067936485059296,1.343499908847269,-1.1202614507260225,-1.1767149681299232,1.3520857048276231,1.1888890467975068,0.1211746182274977,True,2.887877458438501,-1.3907393973602271,-0.8926488442647039,0,0,0,1000
-0.4019847535133549,0.3234767729992249,-0.7744322612288831,21,1.207375744475507,0.3609131552883682,1,-0.6562589496524849,1,-1.0390009501597688,-0.2067936485059296,-0.6359217401305305,-0.8102038037691722,-1.099737796375321,-1.7080402759060551,-1.6549010004438962,-0.4892715168430983,True,0.1385105210983526,0.8046358552511877,-1.2342575025859186,0,0,0,1000
-0.4006057320604789,-0.9393886366030798,0.9507863847181482,8,0.748176863569035,1.6011509748292447,2,-0.9935525520109588,1,1.899483960335307,-0.2067936485059296,0.5426062648161056,1.3617481436131371,-0.5147112910403457,-0.7244283535273728,-0.4610457447623638,-0.9748536697401632,True,-0.4081801199020426,1.8060034874773168,0.7343501302022555,0,0,0,1000
-0.3992267106076029,-0.5486678468918694,-1.5613576423218585,37,-0.922095988958902,-0.0869505017680595,2,0.4118374578160163,2,-0.805897272154619,-0.2067936485059296,-0.5132853543356718,-1.1769881593519864,-0.9303880185151966,0.0406031416560467,0.9071928628726508,0.6483780985157398,False,1.0480722879861863,1.2582938648049529,-0.8496262914940441,0,0,0,1000
-0.3978476891547269,-0.444010492504938,-1.4378660347546772,21,-1.250095189606382,0.4298152563739724,2,0.6929154597814113,0,-0.1693034138610984,-0.2067936485059296,-1.30366999230119,1.4275328131660825,1.255763659315501,0.4914252727462762,0.5986684709549516,0.1350483940245568,True,0.1341960424534873,0.2434356283588876,0.700509242748127,0,0,0,1000
-0.3964686677018509,1.6351822813154309,0.3175495343864535,17,-1.5175406916727892,1.635602025372047,1,-0.93733695161788,3,-1.5558203784823792,-0.2067936485059296,-1.0338242631700272,0.8351630404723537,0.5321782448222419,-1.1752504846176022,-0.0586226248697124,-1.8766490965489984,True,-1.3513737975564808,-0.4940500367760355,1.1973708507231504,0,0,0,1000
-0.3950896462489749,0.2048651046940361,0.7088346058864258,20,1.4899596711871823,-1.0515799169665192,2,1.5923650660706756,2,-1.2613176508759902,-0.2067936485059296,-0.4360767392242114,0.4409656128283787,-0.1914071696710171,-0.5195092030318139,-1.158579152576293,0.7871158564863298,False,-1.1449113451106372,-0.8940655999562749,2.267750010734268,0,0,0,1000
-0.3937106247960989,-1.60919570467944,0.0212657555414597,11,0.28393184111414,-1.0515799169665192,0,-0.9935525520109588,3,1.311592044051897,-0.2067936485059296,-0.9446054931985964,-0.1332635355698005,1.2711590936664214,-0.0960096253409924,1.5242416467080495,-1.7517851143754672,True,-0.9658712487400564,0.0278919957789311,-7.503933811433377,0,0,0,1000
-0.3923316033432228,1.6979766939475898,-0.0947563813817269,25,-0.9523728382494387,-0.8793246642525085,0,1.1988558633191224,0,0.6996106650189345,-0.2067936485059296,1.900331282464608,-0.6591771022919195,0.7169234570332866,0.4367801659474605,-0.1793495608375078,-0.2672911040901542,True,1.995087663846335,-0.0662925749932577,-1.5170432168037704,0,0,0,1000
-0.3909525818903469,0.3723168717131262,-1.2803638278154457,24,-0.0289289348880717,-0.3970099566532786,0,-1.387061754762512,3,-0.0103374563904445,-0.2067936485059296,-0.8855157699541278,-0.0581801923110565,0.8246914974897296,-0.8337185671250041,0.1425889350766132,1.2033291303981,True,0.3948480578613178,0.0132357052339447,-17.188009854875396,0,0,0,1000
-0.3895735604374709,1.5584335547650146,-1.4558805343751808,5,0.879376543828027,-1.1549330685949255,1,1.0864246625329643,2,0.1839862714709786,-0.2067936485059296,-1.1439946534483978,-0.1793316303467064,0.8708778005424909,-1.011315164221155,1.403514710740254,1.425309543151044,True,0.311885880926783,-0.2678620312268654,-5.576264241244545,0,0,0,1000
-0.3881945389845949,-0.960320107480466,-0.8910114468276589,15,-0.5133585235366577,-0.7415204620813,2,-0.2065341465078527,1,-0.1047360641534968,-0.2067936485059296,0.6807355776069494,-1.5336673663628984,1.4097180028247052,-0.8063960137255962,-0.8098124486693283,-0.0175631397430922,True,1.5717470244346083,0.0933210320564416,-0.6520319119619123,0,0,0,1000
-0.3868155175317189,0.4560427552226713,0.4612890174385308,41,-0.8766807150230972,-0.5003631082816851,1,0.7491310601744904,1,1.4324091610751095,-0.2067936485059296,1.2097793656379043,0.8070203214030668,0.0395243455927888,1.4886984718246623,1.2962018787688805,-1.1968340824931072,False,0.7484903481993734,0.6607546144822876,1.239126016490913,0,0,0,1000
-0.3854364960788429,-1.6789672742707276,0.9250038897365588,19,-0.1147133412112588,1.118836267230015,0,0.7491310601744904,0,-1.885242359436149,-0.2067936485059296,1.378364496314521,0.5721305718772671,0.2704558608565949,-1.188911761317306,-1.0915086325941843,-1.7101637869842905,True,0.4533606065779622,-1.7438565155745651,1.7478524560111663,0,0,0,1000
-0.3840574746259668,-1.504538350292509,0.7355459078274889,20,-1.4872638423822526,0.2920110542027639,0,-1.274630553976354,3,-0.1530404922217351,-0.2067936485059296,-1.2793385157722383,0.309204095256217,-0.3299660788293008,0.710005699941539,-0.6086008887230027,-1.1968340824931072,True,-2.014884423599727,-0.1125683077856019,3.2341087712971235,0,0,0,1000
-0.3826784531730908,1.404936101664182,0.9395151284001102,27,-0.9624651213462844,1.7045041264576513,1,0.5804842589952534,1,-0.3706226321335793,-0.2067936485059296,0.6670056348892481,-1.2048231317040503,-1.5769962612538535,-1.7080402759060551,-0.9037111766442802,1.314319336774572,True,-0.272509493510862,-0.3482055698169666,-0.8299974134671402,0,0,0,1000
-0.3812994317202148,-0.7091424569518308,-1.0125052023293315,16,1.5303288035745644,-1.6716988267369577,2,0.8053466605675694,0,-1.818232807264332,-0.2067936485059296,1.0479677159242091,1.2962147425078825,1.1941819219118193,-0.5058479263321101,-1.0915086325941843,0.3154074793863238,True,2.0604729182535406,1.840970176401001,0.7714770477903387,0,0,0,1000
-0.3799204102673388,1.0421239397894868,-0.7178119131531439,0,-1.2248644818642684,1.428895722115234,1,1.9296586684291497,2,0.1403364078873898,-0.2067936485059296,0.0627664593844777,-0.5276138571804297,1.563672346333909,-0.4238802661338866,0.2230735590551435,0.2876599277922058,True,0.7805783725376216,-0.1007351454306872,-1.8953258636469303,0,0,0,1000
-0.3785413888144628,0.5955858944052463,0.908496155520478,14,-1.5427713994149028,1.0843852166872128,2,-0.5438277488663268,0,0.5114292264090835,3.1124756489183207,0.6369264022134463,-1.1390063598591744,1.147995618859058,-0.697105800127965,-0.5817726807301593,-0.8916110149578094,False,-0.2715697533070318,0.4646314860134645,-0.8779583003552931,0,0,0,1000
-0.3771623673615868,0.2118422616531648,0.8916076022495757,39,0.591746475567929,1.3255425704868278,1,1.1988558633191224,0,0.5243298950584547,-0.2067936485059296,0.4962900733941084,-1.7317299106921151,-1.1305286650771618,1.3384244281279192,0.9340210708654944,-1.4188144952460513,True,-0.3953175288554672,0.4674965205208404,-0.577457287982086,0,0,0,1000
-0.3757833459087109,-1.1626576592951998,0.2699559084456946,39,1.4142675479608409,1.7389551770004534,0,-1.049768152404038,3,0.8074766543044608,-0.2067936485059296,-1.0201876396383034,0.4687101546563929,0.7323188913842071,0.6690218698424271,-1.1451650485798712,1.078465148224569,True,-1.290143548083998,0.2179830937614508,2.1335142341468303,0,0,0,1000
-0.3744043244558348,-0.0253810749572128,-0.6511191077097301,4,-1.1996337741221546,1.6011509748292447,0,1.1988558633191224,0,-1.199881602118864,-0.2067936485059296,1.894050777885056,0.4123678029629719,0.3782239013130378,1.2564567679296956,-0.876882968651437,-0.7251257053931014,True,2.545169885594786,0.7812658381289561,2.4250190007872505,0,0,0,1000
-0.3730253030029588,0.1909107907757786,-0.5763603829482962,31,1.101406771958629,0.1197558014887532,0,1.3112870641052805,0,0.6628510710023714,-0.2067936485059296,1.7010310346039854,1.6253875087577123,0.6399462852786847,-1.4894598487107924,-0.0988649368589775,-1.8905228723460572,True,2.2773914175522814,-0.382041097120615,0.6152378636406011,0,0,0,1000
-0.3716462815500828,-0.5068049051370969,0.0100537152830022,23,-1.5377252578664802,1.3255425704868278,1,0.3556218574229373,2,-0.2518142449081098,-0.2067936485059296,0.112102411726357,1.6257568483469116,0.6553417196296051,0.0815869717551585,-0.0452085208732907,1.61954240430987,True,0.1020486964433547,-0.0025316687225103,0.6150980938551802,0,0,0,1000
-0.3702672600972068,-0.6254165734422857,-0.1325440709424609,26,-1.5377252578664802,-1.120482018052123,0,0.8615622609606484,1,0.9233857416348982,-0.2067936485059296,-0.7349751846917333,0.3369499429401741,1.1633910532099787,0.9559086805362094,-0.7963983446729067,1.605668628512811,True,-0.6024311137492724,-0.1223893052465128,2.96779899855229,0,0,0,1000
-0.3688882386443308,-1.4905840363742513,0.9380331067623072,38,-0.1601286151470638,0.1542068520315554,2,-0.6000433492594058,0,0.4461042836433006,-0.2067936485059296,1.959688588505599,1.0993645766003708,0.3012467295584358,-0.8337185671250041,1.6583826866722668,0.3709025825745598,False,1.021655481743292,0.4184605871258988,0.9096162731845796,0,0,0,1000
-0.3675092171914548,1.4747076712554696,-0.870631293112867,26,-0.836311582635715,-0.6381673104528937,0,0.6929154597814113,1,-1.1189017032627826,-0.2067936485059296,0.1727695058149538,0.929285763379386,-1.5616008269029331,1.6116499621219975,0.5852543669585298,1.425309543151044,True,1.043400798927821,0.9741508367778658,1.0760951386513715,0,0,0,1000
-0.3661301957385788,0.6165173652826327,0.0039564101182592,2,-0.3872049848260885,-0.0869505017680595,1,1.5361494656775965,2,-0.0729400943822046,-0.2067936485059296,0.687742955021566,0.3748919138267262,-1.06894692767348,-0.8337185671250041,0.1425889350766132,-0.1563008977136822,True,0.6837865449033067,-0.0002885809274405,2.667434789534344,0,0,0,1000
-0.3647511742857028,-0.0811983306302428,-0.7455721256610797,37,1.101406771958629,-0.1558526028536637,2,1.9296586684291497,2,1.1655389904582625,-0.2067936485059296,-0.5760102352330071,-1.1951079987737774,-0.4531295536366641,1.4886984718246623,-0.0049662088840255,-0.5586403958283933,True,0.1695618904280725,-0.8689933826568355,-0.8367445324610733,0,0,0,1000
-0.3633721528328268,-1.10684040362217,1.5893249571826968,21,1.1316836212491654,0.7398747112591916,1,0.8615622609606484,0,-0.3879037737670492,-0.2067936485059296,1.4793282562056451,-0.6034933372790623,0.9324595379461724,-0.9156862273232276,-0.6622573047086895,-1.1413389793048714,False,-0.1099967009770515,-0.616505148633322,-1.6570193967850353,0,0,0,1000
-0.3619931313799508,-0.7300739278292171,-1.3548456184568884,30,0.990391657893328,-0.5348141588244872,2,1.7610118672499129,2,-1.199881602118864,3.1124756489183207,-0.498635887236138,0.2428571458985012,-0.0066619574599723,-1.4621372953113845,-0.4476316407659421,-1.5020571500284052,False,0.8562097312207504,1.6256543312977745,4.117645311756258,0,0,0,1000
-0.3606141099270748,1.6421594382745597,-1.6111796379689265,36,-0.5940967883114221,1.2566404694012234,2,-0.3751809476870898,1,-1.302606210010628,-0.2067936485059296,0.8128311975190661,-0.7442346820642848,-0.5608975940931069,1.0925214475332483,0.8937787588762292,0.8564847354716248,True,2.424010835487993,2.098732601860999,-1.3436623668122196,0,0,0,1000
-0.3592350884741988,-1.4626754085377365,-1.163210354705115,33,0.7279922973753439,-0.7415204620813,2,0.7491310601744904,0,-0.7869262188093323,-0.2067936485059296,0.7679552669242423,0.7034878182137556,0.8862732348934113,0.3001673989504212,0.6925671989299035,0.4957665647480908,False,1.9311656216293571,0.9153607261079584,1.4214885204270828,0,0,0,1000
-0.3578560670213228,1.5584335547650146,-0.4698770385841684,14,0.3899008136310182,-1.1893841191377277,2,0.6929154597814113,2,1.8192490974560207,-0.2067936485059296,-0.9830775279239712,0.2714539763719508,-0.7456428063041518,-1.380169635113161,1.148646734808242,-0.1008057945254462,True,-0.5132004893398028,-0.8548233783595564,3.683864369860424,0,0,0,1000
-0.3564770455684468,0.8118777601382378,0.6478972785793947,33,0.5816541924710835,1.7045041264576513,1,1.3112870641052805,0,-1.3859719465647844,-0.2067936485059296,1.80282429784338,-0.8761026268957973,-1.2690875742354455,-0.0140419651427689,0.0352761031052395,0.2182910488069108,True,1.154927019263985,-0.89796745236671,-1.141418919933031,0,0,0,1000
-0.3550980241155708,0.6165173652826327,-1.472185582666164,34,0.2940241242109855,-0.7759715126241021,1,1.0864246625329643,0,0.3658165287182165,-0.2067936485059296,1.6045503248752817,-0.2833060569513794,0.8246914974897296,0.4914252727462762,-0.9573675926299672,-1.8905228723460572,False,3.0767359075414458,-0.5385498194799412,-3.529752818334204,0,0,0,1000
-0.3537190026626948,0.3234767729992249,-0.5276419187004974,41,0.1174091700161885,-0.8104225631669043,1,-0.7686901504386429,1,-1.1189017032627826,-0.2067936485059296,0.9727845535063312,-1.1769939268824012,-1.222901271182684,0.5597316562447958,1.416928814736676,-1.3771931678548743,False,1.5004264722068286,0.5903794415468292,-0.8496221281370532,0,0,0,1000
-0.3523399812098188,0.6514031500782764,-1.4843593908077397,15,0.2940241242109855,0.8087768123447958,2,0.0183282550644632,1,-1.0988248781928884,-0.2067936485059296,-0.7178202403678507,-1.251614017745382,-1.330669311639127,1.188150384431176,-0.1122790408553992,-0.5863879474225113,True,0.7665391504398887,1.6310510267987843,-0.7989684245453011,0,0,0,1000
-0.3509609597569428,1.4398218864598258,0.4709010514410943,13,-1.6739710796738951,-1.0860309675093214,1,-0.0378873453286157,0,-0.4931829525124468,-0.2067936485059296,1.9022304733089768,1.493199846862833,-0.868806281111515,1.4203920883261427,1.148646734808242,-0.2811648798872132,True,1.4313294218678825,-0.2322403708909345,0.6697026758546095,0,0,0,1000
-0.3495819383040668,-1.3022007984777748,0.9497109592161992,5,1.7119898993177842,-0.4314610071960808,0,1.9296586684291497,2,0.0810536478232512,-0.2067936485059296,0.1279588783745999,0.1867756389296855,-1.253692139884525,-1.5714275089090155,-0.0586226248697124,1.4669308705422208,True,-0.8217520808415993,0.0769775376221919,5.354014422485914,0,0,0,1000
-0.3482029168511907,-1.246383542804745,-0.3280615576959595,32,-1.3106488881874556,1.1532873177728171,1,-1.162199353190196,3,0.6874037218721623,-0.2067936485059296,1.039212391434586,0.7034039169694207,-1.0073651902697986,-1.325524528314345,0.9340210708654944,-1.5575522532166413,True,1.3672739491305457,-0.2255107357633817,1.4216580739877596,0,0,0,1000
-0.3468238953983147,-0.4579648064231956,-1.1193163419776164,15,-0.6294197791503815,-0.9826778158809149,2,-0.6000433492594058,1,1.7466127372067244,-0.2067936485059296,-0.1904794990311891,0.703496741562699,0.5937599822259234,0.163554631953382,1.510827542711628,0.6206305469216218,False,0.9288368429464272,-1.9550121798617424,1.4214704898726618,0,0,0,1000
-0.3454448739454387,-0.4091247077092942,-1.4942660281028486,10,-1.386341011413797,0.050853700403149,1,-0.9935525520109588,3,-1.302606210010628,-0.2067936485059296,-1.2911114980519298,-1.6659314208304408,0.347433032611197,1.6662950689208131,0.437699222997891,-0.6002617232195703,True,0.2031545300509187,1.946440207614686,-0.6002648413510322,0,0,0,1000
-0.3440658524925628,0.0304361807158172,0.5994301343124376,19,1.298206292347117,-0.6726183609956957,2,1.4237182648914386,2,0.4984746518105413,-0.2067936485059296,0.5897181095447882,1.1643114307445817,0.5167828104713215,1.4477146417255506,-1.426861232504727,-1.2523291856813432,True,-0.0097120247676494,0.2988007274861383,0.8588766610947296,0,0,0,1000
-0.3426868310396868,0.4211569704270275,0.3944430574368776,31,-0.3670204186323974,-0.5348141588244872,2,1.7610118672499129,2,0.9005177508105646,-0.2067936485059296,0.2736573457335966,0.9298903746809744,0.1318969516983113,-0.4648640962329982,-1.3463766085261968,-0.4476501894519213,True,-0.120785711703281,0.3552029749058994,1.0753954656252165,0,0,0,1000
-0.3413078095868108,-1.211497758009101,1.302393325855594,29,1.1064529135070518,-0.5348141588244872,1,-0.4876121484732478,0,0.1695114023874439,-0.2067936485059296,1.8146590518161387,1.4275572979650129,-0.2529889070746988,-0.3009287758365513,-1.628072792451053,-0.8361159117695732,True,0.5122657259605448,0.220770519125829,0.7004972279401884,0,0,0,1000
-0.3399287881339347,-1.637104332515955,-0.9443893646559296,12,-1.522586833221212,0.2231089531171596,0,0.2431906566367793,1,0.9005177508105646,-0.2067936485059296,1.1611255535188842,0.2055057483621505,-0.9457834528661168,-1.7353628293054628,-0.6488432007122678,-1.474309598434287,True,2.105514918174814,-0.8504393865493758,4.86604156509337,0,0,0,1000
-0.3385497666810587,-0.0253810749572128,0.2990864323268846,41,1.2426987353144665,1.2566404694012234,2,-0.93733695161788,3,-1.365032361609816,-0.2067936485059296,-1.1567177176695371,-0.5463547399244243,-0.1914071696710171,-0.5195092030318139,-1.158579152576293,0.7871158564863298,True,-1.4558041499964218,-0.4082626590446217,-1.8303129998828729,0,0,0,1000
-0.3371707452281827,0.5467457956913451,0.0234334448823968,17,-0.3670204186323974,0.8087768123447958,1,0.3556218574229373,2,-0.7491969517311343,-0.2067936485059296,-0.2323027943025074,-0.4530494828376819,0.5475736791731622,-0.6014768632300375,-0.2464200808196164,-1.6407949079989952,False,-0.2557362391849043,-0.0175562654744512,-2.2072648984454726,0,0,0,1000
-0.3357917237753067,0.0443904946340747,1.7374786514724374,21,0.1476860193067251,0.1886579025743575,0,-0.2065341465078527,1,1.6257663138470562,-0.2067936485059296,0.5748044696481425,0.0549266290093457,-1.253692139884525,-1.5714275089090155,-0.0586226248697124,1.4669308705422208,True,-1.162674181824295,2.8247342625922984,18.206072308253606,0,0,0,1000
-0.3344127023224307,1.1328269802581603,0.8033829451018183,21,-1.0886186600568537,1.2566404694012234,1,-1.049768152404038,3,-0.9601914853903032,-0.2067936485059296,-0.8715948025732698,-0.7444814888375033,1.1633910532099787,0.7509895300406507,-1.0244381126120756,0.1489221698216158,True,-1.6749777476750882,-0.7714014633945513,-1.3432169225364856,0,0,0,1000
-0.3330336808695547,-1.6510586464342127,1.3706072523567434,22,-0.5486815143756172,-1.4649925234801446,1,-1.218414953583275,3,-1.642282406264363,-0.2067936485059296,0.207008490615444,-0.0485914009432643,1.332740831070103,0.1089095251545663,0.2633158710444087,-0.6002617232195703,False,-1.1635987617412995,-2.2509241764438195,-20.57981532883036,0,0,0,1000
-0.3316546594166787,1.146781294176418,0.3462220765894346,34,0.8087305621501082,1.1877383683156193,1,0.5804842589952534,0,0.5627146920237458,-0.2067936485059296,1.9616530768383709,-1.120380065974174,-0.0528482605127335,1.6253112388217017,0.3572145990193606,-0.9193585665519272,False,1.6154310002489365,0.1948242491998454,-0.8925543390366649,0,0,0,1000
-0.3302756379638027,-0.5207592190553544,0.0114937258254468,4,1.626205492994597,0.9465810145160044,0,1.0302090621398854,0,-1.796020240971909,-0.2067936485059296,0.2193430569563821,-0.9137693886423716,0.7323188913842071,-1.4074921885125689,-0.5951867847265809,-1.7379113385784082,True,0.2078493311309353,-0.020642964226684,-1.094368143501239,0,0,0,1000
-0.3288966165109267,-0.2137643128536892,0.9161382505904708,19,-0.6697889115377637,0.9810320650588064,1,0.3556218574229373,0,0.6751506888007894,-0.2067936485059296,1.264540005709098,0.7789428951309276,-0.991969755918878,-1.325524528314345,0.7998800309012772,-0.7528732569872193,False,0.3484017551186273,0.6185313709229066,1.2837909914472192,0,0,0,1000
-0.3275175950580508,0.5048828539365726,-0.3717973557026366,8,-0.1248056243081044,0.326462104745566,0,1.5923650660706756,2,0.8774958557738228,-0.2067936485059296,0.744257844478899,0.045333049503096,1.6252540837375906,1.2427954912299917,-0.1256931448518209,-0.0036893639460332,True,1.1160552001815356,-0.3262506388167295,22.058912980041345,0,0,0,1000
-0.3261385736051747,-0.276558725485848,0.8255203237493107,14,-0.3670204186323974,-0.0180484006824552,1,0.3556218574229373,2,0.3110669241976558,-0.2067936485059296,-0.7486735124721979,0.900843568013848,-1.6539734330084557,1.037876340734433,-0.219591872826773,-1.7934064417666442,True,-1.5741938362215089,0.2567920679713512,1.1100705211202393,0,0,0,1000
-0.3247595521522987,0.6025630513643752,0.4425174804487841,5,1.1922373198302387,1.5322488737436406,2,0.7491310601744904,0,0.5243298950584547,-0.2067936485059296,-1.1791229616487662,-0.2832551285696041,-1.6539734330084557,1.037876340734433,-0.219591872826773,-1.7934064417666442,True,-1.6216404420975503,0.2320251440852427,-3.5303874570200984,0,0,0,1000
-0.3233805306994227,-1.1556805023360712,0.6749158081678379,23,-1.0886186600568537,1.394444671572432,1,-1.049768152404038,3,-0.6561257527358736,-0.2067936485059296,0.5111851847571609,-1.3174779092255329,0.347433032611197,0.4641027193468683,-0.2061777688303512,-0.0175631397430922,False,-0.163730623410677,-0.4428296426674631,-0.7590260670787623,0,0,0,1000
-0.3220015092465467,-0.0323582319163415,-0.9255836959662256,41,-0.9977881121852435,0.326462104745566,1,1.3112870641052805,0,0.6505043648705744,-0.2067936485059296,1.856425976968895,1.5973184617278735,-1.0535514933225598,0.7373282533409466,-1.319548400533353,0.1627959456186748,True,2.782009672935121,-0.6020962342790684,0.6260491951701018,0,0,0,1000
-0.3206224877936707,-0.3812160798727793,-0.3929095498186711,32,0.8440535529890676,-1.6027967256513531,0,1.0864246625329643,2,1.8461644354538784,-0.2067936485059296,-0.1301811293216204,0.6095631501247382,-0.5608975940931069,-1.6533951691072395,1.2962018787688805,0.6622518743127987,True,0.2627284204970507,-0.7253756372254246,1.6405188465599998,0,0,0,1000
-0.3192434663407947,0.7630376614243366,-0.5363830113547123,35,1.3940829817671496,-0.6381673104528937,1,-1.274630553976354,3,0.5114292264090835,-0.2067936485059296,-1.183209453776792,-0.3778536183251865,1.6560449524394316,1.0651988941338408,-1.104922736590606,-1.0164749971313405,True,-0.6468264424220795,-0.2743219485561152,-2.646528221921662,0,0,0,1000
-0.3178644448879187,-0.2416729406902042,-0.7282959323391084,4,0.7380845804721894,0.6365215596307852,0,-1.162199353190196,3,-1.1390459728740463,-0.2067936485059296,-1.28585545633273,-1.1669336126978738,0.5167828104713215,1.3520857048276231,-0.6086008887230027,1.2172029061951588,True,-0.5575595239936216,0.8295625487914103,-0.8569468518288292,0,0,0,1000
-0.3164854234350427,-0.3114445102814917,-0.1497916325681287,10,-0.8161270164420239,-1.292737270766134,1,0.7491310601744904,0,1.8102386896473937,-0.2067936485059296,-1.1070362716441604,-0.0861030922966126,0.424410204365799,0.9968925106353214,-1.0780945285977626,0.7593683048922117,True,-0.9572446390760316,-0.2711586086602732,-11.61399822848364,0,0,0,1000
-0.3151064019821667,0.9932838410755854,0.8855571297162219,7,-0.4982200988913894,1.5322488737436406,0,0.0745438554575422,1,0.8659262724603146,-0.2067936485059296,-1.0301614665862449,-1.2049506703011457,1.3481362654210234,-0.1916385622389199,0.5181838469764212,0.0656795150392618,True,-1.9157185963024668,0.7668271843858233,-0.8299095619748753,0,0,0,1000
-0.3137273805292907,-1.7138530590663714,1.0429864255715149,5,0.3394393981467904,-0.8104225631669043,0,-1.105983752797117,3,-0.2518142449081098,-0.2067936485059296,-1.0498288715991584,1.5875824351025134,-0.8380154124096743,0.0542644183557506,1.6181403746830016,1.605668628512811,False,-2.092815297170673,-0.2626388392046994,0.6298885115509462,0,0,0,1000
-0.3123483590764146,0.6025630513643752,1.6405056249928562,34,-1.4216640022527565,1.4977978232008384,0,-1.105983752797117,3,-1.491643875679105,-0.2067936485059296,-1.4656604769773356,1.099454136553792,-0.7302473719532313,1.7346014524193327,-1.6012445844582095,-1.668542459593113,True,-3.106166101970192,-2.4470501685377166,0.9095421771573426,0,0,0,1000
-0.3109693376235387,-0.4509876494640668,0.599463455087366,38,0.6068849002131974,0.6365215596307852,2,0.8053466605675694,1,0.7238882179995157,-0.2067936485059296,1.1345886634127,0.4498528330908182,-0.991969755918878,-1.3528470817137532,-1.1988214645655582,0.6761256501098578,True,0.5351252083253341,0.4339445322590261,2.22294871599318,0,0,0,1000
-0.3095903161706627,0.0513676515932035,-1.01652368259224,35,1.3436215662829218,-0.224754703939268,1,-1.105983752797117,3,0.4328703072542469,-0.2067936485059296,-1.0862740103886563,1.117115402896948,-0.9457834528661168,-1.0659602710199707,1.1084044228189769,-1.2107078582901665,False,-0.0697503277964164,-0.4400229188149215,0.8951625838212436,0,0,0,1000
-0.3082112947177867,-0.590530788646642,-0.7728251473113408,20,-1.5074484085759436,0.4987173574595767,1,-0.7686901504386429,1,0.7956636066243687,-0.2067936485059296,-1.4344354433469946,0.0644083401898156,1.1787864875608989,-0.4921866496324061,-0.8500547606585935,1.147834027209864,True,-0.6616102960356538,-0.6149088439997504,15.525915501958105,0,0,0,1000
-0.3068322732649107,-1.5115155072516375,-1.2220820956177532,0,0.8087305621501082,0.8087768123447958,2,-0.9935525520109588,3,-0.3879037737670492,-0.2067936485059296,-0.8612952918425043,0.4034847179110185,0.5475736791731622,-0.6014768632300375,-0.2464200808196164,-1.6407949079989952,True,0.3607868037752488,0.4740502567432703,2.4784079985396934,0,0,0,1000
-0.3054532518120347,-1.0928860897039123,-0.7545721736163263,12,1.7119898993177842,1.5666999242864428,1,0.5242686586021743,1,0.7479871380105251,-0.2067936485059296,0.4863029465058279,1.5600409538736286,-0.991969755918878,-1.4757985720110882,1.13523263081182,1.286571785180454,True,1.2408751201221542,-0.564410280565657,0.6410087718633879,0,0,0,1000
-0.3040742303591586,1.6212279673971737,1.2483350572561664,4,-0.4578509665040072,0.2575600036599618,0,-0.1503185461147737,1,0.2693247864040974,-0.2067936485059296,0.6728689236765061,-1.308238434322481,-1.222901271182684,0.5597316562447958,1.416928814736676,-1.3771931678548743,True,-0.5754661335796604,0.3362075726562637,-0.7643867128522008,0,0,0,1000
-0.3026952089062826,-1.2673150136821312,1.650875836542248,35,0.0770400376288064,1.4633467726580365,2,0.9739934617468065,2,-0.1207564839209342,-0.2067936485059296,0.8277778566373192,-0.2084736556763398,1.22497279061366,1.215472937830584,1.6315544786794234,0.7177469775010348,True,-0.8230979799049288,-0.1993539614108729,-4.796771450248221,0,0,0,1000
-0.3013161874534067,-1.6929215881889852,-0.680249810294062,29,-0.619327496053536,1.0499341661444108,1,-1.274630553976354,3,0.28330532668029,-0.2067936485059296,-1.3309663027872884,1.4281551623442292,-1.06894692767348,-0.7517509069267806,-1.6549010004438962,1.120086475615746,True,-0.6507164924932265,-0.1927183947295645,0.7002039808742933,0,0,0,1000
-0.2999371660005306,0.2816138312444524,-1.291073188356622,29,1.3082985754439624,0.050853700403149,0,0.9739934617468065,2,-0.6931384774092352,-0.2067936485059296,-0.5844502715087054,0.3088331233470892,1.6560449524394316,-1.4348147419119766,0.4242851190014692,-0.6835043780019243,True,0.7066229168479166,0.8948925040013956,3.2379935978459398,0,0,0,1000
-0.2985581445476546,0.2327737325305511,1.1679049296301445,28,1.6362977760914426,1.0843852166872128,2,-0.0941029457216947,0,0.28330532668029,-0.2067936485059296,-1.477077147707113,-0.2170561762187564,0.0395243455927888,0.6416993164430193,-1.5475881684725226,1.189455354601041,True,-2.644982077337257,0.3308736876203892,-4.607104382519871,0,0,0,1000
-0.2971791230947787,-1.5603556059655388,-0.8614909033416382,38,1.3133447169923853,-1.0860309675093214,0,-0.4313965480801688,1,-0.6745960027047526,-0.2067936485059296,0.0845834412934002,-0.4149219715859015,1.3481362654210234,-0.2052998389386238,0.5181838469764212,0.92585361445692,True,0.9460743446350386,0.5811583197607756,-2.410092281175323,0,0,0,1000
-0.2958001016419027,0.4141798134678988,1.5801912463079413,2,-0.9422805551525932,0.3953642058311703,1,1.3675026644983594,2,-0.3879037737670492,-0.2067936485059296,0.5538322061152826,0.0644187870373592,-0.6224793314967885,0.3821350591486447,1.094990318822555,-1.5298047016225234,False,-1.0263590401926588,-0.6129621477165071,15.523397655412095,0,0,0,1000
-0.2944210801890266,-0.0323582319163415,-0.1757451845678902,5,0.9954377994417508,-1.292737270766134,1,-1.274630553976354,3,-1.302606210010628,6.431744946342571,-1.2408247478576708,1.4280938959362388,-1.592391695604774,1.2974405980288075,1.3096159827653022,-1.1968340824931072,True,-1.0650795632897805,0.2289267687975978,0.70023402020146,0,0,0,1000
-0.2930420587361507,1.4747076712554696,-1.5750340594108507,19,0.1174091700161885,1.428895722115234,2,0.4118374578160163,2,-0.4226946174867851,-0.2067936485059296,0.723546678039767,-0.9415151275050002,0.8708778005424909,-0.3965577127344787,-1.4939317524868356,1.120086475615746,False,2.2985807374506178,0.665758419271328,-1.062117938414625,0,0,0,1000
-0.2916630372832747,0.4699970691409288,-0.6661813697086063,13,-1.6790172212223178,-1.017128866423717,1,0.6366998593883324,0,-1.5343641390551084,-0.2067936485059296,1.7763083942234985,0.2618434207384427,-0.3145706444783804,0.2455222921516055,1.6717967906686886,-1.6130473564048773,True,2.442489763932105,1.0221648037874986,3.819074832097552,0,0,0,1000
-0.2902840158303986,1.551456397805886,0.0967922035948418,2,-1.4822177008338298,-1.4994435740229468,2,1.9296586684291497,2,0.2127161215072761,-0.2067936485059296,0.0089917981337046,-0.6127789524254317,-0.3145706444783804,-1.0386377176205628,-1.104922736590606,-0.4892715168430983,True,-0.0878004054611372,0.0205892621408373,-1.6319101027098333,0,0,0,1000
-0.2889049943775226,-0.3951703937910368,0.6265710143457357,11,1.4596828218966456,-1.0860309675093214,0,0.5242686586021743,2,0.0204634203862926,-0.2067936485059296,0.7406654678825548,-1.2710182753083976,-1.330669311639127,1.188150384431176,-0.1122790408553992,-0.5863879474225113,True,0.1140944535368191,0.0128217860684225,-0.7867708105412118,0,0,0,1000
-0.2875259729246466,-1.0370688340308822,-0.976573187190641,6,-0.023882793339649,0.8776789134304002,0,1.3112870641052805,2,-0.9601914853903032,1.4528410002061956,0.687865264633427,-1.4398926540646635,-0.0220573918108927,-0.5741543098306296,0.2901440790372521,1.050717596630451,True,1.664438451824068,0.9376972592009242,-0.694496264444945,0,0,0,1000
-0.2861469514717706,1.0839868815442593,-0.5668739764658032,27,0.7582691466658805,0.5331684080023787,1,0.0745438554575422,0,-0.1856465098343156,-0.2067936485059296,0.694264225923451,-1.599807337553656,0.0857106486455501,-1.1615892079178982,-1.319548400533353,0.92585361445692,True,1.261138202389254,0.1052381752467763,-0.6250753069033175,0,0,0,1000
-0.2847679300188946,0.176956476857521,1.293076393475577,23,-0.7101580439251458,-0.0524994512252573,0,1.1426402629260437,0,0.2693247864040974,-0.2067936485059296,1.4600227937081531,0.3745308446584992,-1.669368867359376,-1.0659602710199707,0.3438004950229389,0.4402714615598547,True,0.1669464002325762,0.3482575234769903,2.670006348639121,0,0,0,1000
-0.2833889085660186,1.1746899220129332,-1.0501844642921172,15,-0.377112701729243,1.394444671572432,1,-1.105983752797117,3,-1.449180960650241,-0.2067936485059296,-1.152303731715063,-0.5469535836955979,1.332740831070103,0.1089095251545663,0.2633158710444087,-0.6002617232195703,True,-0.1021192674229458,1.5219073308228093,-1.82830904237652,0,0,0,1000
-0.2820098871131426,-0.1509699002215304,-0.2090229692205535,23,-1.411571719155911,-0.0180484006824552,0,1.3675026644983594,0,-0.6931384774092352,-0.2067936485059296,0.4191582829000452,1.5882684447578792,-0.2683843414256192,0.4641027193468683,-1.5475881684725226,-0.7112519295960422,False,0.6281812521205987,0.1448818626290919,0.629616448238886,0,0,0,1000
-0.2806308656602666,-1.5743099198837964,-0.254156743713737,40,1.5706979359619466,0.1197558014887532,1,-0.7124745500455638,1,-1.885242359436149,-0.2067936485059296,-0.2818690554664204,0.4683225330839923,-0.637874765847709,-0.0003806884430649,0.1157607270837698,0.4957665647480908,False,-0.0277123117526833,0.4791470591854942,2.1352801025541144,0,0,0,1000
-0.2792518442073906,-1.3719723680690623,-1.5373826675431217,6,-0.5638199390208853,0.2231089531171596,2,1.2550714637122016,2,-0.6194028630245529,-0.2067936485059296,0.5563744567314031,0.9011748201380444,1.5944632150357498,-0.6287994166294454,-1.0780945285977626,-1.3771931678548743,True,2.093757124274525,0.952259225840534,1.1096624835573736,0,0,0,1000
-0.2778728227545146,-0.6812338291153158,0.6903983057010935,29,-0.155082473598641,1.428895722115234,1,0.9739934617468065,0,0.5243298950584547,-0.2067936485059296,1.2502822252633166,-0.2831290046497803,-1.4230419177446496,-0.4238802661338866,0.3706287030157824,-0.6141354990166293,False,0.559883919562223,0.3619964711767893,-3.531960119850575,0,0,0,1000
-0.2764938013016386,0.4630199121818,-1.5169749050978345,19,-0.3367435693418608,1.5322488737436406,2,-1.49949295554867,3,-1.685893511431728,3.1124756489183207,-1.3590745148280017,0.7229005638404006,-1.253692139884525,0.5597316562447958,-0.5147021607480506,-1.3216980646666383,True,0.1579003902698328,2.5574581495092,1.38331592433117,0,0,0,1000
-0.2751147798487626,0.6723346209556628,-1.0285226555889062,23,1.646390059188288,1.5322488737436406,0,-0.93733695161788,3,-0.9797908625831016,-0.2067936485059296,1.073301164907526,1.1265741527770878,-1.1305286650771618,-1.6124113390081276,-1.3597907125226183,-0.4753977410460392,True,2.101823820496432,1.0077370999057167,0.887646772980056,0,0,0,1000
-0.2737357583958866,-0.4021475507501655,-0.8766300325533561,24,-0.8060347333451784,-0.8104225631669043,1,-0.9935525520109588,1,2.0127699128464025,4.772110297630446,0.5735128314747092,-1.6940844779259427,0.3782239013130378,1.1198440009326565,0.9340210708654944,-1.6269211322019363,True,1.4501428640280654,-1.7644545542209575,-0.5902893698980295,0,0,0,1000
-0.2723567369430106,-0.8975256948483072,1.4362532067397074,6,0.505962069244742,0.1197558014887532,1,1.817227467642992,2,-0.268553453715343,-0.2067936485059296,0.5003725660980756,0.1870975324196239,1.1787864875608989,0.4914252727462762,0.4511133269943127,-0.7944945843783963,False,-0.9358806406416318,-0.3857107590796849,5.344803069218923,0,0,0,1000
-0.2709777154901346,1.6351822813154309,-0.8580086970778678,18,-0.089482633469145,-1.0515799169665192,0,0.9739934617468065,2,-1.5343641390551084,-0.2067936485059296,0.4326724591329643,1.4932138848142196,-1.0535514933225598,-0.8747023972241159,-0.7024996166979546,-0.6973781537989833,True,1.290681156210832,1.3164977757936778,0.6696963798691026,0,0,0,1000
-0.2695986940372586,-0.5277363760144832,1.430931557623234,31,-1.0028342537336663,1.0843852166872128,0,-1.49949295554867,3,1.890643953049121,-0.2067936485059296,-1.1647060520811454,1.1360837222176738,1.486695174579307,1.365746981527327,1.3364441907581457,-1.0026012213342812,True,-2.5956376097043794,2.705382096647527,0.8802167414442768,0,0,0,1000
-0.2682196725843825,-1.1138175605812983,-0.5088189309010039,33,0.1022707453709202,-0.8793246642525085,1,0.0183282550644632,1,-0.805897272154619,-0.2067936485059296,-0.0153049271192016,-0.8759744353707306,0.7631097600860479,0.0132805882566389,-0.7561560326836414,1.0229700450363328,True,0.4935140037818023,0.4100557884337487,-1.1415859570552134,0,0,0,1000
-0.2668406511315066,1.4258675725415682,-1.0042226602006306,25,-0.5486815143756172,1.35999362102963,0,-1.387061754762512,3,-1.1189017032627826,-0.2067936485059296,-1.0201190565648257,-1.7317801861459192,-0.29917521012746,1.3520857048276231,0.5047697429799994,0.7732420806892708,True,-0.0158963963641951,1.123626444953568,-0.5774405237708342,0,0,0,1000
-0.2654616296786306,-1.5533784490064102,-1.0290492156952815,34,0.6775308818911162,-0.8104225631669043,1,-1.049768152404038,3,-0.6377279608971212,-0.2067936485059296,0.720905253338543,1.4653784771768414,-0.5608975940931069,1.0925214475332483,0.8937787588762292,0.8564847354716248,True,1.7499544690338245,0.6562534579881337,0.6824175101062094,0,0,0,1000
-0.2640826082257546,-0.6323937304014146,-0.1106539689415557,17,1.54042108667141,-1.1549330685949255,1,1.0302090621398854,0,-1.0390009501597688,-0.2067936485059296,-0.797300381921894,0.2150086797016935,0.7939006287878887,-0.1916385622389199,1.3096159827653022,-1.2384554098842842,True,-0.6866464129803383,0.1149695788692259,4.650972864398447,0,0,0,1000
-0.2627035867728786,-1.4487210946194786,0.0079174934592652,14,1.54042108667141,0.4298152563739724,2,-0.3189653472940107,0,0.1839862714709786,-0.2067936485059296,0.6469976270375654,-0.4426200467066122,1.0864138814553763,0.2455222921516055,-1.5610022724689443,-0.6696306022048653,True,0.6390801335783001,0.001456710100966,-2.259274593114629,0,0,0,1000
-0.2613245653200026,1.4398218864598258,-0.8326855265893631,41,-1.2097260572190005,-0.8104225631669043,0,-0.8249057508317219,1,0.4062277873044279,-0.2067936485059296,-0.2164154320014623,-1.5906663459529686,-1.4538327864464902,-1.4757985720110882,-1.520759960479679,1.355940664165749,True,0.6162700945879008,-0.3382599989868193,-0.6286673917575335,0,0,0,1000
-0.2599455438671266,-0.018403917998084,-1.177143989720127,2,-0.3670204186323974,-1.258286220223332,2,-0.1503185461147737,1,-1.0390009501597688,-0.2067936485059296,-0.7761163731645797,-0.1891012827625979,-0.0528482605127335,1.6253112388217017,0.3572145990193606,-0.9193585665519272,False,0.4010276165555473,1.223053723794073,-5.288174221815543,0,0,0,1000
-0.2585665224142506,0.7281518766286927,0.3622216705489833,3,1.237652593766044,0.4987173574595767,0,-0.9935525520109588,3,1.207861517634937,-0.2067936485059296,-1.463359918194329,0.0546905955476565,-0.1298254322673355,-0.5604930331309258,1.148646734808242,-0.2950386556842722,True,-1.8255815887433124,0.4375136167095572,18.28464586135344,0,0,0,1000
-0.2571875009613746,-1.2812693276003886,0.7148546267337614,12,1.1821450367333932,0.2575600036599618,2,-1.049768152404038,1,-1.0788156848149264,-0.2067936485059296,-0.5726923252924181,0.901168726143644,-1.0073651902697986,-0.5331704797315179,0.5450120549692647,0.7316207532980938,True,-1.2875469520261795,-0.7711963836829014,1.1096699874531644,0,0,0,1000
-0.2558084795084986,-0.0114267610389552,-1.1815560590919605,36,-0.2610514461155192,0.3609131552883682,2,-0.4313965480801688,1,1.568746625805482,-0.2067936485059296,1.0207753218437297,0.7699859203968685,1.6560449524394316,-0.3145900525362552,1.564483958697315,1.591794852715752,True,2.20233138093569,-1.853562080900536,1.298724877478395,0,0,0,1000
-0.2544294580556225,1.7049538509067184,0.5313669958180659,14,-1.3913871529622197,1.635602025372047,0,1.0302090621398854,2,0.3658165287182165,-0.2067936485059296,-0.9154007188136708,0.2433652326816393,0.1165015173473909,-0.8337185671250041,0.2364876630515652,-1.6130473564048773,True,-1.4467677146317368,0.1943828298855919,4.109048684054599,0,0,0,1000
-0.2530504366027465,-1.4208124667829638,1.851085414945853,32,-0.9725574044431298,1.0843852166872128,1,1.2550714637122016,2,-0.5109923747150832,-0.2067936485059296,-0.786447354558978,-1.7032983798167782,0.3782239013130378,1.1198440009326565,0.9340210708654944,-1.6269211322019363,True,-2.637532769504831,-0.9458905319836366,-0.5870962307949779,0,0,0,1000
-0.2516714151498705,1.3281873751137656,-0.7367612644020705,24,-0.2459130214702509,-0.1558526028536637,2,1.9296586684291497,2,-1.0390009501597688,-0.2067936485059296,-0.0359131886906232,0.0457848756593585,0.4705965074185602,-0.5058479263321101,0.3169722870300955,-0.0453106913372102,True,0.7008480757114472,0.7654956537546639,21.84122598295184,0,0,0,1000
-0.2502923936969946,-0.018403917998084,-1.216223468222004,35,-1.4771715592854069,-0.0524994512252573,0,-0.7686901504386429,1,0.73595977530185,-0.2067936485059296,-1.4242433317964038,0.9668111662201352,-0.4993158566894253,-0.8337185671250041,1.2827877747724588,1.411435767353985,True,-0.2080198635743999,-0.8950915503895026,1.034328037890601,0,0,0,1000
-0.2489133722441185,-1.1905662871317149,1.9265281595542465,31,-1.5982789564475537,0.1542068520315554,2,0.4118374578160163,0,-1.2613176508759902,-0.2067936485059296,-1.232605830495714,0.7316538250473585,-1.1305286650771618,-1.1342666545184903,-0.7695701366800631,-0.2256697766989772,False,-3.159133990049961,-2.429963972555407,1.3667663983833231,0,0,0,1000
-0.2475343507912425,0.6514031500782764,-0.8841462030709661,13,1.5706979359619466,1.6011509748292447,1,-0.93733695161788,3,-1.664056411114758,-0.2067936485059296,-0.8222814364884343,1.5599275620492488,0.2550604265056745,-1.3528470817137532,1.3901006067438324,-1.668542459593113,True,0.0618647665825318,1.471269157583012,0.6410553670715206,0,0,0,1000
-0.2461553293383665,0.5607001096096026,1.822842382066756,3,0.9702070916996368,-0.465912057738883,2,-1.443277355155591,3,0.5627146920237458,-0.2067936485059296,-1.342204947781446,1.0985577752702815,1.3173453967191826,-0.341912605935663,-1.2658919845476666,0.1211746182274977,True,-3.1650473298482016,1.0257401896325256,0.9102843122889333,0,0,0,1000
-0.2447763078854905,0.5676772665687314,0.875843520808554,5,-0.3367435693418608,0.2231089531171596,2,-0.7124745500455638,1,-0.7680260388013285,-0.2067936485059296,0.4415997202166679,1.55920422667818,1.5328814776320685,-1.544104955509608,-1.574416376465366,1.61954240430987,True,-0.434243800591886,-0.6726706298964026,0.6413527610781189,0,0,0,1000
-0.2433972864326145,1.3700503168685385,1.1966374799086394,2,0.8289151283437993,1.35999362102963,1,-1.105983752797117,3,-1.0988248781928884,-0.2067936485059296,-1.1414217778541331,-0.1520724316441573,0.8400869318406499,-0.9976538875214512,-1.2256496725584014,1.48080464633928,False,-2.3380592577627723,-1.3148950331016558,-6.575818159610762,0,0,0,1000
-0.2420182649797385,-1.0231145201126248,-0.1042169532442874,25,0.1931012932425301,-0.7759715126241021,1,1.4799338652845175,2,0.6505043648705744,-0.2067936485059296,-0.776987186463416,0.9669664542560186,1.0556230127535355,-0.6014768632300375,-1.1451650485798712,1.286571785180454,True,-0.6727702332191285,-0.0677935829789215,1.034161932073646,0,0,0,1000
-0.2406392435268625,-0.3393531381180067,-0.3991293387659684,37,-0.3821588432776657,-1.120482018052123,2,-1.049768152404038,3,1.8192490974560207,-0.2067936485059296,-1.4823122754724063,-0.6691474212377118,-0.637874765847709,0.873941020337986,-0.3403188087945684,0.8287371838775068,True,-1.0831829367064378,-0.7261156893182065,-1.494439218781172,0,0,0,1000
-0.2392602220739865,-0.3393531381180067,-0.4684611862923826,1,0.061901612983538,0.6365215596307852,2,-1.162199353190196,3,-0.805897272154619,3.1124756489183207,-1.1183429585777378,-1.534220069890754,-0.4839204223385048,-0.1779772855392159,0.9742633828547594,-1.3771931678548743,True,-0.6498817722853552,0.3775315921433479,-0.6517970171325603,0,0,0,1000
-0.2378812006211105,-1.1347490314586848,-1.5362686672939432,27,0.9853455163449052,-0.4314610071960808,1,0.6366998593883324,2,-0.7869262188093323,-0.2067936485059296,-0.7683735221046956,1.5778887399739705,0.0395243455927888,-0.3009287758365513,1.0815762148261332,0.0379319634451437,False,0.7678951451892476,1.208930093428875,0.6337582056898866,0,0,0,1000
-0.2365021791682345,-0.7649597126248608,-0.7204092527127175,35,0.1174091700161885,0.912129963973202,2,0.3556218574229373,0,-0.5288762138917308,-0.2067936485059296,1.102912944264729,-0.4529542641751747,0.0395243455927888,-1.1615892079178982,-0.5147021607480506,1.147834027209864,True,1.8233221969774465,0.3810073180272731,-2.2077289030358966,0,0,0,1000
-0.2351231577153585,-0.6603023582379295,-1.5744206980154027,4,-1.3913871529622197,1.394444671572432,0,-0.4876121484732478,1,1.8550979737486308,-0.2067936485059296,-0.704346450638794,-1.665200685609029,-1.1305286650771618,-1.1342666545184903,-0.7695701366800631,-0.2256697766989772,True,0.8700742473766088,-2.9207046467162785,-0.600528253858535,0,0,0,1000
-0.2337441362624825,1.0560782537077442,-0.907150293273824,9,0.2031935763393756,-1.3960904223945405,0,1.6485806664637546,2,-0.6377279608971212,-0.2067936485059296,0.5451760781628032,0.1774656478057142,0.4552010730676398,1.1471665543320644,-1.0646804246013408,1.244950457789277,True,1.452326371436627,0.5785151067567412,5.634890182272125,0,0,0,1000
-0.2323651148096065,0.5537229526504739,0.7054021127850257,33,-0.1298517658565272,1.670053075914849,1,0.7491310601744904,2,0.3928177842655264,-0.2067936485059296,-0.835705959184982,-1.4587540020193956,-0.0990345635654947,1.6253112388217017,1.0145056948440243,-0.9054847907548684,True,-1.5411080719700077,0.2770944949604347,-0.6855165896150618,0,0,0,1000
-0.2309860933567305,0.7700148183834652,-1.1547135705591616,14,-1.2904643219937644,-0.3281078555676744,1,-1.218414953583275,3,-0.45778839002166,-0.2067936485059296,-0.9139361447090938,-0.0581222993642521,-0.991969755918878,-1.3528470817137532,-1.1988214645655582,0.6761256501098578,True,0.2407774258500677,0.5286144664024411,-17.20513006971732,0,0,0,1000
-0.2296070719038545,1.1956213928903194,0.2204515477746702,26,-0.220682313728137,-1.3960904223945405,0,0.5242686586021743,2,-1.365032361609816,-0.2067936485059296,0.6192425647837666,-0.2648779267057227,-1.6847643017102962,-0.3145900525362552,0.1023466230873481,-0.2534173282930952,True,0.3987910170090963,-0.3009234968793973,-3.7753254488568144,0,0,0,1000
-0.2282280504509785,0.2467280464488087,-1.5747273671726485,20,-0.6546504868924953,1.635602025372047,1,-0.6000433492594058,0,2.072562082796827,-0.2067936485059296,-1.0441627731854397,-0.1798085942298708,1.6560449524394316,-0.3145900525362552,1.564483958697315,1.591794852715752,True,0.5305645939872088,-3.263720231944508,-5.561472522658355,0,0,0,1000
-0.2268490289981025,0.5676772665687314,0.1148037094655648,21,0.6169771833100429,0.8087768123447958,1,1.0302090621398854,0,-1.885242359436149,-0.2067936485059296,0.4326367503798636,0.8448582590994969,-1.2075058368317635,-0.8337185671250041,-1.4134471285083057,-1.5714260290137003,True,0.3178330409142988,-0.2164328161048835,1.183630355585122,0,0,0,1000
-0.2254700075452265,-1.1766119732134577,-0.2018711321948929,4,0.7380845804721894,0.2575600036599618,1,0.5804842589952534,2,0.2411596552708484,-0.2067936485059296,-0.6407727186380849,-1.5998760038119897,0.2396649921547541,-0.3555738826353669,0.7730518229084338,0.7316207532980938,True,-0.438901586443192,-0.0486831726492562,-0.6250484788334657,0,0,0,1000
-0.2240909860923505,-0.6882109860744444,-0.5655430530464508,25,-1.1491723586379268,-0.7070694115384979,1,-1.330846154369433,3,0.600636264246138,-0.2067936485059296,-1.4256160503684332,-0.7153074700372674,1.6252540837375906,0.8876022970376899,1.510827542711628,0.2182910488069108,True,-0.8600729973219824,-0.3396856666521757,-1.3980004147698075,0,0,0,1000
-0.2227119646394745,1.321210218154637,-0.8489089454676166,14,-1.4014794360590652,1.7045041264576513,0,1.7047962668568335,2,0.2269731747650891,-0.2067936485059296,-0.4009595709699428,-0.9412591797401808,0.8400869318406499,-0.9976538875214512,0.9742633828547594,1.078465148224569,True,0.4479493744976738,-0.1926795584392688,-1.062406750196804,0,0,0,1000
-0.2213329431865985,-0.3672617659545217,-1.4362863703221989,37,1.5000519542840278,0.7398747112591916,0,0.5242686586021743,2,-0.6561257527358736,-0.2067936485059296,0.7643319542326417,1.0607397518769817,0.347433032611197,-0.3145900525362552,1.403514710740254,-0.0175631397430922,True,2.2006183245548403,0.9423844758719284,0.9427382201493586,0,0,0,1000
-0.2199539217337225,1.3421416890320232,-0.8799681177804176,25,0.571561909374238,-1.22383516968053,1,-1.049768152404038,3,-1.1390459728740463,-0.2067936485059296,-1.4538279270190788,0.4780104606821206,1.101809315806297,-1.4348147419119766,-0.5281162647444724,-0.4060288620607443,True,-0.5738598092386612,1.0023241408153392,2.092003989562492,0,0,0,1000
-0.2185749002808464,0.3095224590809674,0.8860755624621087,3,0.4403622291152459,-0.7415204620813,1,0.1307594558506213,1,1.3825332066107927,-0.2067936485059296,0.7892859994710818,0.5822494319365706,-1.099737796375321,-0.9156862273232276,-1.5610022724689443,-0.3366599830754492,False,-0.0967895629910269,1.225028888670201,1.717476691950245,0,0,0,1000
-0.2171958788279704,-0.6393708873605433,0.4033788235078371,38,0.813776703698531,-1.533894624565749,1,1.0302090621398854,2,-0.9994590305551176,-0.2067936485059296,0.0845282371774113,1.4279068320724104,0.3012467295584358,-0.8883636739238198,-0.407389328776677,-1.5991735806078182,False,-0.3188505863304257,-0.4031606078896067,0.7003257548085697,0,0,0,1000
-0.2158168573750944,1.4258675725415682,1.10185993294439,20,0.1779628685972618,1.4633467726580365,0,-1.49949295554867,3,0.1839862714709786,-0.2067936485059296,0.449132608108773,0.3748042038358911,0.7169234570332866,1.1471665543320644,-0.0183803128804472,-0.4337764136548623,True,-0.6527273248356169,0.2027271007457008,2.6680590104372235,0,0,0,1000
-0.2144378359222185,0.1420706920618773,0.5761434702171666,38,-0.2408668799218281,0.1886579025743575,1,-1.330846154369433,3,0.0959938744403302,-0.2067936485059296,-0.9239476845449938,1.6626150676221392,-1.1459240994280822,0.0132805882566389,-0.0183803128804472,-0.3644075346695672,False,-1.5000911547621605,0.0553062439396428,0.601462093859154,0,0,0,1000
-0.2130588144693425,1.4677305142963408,-1.189014467721202,12,-0.7303426101188368,-0.7759715126241021,1,-1.162199353190196,3,-0.7491969517311343,-0.2067936485059296,-1.3332753321298545,-1.270756233549178,1.2711590936664214,1.5843274087225898,0.9071928628726508,0.8564847354716248,True,-0.1442608644086522,0.8908060147809418,-0.7869330500156899,0,0,0,1000
-0.2116797930164664,0.4141798134678988,-1.0320347334556557,1,-1.1592646417347725,1.118836267230015,1,0.7491310601744904,1,1.510896241113236,-0.2067936485059296,0.2818850841259251,-0.4425989353688677,1.117204750157217,-0.9703313341220434,0.3035581830336738,1.231076681992218,True,1.313919817581581,-1.5592973994764503,-2.259382357313676,0,0,0,1000
-0.2103007715635904,-0.4161018646684231,0.5895255366757746,14,1.6211593514461742,-0.5003631082816851,0,-0.93733695161788,3,-1.0988248781928884,-0.2067936485059296,-0.7968538334795611,0.2617429786521636,-1.0381560589716394,0.3001673989504212,0.6523248869406384,0.4818927889510318,False,-1.3863793701553355,-0.6477853260293551,3.8205403755066345,0,0,0,1000
-0.2089217501107144,0.5397686387322164,-1.615720213841769,5,-0.3014205785029014,0.2575600036599618,2,1.1426402629260437,0,0.8543170953229892,-0.2067936485059296,0.3531239869563581,0.2521497256098997,-1.623182564306615,1.5843274087225898,0.4779415349871561,0.6761256501098578,True,1.9688442007981275,-1.380337399943939,3.965896060333182,0,0,0,1000
-0.2075427286578384,-1.337086583273419,-1.4267235816408557,12,-1.3308334543811466,-0.1903036533964659,2,-1.049768152404038,1,-1.2202938111117605,-0.2067936485059296,0.6692311140737868,0.5154595797715357,0.7323188913842071,0.4504414426471644,-1.3463766085261968,-0.2950386556842722,True,2.095954695714642,1.7410219568435408,1.940015949342972,0,0,0,1000
-0.2061637072049624,0.7560605044652078,1.49098413726588,23,0.4454083706636687,-0.3625589061104765,1,0.9739934617468065,2,-1.302606210010628,-0.2067936485059296,0.0837441953087842,0.5155053935508677,-1.5000190894992516,-0.4648640962329982,0.3840428070122041,-1.2523291856813432,False,-1.4072399419570958,-1.9421651962298736,1.93984353709186,0,0,0,1000
-0.2047846857520864,-0.276558725485848,-0.2575209299564269,34,-1.6992017874160088,-0.8793246642525085,0,-0.5438277488663268,1,-0.1047360641534968,-0.2067936485059296,-0.6856901894803026,1.3998151502062277,0.9478549722970928,0.518747826145684,-0.1525213528446644,0.6345043227186808,True,-0.4281692595238756,0.0269717286407844,0.7143799868251722,0,0,0,1000
-0.2034056642992104,0.9653752132390704,-1.2245028382904366,5,-0.5436353728271944,0.5676194585451809,1,-0.8249057508317219,1,1.2704463137422914,-0.2067936485059296,-0.4865828619435079,1.0984131517245992,-1.1151332307262414,-0.6287994166294454,-0.9573675926299672,0.3709025825745598,False,0.7379199763469286,-1.5556651170730584,0.910404165672544,0,0,0,1000
-0.2020266428463344,-1.3091779554369036,0.7178377955818738,14,-0.2812360123092103,-0.7070694115384979,2,0.6366998593883324,2,-0.0729400943822046,-0.2067936485059296,0.6137177535591808,-0.6406632208393421,-1.2075058368317635,1.2564567679296956,1.4974134387152065,-0.1285533461195642,True,-0.1041200420226929,-0.0523591565608556,-1.5608827283360485,0,0,0,1000
-0.2006476213934584,0.6514031500782764,0.7169045057253307,32,0.9752532332480596,-0.1558526028536637,2,-0.0378873453286157,0,-1.3859719465647844,-0.2067936485059296,0.2866475588725069,1.0982942100124615,1.024832144051695,1.3111018747285117,-0.9707816966263888,-0.2950386556842722,True,-0.4302569468528238,-0.9936095333012012,0.9105027594913548,0,0,0,1000
-0.1992685999405824,0.0234590237566884,1.0241883678348025,23,-1.6588326550286268,-0.3970099566532786,0,-0.3189653472940107,1,0.3110669241976558,-0.2067936485059296,0.3140423877407822,-0.9316860586437042,-1.638577998657535,-1.3665083584134572,0.2901440790372521,1.231076681992218,True,-0.71014598009402,0.3185911253813893,-1.0733230341431177,0,0,0,1000
-0.1978895784877064,0.1420706920618773,-1.2892702530923748,30,0.1375937362098796,0.1197558014887532,2,1.1426402629260437,2,-0.0258635578477847,-0.2067936485059296,-1.07909712894209,-0.8100435099521744,-0.8534108467605945,-1.7353628293054628,-1.332962504529775,-0.1701746735107412,False,0.2101731241502848,0.0333451157722827,-1.2345017411585888,0,0,0,1000
-0.1965105570348304,1.3909817877459243,0.5260618868688196,18,-1.0684340938631625,-0.3625589061104765,0,-0.9935525520109588,3,-0.1368580718294795,-0.2067936485059296,-1.4944262335155805,-0.1423946244295869,-0.9457834528661168,-1.7353628293054628,-0.6488432007122678,-1.474309598434287,True,-2.0204881203844,-0.0719958154998444,-7.022741948862595,0,0,0,1000
-0.1951315355819544,-1.3091779554369036,0.6271243999722004,27,0.4857775030510508,1.4977978232008384,1,-0.7124745500455638,1,-1.449180960650241,-0.2067936485059296,0.547654646159743,-1.2048566486732528,1.1326001845081377,-1.0386377176205628,0.9876774868511812,-1.6407949079989952,True,-0.0794697538124573,-0.9088167403989194,-0.8299743244132807,0,0,0,1000
-0.1937525141290784,-0.0393353888754703,-1.2344829464821627,38,0.1779628685972618,0.2575600036599618,2,-0.8249057508317219,0,-0.4931829525124468,-0.2067936485059296,1.7727138390773434,-1.4024913075384948,1.548276911982989,1.6253112388217017,0.5047697429799994,-0.7806208085813373,True,3.007196785559506,0.608825944372338,-0.7130169477176936,0,0,0,1000
-0.1923734926762024,-1.0021830492352384,-0.5676137088139039,1,1.469775104993491,-1.430541472937343,1,0.4680530582090954,2,1.013374784664033,-0.2067936485059296,0.5207634877788174,-0.7908374160285022,1.6252540837375906,1.2427954912299917,-0.1256931448518209,-0.0036893639460332,False,1.0883771965927214,-0.5752054199416431,-1.2644825676940608,0,0,0,1000
-0.1909944712233264,-0.8835713809300496,0.1864547767009267,6,-1.0633879523147398,0.2920110542027639,2,-0.93733695161788,1,0.0509267047203175,-0.2067936485059296,-0.5884787919649552,-1.4302218114151222,0.9478549722970928,0.518747826145684,-0.1525213528446644,0.6345043227186808,True,-0.774933568665882,0.0094955273567408,-0.6991922944663995,0,0,0,1000
-0.1896154497704504,-0.3253988241997492,0.9114378278996046,34,1.293160150798694,-0.1903036533964659,2,0.5242686586021743,0,0.8192481196371983,-0.2067936485059296,-1.2967582892691054,0.5065466776755515,0.347433032611197,0.6007154863439075,0.3035581830336738,-0.8222421359725143,False,-2.20819611716871,0.7466937266729634,1.9741513401562107,0,0,0,1000
-0.1882364283175744,1.1956213928903194,-1.0598303650898813,5,-0.1147133412112588,1.118836267230015,1,0.6366998593883324,0,-1.0788156848149264,-0.2067936485059296,1.6056593943186708,0.797826660279347,-0.8995971498133557,0.3548125057492369,0.4645274309907343,1.577921076918693,True,2.665489759408552,1.1433616211020938,1.2534049367432414,0,0,0,1000
-0.1868574068646984,0.7700148183834652,0.2775732349095232,6,-1.073480235411585,-0.9482267653381128,1,-0.8811213512248008,1,0.537177286385998,-0.2067936485059296,0.9984460148622918,0.3745394415434569,1.3173453967191826,-1.6670564458069432,0.0084478951123961,0.2321648246039697,True,0.7208727799527685,0.1491060371020808,2.6699450634212205,0,0,0,1000
-0.1854783854118224,1.2165528637677054,0.4210961323202447,13,-0.6496043453440725,0.2231089531171596,2,-1.162199353190196,3,-0.5468342158350353,6.431744946342571,-0.9414822725556916,-1.4399358561321096,-1.638577998657535,0.2455222921516055,-1.2256496725584014,-0.1979222251048592,True,-1.3625784048759364,-0.2302697733085073,-0.6944754276302957,0,0,0,1000
-0.1840993639589464,-0.3114445102814917,0.0403354549592844,36,0.4504545122120915,1.4977978232008384,2,0.5242686586021743,1,-0.7117529458539462,-0.2067936485059296,0.7198673959937701,1.690815353174245,1.1326001845081377,1.2974405980288075,0.1694171430694566,0.8009896322833888,False,0.6795319410344857,-0.0287088788896299,0.5914306012064501,0,0,0,1000
-0.1827203425060704,0.8188549170973666,-0.5470636887879664,3,-1.0432033861210488,1.0499341661444108,1,-1.387061754762512,3,-1.449180960650241,-0.2067936485059296,-0.847136432101709,0.5064487384798297,-1.0073651902697986,-0.5331704797315179,0.5450120549692647,0.7316207532980938,True,-0.3000727433137425,0.7927942820546097,1.9745331098036012,0,0,0,1000
-0.1813413210531944,0.7909462892608515,-1.1879084845743677,2,1.1922373198302387,-0.8104225631669043,2,0.4680530582090954,1,0.0810536478232512,-0.2067936485059296,-1.0202295519906326,-1.2417925663770866,0.7631097600860479,-0.9566700574223396,0.1828312470658784,0.9674749418480968,True,0.1676789325837349,-0.0962843159549428,-0.8052875396462076,0,0,0,1000
-0.1799622996003184,-1.2952236415186462,1.2015801668517547,22,0.4908236445994736,0.912129963973202,2,1.6485806664637546,2,1.6257663138470562,-0.2067936485059296,0.7479393868825794,0.6663180434748044,1.22497279061366,-0.2736062224371434,-1.4671035444939922,-0.2950386556842722,True,-0.4536407799691753,1.953488558654308,1.5007845873520225,0,0,0,1000
-0.1785832781474424,1.4188904155824396,0.6605209129764463,26,1.363806132476613,0.8087768123447958,0,-1.274630553976354,3,1.2600886452227027,-0.2067936485059296,-0.1569781411732363,0.9675253605996034,1.4097180028247052,-1.1342666545184903,1.4437570227295191,-1.3078242888695797,True,-0.8174990541496827,0.8323149023737529,1.0335645321212232,0,0,0,1000
-0.1772042566945664,1.1398041372172891,-1.6062319578482145,13,1.2830678677018486,0.050853700403149,1,-0.7124745500455638,1,-1.685893511431728,-0.2067936485059296,0.1000982504839045,-0.7445233850490064,-1.0535514933225598,-0.8747023972241159,-0.7024996166979546,-0.6973781537989833,True,1.7063302083321188,2.7079360355905853,-1.3431413363172078,0,0,0,1000
-0.1758252352416904,0.1978879477349073,-0.4065359343013912,14,-1.0280649614757804,1.4977978232008384,1,-0.1503185461147737,1,-0.6011506974392071,-0.2067936485059296,0.6142394056040582,-0.4716758855440107,0.424410204365799,-0.0960096253409924,-1.29272019254051,-1.4465620468401692,True,1.020775339905449,0.244389360439381,-2.120100354201229,0,0,0,1000
-0.1744462137888144,0.0792762794297185,0.4688211888981875,10,0.5261466354384331,0.0853047509459511,2,-0.93733695161788,1,1.7466127372067244,-0.2067936485059296,0.9751859330469136,0.5163189418033288,-1.5462053925520127,0.8192959135391702,-0.8634688646550153,-0.8638634633636911,True,0.5063647441487262,0.8188490600019741,1.9367869844725003,0,0,0,1000
-0.1730671923359384,0.3862711856313838,-1.5605425956397876,37,0.9096533931185636,1.6011509748292447,2,-1.274630553976354,3,0.4328703072542469,-0.2067936485059296,-1.2125366994516271,0.0084774419397541,-0.4839204223385048,-0.5468317564312217,1.5376557507044717,1.244950457789277,True,0.3480058961881602,-0.675512552857935,117.95872047658663,0,0,0,1000
-0.1716881708830623,-0.590530788646642,0.8051957175352656,13,0.349531681243636,-1.4649925234801446,2,-1.105983752797117,3,-0.7491969517311343,-0.2067936485059296,0.6769109525682423,-1.7034668352334197,0.6553417196296051,0.0815869717551585,-0.0452085208732907,1.61954240430987,True,-0.1282847649670233,-0.6032501771243844,-0.5870381729896087,0,0,0,1000
-0.1703091494301864,-0.1021298015076291,-0.1453877446320566,41,1.3991291233155725,1.1877383683156193,1,0.1869750562437003,1,1.0793829379893547,-0.2067936485059296,-0.5512112438064581,0.3085918664616282,-1.253692139884525,-0.7790734603261885,1.6583826866722668,-1.0858438761166351,True,-0.4058234991744014,-0.1569290509485953,3.2405250579468494,0,0,0,1000
-0.1689301279773103,-1.071954618826526,2.1393851252217626,21,-0.4124356925682024,1.0843852166872128,1,0.8615622609606484,2,0.4062277873044279,-0.2067936485059296,-0.0344141184985284,0.610081139648777,-0.1298254322673355,-0.5604930331309258,1.148646734808242,-0.2950386556842722,True,-2.173799243720291,0.8690776856108431,1.639125963905559,0,0,0,1000
-0.1675511065244343,-1.6161728616385689,-1.3901737172600688,32,-0.089482633469145,-0.7759715126241021,2,0.0183282550644632,1,0.889026224217017,-0.2067936485059296,1.0152174644495306,-1.0358721427324646,-0.791829109356913,-1.380169635113161,1.457171126725941,0.8703585112686838,False,2.405391181709599,-1.235900890861454,-0.9653701989699036,0,0,0,1000
-0.1661720850715584,0.9374665854025552,0.393968869767841,2,-0.1046210581144133,-0.2936568050248722,2,0.9177778613537274,2,0.5754059049627287,-0.2067936485059296,-1.1334886850676358,0.6098054952234848,1.301949962368262,-1.216234314716714,-1.2256496725584014,-1.5714260290137003,True,-1.5274575548354767,0.226692014035908,1.639866881892933,0,0,0,1000
-0.1647930636186823,-1.5115155072516375,0.5587175746957344,29,-0.9120037058620566,-0.4314610071960808,1,0.4680530582090954,2,-0.2185719381821825,6.431744946342571,-0.9975051353412228,-1.1391403189146558,0.4090147700148786,-0.4648640962329982,-0.0452085208732907,-0.8916110149578094,True,-1.5562227100369572,-0.122119983197695,-0.877855055414315,0,0,0,1000
-0.1634140421658063,-0.674256672156187,-0.742711304095412,36,-0.0743442088238767,1.1532873177728171,0,0.4118374578160163,1,0.2552765406419526,-0.2067936485059296,-0.18860867181636,-0.8096660087633318,-1.3768556146918882,0.7236669766412428,1.4705852307223628,1.34206688836869,True,0.554102632279052,-0.1895967724051501,-1.2350773191468327,0,0,0,1000
-0.1620350207129303,-1.5882642338020538,1.641800753832231,31,-0.1954516059860232,1.4977978232008384,1,-0.93733695161788,3,-1.773869888025952,-0.2067936485059296,1.2147269087348236,1.230215042009664,-0.4069432505839028,-1.0659602710199707,-0.729327824690798,-0.9332323423489864,True,-0.4270738450974074,-2.9123409193613035,0.812865949907276,0,0,0,1000
-0.1606559992600543,0.7560605044652078,-0.4428556248551138,16,0.7431307220206121,-0.8448736137097064,2,0.4118374578160163,1,0.9233857416348982,-0.2067936485059296,1.1466771804645437,-0.1892710440351821,0.5167828104713215,-0.1233321787404002,-0.8634688646550153,0.5790092195304448,True,1.5895328053196576,-0.4089265695940255,-5.283431142046387,0,0,0,1000
-0.1592769778071783,0.2467280464488087,-1.2331755070342711,26,-0.7555733178609507,-1.6716988267369577,0,-0.4313965480801688,1,0.472401208410713,-0.2067936485059296,-0.5547157378788927,0.4028916416702596,1.117204750157217,0.0952482484548624,-1.668315104440318,0.1627959456186748,True,0.6784597691553784,-0.5825535997054834,2.4820563356655603,0,0,0,1000
-0.1578979563543023,-0.0672440167119853,-0.6399587318119778,42,1.2426987353144665,-0.7415204620813,1,-0.7686901504386429,0,-1.751781892697946,-0.2067936485059296,1.157800741405535,-0.9417887043250496,1.1633910532099787,1.6389725155214054,0.1694171430694566,-0.6280092748136883,True,1.7977594732175128,1.1210681184621638,-1.061809407554542,0,0,0,1000
-0.1565189349014263,0.5607001096096026,1.1544027633375946,26,-0.1399440489533727,0.912129963973202,1,-1.443277355155591,3,-0.0729400943822046,-0.2067936485059296,-1.048755684261648,-1.3648975649033976,1.5328814776320685,-1.544104955509608,-1.574416376465366,1.61954240430987,True,-2.2031584475992423,-0.084202246512922,-0.7326557677142262,0,0,0,1000
-0.1551399134485503,0.0513676515932035,-0.1257800436763708,28,-1.3358795959295695,-0.1214015523108616,0,-0.93733695161788,3,-1.058874311958881,-0.2067936485059296,-0.8210401426760444,-0.7155944318807318,-1.1151332307262414,-0.6287994166294454,-0.9573675926299672,0.3709025825745598,True,-0.6952600989996736,0.1331852572059751,-1.3974397999657018,0,0,0,1000
-0.1537608919956743,-1.4556982515786077,-0.063856904022135,11,-1.017972678378935,-0.3970099566532786,0,-1.387061754762512,3,0.7238882179995157,-0.2067936485059296,-1.504977326555338,0.17697257836592,-1.2075058368317635,1.6116499621219975,-0.9841958006228106,-1.7517851143754672,True,-1.441120422533203,-0.0462252604595494,5.650589736413076,0,0,0,1000
-0.1523818705427983,-0.7370510847883458,-0.125486623135188,24,1.429405972606109,-1.3271883213089362,1,1.3112870641052805,0,1.5302741201584202,-0.2067936485059296,1.3577957957616178,-1.073533681055267,1.486695174579307,0.1089095251545663,-1.5073458564832574,-0.3921550862636853,True,1.483282418896806,-0.1920289318098512,-0.9315032316148094,0,0,0,1000
-0.1510028490899223,-1.2603378567230024,1.7321173388484443,22,-0.8009885917967556,1.635602025372047,1,-0.7686901504386429,1,0.3658165287182165,-0.2067936485059296,1.219242357960903,-0.0109658824802216,0.7169234570332866,1.1471665543320644,-0.0183803128804472,-0.4337764136548623,True,-0.5128749808875415,0.6336371522301729,-91.19276274206956,0,0,0,1000
-0.1496238276370463,-1.3719723680690623,0.7722262317615461,0,0.3899008136310182,-0.2592057544820701,2,-0.5438277488663268,0,-1.058874311958881,-0.2067936485059296,1.9231520648176184,-1.0077684905201376,0.3628284669621174,-1.2982019749149374,-0.6488432007122678,0.4402714615598547,True,1.150925833056072,-0.8176905198331066,-0.992291492178944,0,0,0,1000
-0.1482448061841703,0.7002432487921777,0.5848792742081682,16,0.2486088502751806,-0.0869505017680595,0,-0.93733695161788,3,1.5973582042816945,-0.2067936485059296,-1.3217114270015584,-1.6656184506894458,1.3173453967191826,-0.9430087807226356,-0.7829842406764849,0.981348717645156,False,-1.9065907012097267,0.9342617071707402,-0.6003776312779409,0,0,0,1000
-0.1468657847312943,0.0234590237566884,0.3378548396405304,3,0.1527321608551479,1.35999362102963,2,-1.162199353190196,3,0.9233857416348982,-0.2067936485059296,-1.3258905883957766,0.3462975862438339,-1.192110402480843,-0.697105800127965,-0.4342175367695203,1.605668628512811,True,-1.6637454280363069,0.3119703416664108,2.887688944291367,0,0,0,1000
-0.1454867632784183,-1.0370688340308822,-0.3597471310899384,6,-0.0137905102428034,-1.258286220223332,0,0.3556218574229373,2,-0.0729400943822046,-0.2067936485059296,-0.7197807177288623,0.111246128223765,0.7939006287878887,-0.1916385622389199,1.3096159827653022,-1.2384554098842842,True,-0.3600335866389239,0.0262399896954274,8.989068806796404,0,0,0,1000
-0.1441077418255423,1.118872666339903,0.852503317636525,38,-0.0137905102428034,-0.5003631082816851,2,-0.4313965480801688,1,-0.1047360641534968,-0.2067936485059296,1.0416020862469253,1.0989809814171276,1.22497279061366,1.215472937830584,1.6315544786794234,0.7177469775010348,True,0.1890987686104003,-0.0892878421670479,0.9099337712988724,0,0,0,1000
-0.1427287203726663,-1.644081489475084,1.1972372795326849,25,0.9348841008606776,0.0164026498603468,0,1.9296586684291497,2,-0.268553453715343,-0.2067936485059296,-0.3696715440979471,-0.0675291414706592,0.5629691135240826,1.406730811626439,-1.426861232504727,0.4541452373569138,True,-1.566908823630632,-0.321522206335264,-14.808443570674555,0,0,0,1000
-0.1413496989197903,0.7072204057513065,-1.0424183634040245,6,1.5151903789292962,1.4633467726580365,2,1.0302090621398854,2,-1.449180960650241,-0.2067936485059296,-0.0282386013157263,0.6476963200856046,-0.2068026040219376,-0.0003806884430649,-0.7561560326836414,1.0229700450363328,True,1.014179762088298,1.510652845277296,1.5439331899778483,0,0,0,1000
-0.1399706774669143,1.3491188459911518,-0.9275352769267304,24,1.035806931829133,0.1197558014887532,2,0.8053466605675694,0,0.32484974849802,-0.2067936485059296,-1.24686575431855,0.4026453790036839,1.255763659315501,1.4886984718246623,0.3438004950229389,0.8564847354716248,False,-0.3193304773918195,-0.3013096014326897,2.483574390241323,0,0,0,1000
-0.1385916560140383,0.2118422616531648,1.008069747875451,31,-0.1348979074049499,1.3255425704868278,1,0.1307594558506213,1,1.228841059057093,-0.2067936485059296,1.0091520240712006,0.4409410192081198,1.024832144051695,1.3111018747285117,-0.9707816966263888,-0.2950386556842722,True,0.0010822761957496,1.238757496582686,2.267876495156284,0,0,0,1000
-0.1372126345611623,-0.2626044115675904,1.6855491552466593,18,-0.639512062247227,-0.0869505017680595,0,1.0864246625329643,2,-0.5829717049916499,1.4528410002061956,-0.386416829564741,0.52577910636074,-1.099737796375321,-0.9156862273232276,-1.5610022724689443,-0.3366599830754492,True,-2.0719659848114,-0.98262746488138,1.901939041906299,0,0,0,1000
-0.1358336131082863,0.8886264866886541,-1.5628862968694612,28,1.6564823422851336,-1.430541472937343,2,1.7610118672499129,2,-0.1207564839209342,-0.2067936485059296,-0.3453235883963106,0.8538256806810994,-1.5769962612538535,0.5324091028453879,1.564483958697315,0.4818927889510318,True,1.2175627084731506,0.1887286539781656,1.1711991165250328,0,0,0,1000
-0.1344545916554103,-0.981251578357852,-0.2189994944686901,2,-0.8918191396683656,-0.224754703939268,2,-1.330846154369433,3,0.6874037218721623,-0.2067936485059296,-1.4000316184835466,1.371186217440847,0.5783645478750031,1.6253112388217017,0.0486902071016612,0.7454945290951528,True,-1.1810321240148565,-0.1505410675858996,0.7292954919987671,0,0,0,1000
-0.1330755702025343,-0.0532897027937278,-0.3760560686089912,6,-1.3207411712843011,-0.3625589061104765,0,0.4680530582090954,2,0.1983874950706012,-0.2067936485059296,-1.1543419953473455,-0.6033198760813064,0.6245508509277643,0.1362320785539742,0.4913556389835778,1.286571785180454,True,-0.7782859267383543,-0.0746048214574359,-1.657495808433826,0,0,0,1000
-0.1316965487496582,-1.5115155072516375,0.7091681957184922,8,0.172916727048839,-1.258286220223332,1,0.4680530582090954,0,1.5205971193345007,-0.2067936485059296,1.174648337299396,1.5686519856041332,0.4859919417694806,1.6116499621219975,0.5986684709549516,1.231076681992218,False,0.4654801415809037,1.0783591155331846,0.6374899884921716,0,0,0,1000
-0.1303175272967823,1.4537762003780834,0.9683067550350866,4,0.2738395580172945,-0.8104225631669043,2,0.9177778613537274,2,1.452180050845441,3.1124756489183207,0.8306508483114471,0.9767340390666668,-0.3145706444783804,0.4367801659474605,-0.5817726807301593,0.8287371838775068,False,-0.1376559067236394,1.406155752760836,1.0238200550208731,0,0,0,1000
-0.1289385058439063,1.4467990434189544,-0.5404737783080323,5,-0.4326202587618934,-1.0515799169665192,1,1.1426402629260437,2,0.7719110874194387,-0.2067936485059296,0.4197925953632626,-0.1519539252173341,1.6560449524394316,0.5597316562447958,-1.0378522166084974,0.2182910488069108,False,0.9602663736712947,-0.4171977019354458,-6.580946538000841,0,0,0,1000
-0.1275594843910302,0.40720265650877,-1.1472396553716044,7,-0.1904054644376004,0.7054236607163894,1,0.2994062570298583,0,-1.449180960650241,-0.2067936485059296,0.9351185636050752,0.2052674296525612,-0.1298254322673355,-0.5604930331309258,1.148646734808242,-0.2950386556842722,False,2.08235821897668,1.6625578658674731,4.871691113020233,0,0,0,1000
-0.1261804629381543,-0.9742744213987234,0.7136773069228558,2,0.3545778227920588,-0.6726183609956957,1,0.9739934617468065,0,1.311592044051897,-0.2067936485059296,0.6662114216691898,-1.101577699179532,0.6399462852786847,0.4914252727462762,-1.4536894404975704,1.369814439962808,False,-0.047465885253666,0.9360534777804016,-0.907788975324854,0,0,0,1000
-0.1248014414852782,0.9863066841164568,-0.2984544462892343,24,-1.7042479289644314,-1.6372477761941553,0,-1.443277355155591,3,-0.0887971527059343,-0.2067936485059296,-1.4751244865057669,-0.8097911532911983,0.0549197799437092,-0.8337185671250041,0.8803646548798074,1.036843820833392,False,-1.1766700402165324,0.0265019050429102,-1.234886451184838,0,0,0,1000
-0.1234224200324022,-0.5137820620962256,0.4433149306760885,35,0.1577783024035707,-1.3616393718517383,2,1.2550714637122016,2,0.3928177842655264,-0.2067936485059296,-0.0161969751376115,-0.5468746882323776,-1.1305286650771618,-1.6124113390081276,-1.3597907125226183,-0.4753977410460392,False,-0.4595119058137001,0.1741419888000065,-1.82857280538894,0,0,0,1000
-0.1220433985795262,-1.6580358033933411,1.588341867255179,31,0.3899008136310182,-0.3281078555676744,0,-0.2065341465078527,0,1.8550979737486308,-0.2067936485059296,1.9249807715868028,-0.0863550136722744,0.0241289112418684,-1.339185805014049,-0.5951867847265809,0.4402714615598547,True,0.3366389043316238,2.9465297795651995,-11.580116955418433,0,0,0,1000
-0.1206643771266502,-0.8975256948483072,-0.0484557793850915,9,-1.5680021071570167,-0.7070694115384979,0,-1.330846154369433,3,-1.3859719465647844,1.4528410002061956,-1.2864690714651474,1.2404185650626025,-0.9611788872170371,1.6662950689208131,-1.0780945285977626,0.1766697214157337,True,-1.238013292080056,0.0671583508766691,0.806179420034389,0,0,0,1000
-0.1192853556737742,1.5723878686832722,1.4272088059762378,13,-0.987695829088398,-1.6372477761941553,1,-0.2065341465078527,0,0.3522237231242945,-0.2067936485059296,1.379628549973403,-1.4026442015051492,-0.1452208666182559,0.3684737824489408,-0.0720367288661341,1.605668628512811,True,-0.0475802560028351,0.5026967993167294,-0.7129392259425752,0,0,0,1000
-0.1179063342208982,1.1049183524216457,-0.548237225226867,42,0.3596239643404815,0.4298152563739724,0,-1.162199353190196,3,-0.5288762138917308,-0.2067936485059296,-1.3104775240119646,-1.2613196832200686,-1.1305286650771618,0.873941020337986,-0.3671470167874118,-1.5159309258254643,True,-0.7622402987850976,0.2899496279924935,-0.7928204820597994,0,0,0,1000
-0.1165273127680222,-1.4277896237420926,0.9755420493520792,18,-0.023882793339649,-1.533894624565749,1,0.4118374578160163,0,0.73595977530185,-0.2067936485059296,0.7892859994710818,0.9957098670590648,-1.2075058368317635,-0.7517509069267806,-0.7963983446729067,-0.5308928442342753,True,-0.1862560498809973,0.7179597074386623,1.004308516619158,0,0,0,1000
-0.1151482913151462,1.656113752192817,1.281360218436848,17,-0.3266512862450152,0.843227862887598,1,0.0745438554575422,0,-0.5288762138917308,-0.2067936485059296,1.7413291938498372,1.3712934064494977,0.6399462852786847,-1.2435568681161218,-1.4402753365011487,-1.2939505130725202,False,0.4599689754129892,-0.6776809409583613,0.7292384856318345,0,0,0,1000
-0.1137692698622702,0.6374488361600189,-0.0312935152587962,15,-1.1844953494768864,1.0499341661444108,1,0.9739934617468065,2,0.485465530333871,-0.2067936485059296,-0.2555568379155772,0.0737296487319592,0.6707371539805255,0.4914252727462762,1.5913121666901584,-0.0869320187283872,True,-0.2242633226567809,-0.0151919229811226,13.563046357793104,0,0,0,1000
-0.1123902484093942,1.4677305142963408,-1.264218671516275,21,0.0316247636930014,-0.6726183609956957,1,-1.105983752797117,3,0.32484974849802,-0.2067936485059296,-1.1988688709011055,1.361707988542891,-0.8534108467605945,0.846618466938578,-1.574416376465366,-0.0036893639460332,True,0.0653498006151696,-0.410681117488563,0.7343717852701157,0,0,0,1000
-0.1110112269565182,0.1141620642253623,0.2111110342125331,26,0.4201776629215548,1.670053075914849,1,-0.5438277488663268,0,-0.805897272154619,-0.2067936485059296,0.3584260556968218,-0.4806685536738437,-0.991969755918878,-1.325524528314345,0.7998800309012772,-0.7528732569872193,True,0.1473150214842886,-0.1701338065936208,-2.080436093437801,0,0,0,1000
-0.1096322055036422,0.776991975342594,0.8477114739968857,15,-1.5427713994149028,1.670053075914849,1,-0.4876121484732478,1,1.280775265620233,-0.2067936485059296,0.0230070179737356,1.2583242441097484,0.6091554165768439,0.6826831465421311,0.5315979509728429,-0.6002617232195703,True,-0.82470445602315,1.0857278882776804,0.7947076639508948,0,0,0,1000
-0.1082531840507662,-0.2626044115675904,0.069785500719814,24,-1.6840633627707406,-1.6372477761941553,1,1.7610118672499129,2,-0.805897272154619,-0.2067936485059296,0.7569131446434599,-1.3743062569723905,-1.7001597360612166,-0.3555738826353669,0.0084478951123961,0.3986501341686778,True,0.6871276439236459,-0.0562399446660423,-0.727639903908318,0,0,0,1000
-0.1068741625978902,-0.3114445102814917,1.470003920903396,9,-0.8110808748936011,0.2231089531171596,0,1.1426402629260437,0,0.0810536478232512,-0.2067936485059296,1.913161730702875,-0.3485135381775381,-1.7309506047630576,-0.4102189894341826,-1.3597907125226183,-0.3089124314813312,False,0.443157809799479,0.1191491801037023,-2.869329817608308,0,0,0,1000
-0.1054951411450142,1.4258675725415682,-0.9149998861276066,38,1.1064529135070518,-1.4649925234801446,1,-0.7686901504386429,0,-1.240772553225037,-0.2067936485059296,1.8443684077551763,-1.32745551920034,0.8092960631388092,-1.188911761317306,-0.9707816966263888,-0.2672911040901542,False,2.7593682938827837,1.135306744911169,-0.7533209669688197,0,0,0,1000
-0.1041161196921382,-1.6161728616385689,-1.165864298235507,17,-0.1954516059860232,-1.0860309675093214,0,0.4680530582090954,0,-0.3706226321335793,-0.2067936485059296,-1.4972380467218074,-1.2326560364508712,0.5629691135240826,1.406730811626439,-1.426861232504727,0.4541452373569138,False,-0.3313737484863004,0.4320956949226119,-0.8112563858486362,0,0,0,1000
-0.1027370982392622,-1.0859089327447835,-0.4943043550430812,10,-1.6134173810928218,0.6709726101735873,0,-1.49949295554867,3,0.73595977530185,-0.2067936485059296,-1.2765873692289456,0.1769947779169502,1.3789271341228642,0.6280380397433154,1.1888890467975068,1.286571785180454,True,-0.7822830141858643,-0.3637881220682319,5.649881012202066,0,0,0,1000
-0.1013580767863862,1.0421239397894868,-1.5352562084170993,13,-1.6235096641896674,0.9810320650588064,1,1.7610118672499129,2,-0.0729400943822046,-0.2067936485059296,0.7373688273271811,1.230098059081441,-1.0843423620244006,-0.4102189894341826,1.5510698547008932,-0.4199026378578032,True,2.2726250357442805,0.1119817327428088,0.8129432538511693,0,0,0,1000
-0.0999790553335102,0.7979234462199803,-0.8758795001629848,20,-1.522586833221212,1.428895722115234,0,0.9177778613537274,2,0.889026224217017,-0.2067936485059296,-0.421619893963663,0.3931955524724879,-1.0535514933225598,-0.8747023972241159,-0.7024996166979546,-0.6973781537989833,True,0.4542596061993217,-0.7786798448989866,2.5432631152247303,0,0,0,1000
-0.0986000338806342,-0.9882287353169812,-0.3786292433351995,13,-0.0188366517912262,-1.0515799169665192,1,0.0745438554575422,1,0.8774958557738228,-0.2067936485059296,1.112653251394469,0.5438000271948518,1.3173453967191826,-0.9430087807226356,-0.7829842406764849,0.981348717645156,False,1.4912824947296683,-0.3322455919014159,1.8389109343508576,0,0,0,1000
-0.0972210124277582,-1.3161551123960324,-0.9509696505883432,22,-0.4780355326976983,1.394444671572432,2,0.8053466605675694,0,0.537177286385998,-0.2067936485059296,1.802866823358094,0.0739308593685029,1.1787864875608989,0.4914252727462762,0.4511133269943127,-0.7944945843783963,False,2.7538364739464374,-0.510839296338487,13.526133145595754,0,0,0,1000
-0.0958419909748822,0.923512271484298,1.6362529846657108,32,0.0467631883382697,0.2231089531171596,0,0.9739934617468065,2,0.125634056650171,-0.2067936485059296,-0.2053533343873399,0.6376911783146667,1.255763659315501,0.4914252727462762,0.5986684709549516,0.1350483940245568,False,-1.8416063190530507,0.2055691001695034,1.5681569342501709,0,0,0,1000
-0.0944629695220062,1.6142508104380446,1.2445015249278513,17,1.469775104993491,0.326462104745566,0,-0.1503185461147737,0,0.3385684026291145,-0.2067936485059296,1.8930739383480135,0.769451281209557,0.8400869318406499,-0.9976538875214512,0.9742633828547594,1.078465148224569,True,0.6485724134201625,0.4213488933643197,1.299627272652402,0,0,0,1000
-0.0930839480691302,-0.8556627530935347,1.293955754299018,17,0.1577783024035707,-1.6372477761941553,2,-0.4876121484732478,1,-1.0191957916838013,-0.2067936485059296,-0.4827261242675135,0.2522420060965352,-0.1452208666182559,0.3684737824489408,-0.0720367288661341,1.605668628512811,False,-1.7766818785665317,-1.318794259406598,3.964445173230878,0,0,0,1000
-0.0917049266162542,1.293301590318122,-1.5730920650364186,31,-0.9725574044431298,1.2910915199440256,0,1.9296586684291497,2,-0.7680260388013285,-0.2067936485059296,0.3194795620933914,-1.6656695967138782,-0.1914071696710171,-0.1096709020406963,0.2096594550587218,-1.1968340824931072,True,1.89257162712981,1.2081756673797224,-0.6003591960907332,0,0,0,1000
-0.0903259051633782,0.9095579575660404,0.2862227308025769,21,-1.169356924831618,0.5676194585451809,1,1.817227467642992,2,0.472401208410713,-0.2067936485059296,0.0396643530484954,-0.7065101361922347,0.8862732348934113,-0.3692351593350709,0.1023466230873481,-0.8638634633636911,False,-0.2465583777540814,0.1352119639057515,-1.4154080604283297,0,0,0,1000
-0.0889468837105022,0.6165173652826327,1.0041937704334325,5,-0.5133585235366577,-1.292737270766134,0,-1.162199353190196,3,0.3385684026291145,-0.2067936485059296,-1.07382133231777,-1.5903656726221034,1.332740831070103,-1.5714275089090155,1.323030086761724,0.1905434972127928,True,-2.0780151027512024,0.339988280785755,-0.6287862471464706,0,0,0,1000
-0.0875678622576262,1.7119310078658472,1.592126192424406,1,1.5202365204777188,-1.017128866423717,1,-1.105983752797117,3,1.9782297698019933,-0.2067936485059296,-1.42839124306301,-0.415253441352755,1.4405088715265455,0.3957963358483486,-0.0049662088840255,-0.1563008977136822,False,-3.020517435487416,3.149591431135457,-2.408168461070868,0,0,0,1000
-0.0861888408047502,-0.4928505912188394,-0.4489475644967588,13,0.6977154480848072,-0.6726183609956957,2,1.817227467642992,2,-0.9994590305551176,-0.2067936485059296,-0.4103111120020138,0.966710288848542,-0.4685249879875845,1.0788601708335448,-0.1525213528446644,0.3847763583716188,True,0.038636452494745,0.4487046975820117,1.0344359712437865,0,0,0,1000
-0.0848098193518741,-0.332375981158878,0.1036688912949406,24,-1.0331111030242033,-0.0869505017680595,1,0.8615622609606484,1,-0.4402037724726214,-0.2067936485059296,0.0767394660456244,-0.2553524693511638,-0.5608975940931069,1.0925214475332483,0.8937787588762292,0.8564847354716248,False,-0.0269294252493161,-0.0456354370360869,-3.916157122571232,0,0,0,1000
-0.0834307978989981,-0.8696170670117922,0.3742478418441873,8,1.3789445571218812,0.6020705090879831,0,1.5361494656775965,2,-1.4280464114595173,-0.2067936485059296,0.8387855948891797,1.6632340433391002,1.6098586493866702,-1.011315164221155,1.0815762148261332,0.3292812551833828,True,0.4645377530449923,-0.5344432875420607,0.6012382586088602,0,0,0,1000
-0.0820517764461221,1.063055410666873,-1.040303654651805,3,-0.9574189797978616,-0.8104225631669043,2,0.5242686586021743,0,1.719041342019685,-0.2067936485059296,0.8395212616081138,1.0983033510040623,1.0556230127535355,1.3247631514282154,-1.668315104440318,0.2737861519951468,True,1.8798249162599188,-1.7883249906006218,0.9104951815327592,0,0,0,1000
-0.0806727549932461,0.665357463996534,0.1221743707076305,4,-0.2358207383734054,-1.4649925234801446,1,1.2550714637122016,0,-0.6011506974392071,-0.2067936485059296,0.3969286559426017,0.9669280403270298,-0.1144299979164151,1.5843274087225898,-1.6817292084367397,-1.2384554098842842,True,0.2747542852349712,-0.0734452081600883,1.034203017053351,0,0,0,1000
-0.0792937335403701,1.5933193395606584,-0.0530307252216821,3,-0.4931739573429667,1.6011509748292447,2,0.6929154597814113,1,-0.5288762138917308,-0.2067936485059296,0.5613381773867705,0.5822187443219112,1.548276911982989,-0.8337185671250041,0.2901440790372521,1.508552197933398,True,0.6143689026084527,0.0280466891751759,1.71756721678197,0,0,0,1000
-0.0779147120874941,0.3653397147539975,-0.2970902498579622,26,1.12159133815232,0.050853700403149,0,-0.93733695161788,3,-1.840507443699069,-0.2067936485059296,-1.0637976186232154,0.637735903880713,-1.222901271182684,-0.5741543098306296,1.2559595667796155,0.953601166051038,True,-0.7667073687652532,0.5467968163139957,1.5680469566009445,0,0,0,1000
-0.0765356906346181,-0.0114267610389552,-1.4676053042005162,1,-1.5680021071570167,0.7743257618019938,1,0.4680530582090954,0,0.7838085591320157,-0.2067936485059296,0.906026944474943,1.39969773199269,-0.8534108467605945,0.846618466938578,-1.574416376465366,-0.0036893639460332,True,2.373632248675459,-1.1503215988599105,0.7144399149181668,0,0,0,1000
-0.0751566691817421,0.0862534363888472,0.937711736469258,38,0.4555006537605142,-0.0524994512252573,1,-0.6000433492594058,0,-1.240772553225037,-0.2067936485059296,1.6948159667080815,-0.2734632766026823,-0.2068026040219376,-1.6943789992063512,-1.158579152576293,-0.0591844671342692,False,0.7571042302388237,-1.1634869854480443,-3.6567994726869975,0,0,0,1000
-0.0737776477288661,-0.981251578357852,0.3659469398271802,25,0.2687934164688716,-1.533894624565749,1,0.5804842589952534,1,1.6068499798655516,-0.2067936485059296,0.0876451881928211,0.7699207364210494,0.917064103595252,1.693617622320221,-1.104922736590606,0.6483780985157398,True,-0.2783017516343591,0.5880218328931648,1.2988348317061604,0,0,0,1000
-0.0723986262759901,1.656113752192817,-1.183764250237411,27,1.565651794413524,0.3609131552883682,1,-0.9935525520109588,1,-1.302606210010628,-0.2067936485059296,0.2443652008976955,-0.4524633711619522,0.1780832547510725,1.3247631514282154,1.148646734808242,1.4946784221363392,True,1.4281294511351066,1.5419786635478263,-2.210124144291185,0,0,0,1000
-0.0710196048231141,1.1118955093807743,0.6184026500601307,3,1.0711299226680924,1.35999362102963,1,0.5804842589952534,0,-1.4703801694062202,-0.2067936485059296,-0.8765075716059855,-0.3495247059626999,-1.3922510490428086,0.4777639960465722,0.2499017670479869,0.8148634080804479,True,-1.494910221666116,-0.9092869933566704,-2.861028903088776,0,0,0,1000
-0.0696405833702381,-1.1277718744995562,-1.3259808353589673,13,0.591746475567929,-0.465912057738883,2,-1.443277355155591,3,1.6912830499874785,-0.2067936485059296,-1.397634003111896,-0.5844523253108452,-0.9149925841642762,1.693617622320221,1.6449685826758451,-1.4326882710431104,True,-0.0716531677529288,-2.2426089114508585,-1.7110038369143732,0,0,0,1000
-0.0682615619173621,-0.3672617659545217,-1.615720213841769,10,1.318390858540808,0.843227862887598,1,1.2550714637122016,2,0.4328703072542469,-0.2067936485059296,0.4774246944018714,0.3182118895507227,-0.8842017154624353,-0.164316008839512,0.8401223428905423,-1.8905228723460572,True,2.0931449082436404,-0.6993973054025842,3.1425591518782188,0,0,0,1000
-0.0668825404644861,0.1141620642253623,-1.3365382050164856,13,1.429405972606109,-0.5692652093672893,2,0.3556218574229373,2,0.5499720170437528,-0.2067936485059296,-1.0110593340422755,-0.8472897860851172,0.5167828104713215,-0.1916385622389199,-0.4744598487587855,-0.0591844671342692,True,0.32547887097421,-0.7350586124689533,-1.1802338874446558,0,0,0,1000
-0.0655035190116101,0.1141620642253623,0.0464756410472358,4,-0.2913282954060558,-0.0869505017680595,2,-0.93733695161788,3,-0.1207564839209342,-0.2067936485059296,-1.1387409472040155,0.6377209953586976,-1.3922510490428086,1.7346014524193327,1.175474942801085,1.009096269239274,True,-1.185216588251251,-0.0056122350008356,1.5680836141033287,0,0,0,1000
-0.0641244975587341,-0.8626399100526634,0.9482427543768822,15,0.5867003340195063,-1.6027967256513531,1,1.817227467642992,2,-0.1693034138610984,-0.2067936485059296,0.3997611627440213,0.5436320070635249,0.2550604265056745,-0.4921866496324061,1.0010915908476028,-1.2107078582901665,False,-0.5484815916328609,-0.1605407354850571,1.8394792857279627,0,0,0,1000
-0.0627454761058581,1.230507177685963,-0.4273904467106085,24,-1.3611103036716834,0.050853700403149,1,-1.218414953583275,3,-1.0788156848149264,-0.2067936485059296,-1.250394782392522,-1.5714960542463992,0.5937599822259234,1.4477146417255506,-0.8232265526657501,0.2599123761980878,True,-0.8230043356819133,0.4610755174514624,-0.6363363502768569,0,0,0,1000
-0.0613664546529821,1.5723878686832722,-0.7721825717749488,42,-1.2652336142516505,0.7054236607163894,2,-0.9935525520109588,3,-0.3022664678409858,-0.2067936485059296,-0.890962600580539,1.3991609163788068,0.3012467295584358,-0.8337185671250041,1.6583826866722668,0.3709025825745598,True,-0.1187800288055902,0.2334048984987822,0.7147140238284494,0,0,0,1000
-0.0599874332001061,1.1537584511355468,-1.155352363502764,20,-0.6496043453440725,-1.0515799169665192,1,0.0745438554575422,1,1.133471172798824,-0.2067936485059296,1.0412020856140585,-1.1858927910269987,1.6560449524394316,1.0651988941338408,-1.104922736590606,-1.0164749971313405,False,2.1965544491168227,-1.3095585984553713,-0.8432466171403644,0,0,0,1000
-0.0586084117472301,-0.5486678468918694,1.957683297213292,17,-0.8464038657325607,1.4977978232008384,1,0.8615622609606484,2,-0.1047360641534968,6.431744946342571,0.8115403011430528,1.587329316692237,-1.1305286650771618,-1.6124113390081276,-1.3597907125226183,-0.4753977410460392,False,-1.146142996070239,-0.2050400434091605,0.6299889547085027,0,0,0,1000
-0.0572293902943541,-0.7091424569518308,-1.1590049506774411,4,1.4344521141545317,-1.0860309675093214,0,0.9739934617468065,0,0.979901010801098,-0.2067936485059296,0.9028607260113928,0.3751978105813636,0.6707371539805255,-1.1069441011190826,-0.1659354568410861,-1.6130473564048773,True,2.061865676688834,-1.1357101226923012,2.6652600448934134,0,0,0,1000
-0.0558503688414781,-1.058000304908269,-0.1491957981176746,7,-0.1348979074049499,0.4298152563739724,1,-1.274630553976354,3,0.6751506888007894,-0.2067936485059296,-1.3127257184454852,1.5687717978868994,-0.5762930284440273,0.1089095251545663,-0.4610457447623638,1.369814439962808,True,-1.1635299203278109,-0.1007296458653315,0.6374413012796682,0,0,0,1000
-0.0544713473886021,1.265392962481607,0.380097415687579,34,-0.4477586834071617,-0.8104225631669043,2,-0.2627497469009318,1,-1.1592575015304638,-0.2067936485059296,-0.686761767504828,-1.5995756569451098,-1.5000190894992516,-0.4648640962329982,0.3840428070122041,-1.2523291856813432,True,-1.066859183192407,-0.440630780448169,-0.6251658420623862,0,0,0,1000
-0.0530923259357261,0.9025808006069116,-1.4184617134887725,22,0.2990702657594083,0.4298152563739724,1,-0.7124745500455638,1,-0.33629030118055,-0.2067936485059296,1.2176686739160218,0.7702864849064054,-1.6539734330084557,1.037876340734433,-0.219591872826773,-1.7934064417666442,True,2.636130387404794,0.4770149168422182,1.2982181172498366,0,0,0,1000
-0.0517133044828501,1.0211924689121004,0.3465506692539569,1,-1.0230188199273575,0.4298152563739724,0,-0.93733695161788,3,-0.268553453715343,-0.2067936485059296,-1.5047940332331071,1.1171272644217631,-0.7610382406550722,-0.9703313341220434,-1.104922736590606,-0.4753977410460392,True,-1.851344702487064,-0.0930673791155136,0.8951530790919354,0,0,0,1000
-0.0503342830299741,-1.5254698211698952,-0.515461233238335,39,-0.1702208982439093,-1.6716988267369577,0,-0.7686901504386429,1,0.9119708027708356,-0.2067936485059296,0.7631285816668407,-1.402507630737782,-0.1144299979164151,1.5843274087225898,-1.6817292084367397,-1.2384554098842842,True,1.2785898149051758,-0.4700855946736093,-0.7130086492112846,0,0,0,1000
-0.0489552615770981,0.2816138312444524,1.4557165306591136,27,-1.194587632573732,0.0164026498603468,0,0.2994062570298583,1,0.8543170953229892,-0.2067936485059296,-0.094133884734527,0.2054341439279452,-0.6224793314967885,-1.011315164221155,1.0279197988404465,0.3986501341686778,True,-1.5498504153936403,1.243643518086353,4.867737631661564,0,0,0,1000
-0.0475762401242221,1.2514386485633493,0.3972449330324045,25,0.3343932565983676,0.7054236607163894,0,-0.93733695161788,3,-0.2185719381821825,-0.2067936485059296,-0.9081457385821994,-1.4021132622430093,1.4097180028247052,-1.1342666545184903,1.4437570227295191,-1.3078242888695797,False,-1.305390671614604,-0.0868265949459439,-0.7132091951838361,0,0,0,1000
-0.0461972186713461,0.1699793198983923,0.1059530914494079,16,-0.331697427793438,-0.0180484006824552,0,1.1988558633191224,0,-1.862844008126029,-0.2067936485059296,0.3403230134476291,0.046009700524204,-1.022760624620719,-0.6287994166294454,-0.6622573047086895,0.6206305469216218,True,0.2343699219982212,-0.1973740815489587,21.734499793667595,0,0,0,1000
-0.0448181972184701,-1.0859089327447835,0.3891772393095388,6,-1.2702797558000734,-0.2936568050248722,1,0.1307594558506213,1,-1.1390459728740463,-0.2067936485059296,0.3850892131546031,1.521484577765916,0.4705965074185602,1.365746981527327,0.5584261589656864,-1.807280217563703,False,-0.0040880261549356,-0.4432907671697692,0.6572527575291509,0,0,0,1000
-0.0434391757655941,1.3281873751137656,0.4167974582032325,20,-1.6891095043191633,1.0843852166872128,2,0.5804842589952534,0,1.8729083741707675,-0.2067936485059296,0.2195696085994734,-0.0194498108989451,0.4705965074185602,-0.5058479263321101,0.3169722870300955,-0.0453106913372102,True,-0.1972278496037591,0.7806234498019247,-51.414645965469575,0,0,0,1000
-0.0420601543127181,1.488661985173727,-0.893275539977358,29,-0.7404348932156823,1.35999362102963,0,0.7491310601744904,1,-0.9406610984409725,-0.2067936485059296,0.8059156282109098,0.7131703047454548,0.0857106486455501,-1.1615892079178982,-1.319548400533353,0.92585361445692,True,1.6991911681882677,0.8402695506455543,1.4021894253406668,0,0,0,1000
-0.040681132859842,-0.6323937304014146,1.5030556541175888,23,1.3587599909281902,0.7054236607163894,1,1.9296586684291497,2,0.6628510710023714,-0.2067936485059296,-0.1579426876679091,0.4408065160459953,-0.6224793314967885,-0.2736062224371434,-0.6756714087051112,1.411435767353985,False,-1.660998341785498,0.9963020501080136,2.2685684914848383,0,0,0,1000
-0.039302111406966,0.5816315804869889,-0.1892451112816993,3,-0.922095988958902,-0.2936568050248722,1,-1.049768152404038,3,0.3793476208697771,-0.2067936485059296,-1.0844981298147298,1.635082836206184,-1.7309506047630576,0.9559086805362094,-0.6756714087051112,0.6345043227186808,True,-0.8952530185330304,-0.0717896827259488,0.6115897719049402,0,0,0,1000
-0.03792308995409,-1.0859089327447835,0.0027228554375291,16,0.6674385987942706,0.8776789134304002,2,-1.387061754762512,3,0.9347629233820862,-0.2067936485059296,-1.1966751796682258,0.7037224369981733,0.8092960631388092,-0.669783246728557,0.9206069668690726,0.2876599277922058,True,-1.199398035105755,0.0025452243087315,1.421014600819294,0,0,0,1000
-0.036544068501214,-0.1439927432624016,-1.479565169163665,29,1.3133447169923853,-1.5683456751085512,2,-1.218414953583275,3,1.342158256908509,-0.2067936485059296,-1.2019281385012042,1.6253282011336363,0.0857106486455501,-1.1615892079178982,-1.319548400533353,0.92585361445692,True,0.2776370306624611,-1.9858106084272489,0.6152603134409943,0,0,0,1000
-0.035165047048338,0.8467635449338816,-0.5538197595058915,5,0.8490996945374903,-1.258286220223332,0,-1.218414953583275,3,0.8309784133015728,-0.2067936485059296,1.169408799915712,-0.4429024380542763,0.2550604265056745,-1.3528470817137532,1.3901006067438324,-1.668542459593113,True,1.7232285594216037,-0.4602122650092644,-2.25783409587116,0,0,0,1000
-0.033786025595462,0.5397686387322164,-1.274029192778852,35,-0.5840045052145765,-1.6027967256513531,0,1.0302090621398854,0,0.3658165287182165,-0.2067936485059296,0.9758625987682906,0.5435935931345363,0.347433032611197,0.4641027193468683,-0.2061777688303512,-0.0175631397430922,True,2.249891791547143,-0.4660609367880312,1.8396092755117852,0,0,0,1000
-0.032407004142586,-0.6184394164831569,0.2813430702936875,38,-0.7101580439251458,-1.258286220223332,0,0.4118374578160163,1,-1.751781892697946,-0.2067936485059296,-1.0547992247880127,0.8445272246179576,-0.4839204223385048,-0.1779772855392159,0.9742633828547594,-1.3771931678548743,True,-1.3361422950817,-0.4928516961765271,1.184094310331965,0,0,0,1000
-0.03102798268971,-1.6301271755568263,1.225564921525235,23,0.6724847403426935,1.2221894188584217,0,-1.330846154369433,3,-1.40697668519828,-0.2067936485059296,-1.4119526136029912,-0.2085584274913034,-1.3614601803409678,0.8192959135391702,0.9340210708654944,-1.2384554098842842,True,-2.6375175351282265,-1.7243412707828656,-4.794821726990012,0,0,0,1000
-0.029648961236834,-1.10684040362217,-1.5401183443394104,2,0.1577783024035707,1.394444671572432,0,0.8615622609606484,1,-1.2613176508759902,-0.2067936485059296,1.2016486070131365,-1.7311794924121595,1.255763659315501,1.4886984718246623,0.3438004950229389,0.8564847354716248,True,2.741766951352547,1.9425784521532048,-0.5776408871218355,0,0,0,1000
-0.028269939783958,-1.3649952111099335,-1.3618069983552856,26,-0.2358207383734054,-1.5683456751085512,1,0.7491310601744904,0,-1.240772553225037,-0.2067936485059296,1.5608979798546008,-1.5148916607937584,0.5013873761204011,-1.024976440920859,-1.480517648490414,-1.2384554098842842,False,2.9227049782098864,1.6896927463490117,-0.6601132555494795,0,0,0,1000
-0.026890918331082,1.5793650256424008,1.3920732353186331,39,-1.522586833221212,0.1886579025743575,2,0.9177778613537274,2,-0.7869262188093323,-0.2067936485059296,0.5596508237928595,-0.048414675105651,1.22497279061366,-0.6151381399297413,-1.6951433124331614,0.6483780985157398,False,-0.8324224115257737,-1.095458927374966,-20.654937027078823,0,0,0,1000
-0.025511896878206,0.7281518766286927,1.6186032865312503,18,-1.0230188199273575,0.7054236607163894,1,0.6929154597814113,0,-0.6377279608971212,-0.2067936485059296,1.2062739363466548,-0.387178844435159,-0.991969755918878,0.6280380397433154,0.4108710150050475,0.0518057392422027,True,-0.4123293501845957,-1.0322285734209533,-2.5827864116323425,0,0,0,1000
-0.02413287542533,-0.046312545834599,0.7761788374310827,20,-0.1954516059860232,-0.8104225631669043,0,-1.274630553976354,3,-1.1592575015304638,-0.2067936485059296,-1.5115879426385428,0.7695927489367105,0.5321782448222419,-0.2189611156383277,0.3303863910265172,-1.5159309258254643,True,-2.2877667800696253,-0.899791139821177,1.2993883731919107,0,0,0,1000
-0.022753853972454,-1.016137363153496,-1.287278591845189,41,0.9601148086027914,1.2910915199440256,1,-0.2065341465078527,1,-0.5109923747150832,-0.2067936485059296,-0.4932217317524203,0.459479820744942,0.9478549722970928,1.1198440009326565,-1.0646804246013408,-0.6835043780019243,True,0.7940568600927687,0.6577895445668615,2.1763736669465943,0,0,0,1000
-0.021374832519578,-1.3649952111099335,-0.4575903808480539,26,0.4353160875668231,0.5331684080023787,0,-0.8249057508317219,0,-0.2351536375112642,-0.2067936485059296,1.3392759284988192,-1.7222088061906995,0.7323188913842071,-1.4074921885125689,-0.5951867847265809,-1.7379113385784082,True,1.796866309346873,0.1076040425465846,-0.5806497182399392,0,0,0,1000
-0.019995811066702,-0.6812338291153158,-0.2534593152191518,27,-1.456986993091716,-1.1893841191377277,2,0.3556218574229373,0,-1.862844008126029,-0.2067936485059296,1.3346668697059454,-0.4433701521245115,0.5013873761204011,-0.8063960137255962,-0.7561560326836414,1.078465148224569,False,1.5881261849250972,0.4721551666597234,-2.2554522913946617,0,0,0,1000
-0.018616789613826,1.6840223800293324,0.8319873883161599,3,-0.836311582635715,0.2920110542027639,1,-1.162199353190196,3,-0.268553453715343,-0.2067936485059296,-1.3398598562508344,0.9110982370912188,0.8400869318406499,-0.9976538875214512,0.9742633828547594,1.078465148224569,True,-2.1718472445669943,-0.2234330865799129,1.0975763639220433,0,0,0,1000
-0.01723776816095,-0.2067871558945604,-1.5130468046418075,31,1.5757440775103695,0.9465810145160044,1,-1.162199353190196,3,-1.685893511431728,-0.2067936485059296,-1.185893553946083,1.4941739065749489,-1.1767149681299232,1.3520857048276231,1.1888890467975068,0.1211746182274977,True,0.3271532506957244,2.550835790438133,0.6692660932392142,0,0,0,1000
-0.015858746708074,-0.3253988241997492,1.293340282953598,17,1.4394982557029543,0.3609131552883682,0,1.7610118672499129,2,-0.7491969517311343,-0.2067936485059296,-0.8522725956637572,-0.3869767632279866,0.424410204365799,1.5433435786234782,1.5376557507044717,-0.1146795703225052,True,-2.145612878617355,-0.9689665975399184,-2.584135156002551,0,0,0,1000
-0.014479725255198,0.0234590237566884,-0.2098881724865517,19,0.2687934164688716,1.7389551770004534,2,-0.93733695161788,1,0.7956636066243687,1.4528410002061956,1.0934665145942362,1.3242963039905076,-0.8534108467605945,0.846618466938578,-1.574416376465366,-0.0036893639460332,True,1.303354687080788,-0.1670003803084473,0.7551179607425468,0,0,0,1000
-0.013100703802322,0.2397508894896799,0.4166422688549765,17,-0.2812360123092103,-1.017128866423717,0,-0.4876121484732478,1,0.8659262724603146,-0.2067936485059296,1.1135300151214629,1.136225298766156,-0.5301067253912661,-1.1069441011190826,0.66573899093706,-1.6269211322019363,True,0.6968877462664863,0.3607814868189981,0.8801070642197532,0,0,0,1000
-0.011721682349446,-1.239406385845616,2.2732352331982013,21,1.1972834613786616,-0.0180484006824552,0,1.2550714637122016,2,-1.0191957916838013,-0.2067936485059296,-0.9817732264205424,1.625459004370589,-0.0066619574599723,0.1225708018542703,0.3572145990193606,-0.4892715168430983,True,-3.255008459618744,-2.3168717831829517,0.6152108024810753,0,0,0,1000
-0.01034266089657,-1.2254520719273587,0.7642216437878201,27,-1.3409257374779922,-1.1549330685949255,2,1.1988558633191224,2,-0.4226946174867851,-0.2067936485059296,-0.8021354685325334,1.4369719752070778,1.4405088715265455,0.3957963358483486,-0.0049662088840255,-0.1563008977136822,True,-1.5663571123203537,-0.3230323753960147,0.6959077474458876,0,0,0,1000
-0.008963639443694,0.9165351145251692,0.2215859691068882,27,-1.214772198767423,0.5676194585451809,2,0.4680530582090954,2,0.8309784133015728,-0.2067936485059296,-0.0670901514663023,-0.8572109177903915,0.3012467295584358,-0.8883636739238198,-0.407389328776677,-1.5991735806078182,True,-0.2886761205731905,0.1841331570183332,-1.1665741720078524,0,0,0,1000
-0.007584617990818,0.5258143248139588,-0.8942823740310548,17,-0.8211731579904468,0.9810320650588064,2,-1.443277355155591,3,-0.2020694574570239,-0.2067936485059296,-1.183882318213283,0.7887235385010056,-0.4993158566894253,1.6389725155214054,1.457171126725941,0.1489221698216158,False,-0.2895999441822281,0.1807071541338346,1.2678712177316402,0,0,0,1000
-0.006205596537942,-0.6672795151970583,-0.772584163403852,1,-0.6647427699893408,0.3953642058311703,2,-1.274630553976354,3,-1.5343641390551084,-0.2067936485059296,-1.4616598993893255,-0.9791451076425148,1.6560449524394316,-1.4348147419119766,0.4242851190014692,-0.6835043780019243,True,-0.6890757359854734,1.1854254347287627,-1.0212991867340444,0,0,0,1000
-0.004826575085066,1.4537762003780834,0.682574373676193,16,1.565651794413524,-0.3281078555676744,1,-0.2065341465078527,0,0.125634056650171,-0.2067936485059296,1.6388144880633504,-1.7218687395388883,-0.0682436948636539,-0.3145900525362552,0.7059813029263252,0.6899994259069169,False,0.9562401143871574,0.0857545875303898,-0.5807643957484453,0,0,0,1000
-0.00344755363219,1.3072559042363794,1.668378800920389,12,-0.3014205785029014,-0.7415204620813,2,-1.274630553976354,3,-0.7680260388013285,-0.2067936485059296,0.9720341472070028,0.0083777616027752,0.9324595379461724,-0.9156862273232276,-0.6622573047086895,-1.1413389793048714,True,-0.6963446537133863,-1.2813583616909965,119.36220093069362,0,0,0,1000
-0.002068532179314,-1.246383542804745,-0.4254480160519396,15,0.3192548319530994,-1.533894624565749,1,-1.49949295554867,3,-1.5343641390551084,4.772110297630446,-1.3580263109272672,-0.1888509937068648,-0.4377341192857437,0.8602797436382821,-0.6354290967158461,0.3431550309804418,True,-0.9325782948753276,0.6527921788622383,-5.295182778177392,0,0,0,1000
-0.000689510726438,-1.1347490314586848,1.5997636550705925,17,0.5816541924710835,-0.2592057544820701,1,-0.93733695161788,3,0.8659262724603146,-0.2067936485059296,-1.3996715034820175,-0.1520543673036131,0.5783645478750031,1.6253112388217017,0.0486902071016612,0.7454945290951528,True,-2.99943515855261,1.3852773786527663,-6.576599379504807,0,0,0,1000
0.000689510726438,0.5537229526504739,0.3866352629501358,9,-1.078526376960008,1.7389551770004534,1,1.1988558633191224,0,-1.449180960650241,-0.2067936485059296,1.6967332467391285,-0.5369421302876024,1.332740831070103,-1.5714275089090155,1.323030086761724,0.1905434972127928,False,1.3100979837889928,-0.5603044617833364,-1.8623984407858136,0,0,0,1000
0.002068532179314,-1.5394241350881526,-1.4671077726074309,5,-1.0432033861210488,-0.6037162599100915,1,1.3112870641052805,2,1.280775265620233,-0.2067936485059296,0.4998053189568682,1.2959062340413594,0.8092960631388092,-1.188911761317306,-0.9707816966263888,-0.2672911040901542,True,1.9669130915642992,-1.8790353471547905,0.7716607085956912,0,0,0,1000
0.00344755363219,-1.5882642338020538,1.2214364515368104,11,-0.5335430897303488,-1.120482018052123,1,-0.93733695161788,3,-1.0988248781928884,-0.2067936485059296,-1.525549834086294,0.4689531526831112,-1.1613195337790023,1.1198440009326565,0.3974569110086258,0.1627959456186748,True,-2.7469862856231044,-1.3421447600802896,2.132408708711391,0,0,0,1000
0.004826575085066,-0.1230612723850154,-1.1249183082670269,30,-1.456986993091716,1.118836267230015,1,0.6929154597814113,2,0.5243298950584547,-0.2067936485059296,-0.8951094971347798,1.31491786425086,-0.8072245437078334,-0.4512028195332943,-0.6756714087051112,1.34206688836869,False,0.2298088111322468,-0.5898282985229845,0.7605037174845534,0,0,0,1000
0.006205596537942,-0.0253810749572128,0.7869920126018454,37,1.12159133815232,-1.22383516968053,2,-0.8811213512248008,0,1.864012582378731,-0.2067936485059296,0.3116321553014605,1.691254338413735,-0.991969755918878,-1.4757985720110882,1.13523263081182,1.286571785180454,True,-0.4753598573003848,1.4669630137214007,0.5912770883474647,0,0,0,1000
0.007584617990818,-0.7858911835022471,1.6479942667280223,7,1.298206292347117,1.0843852166872128,1,0.9177778613537274,2,-0.6931384774092352,-0.2067936485059296,0.8294217014066894,0.4407314293292755,0.0395243455927888,-0.3009287758365513,1.0815762148261332,0.0379319634451437,True,-0.8185725653213329,-1.1422882368190104,2.268954983823925,0,0,0,1000
0.008963639443694,0.4979056969774438,0.8563432872048581,38,1.081222205764938,1.7045041264576513,2,0.2431906566367793,1,-0.3534180473878296,-0.2067936485059296,-0.979279029458033,1.3804118720351688,-1.669368867359376,-0.7380896302270766,-1.574416376465366,-0.1979222251048592,True,-1.835622316662891,-0.3026471724576163,0.7244214192996893,0,0,0,1000
0.01034266089657,1.460753357337212,-1.3016242843528214,26,-0.5083123819882349,-1.533894624565749,0,0.6366998593883324,2,1.9608554183122704,-0.2067936485059296,-0.9633318666403168,-0.9794818008331398,1.22497279061366,-0.6151381399297413,-1.6951433124331614,0.6483780985157398,True,0.3382924177125047,-2.5522970305800614,-1.0209481189382177,0,0,0,1000
0.011721682349446,-1.183589130172586,-0.9328875363861344,10,0.768361429762726,-1.0515799169665192,1,-1.49949295554867,3,1.342158256908509,-0.2067936485059296,0.4040193291381286,-1.6278369912625483,0.347433032611197,1.6662950689208131,0.437699222997891,-0.6002617232195703,True,1.3369068655242629,-1.2520827097276876,-0.6143121619663019,0,0,0,1000
0.013100703802322,-0.5068049051370969,1.2075145132917262,35,-1.3913871529622197,1.2221894188584217,0,-1.443277355155591,3,0.711772004452503,-0.2067936485059296,-0.9105206043539265,0.3377329123993044,1.332740831070103,0.1089095251545663,0.2633158710444087,-0.6002617232195703,False,-2.1180351176456527,0.8594750255311405,2.9609187236268517,0,0,0,1000
0.014479725255198,1.1537584511355468,-1.592759036171299,6,0.041717046789847,-0.5003631082816851,1,1.7610118672499129,2,-0.6745960027047526,-0.2067936485059296,-0.3482653705923167,0.328358499048814,-0.4223386849348233,-0.6151381399297413,-0.876882968651437,0.0934270666333798,True,1.2444936655789824,1.0744688790730328,3.045450927421393,0,0,0,1000
0.015858746708074,0.065321965511461,0.1896210196477273,5,0.7229461558269211,1.3255425704868278,0,-1.049768152404038,1,1.1119335175736065,-0.2067936485059296,-0.4331475048334858,0.3842547921163872,0.5937599822259234,0.163554631953382,1.510827542711628,0.6206305469216218,True,-0.6227685244812131,0.2108459673827914,2.6024392155223603,0,0,0,1000
0.01723776816095,1.5305249269284995,0.805947857403734,38,-1.5326791163180575,0.4987173574595767,1,-1.387061754762512,3,-0.7304391794012987,-0.2067936485059296,-1.421178486214178,0.3843262877292641,0.9786458409989336,0.6007154863439075,0.7730518229084338,0.3709025825745598,True,-2.227126343617912,-0.5886958916022184,2.60195508798746,0,0,0,1000
0.018616789613826,-0.1300384293441441,-0.1214430974745228,33,-0.2812360123092103,-1.3271883213089362,1,0.7491310601744904,1,-1.5989242880013397,-0.2067936485059296,0.5431272676743593,-1.2052110797404367,0.0395243455927888,-1.1615892079178982,-0.5147021607480506,1.147834027209864,True,0.6645703651488821,0.1941783181621287,-0.829730243758124,0,0,0,1000
0.019995811066702,-0.4509876494640668,-0.9602236212888912,1,-1.371202586768529,-0.8448736137097064,1,1.7610118672499129,2,1.280775265620233,-0.2067936485059296,-0.6956563895520294,0.9855752279071172,0.5937599822259234,0.163554631953382,1.510827542711628,0.6206305469216218,True,0.2645672317368619,-1.2298306636111016,1.014635788543443,0,0,0,1000
0.021374832519578,1.5584335547650146,-0.1310711259601778,17,-0.927142130507325,1.428895722115234,2,1.7047962668568335,2,1.1227184347359322,-0.2067936485059296,0.1644044200337421,-0.3111884754027038,0.9478549722970928,1.1198440009326565,-1.0646804246013408,-0.6835043780019243,False,0.2954755459939199,-0.147155969377087,-3.2134876462075943,0,0,0,1000
0.022753853972454,0.5467457956913451,-1.348958036051682,17,0.8642381191827586,-1.533894624565749,1,0.9739934617468065,0,0.1839862714709786,-0.2067936485059296,1.601941531752546,-0.443149462470152,-0.1452208666182559,0.5050865494459801,1.1620608388046636,-1.0858438761166351,True,2.950899567804228,-0.2481897594239629,-2.256575513108978,0,0,0,1000
0.02413287542533,1.2514386485633493,1.993802953472334,38,-0.6445582037956498,-0.0524994512252573,1,-1.387061754762512,3,0.125634056650171,-0.2067936485059296,-1.400518627895491,-0.3965728456247936,-0.6840610689004701,-0.6287994166294454,-0.876882968651437,-0.0175631397430922,False,-3.394321581367825,0.2504895532058216,-2.5216054583491787,0,0,0,1000
0.025511896878206,1.0211924689121004,1.9293523123951484,28,-0.266097587663942,1.428895722115234,2,-0.2065341465078527,0,0.5627146920237458,-0.2067936485059296,0.5269610659515348,0.9292507229115832,0.917064103595252,0.0952482484548624,-0.6488432007122678,0.8981060628628018,True,-1.4023912464436137,1.0856748922747377,1.0761357163685272,0,0,0,1000
0.026890918331082,-0.1928328419763029,-0.2400086570685891,37,-0.9574189797978616,0.0164026498603468,1,0.9739934617468065,2,0.3385684026291145,-0.2067936485059296,0.202254700120344,-0.2836755053619071,-1.022760624620719,0.5324091028453879,0.6925671989299035,0.3015337035892648,True,0.4422633571889331,-0.0812593476408711,-3.5251557981356223,0,0,0,1000
0.028269939783958,0.3374310869174824,-1.1058026872132336,2,0.6119310417616202,0.6709726101735873,1,0.5242686586021743,0,0.1695114023874439,-0.2067936485059296,1.0391169828395177,-1.2044690271008525,-1.0073651902697986,-1.325524528314345,0.9340210708654944,-1.5575522532166413,True,2.144919670052751,-0.1874461642733192,-0.830241426324706,0,0,0,1000
0.029648961236834,0.1071849072662335,-1.1372399591355011,19,0.3949469551794409,0.4298152563739724,0,-0.6000433492594058,0,-0.6745960027047526,-0.2067936485059296,0.8316037394095301,-0.7064036001115552,0.0241289112418684,-0.4375415428335904,-0.4342175367695203,0.2737861519951468,True,1.9688436985450315,0.7671775305489252,-1.4156215248679829,0,0,0,1000
0.03102798268971,0.3234767729992249,1.1907563656123543,29,-1.6588326550286268,-1.4649925234801446,2,-0.9935525520109588,3,0.485465530333871,-0.2067936485059296,-1.367629880768391,0.2434266079109582,-0.9765743215679576,1.0105537873350252,-1.5878304804617878,-1.1552127551019302,True,-2.5583862463807456,0.5780711705304344,4.108012668707596,0,0,0,1000
0.032407004142586,0.8467635449338816,-0.3981712012643977,31,1.4243598310576864,1.670053075914849,1,-0.0941029457216947,0,-0.5829717049916499,-0.2067936485059296,1.8152843814419717,-1.6934183825737068,-0.8226199780587538,0.518747826145684,1.403514710740254,1.383688215759867,True,2.213455582706369,0.2321225440796793,-0.5905215564817043,0,0,0,1000
0.033786025595462,1.6491365952336885,-1.439248774930173,16,0.1678705855004162,0.7054236607163894,2,0.9739934617468065,2,0.0660316830787908,-0.2067936485059296,0.7234789838654302,0.1772608460653274,1.2865545280173418,-1.4348147419119766,0.0218619991088178,-0.2395435524960362,False,2.162727758795603,-0.0950360189777271,5.641400557748699,0,0,0,1000
0.035165047048338,-0.841708439175277,2.115702139053462,2,-1.1239416508958129,-1.017128866423717,0,-1.049768152404038,3,0.485465530333871,-0.2067936485059296,-1.1155265592400323,1.2304999362478857,-1.6847643017102962,0.0815869717551585,-0.6488432007122678,0.4263976857627958,False,-3.2312286982934944,1.027100460964094,0.8126777493231612,0,0,0,1000
0.036544068501214,1.097941195462517,-0.9360354522660584,0,1.4445443972513772,1.2910915199440256,2,-0.6000433492594058,0,1.0244620953927852,-0.2067936485059296,1.950549841550403,0.0644023550167437,1.0402275784026154,1.2974405980288075,1.60472627068658,-0.1840484493078002,False,2.8865852938164616,-0.9589328407904196,15.527358386260484,0,0,0,1000
0.03792308995409,1.1049183524216457,-0.2403232219064081,20,-0.4477586834071617,0.9465810145160044,1,-0.9935525520109588,3,0.6381100577755286,6.431744946342571,-1.268793947146278,0.0176675119596306,-0.0528482605127335,0.3001673989504212,-1.6817292084367397,0.8981060628628018,False,-1.02847072523987,-0.1533526650154992,56.60074504041253,0,0,0,1000
0.039302111406966,0.7560605044652078,-0.3351388162058631,33,-1.6689249381254725,1.0843852166872128,0,1.3112870641052805,0,-1.796020240971909,-0.2067936485059296,0.2508542020636401,0.4412481129973714,1.3173453967191826,-0.341912605935663,-1.2658919845476666,0.1211746182274977,True,0.5859930182695032,0.6019160974410946,2.2662981300412817,0,0,0,1000
0.040681132859842,1.1886442359311906,-0.4748398755323979,7,1.4193136895092635,1.7389551770004534,2,1.5361494656775965,2,-1.058874311958881,-0.2067936485059296,0.3803277729207531,-1.007339081557563,-0.5608975940931069,1.0925214475332483,0.8937787588762292,0.8564847354716248,True,0.855167648453151,0.5027957464950086,-0.992714486690255,0,0,0,1000
0.0420601543127181,-0.1649242141397879,-1.2635593238517495,29,0.415131521373132,-1.120482018052123,0,0.6366998593883324,2,-1.302606210010628,-0.2067936485059296,0.383092456103741,-0.3775673094096936,0.5937599822259234,1.4477146417255506,-0.8232265526657501,0.2599123761980878,True,1.6466517799554905,1.645920221966119,-2.648535082173707,0,0,0,1000
0.0434391757655941,0.0722991224705897,0.886930444623023,15,-1.144126217089504,0.7743257618019938,2,-0.6562589496524849,1,-1.796020240971909,-0.2067936485059296,-0.0152186165949525,-0.7340028654659156,1.486695174579307,0.4367801659474605,-0.4878739527552072,-1.1690865308989893,True,-0.9021490612179754,-1.5929450308771642,-1.3623926871246048,0,0,0,1000
0.0448181972184701,1.5095934560511133,-1.460645655198219,7,0.965160950151214,-1.4649925234801446,2,0.2431906566367793,1,0.6874037218721623,-0.2067936485059296,0.9433490351321956,0.7035722635647333,0.5321782448222419,-1.4074921885125689,0.437699222997891,-0.6418830506107474,False,2.4039946903304146,-1.0040532597196588,1.4213179081301328,0,0,0,1000
0.0461972186713461,-0.7719368695839897,0.6038203420816344,13,-1.4468947099948704,0.1197558014887532,2,-1.049768152404038,3,-1.40697668519828,-0.2067936485059296,-1.4974044674941682,0.5156623139066795,0.0241289112418684,1.5433435786234782,0.7998800309012772,0.3847763583716188,False,-2.1012248095758026,-0.8495611433573094,1.9392532265905504,0,0,0,1000
0.0475762401242221,-1.637104332515955,0.8229997995380848,33,-0.0137905102428034,1.3255425704868278,0,-0.0941029457216947,1,1.510896241113236,-0.2067936485059296,-0.6328492483039326,-0.9325942814520296,-1.3768556146918882,0.2728448455510134,-0.4610457447623638,0.5651354437333858,True,-1.4558490478420174,1.2434673035590391,-1.0722777601325164,0,0,0,1000
0.0489552615770981,0.1699793198983923,0.2150378224981569,4,-0.2560053045670964,-1.258286220223332,1,-1.218414953583275,3,-0.1207564839209342,-0.2067936485059296,-1.2872030930671423,-1.5056041956848032,-0.8380154124096743,-0.0140419651427689,0.1157607270837698,-1.5436784774195824,True,-1.5022409155652994,-0.0259672113548914,-0.6641852282855035,0,0,0,1000
0.0503342830299741,-0.8626399100526634,-1.4569720232660308,9,1.5959286437040603,-1.6372477761941553,0,-0.9935525520109588,1,0.0660316830787908,-0.2067936485059296,0.0856817269320713,0.0452444689416322,-1.5000190894992516,-0.0003806884430649,0.0486902071016612,0.2321648246039697,True,1.542653750198102,-0.0962063148949672,22.10210028279969,0,0,0,1000
0.0517133044828501,-0.3393531381180067,-0.1191038711009593,3,0.5766080509226608,-0.224754703939268,0,0.2431906566367793,0,1.7830899206543975,-0.2067936485059296,1.6867604876409246,-0.2455687789838855,0.5321782448222419,0.7236669766412428,0.9206069668690726,1.2588242335863358,True,1.805864358741884,-0.2123729120710411,-4.072180557137016,0,0,0,1000
0.0530923259357261,-0.2486500976493329,-0.8081605125855268,17,1.278021726153426,-1.258286220223332,0,1.1426402629260437,2,0.9119708027708356,-0.2067936485059296,-0.6471704706888713,-0.8758877047718526,0.7631097600860479,0.0132805882566389,-0.7561560326836414,1.0229700450363328,True,0.1609900418966554,-0.7370187914303129,-1.1416989971681075,0,0,0,1000
0.0544713473886021,-1.4905840363742513,-0.0259118004645082,28,-0.528496948181926,-0.9137757147953108,2,0.8053466605675694,2,0.2693247864040974,-0.2067936485059296,0.772447036248076,1.4556213392137367,0.0241289112418684,-1.339185805014049,-0.5951867847265809,0.4402714615598547,False,0.7983588367125842,-0.0069786901254492,0.6869918050534872,0,0,0,1000
0.0558503688414781,-1.246383542804745,-0.7932262485351947,5,-1.0078803952820894,-0.6726183609956957,2,0.4118374578160163,2,-1.0191957916838013,-0.2067936485059296,-1.162405066154116,-0.838104286561041,-0.6686656345495497,0.0269418649563428,0.5718402629621081,1.369814439962808,True,-0.3691788176189211,0.8084528543601995,-1.193169078540533,0,0,0,1000
0.0572293902943541,0.1699793198983923,1.1113809391852325,28,-0.6344659206988043,0.7054236607163894,0,-0.93733695161788,3,0.8192481196371983,-0.2067936485059296,-1.0293712109487327,1.042287572117709,-0.5301067253912661,1.3520857048276231,1.0145056948440243,-0.2672911040901542,True,-2.140752150133965,0.910496744628125,0.9594280223694968,0,0,0,1000
0.0586084117472301,-1.3161551123960324,1.2904865845166005,7,-1.4216640022527565,1.7045041264576513,0,-1.218414953583275,3,-1.5773404800409108,-0.2067936485059296,-0.9372675298878111,1.4932395666477645,0.0395243455927888,-0.3009287758365513,1.0815762148261332,0.0379319634451437,True,-2.227754114404412,-2.03553672870777,0.669684861938433,0,0,0,1000
0.0599874332001061,0.3723168717131262,0.4613264209165371,9,0.7986382790532627,-1.6716988267369577,1,-0.9935525520109588,3,-1.7077935573996443,1.4528410002061956,-1.1267625445101108,-0.6688243307131589,-1.1305286650771618,0.873941020337986,-0.3671470167874118,-1.5159309258254643,False,-1.588088965426648,-0.7878502894994985,-1.4951611411173191,0,0,0,1000
0.0613664546529821,0.8397863879747528,1.5855940240066482,41,-1.229910623412691,-0.224754703939268,2,0.9177778613537274,2,-0.805897272154619,-0.2067936485059296,-0.8889276173555252,-1.205259396410326,0.6553417196296051,0.0815869717551585,-0.0452085208732907,1.61954240430987,True,-2.4745216413621733,-1.277825898691623,-0.8296969813701847,0,0,0,1000
0.0627454761058581,1.7119310078658472,1.8708925025582623,37,-0.7303426101188368,0.912129963973202,0,-0.8811213512248008,1,-1.0191957916838013,-0.2067936485059296,0.9845554060744957,-0.743995166320081,-0.3453615131802212,-0.341912605935663,0.2767299750408304,0.4125239099657368,True,-0.8863370964837668,-1.9068057653001564,-1.3440949345889623,0,0,0,1000
0.0641244975587341,1.488661985173727,-0.1233170393380653,4,-1.2904643219937644,-1.430541472937343,1,0.4680530582090954,0,-0.8249389814020169,-0.2067936485059296,1.6398636650339404,-0.9979369187682844,-0.7610382406550722,-0.9703313341220434,-1.104922736590606,-0.4753977410460392,False,1.7631807043720058,0.101729032821056,-1.0020674467490458,0,0,0,1000
0.0655035190116101,1.007238154993843,-0.8044192731794535,23,-0.2761898707607875,-0.9137757147953108,1,1.2550714637122016,2,-0.4931829525124468,-0.2067936485059296,-0.8961523747366936,-0.0012367115985617,-1.3152738772882069,-0.1096709020406963,0.0486902071016612,-0.2534173282930952,False,-0.0917331015572401,0.3967258722045594,-808.6613461842287,1,1,0,1000
0.0668825404644861,-1.1556805023360712,1.2332492390110488,42,1.585836360607215,0.912129963973202,0,1.8734430680360703,2,0.7956636066243687,-0.2067936485059296,-0.2861556751322328,0.2145020075958268,0.1780832547510725,1.3247631514282154,1.148646734808242,1.4946784221363392,True,-1.5194049141432815,0.9812515373782892,4.661958855361172,0,0,0,1000
0.0682615619173621,1.5863421826015296,1.6147881891686788,7,-1.371202586768529,0.5676194585451809,1,1.8734430680360703,2,-0.7117529458539462,-0.2067936485059296,-1.1108722234941275,0.2526068840112626,-0.5608975940931069,-1.6533951691072395,1.2962018787688805,0.6622518743127987,False,-2.7256604126628066,-1.1493302505709666,3.9587187342192185,0,0,0,1000
0.0696405833702381,-1.099863246663041,-0.7388224140342962,30,0.7279922973753439,0.3953642058311703,0,0.2994062570298583,0,-0.805897272154619,-0.2067936485059296,0.5024713896798448,-0.0581459135925539,-0.4839204223385048,-0.1779772855392159,0.9742633828547594,-1.3771931678548743,True,1.241293803714141,0.5954149680769298,-17.198142707354915,0,0,0,1000
0.0710196048231141,-1.5603556059655388,-1.3657769750018998,40,-1.5024022670275208,1.6011509748292447,2,-0.2627497469009318,0,-1.0390009501597688,-0.2067936485059296,-1.2949704517435714,0.3085320147309094,1.117204750157217,0.0952482484548624,-1.668315104440318,0.1627959456186748,False,0.0708065232583283,1.4190435747333086,3.241153683052294,0,0,0,1000
0.0723986262759901,0.7979234462199803,-0.6524985588305368,6,0.6977154480848072,0.4987173574595767,2,1.4237182648914386,0,-0.4402037724726214,-0.2067936485059296,0.6471328562027135,-0.4806044579113103,0.9478549722970928,1.3930695349267348,1.0681621108297117,1.328193112571631,True,1.2996314150332502,0.2872323271301509,-2.0807135506343823,0,0,0,1000
0.0737776477288661,1.523547769969371,0.935756755683529,16,1.232606452217621,-0.465912057738883,2,1.3675026644983594,0,0.2127161215072761,1.4528410002061956,1.701069221182213,-1.1016977291049554,-0.1144299979164151,1.5843274087225898,-1.6817292084367397,-1.2384554098842842,False,0.7653124654986839,0.1990505477432321,-0.9076900717417564,0,0,0,1000
0.0751566691817421,-1.5115155072516375,-1.1455102835761408,37,-1.2702797558000734,-1.1549330685949255,1,-0.93733695161788,3,-0.2185719381821825,-0.2067936485059296,-1.530973742831262,0.6384154930776926,0.6245508509277643,0.1362320785539742,0.4913556389835778,1.286571785180454,False,-0.3854634592551211,0.2503764028888586,1.5663777809360369,0,0,0,1000
0.0765356906346181,-0.7858911835022471,-0.9139858486853164,28,0.8390074114406448,1.1877383683156193,1,-0.7124745500455638,0,-1.0191957916838013,-0.2067936485059296,-1.028489481741356,0.242990234383354,-0.5147112910403457,-0.5195092030318139,-1.2256496725584014,0.1350483940245568,True,-0.1145036330560398,0.931530530638622,4.11539003202633,0,0,0,1000
0.0779147120874941,-1.7208302160255005,-1.1861580800167055,10,1.469775104993491,-0.5348141588244872,1,-1.105983752797117,3,-1.3233493238148013,-0.2067936485059296,-0.9194055020001832,0.6755558860579274,-0.8380154124096743,-1.5850887856087197,-0.407389328776677,-1.7379113385784082,True,0.2667525780165222,1.5697014931275703,1.4802622145875743,0,0,0,1000
0.0792937335403701,-0.4300561785866805,0.5318609401707481,14,-0.2156361721797142,-1.3271883213089362,1,0.4118374578160163,0,-1.1592575015304638,-0.2067936485059296,0.2190800212070005,-0.9888985456804478,-0.2375934727237784,-1.216234314716714,1.148646734808242,1.1755815788039818,True,-0.3127809189637476,-0.616563784663985,-1.0112261823931914,0,0,0,1000
0.0806727549932461,1.397958944705053,-1.345584159827217,14,-1.6336019472865129,-0.8448736137097064,0,-0.6562589496524849,0,2.047037141793286,-0.2067936485059296,1.89385021585406,0.0643602411625834,-1.222901271182684,-0.4921866496324061,1.2693736707760372,0.6483780985157398,True,3.2394343756812765,-2.7544607525750258,15.537518632380404,0,0,0,1000
0.0820517764461221,-1.4836068794151225,1.405869488363243,36,0.2284242840814895,-1.4649925234801446,2,1.2550714637122016,2,0.0810536478232512,-0.2067936485059296,0.3180689925419038,-1.12019039039846,1.1633910532099787,0.9559086805362094,-0.7963983446729067,1.605668628512811,True,-1.0878004958213392,0.1139508503952486,-0.8927054702860284,0,0,0,1000
0.0834307978989981,-0.8626399100526634,0.0466313757094177,25,1.54042108667141,0.326462104745566,0,-0.2065341465078527,1,-1.0988248781928884,-0.2067936485059296,-0.3010726467505531,0.7044180229304541,-1.4538327864464902,-1.4757985720110882,-1.520759960479679,1.355940664165749,True,-0.3477040224599709,-0.0512397157338678,1.419611403295381,0,0,0,1000
0.0848098193518741,1.0560782537077442,-1.3803375234814348,1,-1.2955104635421872,0.7054236607163894,0,-0.8811213512248008,0,-0.2185719381821825,-0.2067936485059296,1.3373639644516664,1.624995643153497,1.22497279061366,-0.2736062224371434,-1.4671035444939922,-0.2950386556842722,True,2.717701487933101,0.3017030478529311,0.6153862274490524,0,0,0,1000
0.0861888408047502,0.093230593347976,-0.7268745589773428,40,-1.6992017874160088,1.2566404694012234,0,0.2431906566367793,1,-0.1856465098343156,-0.2067936485059296,-0.7838043844179674,0.3274497321338457,-0.7764336750059926,-0.6287994166294454,0.0889325190909264,0.0379319634451437,True,-0.0569298254406246,0.1349417249615011,3.05390292455929,0,0,0,1000
0.0875678622576262,-0.8765942239709209,-0.28840907807725,27,-0.8716345734746745,1.3255425704868278,0,0.8053466605675694,1,0.5243298950584547,-0.2067936485059296,1.134617532489051,-0.5184181284514672,-0.0220573918108927,-0.5741543098306296,0.2901440790372521,1.050717596630451,True,1.4230266105663012,-0.1512215016421501,-1.9289452625462025,0,0,0,1000
0.0889468837105022,0.3304539299583537,-1.546914934422274,18,-1.0230188199273575,-1.0515799169665192,0,0.5804842589952534,2,-1.4703801694062202,-0.2067936485059296,-0.6225841352653628,0.1304871537939114,-1.7309506047630576,1.5023597485243665,0.4913556389835778,-1.0442225487254582,True,0.9243307991569112,2.274553043332835,7.663583767188305,0,0,0,1000
0.0903259051633782,-0.1091069584667578,0.2853604511416601,20,-0.9624651213462844,-0.7759715126241021,1,-0.3751809476870898,0,-1.3233493238148013,-0.2067936485059296,0.5322085758304851,-0.9414532081690384,0.4859919417694806,-0.7107670768276688,-1.5610022724689443,-1.7795326659695851,True,0.246848124688825,-0.3776315600618025,-1.062187793871991,0,0,0,1000
0.0917049266162542,0.0583448085523322,-0.0496260055006559,27,-1.5932328148991306,-0.0180484006824552,2,-1.387061754762512,3,0.3522237231242945,-0.2067936485059296,-1.0812105440681634,-1.6563615643738214,0.5013873761204011,1.6662950689208131,0.2364876630515652,0.4957665647480908,True,-1.0315845385675075,-0.0174794564212277,-0.6037329541339244,0,0,0,1000
0.0930839480691302,0.5467457956913451,0.1814099292742876,35,-1.1491723586379268,0.6365215596307852,0,-0.3189653472940107,1,0.5880462384367718,-0.2067936485059296,-1.2556687025582551,-0.3485954806379586,-1.253692139884525,1.529682301923774,0.66573899093706,-1.0026012213342812,True,-1.4370786318325428,0.1066774265248256,-2.86865533952262,0,0,0,1000
0.0944629695220062,1.6072736534789158,1.367037778488574,10,-1.194587632573732,-0.6726183609956957,0,0.9177778613537274,2,-0.2185719381821825,-0.2067936485059296,-0.7023364261528707,0.8449997268266503,1.3173453967191826,0.9695699572359132,-0.8902970726478585,1.189455354601041,True,-2.0693742046414445,-0.2987960968125127,1.1834321951939852,0,0,0,1000
0.0958419909748822,-1.5882642338020538,0.6191565221146106,17,-1.0432033861210488,1.2221894188584217,2,-1.105983752797117,3,1.9955343394275864,-0.2067936485059296,-1.483250271755096,-1.6369749358660357,-1.0535514933225598,-0.8747023972241159,-0.7024996166979546,-0.6973781537989833,False,-2.102406793869706,1.2355481013602614,-0.6108829397312964,0,0,0,1000
0.0972210124277582,1.404936101664182,-0.661483809156943,39,0.8188228452469537,0.843227862887598,1,-0.3751809476870898,0,-0.3192396785201743,-0.2067936485059296,1.6870866869585064,-0.6127754701429171,0.917064103595252,0.0952482484548624,-0.6488432007122678,0.8981060628628018,True,2.3485704961154497,0.2111718785815628,-1.6319193765355986,0,0,0,1000
0.0986000338806342,0.804900603179109,0.0230107594068739,8,1.6362977760914426,-0.6037162599100915,1,-0.8249057508317219,1,0.3928177842655264,-0.2067936485059296,0.9854416156052918,0.9204321689074776,-0.3145706444783804,0.3138286756501251,-0.9976099046192324,0.2182910488069108,False,0.9624308561984178,0.0090390355244753,1.0864460469068156,0,0,0,1000
0.0999790553335102,-0.5695993177692557,0.983725010506844,8,-0.7555733178609507,-0.0524994512252573,2,1.1988558633191224,2,0.6381100577755286,-0.2067936485059296,0.5073216162384522,-1.571757007792333,-1.4846236551483312,-1.2572181448158255,0.0755184150945047,0.911979838659861,True,-0.4764033942683917,0.6277248232897547,-0.6362307014795218,0,0,0,1000
0.1013580767863862,-0.9672972644395949,0.0674883419747546,6,-0.1651747566954866,0.6365215596307852,2,1.0864246625329643,2,-0.7117529458539462,-0.2067936485059296,0.3532593275623666,-1.3177618240717972,1.1633910532099787,-1.4757985720110882,1.3096159827653022,1.161707803006923,True,0.285770985587612,-0.0480350262113301,-0.7588625331369208,0,0,0,1000
0.1027370982392622,-1.1905662871317149,1.2416353347410158,9,1.6918053331240932,1.2566404694012234,0,1.3112870641052805,2,-1.0390009501597688,-0.2067936485059296,-0.5050367945599863,-0.5468518357533759,-0.8534108467605945,0.846618466938578,-1.574416376465366,-0.0036893639460332,True,-1.746672129301002,-1.290060292547858,-1.828649219924921,0,0,0,1000
0.1041161196921382,-0.2556272546084617,1.2318853020861034,13,0.2334704256299122,-1.1893841191377277,2,0.5804842589952534,1,0.6505043648705744,-0.2067936485059296,-0.4463399968391965,1.1368924823316775,0.6861325883314459,0.0132805882566389,-1.0378522166084974,1.439183318948103,True,-1.6782252989253,0.8013467660269163,0.8795905748184918,0,0,0,1000
0.1054951411450142,-1.3789495250281911,-0.1404035457699078,30,-1.4620331346401387,-1.6027967256513531,1,0.1869750562437003,1,1.9868907279010772,-0.2067936485059296,-1.481125464923547,-0.1330728806021291,-0.8226199780587538,0.518747826145684,1.403514710740254,1.383688215759867,True,-1.3407219191536393,-0.2789665032546645,-7.514684787341105,0,0,0,1000
0.1068741625978902,-0.0044496040798265,1.5903974010808115,7,1.6867591915756703,-1.22383516968053,1,-1.387061754762512,3,-0.7117529458539462,-0.2067936485059296,-1.0760789560771804,-1.0075927440744814,-1.3922510490428086,0.4777639960465722,0.2499017670479869,0.8148634080804479,False,-2.6664763571579924,-1.1319700352977278,-0.9924645697652392,0,0,0,1000
0.1082531840507662,0.3723168717131262,-0.0440621685597235,31,-1.4216640022527565,0.3953642058311703,0,0.8615622609606484,0,-0.7491969517311343,-0.2067936485059296,1.7872861159580642,1.578266023520156,-0.6840610689004701,-0.6287994166294454,-0.876882968651437,-0.0175631397430922,True,1.831348284517788,0.0330112423716083,0.6336067061805809,0,0,0,1000
0.1096322055036422,-1.6789672742707276,-0.8122328827971512,7,-1.2803720388969189,0.7398747112591916,0,-1.049768152404038,1,1.952141824805067,-0.2067936485059296,0.6645226075713591,1.2961593524516355,0.9478549722970928,1.1198440009326565,-1.0646804246013408,-0.6835043780019243,True,1.4767554903685105,-1.585593781990311,0.771510016077527,0,0,0,1000
0.1110112269565182,-1.60919570467944,-1.0745768933386743,0,1.4041752648639951,0.6020705090879831,1,0.9177778613537274,2,0.1839862714709786,-0.2067936485059296,0.6900615280308533,1.3621950728096135,-1.623182564306615,1.570666132022886,-1.6414868964474745,0.0240581876480847,False,1.7646384213695276,-0.1977073960142502,0.7341091937196024,0,0,0,1000
0.1123902484093942,-0.6323937304014146,0.7263527588306519,22,0.7532230051174578,0.3953642058311703,1,1.5361494656775965,2,-1.1189017032627826,-0.2067936485059296,0.7077435811376872,-0.4715272356091709,0.424410204365799,0.5597316562447958,-0.7963983446729067,-1.4188144952460513,True,-0.0186091776929646,-0.8127173390252376,-2.120768720358139,0,0,0,1000
0.1137692698622702,-0.9672972644395949,-1.4578652886923984,7,-0.266097587663942,0.4298152563739724,0,-0.0941029457216947,0,-1.1592575015304638,-0.2067936485059296,1.1964406163504664,1.2677584003696292,1.3481362654210234,-0.4512028195332943,0.7193954069227468,0.2182910488069108,True,2.654305905042865,1.6900412721375382,0.7887937645130668,0,0,0,1000
0.1151482913151462,-0.5137820620962256,1.1310126407219276,42,-0.8161270164420239,1.2910915199440256,2,1.9858742688222288,2,-1.0788156848149264,-0.2067936485059296,-0.4537932904742316,-0.7724159238838888,1.2403682249645809,-1.3528470817137532,-0.9305393846371236,0.3709025825745598,False,-1.584805931196159,-1.2201541765347648,-1.2946394533604506,0,0,0,1000
0.1165273127680222,-1.183589130172586,-1.1017594810550515,4,-0.4729893911492756,-0.7759715126241021,2,-0.7686901504386429,0,-0.1693034138610984,-0.2067936485059296,1.1024436151880894,0.4779148067342991,0.0395243455927888,0.6416993164430193,-1.5475881684725226,1.189455354601041,False,2.204203096243141,0.1865316413964524,2.0924227010059733,0,0,0,1000
0.1179063342208982,1.0560782537077442,0.7303782745119469,24,-1.4822177008338298,1.2221894188584217,2,-1.49949295554867,3,0.7719110874194387,-0.2067936485059296,-0.8770139256422014,0.3087546631691833,0.5629691135240826,-0.6151381399297413,-1.6414868964474745,1.411435767353985,False,-1.6073922001541483,0.5637870881060503,3.2388164306700795,0,0,0,1000
0.1192853556737742,-0.1509699002215304,0.3620188887480703,27,0.6977154480848072,1.3255425704868278,0,1.7047962668568335,2,0.0959938744403302,-0.2067936485059296,0.3324946025453323,-0.2454798719584359,0.9324595379461724,-0.9156862273232276,-0.6622573047086895,-1.1413389793048714,True,-0.029524286202738,0.0347515957515101,-4.073655405583958,0,0,0,1000
0.1206643771266502,0.6444259931191477,-1.201666606208682,37,-0.7959424502483329,-0.0524994512252573,2,-0.6562589496524849,0,1.4816486612115676,-0.2067936485059296,0.2160490705349957,-0.9415626824255896,-1.5462053925520127,-0.5468317564312217,1.6717967906686886,-1.1552127551019302,True,1.4177156767436778,-1.7804477183117418,-1.0620642946790302,0,0,0,1000
0.1220433985795262,1.4956391421328556,0.5372457739966264,34,-0.1197594827596816,-1.6027967256513531,0,1.0302090621398854,2,-1.1189017032627826,-0.2067936485059296,0.5145340406141008,0.3742964435167387,-0.0990345635654947,1.6253112388217017,1.0145056948440243,-0.9054847907548684,True,-0.0227117333825256,-0.6011252115955573,2.671678425358688,0,0,0,1000
0.1234224200324022,-0.3114445102814917,0.7087436100369394,39,0.349531681243636,0.6020705090879831,2,-1.162199353190196,3,-0.7117529458539462,-0.2067936485059296,-1.4541913983138937,0.5817634358831341,-1.06894692767348,0.9422474038365056,-0.0049662088840255,-1.071970100319576,True,-2.162935008350833,-0.5044503522989521,1.7189114448054412,0,0,0,1000
0.1248014414852782,-1.5184926642107663,1.0527846614130587,34,-0.1954516059860232,-1.120482018052123,2,0.3556218574229373,1,-0.7491969517311343,-0.2067936485059296,1.0798890514383164,-1.007615161268169,1.0094367097007746,0.0542644183557506,1.457171126725941,0.6345043227186808,False,0.0271043900252576,-0.7887430591599579,-0.9924424896362856,0,0,0,1000
0.1261804629381543,1.4188904155824396,1.5196536147406787,22,0.0063940559508876,1.0843852166872128,2,-1.105983752797117,3,-1.2819289279963564,-0.2067936485059296,-1.449583579737301,-0.1520478380238983,0.5629691135240826,-1.4074921885125689,0.9876774868511812,-1.1135914277107533,True,-2.969237194477979,-1.9480879292703064,-6.576881793814148,0,0,0,1000
0.1275594843910302,-1.078931775785655,-1.3375956215611324,33,1.21242188602393,0.843227862887598,0,0.1869750562437003,0,0.1695114023874439,-0.2067936485059296,-1.2695815868419715,-0.3210727166775897,-0.0066619574599723,0.0815869717551585,1.5510698547008932,-0.7528732569872193,False,0.0680140347191609,-0.2267377096381323,-3.114560221135788,0,0,0,1000
0.1289385058439063,-0.444010492504938,-1.4290874068104835,30,-1.5326791163180575,-0.6726183609956957,0,-1.330846154369433,3,-0.3192396785201743,-0.2067936485059296,-1.0901290516060658,-0.6125628332668727,0.3012467295584358,-0.8883636739238198,-0.407389328776677,-1.5991735806078182,True,0.3389583552044179,0.4562214043274084,-1.632485859312525,0,0,0,1000
0.1303175272967823,0.693266091833049,-0.0452843301464059,38,-1.6891095043191633,0.9810320650588064,0,0.6366998593883324,2,0.9347629233820862,-0.2067936485059296,-0.9521727937751868,-1.580949254238781,-0.5608975940931069,-1.4621372953113845,0.3169722870300955,-0.8499896875666323,True,-0.9068884636287812,-0.0423301128310539,-0.6325314114744537,0,0,0,1000
0.1316965487496582,0.5886087374461176,0.4665143096837679,33,1.3486677078313447,-0.8793246642525085,1,0.2431906566367793,0,0.8309784133015728,-0.2067936485059296,0.7917065808925392,-1.2048349932288656,-1.623182564306615,1.5843274087225898,0.4779415349871561,0.6761256501098578,False,0.3251922712087712,0.3876633208434961,-0.8299892421940706,0,0,0,1000
0.1330755702025343,1.097941195462517,-0.1071131278910875,0,-1.1239416508958129,0.2920110542027639,2,0.5242686586021743,1,-1.2819289279963564,3.1124756489183207,-0.5749475042698713,1.6532487070499635,0.8246914974897296,0.4914252727462762,-0.9573675926299672,-1.8905228723460572,True,-0.4678343763787838,0.1373114172117584,0.6048696334972032,0,0,0,1000
0.1344545916554103,0.4281341273861563,2.1909574598364885,28,-1.1794492079284635,0.3609131552883682,2,1.1988558633191224,2,-1.0390009501597688,-0.2067936485059296,-0.7689469895214064,-0.1895026158223995,1.22497279061366,1.1061827242329525,0.1023466230873481,1.34206688836869,True,-2.9599044493578948,-2.276406882529745,-5.2769747971957965,0,0,0,1000
0.1358336131082863,-1.058000304908269,-1.652432454666869,28,-0.528496948181926,1.394444671572432,2,-1.387061754762512,3,0.8426679393432855,-0.2067936485059296,-0.8513647054399839,1.324035023980588,-0.8226199780587538,0.9422474038365056,0.5450120549692647,-1.3355718404636974,True,0.8010677492268851,-1.3924518514780977,0.755266972822891,0,0,0,1000
0.1372126345611623,1.3630731599094097,-0.0034082187865925,23,-1.6638787965770496,1.5322488737436406,0,1.4799338652845175,2,0.6996106650189345,-0.2067936485059296,0.2602036566719822,-0.3305371252668154,0.4705965074185602,-0.5058479263321101,0.3169722870300955,-0.0453106913372102,True,0.2636118754585748,-0.002384426211818,-3.0253796808172457,0,0,0,1000
0.1385916560140383,0.2048651046940361,0.7637592250219363,23,-1.6436942303833584,0.4298152563739724,0,0.6929154597814113,0,-0.0414729400948349,-0.2067936485059296,1.7017550238088777,1.1838818584763384,0.5167828104713215,1.4477146417255506,-1.426861232504727,-1.2523291856813432,True,0.9379957987869414,-0.0316753405862123,0.8446788067342496,0,0,0,1000
0.1399706774669143,-1.5673327629246676,0.8097842896336405,40,-0.5385892312787716,-0.7759715126241021,0,-0.2627497469009318,1,0.0204634203862926,-0.2067936485059296,0.7703506237163845,-1.2051600425373328,1.024832144051695,1.3111018747285117,-0.9707816966263888,-0.2950386556842722,True,-0.0394336659172559,0.0165709563409885,-0.8297653819248333,0,0,0,1000
0.1413496989197903,-1.1975434440908437,-1.445675167698606,30,1.3587599909281902,-1.22383516968053,0,-0.5438277488663268,0,1.402561453377276,-0.2067936485059296,1.628141531893477,-0.1329447978983909,1.0864138814553763,-0.9430087807226356,-1.319548400533353,-0.8916110149578094,False,3.0738166995920837,-2.0276482643187936,-7.5219246484301,0,0,0,1000
0.1427287203726663,-0.9463657935622084,-0.2140968744857125,37,-1.3156950297358785,-1.1893841191377277,0,-1.443277355155591,3,-1.3441580977555516,-0.2067936485059296,-1.1185217066156496,-1.6659128123832536,-0.2375934727237784,1.7346014524193327,0.4511133269943127,-0.3644075346695672,True,-0.9044248321299372,0.2877800475441244,-0.6002715463821635,0,0,0,1000
0.1441077418255423,0.9723523701981992,-1.5740118417086824,34,-1.3812948698653742,0.1197558014887532,1,1.7610118672499129,2,-0.3022664678409858,-0.2067936485059296,-0.2430989940774626,0.9669640601867896,1.3481362654210234,-0.2052998389386238,0.5181838469764212,0.92585361445692,False,1.3309128476312198,0.4757709997331683,1.0341644925152436,0,0,0,1000
0.1454867632784183,-0.7858911835022471,-1.0579696967183598,10,0.1174091700161885,-0.3970099566532786,2,0.2431906566367793,1,-1.1795361053656206,-0.2067936485059296,0.2125388949437133,-1.721467406479087,-1.4384373520955698,0.2591835688513095,-1.6146586884546312,0.5928829953275039,True,1.270508591662073,1.2479134556620208,-0.5808997918440274,0,0,0,1000
0.1468657847312943,-0.3114445102814917,-1.1217547339455978,37,-0.2963744369544787,0.7398747112591916,1,0.7491310601744904,2,-1.2613176508759902,-0.2067936485059296,-0.5349996400844005,0.5811944091559913,1.548276911982989,-0.8337185671250041,0.2901440790372521,1.508552197933398,False,0.5867550938611973,1.4148890458792829,1.72059436943442,0,0,0,1000
0.1482448061841703,-1.1138175605812983,-0.0365305425176044,28,0.0467631883382697,-0.6037162599100915,1,0.2431906566367793,0,-0.2351536375112642,6.431744946342571,0.1875284119672,0.7316368489201002,0.424410204365799,0.9968925106353214,-1.0780945285977626,0.7593683048922117,True,0.2240589544848044,0.0085902899532745,1.3667981113802483,0,0,0,1000
0.1496238276370463,0.379294028672255,-1.4861587383633972,40,0.6220233248584657,-1.3960904223945405,1,-1.049768152404038,1,0.6751506888007894,-0.2067936485059296,0.4312770441239219,0.6380075219168476,1.548276911982989,-1.3118632516146411,-0.2330059768231946,0.8426109596745658,True,1.9174357824873192,-1.0033810958733598,1.567379394301862,0,0,0,1000
0.1510028490899223,0.609540208323504,-0.8086488776585711,25,0.0164863390477331,0.2231089531171596,1,0.7491310601744904,1,-0.5468342158350353,-0.2067936485059296,-0.5723933386038998,1.2019919039785567,-0.991969755918878,-1.3528470817137532,-1.1988214645655582,0.6761256501098578,True,0.2362555390546712,0.4421968749003061,0.8319522897740006,0,0,0,1000
0.1523818705427983,0.121139221184491,-0.0883297121720384,22,0.5967926171163519,-1.1549330685949255,0,-0.7686901504386429,0,1.2704463137422914,-0.2067936485059296,1.5498055488364637,-0.2177933318985547,0.5167828104713215,1.3520857048276231,-0.6086008887230027,1.2172029061951588,True,1.6381352610085018,-0.1122181572228838,-4.591510908225959,0,0,0,1000
0.1537608919956743,0.776991975342594,-1.1693450531565994,32,-1.3056027466390328,0.1886579025743575,0,0.5804842589952534,1,0.0204634203862926,-0.2067936485059296,-0.175353993090107,1.4556958818238137,-1.4538327864464902,1.365746981527327,-0.6756714087051112,0.5651354437333858,True,0.9939910600664924,-0.0239287993993752,0.6869566258932165,0,0,0,1000
0.1551399134485503,0.4560427552226713,0.9751599340595598,20,0.0568554714351153,0.9465810145160044,1,-0.93733695161788,3,-0.4226946174867851,-0.2067936485059296,-1.44119472226381,-1.7317866066043053,0.6553417196296051,-0.4375415428335904,0.1157607270837698,-1.6407949079989952,False,-2.41635465632337,-0.4121948553157442,-0.5774383829568025,0,0,0,1000
0.1565189349014263,-0.5695993177692557,0.7607199205691697,40,1.4394982557029543,-0.6381673104528937,2,-0.4313965480801688,1,-1.1795361053656206,-0.2067936485059296,1.1800177465195605,0.3185601178021775,-1.192110402480843,-0.697105800127965,-0.4342175367695203,1.605668628512811,True,0.4192978259503908,-0.8972966123822027,3.1391239210571773,0,0,0,1000
0.1578979563543023,1.0700325676260016,1.0350642569453257,8,-0.0743442088238767,0.5676194585451809,1,0.6929154597814113,1,0.472401208410713,-0.2067936485059296,1.1496535138873831,0.9670888782506704,-1.6539734330084557,1.4477146417255506,-0.3403188087945684,-1.4049407194489922,True,0.1145892569420576,0.4889656057637085,1.0340310172998364,0,0,0,1000
0.1592769778071783,-1.0510231479491396,0.5733534101394128,32,0.0215324805961559,1.7389551770004534,0,-0.7686901504386429,0,0.7238882179995157,-0.2067936485059296,0.7720382683465165,0.9014223886605628,0.2396649921547541,-0.3555738826353669,0.7730518229084338,0.7316207532980938,True,0.1986848582071037,0.4150437783497649,1.1093577235752294,0,0,0,1000
0.1606559992600543,-0.9254343226848222,0.6089877336142481,27,0.2334704256299122,1.7389551770004534,2,0.1307594558506213,1,-1.0191957916838013,-0.2067936485059296,-0.6181517118498603,0.9013578576127153,0.6707371539805255,0.0269418649563428,-1.319548400533353,-1.5159309258254643,True,-1.2271394454641085,-0.6206777352866975,1.1094371459797645,0,0,0,1000
0.1620350207129303,0.1141620642253623,-1.5490475741697287,21,-1.345971879026415,0.1542068520315554,2,-0.4876121484732478,1,1.91710895314072,-0.2067936485059296,-0.740947964929393,-1.6282072014223763,-0.6070838971458681,-0.9566700574223396,0.5181838469764212,-0.9609798939431042,True,0.8080996092403357,-2.9696929732817,-0.6141724840325384,0,0,0,1000
0.1634140421658063,1.3630731599094097,0.0015418624196846,1,1.5959286437040603,0.5676194585451809,1,-0.8249057508317219,0,0.0204634203862926,-0.2067936485059296,0.5070307360141881,1.0042781320074374,1.332740831070103,-1.5714275089090155,1.323030086761724,0.1905434972127928,True,0.5054888735945035,3.155177887183333e-05,0.9957399932896228,0,0,0,1000
0.1647930636186823,-1.44174393766035,0.0531556788701514,28,-0.705111902376723,0.0853047509459511,1,-1.218414953583275,3,1.101116147891736,-0.2067936485059296,-1.2842555659186397,0.6572159010884201,-0.5762930284440273,-1.7490241060051668,0.5047697429799994,0.4402714615598547,False,-1.3374112447887911,0.0585305763560713,1.521569770583633,0,0,0,1000
0.1661720850715584,-1.21847491496823,0.3173393382284268,14,0.8844226853764499,-1.0515799169665192,2,0.1869750562437003,1,-0.4402037724726214,-0.2067936485059296,0.9085854474878854,-0.5839985403706683,0.0395243455927888,-0.3009287758365513,1.0815762148261332,0.0379319634451437,True,0.5912461092594585,-0.1396939738421186,-1.712333340077573,0,0,0,1000
0.1675511065244343,-1.2952236415186462,-0.6084372047503014,22,-1.588186673350708,-0.8104225631669043,0,0.0183282550644632,0,1.764891573685902,-0.2067936485059296,0.7912185303702696,0.8542726098775758,-1.3922510490428086,0.4777639960465722,0.2499017670479869,0.8148634080804479,True,1.399655735120571,-1.0738256957808108,1.1705863811841866,0,0,0,1000
0.1689301279773103,-1.1417261884178136,0.5133761662435413,36,-1.0432033861210488,-0.5692652093672893,2,-0.3189653472940107,0,1.61631929993183,-0.2067936485059296,0.6317503495580244,-0.8754025792890449,-0.1914071696710171,-0.1096709020406963,0.2096594550587218,-1.1968340824931072,False,0.1183741833144831,0.8297798056244475,-1.1423316973149842,0,0,0,1000
0.1703091494301864,-0.8556627530935347,-0.9232096038182938,21,0.8440535529890676,0.0853047509459511,1,0.5242686586021743,2,-0.9601914853903032,-0.2067936485059296,0.1984767397060687,0.1870665183409788,1.3789271341228642,1.5979886854222938,1.1888890467975068,-1.030348772928399,True,1.1216863435243625,0.8864580008168808,5.345689192805279,0,0,0,1000
0.1716881708830623,1.5305249269284995,0.806560340407829,38,-0.0541596426301856,-1.22383516968053,2,1.2550714637122016,0,-0.1047360641534968,-0.2067936485059296,1.556463494424519,-0.1423776483023285,-0.6224793314967885,-0.2736062224371434,-0.6756714087051112,1.411435767353985,True,0.74990315401669,-0.0844759555566205,-7.02357929268856,0,0,0,1000
0.1730671923359384,0.3723168717131262,0.4581054996303308,28,-0.6647427699893408,-0.5348141588244872,1,1.5923650660706756,2,0.5880462384367718,-0.2067936485059296,0.6593906916161868,-1.10160468686902,-0.9303880185151966,0.0406031416560467,0.9071928628726508,0.6483780985157398,True,0.2012851919858559,0.269387215864814,-0.9077667358323186,0,0,0,1000
0.1744462137888144,-0.0602668597528565,0.7783212201304415,42,-1.189541491025309,-1.22383516968053,1,-0.8811213512248008,0,0.600636264246138,-0.2067936485059296,0.9552383076509354,-0.1417550814815246,0.8092960631388092,-1.188911761317306,-0.9707816966263888,-0.2672911040901542,True,0.1769170875204939,0.4674879500426444,-7.054425809581396,0,0,0,1000
0.1758252352416904,0.0722991224705897,1.025488398532817,6,-0.1651747566954866,0.7398747112591916,1,0.8053466605675694,2,-0.33629030118055,-0.2067936485059296,0.7753583753430405,0.0829934996126127,0.9016686692443318,0.7646508067403546,-1.2256496725584014,-1.4881833742313462,True,-0.2501300231897764,-0.3448618023997609,12.049121916240248,0,0,0,1000
0.1772042566945664,0.609540208323504,-0.3513090964880969,29,1.409221406412418,0.2575600036599618,0,-1.162199353190196,3,1.1548811865240554,-0.2067936485059296,-1.0547570171895664,1.3619087638941207,0.2550604265056745,-1.3528470817137532,1.3901006067438324,-1.668542459593113,True,-0.7034479207014694,-0.4057202661888672,0.7342635227005493,0,0,0,1000
0.1785832781474424,0.2885909882035812,-1.4220986618015483,19,0.0669477545319608,1.394444671572432,1,1.0302090621398854,2,0.7599707599737691,-0.2067936485059296,0.3998601072714153,-0.2452330651852173,-0.8995971498133557,0.3548125057492369,0.4645274309907343,1.577921076918693,True,1.821958769072964,-1.0807534007670028,-4.077755204096354,0,0,0,1000
0.1799622996003184,-1.5603556059655388,-0.993965799060935,20,0.1325475946614568,0.7054236607163894,2,-1.105983752797117,3,0.28330532668029,-0.2067936485059296,-1.283658232339572,1.098502820499349,1.0864138814553763,-1.6943789992063512,1.698624998661532,0.0934270666333798,True,-0.289692433278637,-0.2815958054119937,0.9103298510534936,0,0,0,1000
0.1813413210531944,1.321210218154637,-1.1544398395192763,2,-1.144126217089504,-0.1903036533964659,1,-0.93733695161788,3,-0.7491969517311343,-0.2067936485059296,-0.8842939034940333,0.5154316126900906,-0.1914071696710171,1.2974405980288075,-0.5951867847265809,1.61954240430987,False,0.2701459360252433,0.8649028087248218,1.940121213692689,0,0,0,1000
0.1827203425060704,1.118872666339903,0.7666462566082715,10,-1.6436942303833584,1.5666999242864428,0,-1.105983752797117,3,1.764891573685902,-0.2067936485059296,-1.460774924670853,0.3090056051528879,-1.623182564306615,0.1089095251545663,0.6925671989299035,-0.2811648798872132,True,-2.2274211812791247,1.353047518285778,3.2361862040871587,0,0,0,1000
0.1840993639589464,0.4490655982635425,0.9063610495301184,40,-0.4830816742461211,-0.224754703939268,1,-1.105983752797117,3,-0.8824859019390859,-0.2067936485059296,-1.5202101179801768,-0.4057950179366012,-1.3152738772882069,0.2865061222507173,-0.729327824690798,-0.1008057945254462,True,-2.426571167510295,-0.799850848277043,-2.464298974183392,0,0,0,1000
0.1854783854118224,-0.8975256948483072,0.4117437118717477,39,-1.6386480888349355,-1.3271883213089362,1,0.2431906566367793,0,0.125634056650171,-0.2067936485059296,1.2903336536257537,-1.3738020877570811,0.6399462852786847,-1.2435568681161218,-1.4402753365011487,-1.2939505130725202,True,0.8785899417540057,0.0517290328226468,-0.727906939218101,0,0,0,1000
0.1868574068646984,1.4677305142963408,-1.4749762175590273,36,0.3192548319530994,0.3953642058311703,2,1.0302090621398854,0,-0.3022664678409858,-0.2067936485059296,-1.1492732449531522,-0.0762840349975459,-1.4230419177446496,-0.4238802661338866,0.3706287030157824,-0.6141354990166293,True,0.3257029726058751,0.4458358514310246,-13.108919984688384,0,0,0,1000
0.1882364283175744,1.6002964965197872,-1.6003642770960045,37,-1.103757084702122,-1.430541472937343,2,-0.7124745500455638,0,0.32484974849802,-0.2067936485059296,1.6871781931753818,-1.072692383364018,-0.791829109356913,-1.380169635113161,1.457171126725941,0.8703585112686838,False,3.2875424702713865,-0.5198779329198526,-0.9322337966895304,0,0,0,1000
0.1896154497704504,-0.5765764747283845,0.7483929037440886,20,0.2587011333720261,-0.6381673104528937,1,-0.0941029457216947,1,1.6539749880754304,-0.2067936485059296,0.8904242233847377,0.7034895593550129,-1.7309506047630576,0.9559086805362094,-0.6756714087051112,0.6345043227186808,True,0.142031319640649,1.2378231440458658,1.4214850022342045,0,0,0,1000
0.1909944712233264,1.3002787472772506,-0.4033093748435999,40,-1.3611103036716834,-0.1903036533964659,2,-0.3751809476870898,1,-1.5989242880013397,-0.2067936485059296,0.2209362651998353,0.0083637236513884,-0.991969755918878,0.6280380397433154,0.4108710150050475,0.0518057392422027,True,0.6242456400434353,0.6448611550160683,119.5625400152946,0,0,0,1000
0.1923734926762024,-1.10684040362217,1.1288035700752013,39,0.1224553115646113,-0.6381673104528937,2,-0.4313965480801688,0,-1.1390459728740463,-0.2067936485059296,1.5415843331745855,0.9950906736994468,-0.8380154124096743,-0.0140419651427689,0.1157607270837698,-1.5436784774195824,True,0.4127807630993843,-1.2857591606600045,1.0049334457019456,0,0,0,1000
0.1937525141290784,-1.4487210946194786,-1.3125883234040776,30,0.0164863390477331,1.5322488737436406,0,-1.162199353190196,3,1.6539749880754304,-0.2067936485059296,-0.9814254725996084,-0.6407755244504363,0.8246914974897296,-0.4512028195332943,0.8669505508833859,-1.1690865308989893,True,0.3311628508044691,-2.170988256550209,-1.5606091648375156,0,0,0,1000
0.1951315355819544,-0.7510053987066033,1.5101043174918192,40,0.4958697861478964,0.2920110542027639,2,-1.218414953583275,3,0.4984746518105413,-0.2067936485059296,0.5301214423288421,-0.0668012356037903,1.1941819219118193,-1.4074921885125689,0.6791530949334817,0.3292812551833828,False,-0.9799828751629772,0.7527487238593297,-14.969805392698444,0,0,0,1000
0.1965105570348304,1.1049183524216457,0.3357852771910674,13,1.3537138493797674,-1.292737270766134,0,-0.5438277488663268,0,0.6996106650189345,-0.2067936485059296,1.817647555004508,-1.1199612126804712,0.3320375982602765,-0.7517509069267806,0.0621043110980829,-0.3505337588725082,True,1.4818622778134407,0.2349189610792099,-0.8928881446665939,0,0,0,1000
0.1978895784877064,0.7700148183834652,0.4261114833891275,19,1.5101442373808731,0.326462104745566,2,1.3112870641052805,0,0.5243298950584547,-0.2067936485059296,1.696309584442401,0.7881709437944785,-0.868806281111515,0.518747826145684,0.2767299750408304,1.4669308705422208,True,1.2701981010532737,0.2234229893686237,1.2687601350916382,0,0,0,1000
0.1992685999405824,0.4490655982635425,-0.144793562145857,2,1.7069437577693614,-0.5692652093672893,2,-0.7124745500455638,0,0.0959938744403302,-0.2067936485059296,1.1504051486440448,0.7223801802471329,1.3481362654210234,-0.1916385622389199,0.5181838469764212,0.0656795150392618,True,1.2951987107899017,-0.0138992950243975,1.3843124284315886,0,0,0,1000
0.2006476213934584,-1.0928860897039123,-1.0224735945267047,25,-0.1601286151470638,-0.2592057544820701,2,0.2431906566367793,1,0.9119708027708356,-0.2067936485059296,-0.2890187664196489,0.8736813291150635,-0.991969755918878,0.6007154863439075,-0.5951867847265809,1.536299749527516,True,0.7334548281070558,-0.9324660648125008,1.144581957078889,0,0,0,1000
0.2020266428463344,-0.8068226543796334,0.8772289505627426,40,0.4504545122120915,-1.6372477761941553,1,-0.8811213512248008,1,-0.5829717049916499,-0.2067936485059296,0.7553490594022298,-1.6465812474677288,-1.4538327864464902,-1.4757985720110882,-1.520759960479679,1.355940664165749,True,-0.1218798911605127,-0.5113996569775978,-0.6073189903442636,0,0,0,1000
0.2034056642992104,-1.2533606997638735,0.3218298353018307,28,1.5959286437040603,1.0154831156016086,0,-1.443277355155591,3,-1.0988248781928884,-0.2067936485059296,-1.0927342231382398,-0.1234171641172604,-0.5608975940931069,-1.4621372953113845,0.3169722870300955,-0.8499896875666323,True,-1.4145640584400705,-0.3536346295743715,-8.10260726223308,0,0,0,1000
0.2047846857520864,1.7119310078658472,-1.385495868679786,16,0.9197456762154091,1.6011509748292447,2,-0.6562589496524849,0,-1.5343641390551084,-0.2067936485059296,1.5615029106562868,-0.5469235490089099,0.2704558608565949,-1.188911761317306,-1.0915086325941843,-1.7101637869842905,True,2.946998779336073,2.1258551757112696,-1.8284094452562207,0,0,0,1000
0.2061637072049624,-1.6859444312298566,1.236288142578434,11,-1.4872638423822526,-1.3960904223945405,0,-0.9935525520109588,3,0.1695114023874439,-0.2067936485059296,-1.210357136909214,0.3465761688449978,-0.9611788872170371,1.6662950689208131,-1.0780945285977626,0.1766697214157337,True,-2.446645279487648,0.2095649368034386,2.88536778162165,0,0,0,1000
0.2075427286578384,-1.0091602061943674,0.3045350722994459,27,-1.098710943153699,0.2920110542027639,2,0.5242686586021743,1,-0.4754482043131202,-0.2067936485059296,-1.0786383113804263,0.468808746780086,-0.8380154124096743,-1.5850887856087197,-0.407389328776677,-1.7379113385784082,True,-1.3831733836798723,-0.1447906532751378,2.133065548716257,0,0,0,1000
0.2089217501107144,0.4211569704270275,0.823274044493444,38,-1.6184635226412445,-1.1549330685949255,1,-1.49949295554867,3,1.0244620953927852,-0.2067936485059296,-0.9833497747175388,-1.2609933280556582,1.3789271341228642,-0.3965577127344787,-0.407389328776677,-0.3089124314813312,True,-1.8066238192109827,0.8434130527042467,-0.7930256703613809,0,0,0,1000
0.2103007715635904,-0.7300739278292171,0.9312146344491904,35,0.7380845804721894,-1.3960904223945405,0,0.5242686586021743,0,0.4195783825648011,-0.2067936485059296,-1.0651009102876972,1.428107825066297,-0.7764336750059926,0.8602797436382821,0.5986684709549516,-1.3216980646666383,False,-1.996315544736888,0.3907175301428638,0.7002271904300068,0,0,0,1000
0.2116797930164664,-0.6393708873605433,-0.7167108005076829,39,-1.3257873128327238,0.843227862887598,1,1.7610118672499129,2,-1.1189017032627826,-0.2067936485059296,-0.3682849921200375,1.4275099606870807,-1.4230419177446496,-1.3665083584134572,-1.2658919845476666,-1.8766490965489984,True,0.3484258083876453,0.8019289354348788,0.7005204569407278,0,0,0,1000
0.2130588144693425,-0.5416906899327407,-1.4260344082339842,39,-0.4477586834071617,1.7045041264576513,2,-1.443277355155591,3,0.4984746518105413,-0.2067936485059296,-1.1245133753627017,1.5879630921098848,-0.5762930284440273,0.1089095251545663,-0.4610457447623638,1.369814439962808,True,0.3015210328712825,-0.7108420051142865,0.6297375184567888,0,0,0,1000
0.2144378359222185,0.8537407018930104,-1.0026558399225425,4,1.469775104993491,1.7389551770004534,2,0.6366998593883324,1,2.0299372612623108,-0.2067936485059296,-0.3733891566782649,-0.2544926720340563,0.5321782448222419,-0.2189611156383277,0.3303863910265172,-1.5159309258254643,True,0.6292666832442773,-2.0353284496810278,-3.9293877695816577,0,0,0,1000
0.2158168573750944,-0.2067871558945604,-1.3188957792636853,27,0.5867003340195063,0.6020705090879831,2,1.0302090621398854,0,0.5114292264090835,-0.2067936485059296,1.6609715744898907,0.7039075420780871,-0.991969755918878,-1.325524528314345,0.7998800309012772,-0.7528732569872193,False,2.9798673537535763,-0.674521848103032,1.4206409196635292,0,0,0,1000
0.2171958788279704,1.0700325676260016,0.6290429462021915,24,-0.331697427793438,-1.22383516968053,0,1.0302090621398854,2,0.3928177842655264,-0.2067936485059296,-0.7758959877253693,-1.59932743549462,0.9016686692443318,-0.2326223923380316,-0.6756714087051112,-0.9887274455372222,False,-1.4049389339275606,0.2470992563350035,-0.6252628700870249,0,0,0,1000
0.2185749002808464,-1.211497758009101,-0.9598803717401944,37,-1.0684340938631625,1.394444671572432,1,-1.387061754762512,3,0.8309784133015728,-0.2067936485059296,-1.0479930960692696,-0.1143520209825932,-0.7302473719532313,1.3384244281279192,0.7059813029263252,0.7871158564863298,True,-0.0881127243290752,-0.7976398682679906,-8.744933984556505,0,0,0,1000
0.2199539217337225,-0.7858911835022471,1.313901163611942,2,0.1375937362098796,0.3609131552883682,2,-1.105983752797117,3,-0.0887971527059343,-0.2067936485059296,-1.5060897034207104,1.2959323511602183,0.8246914974897296,-0.328251329235959,0.7193954069227468,1.369814439962808,False,-2.819990867032653,-0.1166706822657544,0.7716451572030031,0,0,0,1000
0.2213329431865985,-1.3440637402325477,-1.4661129004321805,22,-0.7757578840546419,1.5322488737436406,1,0.2431906566367793,1,0.6996106650189345,-0.2067936485059296,-0.059083255199129,-0.6783015802191571,-1.1151332307262414,-0.6287994166294454,-0.9573675926299672,0.3709025825745598,False,1.4070296452330515,-1.0257082212641968,-1.4742707028693245,0,0,0,1000
0.2227119646394745,0.8118777601382378,0.7117124209410536,9,0.1325475946614568,0.8776789134304002,0,-0.9935525520109588,3,-1.240772553225037,-0.2067936485059296,-1.262748496534429,-1.6935589797302315,-1.638577998657535,-0.3145900525362552,0.7730518229084338,-0.6973781537989833,True,-1.9744609174754828,-0.8830732376930034,-0.5904725321149099,0,0,0,1000
0.2240909860923505,0.0722991224705897,-1.5789208257347953,15,-1.653786513480204,0.912129963973202,2,1.2550714637122016,2,-0.0729400943822046,-0.2067936485059296,-0.4687735692201252,-1.054513671603466,0.6553417196296051,-0.4375415428335904,0.1157607270837698,-1.6407949079989952,True,1.1101472565146702,0.1151666340511244,-0.9483045329415968,0,0,0,1000
0.2254700075452265,-1.10684040362217,-0.6647942812921359,3,-1.098710943153699,-1.430541472937343,2,0.9177778613537274,2,-0.268553453715343,-0.2067936485059296,0.7191766655826299,-0.0857416966643997,-1.4846236551483312,-1.2572181448158255,0.0755184150945047,0.911979838659861,True,1.383970946874766,0.1785328002512123,-11.662950526966378,0,0,0,1000
0.2268490289981025,0.3234767729992249,-1.014601150417093,39,0.7784537128595715,-0.0869505017680595,0,-0.3189653472940107,0,-0.4052611939289046,-0.2067936485059296,-1.2189579319852162,-1.467428476584462,-0.9611788872170371,0.9285861271368016,-0.5281162647444724,1.078465148224569,True,-0.2043567815681228,0.4111784735796714,-0.6814642649391632,0,0,0,1000
0.2282280504509785,-0.7300739278292171,0.5371755404412282,28,-0.6647427699893408,-0.3281078555676744,1,0.0183282550644632,1,0.625667627837102,-0.2067936485059296,-0.4357323860850017,-1.1769892475652723,-0.0990345635654947,1.6253112388217017,1.0145056948440243,-0.9054847907548684,True,-0.97290792652623,0.3360933461199764,-0.849625505951866,0,0,0,1000
0.2296070719038545,-0.2905130394041054,-1.2762024970706796,0,1.0963606304102065,-0.8104225631669043,2,-1.443277355155591,3,0.8543170953229892,-0.2067936485059296,-1.1215808200330617,1.6533346758995418,-0.0066619574599723,0.0815869717551585,1.5510698547008932,-0.7528732569872193,True,0.1546216770376178,-1.0902816103413686,0.6048381819440789,0,0,0,1000
0.2309860933567305,1.3351645320728944,1.853672992240274,11,0.6068849002131974,1.394444671572432,1,0.8615622609606484,0,0.8426679393432855,-0.2067936485059296,1.5257802008473087,1.5786496187033991,-0.991969755918878,-1.325524528314345,0.7998800309012772,-0.7528732569872193,True,-0.3278927913929652,1.5620308005874135,0.633452746453048,0,0,0,1000
0.2323651148096065,-0.4858734342597106,0.6203682566169836,9,-1.345971879026415,-1.5683456751085512,2,1.3112870641052805,2,-0.7117529458539462,-0.2067936485059296,0.5041986125895843,-1.3742997276926758,-0.991969755918878,-1.325524528314345,0.7998800309012772,-0.7528732569872193,True,-0.1161696440273992,-0.4415489341614149,-0.7276433609160683,0,0,0,1000
0.2337441362624825,-0.5137820620962256,1.1520408560018347,22,1.2578371599597349,1.2566404694012234,2,1.0302090621398854,0,-0.4931829525124468,-0.2067936485059296,1.829341850929121,-1.4016672036171616,-1.6539734330084557,1.037876340734433,-0.219591872826773,-1.7934064417666442,True,0.6773009949272863,-0.5681669107779515,-0.7134361628516401,0,0,0,1000
0.2351231577153585,0.9374665854025552,0.0359993446061534,2,1.3537138493797674,0.9810320650588064,0,-1.443277355155591,3,0.979901010801098,-0.2067936485059296,-1.3190117747385566,-0.4058844690686936,0.7939006287878887,-1.2708794215155297,-0.917125280640702,0.5096403405451498,True,-1.35501111934471,0.0352757941677467,-2.463755877799659,0,0,0,1000
0.2365021791682345,-1.2673150136821312,-0.0076194537544804,10,0.1426398777583024,-1.22383516968053,0,-1.443277355155591,3,-1.2613176508759902,-0.2067936485059296,-0.8131806418273478,0.6004644900208683,0.1780832547510725,-0.5331704797315179,0.4913556389835778,1.2172029061951588,True,-0.8055611880728674,0.0096105515105595,1.66537713733502,0,0,0,1000
0.2378812006211105,0.8188549170973666,-1.5418417645275582,40,-0.1449901905017955,-1.430541472937343,1,-1.443277355155591,3,1.91710895314072,-0.2067936485059296,-1.181974125371855,1.2301367994744152,1.3789271341228642,0.6280380397433154,1.1888890467975068,1.286571785180454,True,0.3598676391557032,-2.955878651102067,0.8129176520330843,0,0,0,1000
0.2392602220739865,0.0443904946340747,-0.8736290858872131,27,1.3587599909281902,-1.292737270766134,2,0.6366998593883324,2,-0.0103374563904445,-0.2067936485059296,-0.8379735895332863,-0.3400819528178615,-1.3922510490428086,1.7346014524193327,1.175474942801085,1.009096269239274,True,0.0356554963539268,0.0090311025767829,-2.940468571651697,0,0,0,1000
0.2406392435268625,-1.3231322693551613,0.5700444639371259,2,-0.4073895510197796,0.0164026498603468,2,-0.6000433492594058,0,-0.057165238718669,-0.2067936485059296,0.3061493328083606,-1.0072170928482247,1.548276911982989,-0.8337185671250041,0.2901440790372521,1.508552197933398,True,-0.2638951311287653,-0.0325867278612215,-0.9928347189339845,0,0,0,1000
0.2420182649797385,0.6304716792008902,-0.2271602113502776,12,0.6068849002131974,-0.5348141588244872,0,-0.4876121484732478,1,1.9434104844676097,-0.2067936485059296,0.986146166161628,-1.467970515622117,-0.637874765847709,-0.0003806884430649,0.1157607270837698,0.4957665647480908,True,1.2133063775119055,-0.4414655363920077,-0.681212638455119,0,0,0,1000
0.2433972864326145,0.7351290335878214,-0.0880434540956833,29,-0.987695829088398,-0.3625589061104765,2,0.8615622609606484,2,1.6912830499874785,-0.2067936485059296,-0.5121995858961524,0.1110862696920816,0.7323188913842071,0.9149248504370976,0.6120825749513732,0.1627959456186748,True,-0.424156131800469,-0.1489064015743799,9.002004501289248,0,0,0,1000
0.2447763078854905,1.4188904155824396,-0.7291649322669591,7,1.7069437577693614,-1.1893841191377277,2,0.0183282550644632,1,-0.3706226321335793,-0.2067936485059296,0.4502388958618208,0.2813107946720346,0.8862732348934113,0.3001673989504212,0.6925671989299035,0.4957665647480908,True,1.17940382812878,0.2702450264562834,3.554785893258228,0,0,0,1000
0.2461553293383665,0.6583803070374052,-0.1768962557154612,14,0.5211004938900103,-1.6716988267369577,0,-1.105983752797117,3,-1.3859719465647844,-0.2067936485059296,-1.2345680112842292,-1.073463817762319,0.5167828104713215,-0.1916385622389199,-0.4744598487587855,-0.0591844671342692,True,-1.057671755568768,0.2451732478739797,-0.9315638558185672,0,0,0,1000
0.2475343507912425,-0.9114800087665648,1.377400483887235,5,1.12159133815232,0.2920110542027639,1,0.4680530582090954,2,-0.0103374563904445,-0.2067936485059296,-0.6300511574766756,-1.1297186771075618,1.024832144051695,1.3111018747285117,-0.9707816966263888,-0.2950386556842722,True,-2.00745164136391,-0.0142388174343614,-0.8851762025196731,0,0,0,1000
0.2489133722441185,0.1699793198983923,-0.3902497883528518,23,-1.411571719155911,-1.533894624565749,2,-0.6000433492594058,0,-0.2853709610732421,-0.2067936485059296,1.792772130955208,-0.2175577337221798,-0.2068026040219376,-1.6943789992063512,-1.158579152576293,-0.0591844671342692,False,2.18302191930806,0.1113659571608826,-4.596483161225203,0,0,0,1000
0.2502923936969946,-1.5324469781290238,-0.680249810294062,20,1.3436215662829218,0.2920110542027639,1,-1.387061754762512,3,-0.1047360641534968,-0.2067936485059296,-1.0214184884785833,-1.392673338452714,0.1011060829964705,-1.3118632516146411,0.2767299750408304,1.0229700450363328,True,-0.3411686781845213,0.0712466877713629,-0.7180435240581048,0,0,0,1000
0.2516714151498705,-0.4858734342597106,2.370781643635737,8,-0.4931739573429667,-1.292737270766134,2,0.9739934617468065,0,-0.4402037724726214,-0.2067936485059296,1.4728113956265574,0.6757675435420146,0.424410204365799,-0.0960096253409924,-1.29272019254051,-1.4465620468401692,False,-0.8979702480091798,-1.0436270232372933,1.479798581001203,0,0,0,1000
0.2530504366027465,-1.10684040362217,-0.8896706004668875,42,-1.3106488881874556,0.326462104745566,1,-1.105983752797117,3,-0.2020694574570239,-0.2067936485059296,-1.2211806351304133,0.336782249272833,1.2095773562627397,-0.4512028195332943,-1.2122355685619797,1.522425973730457,True,-0.3315100346635258,0.1797752555518087,2.969276751466221,0,0,0,1000
0.2544294580556225,0.804900603179109,0.6381052393012824,39,-0.1904054644376004,1.118836267230015,2,1.7610118672499129,2,1.311592044051897,-0.2067936485059296,0.6710225987035693,-0.4147033495367851,-1.06894692767348,0.9422474038365056,-0.0049662088840255,-1.071970100319576,False,0.0329173594022869,0.836933755135394,-2.411362826592218,0,0,0,1000
0.2558084795084986,1.321210218154637,0.9845304338764912,15,0.2788856995657172,0.6020705090879831,2,-0.5438277488663268,1,0.2269731747650891,-0.2067936485059296,0.8151009330024969,-0.2837737710216145,0.9478549722970928,1.1198440009326565,-1.0646804246013408,-0.6835043780019243,False,-0.1694295008739944,0.2234619982297979,-3.5239351008143105,0,0,0,1000
0.2571875009613746,0.1071849072662335,0.8898269353859742,20,0.8692842607311815,-0.5348141588244872,1,1.9858742688222288,2,0.5754059049627287,-0.2067936485059296,0.1134002470742658,1.333636765086481,1.5020906089302275,-1.1342666545184903,-0.689085512701533,-1.2800767372754611,True,-0.7764266883117084,0.512011673015978,0.7498293022479952,0,0,0,1000
0.2585665224142506,-1.232429228886487,1.29748299753545,22,0.8087305621501082,-1.22383516968053,1,1.4237182648914386,2,-0.5288762138917308,-0.2067936485059296,0.7168445775376824,1.597052828864811,-1.592391695604774,0.8602797436382821,0.6120825749513732,0.2460386004010288,True,-0.5806384199977677,-0.6862078953254427,0.6261533239920873,0,0,0,1000
0.2599455438671266,-0.0393353888754703,-0.2460581962150984,30,-0.5890506467629992,0.2575600036599618,1,0.0183282550644632,0,0.0660316830787908,-0.2067936485059296,0.1905385992167018,-0.9411735373545888,1.6098586493866702,1.5023597485243665,0.5986684709549516,0.6622518743127987,True,0.4365967954318002,-0.0162476368314143,-1.062503424247457,0,0,0,1000
0.2613245653200026,-0.904502851807436,-0.8323570921955491,12,0.4555006537605142,1.6011509748292447,0,0.9739934617468065,0,-0.3022664678409858,-0.2067936485059296,1.6100988966662872,0.985635623744479,-1.1767149681299232,0.2045384620524938,-0.9305393846371236,-1.6130473564048773,True,2.442455988861836,0.2515936382403424,1.014573615697441,0,0,0,1000
0.2627035867728786,-1.3091779554369036,-0.3350062901183964,3,0.768361429762726,-0.2936568050248722,0,-0.8811213512248008,1,-0.7491969517311343,-0.2067936485059296,-0.1249439701272136,-0.9697735236465672,-0.5608975940931069,-1.4621372953113845,0.3169722870300955,-0.8499896875666323,True,0.2100623199911828,0.2509856913674586,-1.0311686994264844,0,0,0,1000
0.2640826082257546,-1.1766119732134577,1.7677408890266435,25,0.7128538727300755,-0.2592057544820701,2,-0.0941029457216947,1,2.089496516746594,-0.2067936485059296,-0.283592494378919,1.4274528294895763,-0.791829109356913,0.3274899523498291,0.1023466230873481,-0.6141354990166293,True,-2.0513333834055625,3.693688430131699,0.700548493993127,0,0,0,1000
0.2654616296786306,0.0234590237566884,-1.2658204567465998,9,-0.8968652812167882,1.5666999242864428,0,1.817227467642992,2,-0.057165238718669,-0.2067936485059296,0.5184459664740724,1.2402982086731935,1.548276911982989,-0.8337185671250041,0.2901440790372521,1.508552197933398,True,1.7842664232206722,0.072360928584894,0.8062576502823323,0,0,0,1000
0.2668406511315066,-0.2137643128536892,-0.3584723897085974,13,0.2738395580172945,1.5666999242864428,0,-0.1503185461147737,1,0.0204634203862926,3.1124756489183207,0.0538837939944561,-1.242601108848433,-0.5147112910403457,-0.7244283535273728,-0.4610457447623638,-0.9748536697401632,True,0.4123561837030535,-0.0073355712074859,-0.8047635507126614,0,0,0,1000
0.2682196725843825,0.121139221184491,-0.912718796442874,19,-0.2307745968249826,1.2221894188584217,0,0.1869750562437003,1,-1.058874311958881,-0.2067936485059296,0.520320365775447,-0.5460600517666307,-0.7610382406550722,-1.544104955509608,-1.6951433124331614,-0.9748536697401632,False,1.433039162218321,0.9664544875953862,-1.8313007514372144,0,0,0,1000
0.2695986940372586,1.4537762003780834,-1.3879315198170812,16,-0.8413577241841378,0.4642663069167745,2,0.1869750562437003,1,0.9119708027708356,-0.2067936485059296,0.1172567167857232,-1.3836015572170035,-1.6077871299556945,1.3930695349267348,-1.1451650485798712,1.425309543151044,True,1.5051882366028044,-1.2657530223185296,-0.7227514793251337,0,0,0,1000
0.2709777154901346,0.0443904946340747,-0.8720465245127809,33,1.0055300825385962,0.6709726101735873,0,0.1869750562437003,0,0.5114292264090835,-0.2067936485059296,1.6508678269850725,-0.1235128180650819,1.3635316997719438,-1.4621372953113845,-0.0854508328625558,-1.2800767372754611,True,2.522914351497853,-0.4459900794243014,-8.096332229309983,0,0,0,1000
0.2723567369430106,1.0211924689121004,-0.4213609952382832,36,0.7279922973753439,-0.9826778158809149,1,1.3112870641052805,0,0.5627146920237458,-0.2067936485059296,1.5057271439243558,-0.5374531552466123,-0.5147112910403457,-0.7244283535273728,-0.4610457447623638,-0.9748536697401632,True,1.927088139162639,-0.2371060226663295,-1.860627621776466,0,0,0,1000
0.2737357583958866,-0.6044851025648994,-1.1114716182524174,12,0.859191977634336,-0.4314610071960808,0,-0.5438277488663268,0,-0.2351536375112642,-0.2067936485059296,-1.19464800655792,1.230026563468564,1.563672346333909,-0.4238802661338866,0.2230735590551435,0.2876599277922058,True,-0.0831763883055025,0.2613665940225871,0.8129905063847074,0,0,0,1000
0.2751147798487626,-1.6231500185976977,1.501466342382222,21,-0.5587737974724627,-1.258286220223332,1,0.9177778613537274,0,-1.449180960650241,-0.2067936485059296,1.4911597552055194,-1.1393502352574858,-0.5762930284440273,0.1089095251545663,-0.4610457447623638,1.369814439962808,True,-0.0103065871767025,-2.175896436437472,-0.8776933174927886,0,0,0,1000
0.2764938013016386,1.4677305142963408,-0.6966589833068595,34,-0.1147133412112588,-0.224754703939268,0,-1.105983752797117,3,0.6874037218721623,-0.2067936485059296,-1.1413163914319406,-0.5179103681323147,0.7785051944369683,-0.7244283535273728,0.4913556389835778,1.161707803006923,True,-0.4446574081250811,-0.4788859780008118,-1.9308364045497584,0,0,0,1000
0.2778728227545146,-0.2137643128536892,-0.593802825440196,41,-0.1399440489533727,-0.3625589061104765,2,-0.93733695161788,3,2.047037141793286,-0.2067936485059296,-0.9319642128864916,-0.0863226937376863,1.1787864875608989,1.679956345620517,-1.0915086325941843,-1.4465620468401692,True,-0.3381613874462956,-1.2155364385778764,-11.584452652555374,0,0,0,1000
0.2792518442073906,-0.2207414698128179,-1.2006490092912012,38,1.4142675479608409,-0.0180484006824552,1,-1.218414953583275,3,1.321808337944639,-0.2067936485059296,-1.3796714103295251,1.2301773898299757,-0.991969755918878,-1.325524528314345,0.7998800309012772,-0.7528732569872193,True,-0.1790224010383241,-1.5870278714260802,0.8128908293861005,0,0,0,1000
0.2806308656602666,1.4537762003780834,1.3228554268575077,38,-1.234956764961114,0.0853047509459511,1,-1.330846154369433,3,0.537177286385998,-0.2067936485059296,-1.5301997974978965,-0.57524223216651,0.5629691135240826,-0.6151381399297413,-1.6414868964474745,1.411435767353985,False,-2.853055224355404,0.7106078884803071,-1.7383983962261984,0,0,0,1000
0.2820098871131426,-1.2603378567230024,0.677692444648828,24,-0.7454810347641052,-0.7415204620813,2,1.5361494656775965,2,0.6874037218721623,-0.2067936485059296,-0.6281194627639044,1.2678310930171204,0.3782239013130378,-0.5604930331309258,0.7193954069227468,1.633416180106929,True,-1.3058119074127323,0.4658483087362487,0.7887485380606946,0,0,0,1000
0.2833889085660186,-0.2416729406902042,-0.6294565040766037,4,-0.3569281355355518,-0.8793246642525085,1,1.3675026644983594,2,0.537177286385998,-0.2067936485059296,0.3812958966016474,-0.4147992211272637,-0.7456428063041518,0.2865061222507173,-1.5475881684725226,1.550173525324575,True,1.0107524006782511,-0.3381297367578869,-2.4108054937107544,0,0,0,1000
0.2847679300188946,0.1071849072662335,-1.5390035841807277,21,0.8743304022796041,-0.1903036533964659,2,0.5804842589952534,2,-1.240772553225037,-0.2067936485059296,-0.8128235591867401,1.3993649563698936,-1.592391695604774,0.8602797436382821,0.6120825749513732,0.2460386004010288,False,0.7261800249939874,1.9095534065664048,0.7146098121058629,0,0,0,1000
0.2861469514717706,-0.388193236831908,-0.7748341904077496,29,0.061901612983538,-0.6381673104528937,2,0.6929154597814113,2,-1.751781892697946,-0.2067936485059296,-0.1037247362805812,-0.4153085049450163,0.9786458409989336,-0.164316008839512,-0.2464200808196164,1.522425973730457,True,0.6711094541271683,1.3573405045995683,-2.407849174476477,0,0,0,1000
0.2875259729246466,-0.8137998113387621,-0.5050013986188858,15,0.3243009735015221,0.3953642058311703,1,-0.93733695161788,1,0.5499720170437528,-0.2067936485059296,-1.2233091138539474,-1.3835671696771723,1.22497279061366,1.2701180446293998,-1.4939317524868356,-1.071970100319576,False,-0.7183077152350615,-0.2777366378083448,-0.7227694427804863,0,0,0,1000
0.2889049943775226,-0.0672440167119853,0.2950271636773894,4,1.4142675479608409,-0.5692652093672893,2,1.3112870641052805,2,0.8543170953229892,-0.2067936485059296,0.8104981190486715,-0.743500246917701,-0.7302473719532313,1.3384244281279192,0.7059813029263252,0.7871158564863298,True,0.5154709553712822,0.2520467495142474,-1.3449896468019007,0,0,0,1000
0.2902840158303986,-1.6231500185976977,-0.9588508584822824,37,-0.0491135010817628,1.4977978232008384,1,-1.162199353190196,3,-1.1189017032627826,-0.2067936485059296,-1.0972868316309996,-1.0734066865648146,-1.6077871299556945,1.3930695349267348,-1.1451650485798712,1.425309543151044,True,-0.1384359731487171,1.0728598587308071,-0.931613437551436,0,0,0,1000
0.2916630372832747,0.7002432487921777,-1.354555845356669,37,-0.397297267922934,0.4642663069167745,0,0.7491310601744904,0,1.578306680802934,-0.2067936485059296,1.3784353778569771,0.9385663727446408,-1.7001597360612166,-0.697105800127965,-0.1659354568410861,-1.807280217563703,True,2.7329912232136464,-2.1379045402470966,1.0654546364475497,0,0,0,1000
0.2930420587361507,1.007238154993843,0.4336726452898006,38,1.156914328991279,1.6011509748292447,0,-1.443277355155591,3,0.3793476208697771,1.4528410002061956,-0.9116526308518452,1.126517348043569,-1.4846236551483312,-0.5604930331309258,-1.6012445844582095,0.0518057392422027,True,-1.345325276141646,0.1645126862269886,0.8876915326404461,0,0,0,1000
0.2944210801890266,-0.5207592190553544,-1.1611069935139218,4,0.1224553115646113,-0.7070694115384979,2,-1.387061754762512,3,0.4328703072542469,-0.2067936485059296,-1.1208110107308775,0.9668403303361948,0.5783645478750031,1.6253112388217017,0.0486902071016612,0.7454945290951528,True,0.0402959827830442,-0.5026087410374263,1.0342968380545223,0,0,0,1000
0.2958001016419027,-1.5603556059655388,1.564601702553216,13,-0.7908963086999101,-0.2936568050248722,2,0.4680530582090954,1,1.578306680802934,-0.2067936485059296,0.3171473006290961,-0.8760360282427067,-0.376152381882062,-1.4621372953113845,0.3974569110086258,1.286571785180454,False,-1.2474544019241198,2.469421319935386,-1.1415056937287495,0,0,0,1000
0.2971791230947787,-0.0044496040798265,-0.3513759212260836,11,0.748176863569035,-0.5348141588244872,0,0.6366998593883324,1,0.0959938744403302,-0.2067936485059296,1.018896363836701,-0.8751648046860984,-0.3299660788293008,1.1744891077314723,-0.6756714087051112,0.2876599277922058,True,1.3702722850627846,-0.033729936063532,-1.142642058855284,0,0,0,1000
0.2985581445476546,0.8467635449338816,-1.139055846208168,40,-0.9120037058620566,0.0853047509459511,1,-0.2065341465078527,0,0.5114292264090835,-0.2067936485059296,0.6369877223104883,-0.2174088661446829,-0.2375934727237784,1.7346014524193327,0.4511133269943127,-0.3644075346695672,True,1.7760435685186562,-0.5825464502629873,-4.599630538055268,0,0,0,1000
0.2999371660005306,-1.5184926642107663,0.6975877638976143,17,-0.2862821538576331,1.4977978232008384,0,0.8615622609606484,1,-0.7680260388013285,-0.2067936485059296,0.8146336799263388,-0.744204320913611,0.8400869318406499,-0.9976538875214512,0.9742633828547594,1.078465148224569,True,0.1170459160287245,-0.5357655670225611,-1.3437171839369106,0,0,0,1000
0.3013161874534067,1.1886442359311906,0.1232029375504576,31,0.3596239643404815,0.3609131552883682,1,0.3556218574229373,2,0.8659262724603146,-0.2067936485059296,0.4510706423373469,0.0462302813572349,-0.1298254322673355,-0.5604930331309258,1.148646734808242,-0.2950386556842722,True,0.3278677047868893,0.1066846604692287,21.63079712176121,0,0,0,1000
0.3026952089062826,-0.1439927432624016,-0.6284694970137416,9,-0.659696628440918,1.35999362102963,0,0.6366998593883324,0,-0.7869262188093323,-0.2067936485059296,1.1387227666673427,-0.264393780614872,-0.1144299979164151,1.5843274087225898,-1.6817292084367397,-1.2384554098842842,True,1.7671922636810842,0.4945591249220266,-3.782238658936202,0,0,0,1000
0.3040742303591586,-1.7138530590663714,-1.5256506054556762,12,0.6119310417616202,0.6365215596307852,1,-0.6562589496524849,0,-0.8440511312458903,-0.2067936485059296,0.5087893395929292,-0.5750736679285402,-0.3145706444783804,0.4367801659474605,-0.5817726807301593,0.8287371838775068,True,2.034439945048605,1.2877271194208408,-1.738907951554925,0,0,0,1000
0.3054532518120347,-0.1579470571806591,1.773607245364763,13,1.3688522740250355,0.1197558014887532,0,-1.218414953583275,3,0.4984746518105413,-0.2067936485059296,-1.1111399558659565,1.597543830699362,-1.253692139884525,-0.7790734603261885,1.6583826866722668,-1.0858438761166351,True,-2.88474720123072,0.8840982540818537,0.6259608770584648,0,0,0,1000
0.3068322732649107,0.9863066841164568,0.6637422547677497,7,1.5908825021556376,-0.8104225631669043,0,-0.5438277488663268,1,1.501171318379266,-0.2067936485059296,0.5110814673250402,0.769340501097063,1.6252540837375906,-1.325524528314345,0.3438004950229389,-0.1008057945254462,True,-0.1526607874427095,0.9963908356537294,1.2998144106446765,0,0,0,1000
0.3082112947177867,-1.44174393766035,0.5391755786816623,35,-1.4872638423822526,-1.0515799169665192,1,-0.93733695161788,3,0.73595977530185,-0.2067936485059296,-0.9249560005678468,-0.6782402049898382,-0.376152381882062,1.4886984718246623,-0.5147021607480506,1.591794852715752,True,-1.464131579249509,0.3968115377348011,-1.4744041124123477,0,0,0,1000
0.3095903161706627,-0.960320107480466,0.6427707233002186,15,1.7119898993177842,0.9810320650588064,2,1.1988558633191224,2,-1.40697668519828,-0.2067936485059296,0.5719462322579699,1.4942167821784091,-1.0535514933225598,0.7373282533409466,-1.319548400533353,0.1627959456186748,True,-0.0708244910422486,-0.9043634216114422,0.669246889074166,0,0,0,1000
0.3109693376235387,-0.4928505912188394,-0.6433931645721808,39,1.6766669084788248,-1.4649925234801446,1,0.7491310601744904,0,-0.1207564839209342,-0.2067936485059296,0.7186298792547067,0.995458489790046,1.3173453967191826,-1.6670564458069432,0.0084478951123961,0.2321648246039697,True,1.3620230438268874,0.0776938963324995,1.004562128707847,0,0,0,1000
0.3123483590764146,-0.2137643128536892,0.9936324138520776,34,-0.1449901905017955,0.6020705090879831,0,-0.2627497469009318,1,0.32484974849802,-0.2067936485059296,0.6178084465404471,-0.9041533919424346,-1.0535514933225598,0.7373282533409466,-1.319548400533353,0.1627959456186748,True,-0.3758239673116303,0.3227812397393279,-1.1060071438236467,0,0,0,1000
0.3137273805292907,-0.3533074520362643,1.1395773543706138,34,-0.5789583636661537,-0.9482267653381128,2,1.1426402629260437,0,-1.6205716478482672,-0.2067936485059296,1.512484596041399,-0.1139418733951767,0.8708778005424909,0.3548125057492369,-0.7695701366800631,-0.4337764136548623,True,0.3729072416707852,-1.8467667510229544,-8.77641246228252,0,0,0,1000
0.3151064019821667,-1.3161551123960324,0.858763113664386,35,-1.0432033861210488,-1.430541472937343,2,-0.1503185461147737,0,0.537177286385998,-0.2067936485059296,0.7044609999427006,0.6573957827445622,1.1633910532099787,-1.4757985720110882,1.3096159827653022,1.161707803006923,True,-0.1543021137216853,0.4613080390466252,1.5211534271025549,0,0,0,1000
0.3164854234350427,1.0142153119529718,-0.9713144608177064,20,1.0004839409901731,-1.258286220223332,1,-0.8811213512248008,0,-1.0390009501597688,-0.2067936485059296,1.3291706693893626,-1.2708999865242316,0.347433032611197,0.6007154863439075,0.3035581830336738,-0.8222421359725143,True,2.300485130207069,1.0091966476935204,-0.7868440390964923,0,0,0,1000
0.3178644448879187,0.609540208323504,0.2232177637392438,33,0.1224553115646113,-0.1558526028536637,2,0.5242686586021743,2,0.3928177842655264,-0.2067936485059296,-0.8657839243371759,0.1115091493749419,-0.1914071696710171,1.2974405980288075,-0.5951867847265809,1.61954240430987,False,-1.0890016880764195,0.0876839073607555,8.967865944802217,0,0,0,1000
0.3192434663407947,-1.0300916770717534,-0.2633757937716657,15,0.1678705855004162,0.5331684080023787,1,0.8053466605675694,0,-0.1693034138610984,-0.2067936485059296,1.6980097370326284,0.074168198686135,0.5321782448222419,-1.4074921885125689,0.437699222997891,-0.6418830506107474,False,1.961385530804294,0.0445904210139196,13.482849380593104,0,0,0,1000
0.3206224877936707,0.923512271484298,0.3090293641694838,21,-0.2055438890828687,-0.8793246642525085,1,0.6366998593883324,0,0.472401208410713,-0.2067936485059296,-1.5243335697708442,-1.3364766985182612,-0.2529889070746988,-0.3009287758365513,-1.628072792451053,-0.8361159117695732,True,-1.833362933940328,0.1459858450680584,-0.7482360717042785,0,0,0,1000
0.3220015092465467,0.8118777601382378,-1.3016242843528214,16,1.5959286437040603,0.8087768123447958,0,1.2550714637122016,0,0.73595977530185,-0.2067936485059296,0.33468290515722,0.1206948665416753,-0.4685249879875845,-0.6561219700288532,-0.5012880567516289,-1.4881833742313462,True,1.6363071895100414,-0.9579431158397336,8.285349660001815,0,0,0,1000
0.3233805306994227,-0.1160841154258866,-1.2762024970706796,32,-1.62855580573809,0.7743257618019938,1,0.2994062570298583,1,0.7479871380105251,-0.2067936485059296,1.2021236380272768,-0.8384514265992099,0.7169234570332866,1.1471665543320644,-0.0183803128804472,-0.4337764136548623,True,2.4783261350979564,-0.9545830533057832,-1.192675076388796,0,0,0,1000
0.3247595521522987,0.860717858852139,1.0198434776018366,3,1.5757440775103695,-1.22383516968053,0,1.0864246625329643,2,-0.3879037737670492,-0.2067936485059296,0.473041266337003,1.559919509270934,1.332740831070103,0.1089095251545663,0.2633158710444087,-0.6002617232195703,False,-0.5468022112648336,-0.3956011336134635,0.6410586763938265,0,0,0,1000
0.3261385736051747,0.1839336338166498,1.4456653103210384,16,0.748176863569035,0.1542068520315554,2,-0.7686901504386429,0,-1.512971918718622,-0.2067936485059296,1.882880749791178,-0.791133845327553,-0.7610382406550722,-1.544104955509608,-1.6951433124331614,-0.9748536697401632,True,0.4372154394701397,-2.1872510183813736,-1.2640087796861326,0,0,0,1000
0.3275175950580508,-0.3253988241997492,0.7128615316397375,2,0.6623924572458478,-1.533894624565749,0,0.4118374578160163,1,0.5754059049627287,-0.2067936485059296,0.5155534467964088,1.362321305550766,-1.592391695604774,0.2181997387521977,0.0621043110980829,-0.6557568264078063,False,-0.1973080848433287,0.41018473472628,0.7340411711403119,0,0,0,1000
0.3288966165109267,-0.7440282417474745,-1.3969083524586074,29,-1.2904643219937644,-0.0524994512252573,0,0.8615622609606484,1,0.7599707599737691,-0.2067936485059296,0.5817340442214477,1.2583493818366505,1.2403682249645809,-1.3528470817137532,-0.9305393846371236,0.3709025825745598,True,1.9786423966800557,-1.0616095022316736,0.7946917882784271,0,0,0,1000
0.3302756379638027,-0.4928505912188394,0.8723854600247818,39,0.460546795308937,0.6365215596307852,0,-1.105983752797117,3,1.578306680802934,-0.2067936485059296,-1.164831518283642,0.7134805543532353,-0.5455021597421865,-0.8063960137255962,0.6120825749513732,0.953601166051038,True,-2.0372169783084235,1.376891799792454,1.4015796979197597,0,0,0,1000
0.3316546594166787,-0.8277541252570195,-0.3873213058611468,33,-1.386341011413797,-0.5348141588244872,1,-1.218414953583275,3,-1.796020240971909,-0.2067936485059296,-0.8963862196547115,0.5814779975382698,-1.5616008269029331,1.6116499621219975,0.5852543669585298,1.425309543151044,True,-0.5090649137935648,0.6956369050862914,1.7197552310801962,0,0,0,1000
0.3330336808695547,-1.6022185477203117,1.9881933326772256,37,0.1426398777583024,-0.5348141588244872,0,-1.049768152404038,3,1.681988130596236,-0.2067936485059296,-0.856023722411288,-1.2708282732686975,-0.7764336750059926,0.8602797436382821,0.5986684709549516,-1.3216980646666383,True,-2.8442170550885137,3.3441175868936672,-0.7868884409667277,0,0,0,1000
0.3344127023224307,0.2955681451627099,-1.2005565154786468,14,0.0013479144024648,-1.1893841191377277,2,1.817227467642992,2,1.934661294856368,-0.2067936485059296,0.1850772889100332,-0.3489713495068726,-1.222901271182684,-0.5741543098306296,1.2559595667796155,0.953601166051038,True,1.38563380438868,-2.322670222784168,-2.865565577144504,0,0,0,1000
0.3357917237753067,1.3770274738276669,0.2620726806729572,42,1.389036840218727,-1.258286220223332,1,-0.6562589496524849,1,-0.5468342158350353,-0.2067936485059296,0.2171493192673498,-0.3771041658352588,0.917064103595252,1.693617622320221,-1.104922736590606,0.6483780985157398,True,-0.0449233614056074,-0.1433103088275821,-2.6517879031218365,0,0,0,1000
0.3371707452281827,1.6979766939475898,0.5618174634046545,4,-0.023882793339649,1.7389551770004534,2,-1.387061754762512,3,-0.3022664678409858,-0.2067936485059296,-1.4338015172998844,-1.430451968525068,-0.7610382406550722,-1.544104955509608,-1.6951433124331614,-0.9748536697401632,True,-1.9956189807045388,-0.1698185802347072,-0.6990797956949751,0,0,0,1000
0.3385497666810587,0.8258320740564953,0.7940217728280099,27,-0.8009885917967556,-0.0180484006824552,2,-0.7124745500455638,0,-1.1592575015304638,-0.2067936485059296,1.2993218491541143,-1.2048694895900252,-1.4846236551483312,-1.2572181448158255,0.0755184150945047,0.911979838659861,False,0.5053000763261046,-0.9204756965293884,-0.8299654789472782,0,0,0,1000
0.3399287881339347,0.6304716792008902,-1.3190870857076795,8,1.0156223656354415,-0.8793246642525085,2,1.0302090621398854,2,-0.564866129107652,-0.2067936485059296,-0.031711043094347,1.1362021198231684,0.424410204365799,1.5433435786234782,1.5376557507044717,-0.1146795703225052,True,1.2873760426133325,0.7451076160595905,0.8801250187274179,0,0,0,1000
0.3413078095868108,1.035146782830358,-1.0350231028902337,12,1.4596828218966456,0.2231089531171596,1,0.5804842589952534,2,0.8426679393432855,-0.2067936485059296,0.4790366658379373,1.4281639768718442,-1.4230419177446496,0.846618466938578,-1.5475881684725226,1.2033291303981,True,1.514059768728171,-0.8721807852852065,0.7001996592648749,0,0,0,1000
0.3426868310396868,0.35138540083574,-1.419935733077833,24,1.101406771958629,0.4987173574595767,1,-1.330846154369433,3,0.1839862714709786,-0.2067936485059296,-1.4627476897426377,-0.7161165566152569,0.6553417196296051,-0.4375415428335904,0.1157607270837698,-1.6407949079989952,False,-0.0428119566648046,-0.2612486812574012,-1.3964209183608571,0,0,0,1000
0.3440658524925628,-0.0114267610389552,-0.302227458784275,17,-0.4528048249555845,-0.5348141588244872,0,1.8734430680360703,2,0.0357374403789397,-0.2067936485059296,0.2557464021074334,0.3086017692025289,-0.2375934727237784,1.7346014524193327,0.4511133269943127,-0.3644075346695672,False,0.5579738608917084,-0.0108008357891815,3.240421072575296,0,0,0,1000
0.3454448739454387,-0.0811983306302428,0.3200691342615686,18,0.0013479144024648,-1.6716988267369577,1,1.0864246625329643,0,0.9119708027708356,1.4528410002061956,-1.0387135149297335,0.8071540628158911,1.0864138814553763,0.7783120834400585,1.1084044228189769,-0.8916110149578094,True,-1.3587826491913022,0.2918937053146891,1.2389206994997517,0,0,0,1000
0.3468238953983147,1.1677127650538042,0.3474948893166523,5,0.7229461558269211,0.7398747112591916,1,0.4680530582090954,0,-0.0103374563904445,-0.2067936485059296,0.496385146766002,0.347143019145569,-1.1151332307262414,-0.6287994166294454,-0.9573675926299672,0.3709025825745598,False,0.1488902574493497,-0.0035922132642132,2.880656262066556,0,0,0,1000
0.3482029168511907,1.2793472763998643,-0.971572873139327,26,-1.5124945501243665,0.2575600036599618,0,-1.274630553976354,3,1.719041342019685,-0.2067936485059296,-0.8493694627510516,-1.5993594289652222,-0.0528482605127335,1.6253112388217017,0.3572145990193606,-0.9193585665519272,True,0.1222034103882754,-1.67017393571135,-0.6252503623729104,0,0,0,1000
0.3495819383040668,-1.644081489475084,0.4396270981041513,3,-0.442712541858739,-1.0860309675093214,0,0.4680530582090954,2,-1.240772553225037,-0.2067936485059296,-0.1374182185004747,1.634252964754436,-0.7456428063041518,0.4914252727462762,-1.6549010004438962,-0.5031452926401574,True,-0.5770453166046261,-0.5454772369816018,0.6119003363473947,0,0,0,1000
0.3509609597569428,1.3002787472772506,-0.4734207545986393,15,-0.6294197791503815,1.670053075914849,1,-0.6562589496524849,1,-0.45778839002166,-0.2067936485059296,1.2202682529213529,0.2155487599554341,1.6098586493866702,-1.011315164221155,1.0815762148261332,0.3292812551833828,True,1.693689007519992,0.2167265250505505,4.639319364559643,0,0,0,1000
0.3523399812098188,0.6514031500782764,0.3595016323209989,31,-1.0280649614757804,0.8776789134304002,1,1.1988558633191224,2,-0.6377279608971212,-0.2067936485059296,0.0404126400348709,-0.5468528151453331,-1.638577998657535,-0.3145900525362552,0.7730518229084338,-0.6973781537989833,True,-0.319088992286128,-0.2292642429192573,-1.828645944885246,0,0,0,1000
0.3537190026626948,-1.5464012920472814,-0.3892277393720879,0,0.1375937362098796,0.7398747112591916,2,1.1426402629260437,0,1.197326685405432,-0.2067936485059296,0.7372425946211734,0.9294043786275378,-0.5455021597421865,-0.8063960137255962,0.6120825749513732,0.953601166051038,False,1.1264703339932614,-0.4660327590502314,1.0759578020074871,0,0,0,1000
0.3550980241155708,1.146781294176418,0.014688170138983,11,0.8894688269248725,0.4987173574595767,1,-0.7124745500455638,1,1.321808337944639,-0.2067936485059296,0.5034357332845569,1.0987087104530218,1.486695174579307,1.365746981527327,1.3364441907581457,-1.0026012213342812,True,0.4887475631455738,0.0194149457588573,0.9101592619319016,0,0,0,1000
0.3564770455684468,0.149047849021006,-0.9761418003322628,24,-0.442712541858739,-0.9826778158809149,2,0.2431906566367793,1,0.485465530333871,3.1124756489183207,0.4913225461279942,0.5059373870568342,1.147995618859058,1.3247631514282154,1.0815762148261332,-0.9054847907548684,True,1.4674643464602573,-0.4738831967793616,1.976528771997608,0,0,0,1000
0.3578560670213228,1.5095934560511133,-0.2392539324284264,16,-0.5991429298598449,1.428895722115234,0,-0.8249057508317219,0,0.125634056650171,-0.2067936485059296,0.4181262706160618,-0.9416248194042084,0.3012467295584358,-0.8883636739238198,-0.407389328776677,-1.5991735806078182,True,0.6573802030444883,-0.0300584421004891,-1.061994209999847,0,0,0,1000
0.3592350884741988,-1.4556982515786077,1.739550619349903,33,-0.5032662404398122,-1.3960904223945405,0,0.4680530582090954,1,-1.4280464114595173,-0.2067936485059296,-1.2608279810127787,1.5595216584936469,-0.4993158566894253,-0.3555738826353669,1.3901006067438324,-1.3216980646666383,True,-3.000378600362682,-2.4841590195148098,0.6412222173584209,0,0,0,1000
0.3606141099270748,0.3583625577948687,1.4459814799253767,30,0.9752532332480596,0.5331684080023787,0,0.5804842589952534,1,0.1549618143491789,-0.2067936485059296,1.1926758236671209,-0.5278747019050352,1.6252540837375906,0.8876022970376899,1.510827542711628,0.2182910488069108,True,-0.2533056562582558,0.2240719136445473,-1.894389304564231,0,0,0,1000
0.3619931313799508,0.1420706920618773,0.0108005822682788,8,0.9146995346669864,0.0853047509459511,0,0.0183282550644632,1,-1.751781892697946,-0.2067936485059296,-0.207589629030346,0.2056461278760182,0.3012467295584358,-0.8337185671250041,1.6583826866722668,0.3709025825745598,True,-0.2183902112986248,-0.0189202644481654,4.862719877375472,0,0,0,1000
0.3633721528328268,1.690999536988461,-0.7861934222021314,24,0.3848546720825954,-0.2592057544820701,1,-0.9935525520109588,3,1.176165671975607,-0.2067936485059296,-1.3085241856819103,0.6471747394577225,0.0395243455927888,1.4886984718246623,1.2962018787688805,-1.1968340824931072,True,-0.5223307634797791,-0.924693714727172,1.545177499233306,0,0,0,1000
0.3647511742857028,-0.0323582319163415,-0.8093815885588088,4,-0.7959424502483329,-1.6027967256513531,0,1.5361494656775965,2,-0.3879037737670492,-0.2067936485059296,0.5006202611807375,-0.4811908960510259,-1.253692139884525,1.529682301923774,0.66573899093706,-1.0026012213342812,True,1.3100018497395465,0.3139621726195311,-2.078177737825973,0,0,0,1000
0.3661301957385788,-0.7649597126248608,0.2556863490442307,36,1.076176064216515,0.843227862887598,1,0.6929154597814113,2,1.4816486612115676,-0.2067936485059296,-0.079252158433119,0.1964227585295964,-1.253692139884525,1.529682301923774,0.66573899093706,-1.0026012213342812,False,-0.3349385074773498,0.3788373367514581,5.091057158448405,0,0,0,1000
0.3675092171914548,0.3304539299583537,-0.9234638791672962,13,-0.0844364919207222,0.3953642058311703,2,0.3556218574229373,0,1.1548811865240554,-0.2067936485059296,1.4053741229250487,-0.4057695537457136,1.301949962368262,0.518747826145684,0.9608492788583376,1.34206688836869,False,2.328838002092345,-1.066491060484834,-2.4644536220478463,0,0,0,1000
0.3688882386443308,-0.0323582319163415,-1.6172692750825863,24,-1.1340339339926586,1.670053075914849,2,1.3675026644983594,0,0.5114292264090835,-0.2067936485059296,1.226159121028015,-1.3361859279282964,-1.4230419177446496,-1.3665083584134572,-1.2658919845476666,-1.8766490965489984,True,2.843428396110601,-0.8271187742506664,-0.7483988971432669,0,0,0,1000
0.3702672600972068,0.5048828539365726,-1.2223613256992234,39,-0.0036982271459579,-0.3970099566532786,2,-1.049768152404038,3,1.6539749880754304,-0.2067936485059296,-0.921580866915682,1.230589387379978,0.3936193356639582,-1.4348147419119766,1.148646734808242,-0.4753977410460392,False,0.3007804587835414,-2.02175505909724,0.8126186760534406,0,0,0,1000
0.3716462815500828,0.4141798134678988,1.1999609766409185,12,1.035806931829133,0.6709726101735873,0,-0.93733695161788,3,0.32484974849802,-0.2067936485059296,-1.4138761977754348,-0.6409034983328459,-1.638577998657535,0.2455222921516055,-1.2256496725584014,-0.1979222251048592,True,-2.613837174416353,0.3898070214692408,-1.5602975465588986,0,0,0,1000
0.3730253030029588,-1.1556805023360712,0.0700914852263883,4,-0.6798811946346092,0.4642663069167745,2,-1.49949295554867,3,0.28330532668029,-0.2067936485059296,-1.3564340614376915,0.4497455352608387,-1.7001597360612166,-1.5987500623084236,1.7120391026579536,-1.8627753207519395,True,-1.4265255466640798,0.0198572911195686,2.2234790548218006,0,0,0,1000
0.3744043244558348,-0.1858556850171741,-1.0374862547283508,21,-1.2854181804453415,-1.1893841191377277,0,0.5804842589952534,2,-0.7304391794012987,-0.2067936485059296,0.7524020216114118,0.572368999408185,1.6252540837375906,-0.4102189894341826,1.5510698547008932,1.439183318948103,True,1.7898882763397626,0.7578206085439032,1.7471243661371212,0,0,0,1000
0.3757833459087109,1.4467990434189544,-0.6470618714930105,17,0.8844226853764499,0.2231089531171596,2,0.9739934617468065,0,-1.0788156848149264,-0.2067936485059296,1.373824258662418,1.63484027346478,-0.0528482605127335,1.4613759184252546,1.0815762148261332,0.7038732017039758,True,2.0208861301554286,0.6980604960123601,0.6116805140312638,0,0,0,1000
0.3771623673615868,-1.099863246663041,1.6963608525185052,37,0.1628244439519935,-1.258286220223332,0,0.8053466605675694,2,0.600636264246138,-0.2067936485059296,0.6617617487932232,-1.0075014429798033,-0.4531295536366641,1.4886984718246623,-0.0049662088840255,-0.5586403958283933,True,-1.034599103725282,1.018895845270109,-0.9925545082077836,0,0,0,1000
0.3785413888144628,-0.8835713809300496,1.241024064858082,13,1.5757440775103695,0.1886579025743575,1,0.9177778613537274,2,-1.3233493238148013,-0.2067936485059296,0.7052879080261647,-1.251661355023314,-0.4223386849348233,-0.6151381399297413,-0.876882968651437,0.0934270666333798,False,-0.5357361568319172,-1.6423083570678387,-0.7989382079110323,0,0,0,1000
0.3799204102673388,1.258415805522478,-1.3921245436622434,3,0.9954377994417508,0.3953642058311703,1,-1.387061754762512,3,-1.7077935573996443,3.1124756489183207,-1.4293495047198446,-1.0450281516764957,1.2403682249645809,0.6280380397433154,1.6852108946651103,-1.8766490965489984,True,-0.0372249610576012,2.377461326764299,-0.956912111972249,0,0,0,1000
0.3812994317202148,-0.2137643128536892,-0.2386881029186617,37,1.035806931829133,-0.8104225631669043,1,0.8615622609606484,1,1.133471172798824,-0.2067936485059296,-0.6887748273671129,-1.7031970671598704,-0.9765743215679576,1.0105537873350252,-1.5878304804617878,-1.1552127551019302,True,-0.4500867244484512,-0.2705460839483419,-0.5871311535198003,0,0,0,1000
0.3826784531730908,0.3025453021218386,0.5676508116428997,35,-0.8564961488294062,-0.6381673104528937,1,-1.274630553976354,3,0.1983874950706012,-0.2067936485059296,-0.8203466303757874,0.7133290750638525,1.548276911982989,-0.0413645185421767,0.0621043110980829,-0.6696306022048653,True,-1.387997442018687,0.1126148225966285,1.4018773309117587,0,0,0,1000
0.3840574746259668,1.0839868815442593,1.6315113102500756,42,1.03076079028071,-0.5692652093672893,2,-1.274630553976354,3,1.9868907279010772,-0.2067936485059296,-1.3667469119998006,-0.6784335804907241,1.5790677806848294,-0.669783246728557,0.1023466230873481,0.8981060628628018,True,-2.998258222249876,3.241634694801613,-1.4739838595180776,0,0,0,1000
0.3854364960788429,1.5933193395606584,0.377736883181121,22,0.5211004938900103,0.1886579025743575,1,-0.4313965480801688,1,-0.9406610984409725,-0.2067936485059296,-1.083733921802183,-1.308538454725375,1.6560449524394316,0.5597316562447958,-1.0378522166084974,0.2182910488069108,True,-1.461470804983304,-0.3553223914548225,-0.7642114550091819,0,0,0,1000
0.3868155175317189,0.804900603179109,-1.3690723758003187,14,-0.836311582635715,-0.0869505017680595,0,-1.49949295554867,3,1.578306680802934,-0.2067936485059296,-1.1403445957188152,0.53482487929892,1.332740831070103,0.4914252727462762,-1.520759960479679,0.3292812551833828,True,0.2287277800815035,-2.160816077228388,1.869770558044725,0,0,0,1000
0.3881945389845949,0.5118600108957013,-0.0128749922400788,12,1.227560310669198,-1.430541472937343,0,-1.330846154369433,3,-0.6011506974392071,-0.2067936485059296,-1.4963935324211652,-1.1672101276937945,-0.2529889070746988,-1.6943789992063512,1.1084044228189769,-0.0453106913372102,True,-1.4835185401810864,0.0077398105646477,-0.8567438389608658,0,0,0,1000
0.3895735604374709,0.0164818667975597,-1.451319462460632,6,-0.2711437292123648,-1.0860309675093214,0,1.5361494656775965,2,0.8192481196371983,-0.2067936485059296,0.6706488486202998,1.3810278007549293,0.7785051944369683,-0.7244283535273728,0.4913556389835778,1.161707803006923,True,2.121968311080932,-1.1889907406137423,0.7240983324474162,0,0,0,1000
0.3909525818903469,0.6444259931191477,-0.2101972807307637,31,1.278021726153426,1.4633467726580365,2,-0.93733695161788,3,-0.6561257527358736,-0.2067936485059296,-0.9779795385486992,-0.8102070684090296,-0.1298254322673355,-1.6670564458069432,-1.29272019254051,1.4946784221363392,True,-0.7677822578179354,0.1379158490425061,-1.2342525292810789,0,0,0,1000
0.3923316033432228,-0.6672795151970583,-0.8235040226968506,21,-1.6386480888349355,-1.017128866423717,1,-0.2065341465078527,1,0.3522237231242945,-0.2067936485059296,0.978144328749714,0.4402711151093836,0.8092960631388092,-0.669783246728557,0.9206069668690726,0.2876599277922058,False,1.8016483514465649,-0.2900576528821183,2.271327231219406,0,0,0,1000
0.3937106247960989,-1.6161728616385689,-0.9880706186406382,3,0.2233781425330667,0.3609131552883682,1,-0.93733695161788,3,-1.449180960650241,-0.2067936485059296,-1.50629386980213,0.9673256734616598,1.0864138814553763,0.2455222921516055,-1.5610022724689443,-0.6696306022048653,True,-0.5182232511614918,1.431893128311918,1.0337778930684465,0,0,0,1000
0.3950896462489749,0.2816138312444524,-0.3957095013770021,0,1.1114990550554746,1.635602025372047,0,0.4680530582090954,1,-0.7117529458539462,-0.2067936485059296,0.6585701666351953,-1.5150617485303284,1.6252540837375906,-0.4102189894341826,1.5510698547008932,1.439183318948103,True,1.0542796680121975,0.2816474033074775,-0.6600391482221472,0,0,0,1000
0.3964686677018509,0.7700148183834652,0.6739783609934732,26,1.2426987353144665,0.3953642058311703,2,-1.330846154369433,3,-0.3534180473878296,-0.2067936485059296,-1.230636425065618,0.3748760259127537,-0.4993158566894253,1.6389725155214054,1.457171126725941,0.1489221698216158,False,-1.9046147860590912,-0.238196116323963,2.6675478401436896,0,0,0,1000
0.3978476891547269,-0.3253988241997492,-0.3818843331548718,8,-0.9321882720557478,-0.0524994512252573,1,1.4799338652845175,2,-0.0414729400948349,-0.2067936485059296,0.3308955217713539,1.5967392057958445,0.4859919417694806,0.696344423241835,1.2425454627831938,-1.0997176519136944,False,0.7127798549262258,0.0158378660720879,0.6262763097082911,0,0,0,1000
0.3992267106076029,-0.5975079456057707,0.7108649716459664,17,-0.6496043453440725,0.5331684080023787,2,-1.049768152404038,3,-1.4703801694062202,-0.2067936485059296,-0.9162096004564564,1.4935285960964717,-0.991969755918878,-1.4757985720110882,1.13523263081182,1.286571785180454,False,-1.627074572102423,-1.045241757433744,0.66955526372786,0,0,0,1000
0.4006057320604789,-0.8765942239709209,-0.735889728486066,39,0.9752532332480596,0.3609131552883682,1,1.0302090621398854,0,-1.0788156848149264,-0.2067936485059296,1.2529747916489842,1.362263303782633,-0.6532702001986294,-0.4785253729327021,0.8401223428905423,0.3292812551833828,True,1.98886452013505,0.7938893813849656,0.7340724247772298,0,0,0,1000
0.4019847535133549,-1.3580180541508051,-0.4601266547847029,14,-0.6849273361830319,1.1877383683156193,1,1.0864246625329643,0,-0.805897272154619,-0.2067936485059296,1.8242457448015927,-0.838236286832608,-0.4839204223385048,-1.0522989943202667,1.4705852307223628,-0.0314369155401512,True,2.284372399586296,0.3708148159366222,-1.192981185623397,0,0,0,1000
0.4033637749662309,-0.5347135329736119,1.6285181734163243,38,-0.7202503270219913,-1.6027967256513531,0,0.3556218574229373,2,1.4423072410930085,-0.2067936485059296,-0.2222517573534591,0.5067043597806632,0.4552010730676398,1.1471665543320644,-1.0646804246013408,1.244950457789277,True,-1.8507699307697836,2.348823553769924,1.9735370011009363,0,0,0,1000
0.4047427964191069,-0.5068049051370969,0.9055720444566886,11,-1.3358795959295695,0.912129963973202,1,0.4118374578160163,1,0.9233857416348982,-0.2067936485059296,0.3166700782880283,0.1212813046813908,0.5783645478750031,1.6253112388217017,0.0486902071016612,0.7454945290951528,True,-0.5889019661686603,0.8361923138744703,8.245287087719872,0,0,0,1000
0.4061218178719828,-1.0859089327447835,0.5082784456200143,22,0.8894688269248725,0.326462104745566,1,-1.387061754762512,3,0.8659262724603146,-0.2067936485059296,-1.4325997161065045,0.7702907289382201,-1.4538327864464902,-0.2326223923380316,0.8803646548798074,0.5373878921392677,False,-1.9408781617265185,0.4401316597876617,1.2982109645241582,0,0,0,1000
0.4075008393248589,0.4141798134678988,1.4765289414381426,33,0.5564234847289696,1.2221894188584217,2,0.4680530582090954,1,-1.302606210010628,-0.2067936485059296,0.0755260659503712,-1.5903874368878193,1.332740831070103,-1.5714275089090155,1.323030086761724,0.1905434972127928,True,-1.4010028754877717,-1.9233357683777437,-0.628777642279817,0,0,0,1000
0.4088798607777349,-0.848685596134406,-1.5967654509782985,4,1.6817130500272477,0.4987173574595767,2,0.8053466605675694,0,-1.1189017032627826,-0.2067936485059296,1.658484418210867,-1.1202708093602802,-0.5608975940931069,1.0925214475332483,0.8937787588762292,0.8564847354716248,True,3.255249869189165,1.7866235828107833,-0.8926413871617159,0,0,0,1000
0.4102588822306109,0.2467280464488087,-1.1913197543809344,22,-1.5528636825117483,-0.5348141588244872,2,1.5923650660706756,2,0.6874037218721623,-0.2067936485059296,0.5633921579962945,0.2717813109283183,1.147995618859058,1.3247631514282154,1.0815762148261332,-0.9054847907548684,False,1.7547119123772288,-0.8189176331012845,3.679427509719374,0,0,0,1000
0.4116379036834869,1.7049538509067184,0.1425924264974915,3,1.6918053331240932,0.4987173574595767,2,-0.1503185461147737,0,1.6257663138470562,-0.2067936485059296,0.8205628576082648,1.1176405746286733,0.4859919417694806,1.6116499621219975,0.5986684709549516,1.231076681992218,False,0.6779704311107733,0.231821963609334,0.8947419530272925,0,0,0,1000
0.4130169251363629,1.5584335547650146,-1.577897633396847,35,1.21242188602393,-0.8448736137097064,0,0.5804842589952534,1,-1.491643875679105,-0.2067936485059296,-1.061288108056441,-0.0202983996192089,-1.330669311639127,-0.4785253729327021,0.9206069668690726,-0.5308928442342753,True,0.5166095253404062,2.3536613413049605,-49.26521032597566,0,0,0,1000
0.4143959465892389,1.523547769969371,-0.2354224560236847,26,-0.4275741172134706,-0.1903036533964659,1,-1.049768152404038,3,2.021362067533934,-0.2067936485059296,-1.065104755309614,-0.6124866583368669,1.1326001845081377,-1.0386377176205628,0.9876774868511812,-1.6407949079989952,True,-0.8296822992859293,-0.475874022451952,-1.6326888915168667,0,0,0,1000
0.4157749680421149,-0.0393353888754703,0.2490900991964232,36,0.0770400376288064,-0.1214015523108616,2,-0.4313965480801688,0,1.864012582378731,6.431744946342571,1.6789500686653784,-0.2080468584256506,0.9016686692443318,0.7646508067403546,-1.2256496725584014,-1.4881833742313462,False,1.429859969468955,0.4643070790480991,-4.806611780771237,0,0,0,1000
0.4171539894949909,1.5933193395606584,1.3218986736913287,4,-0.7101580439251458,-1.22383516968053,0,-1.274630553976354,3,1.1867614863444798,-0.2067936485059296,-1.0742180764904568,-1.459077419007934,-0.5455021597421865,-0.8063960137255962,0.6120825749513732,0.953601166051038,True,-2.3961167501817853,1.5687784347867175,-0.6853646389897465,0,0,0,1000
0.4185330109478669,-1.6510586464342127,-1.3392304116133944,18,-0.1096671996628361,1.5666999242864428,2,-1.105983752797117,3,1.9434104844676097,-0.2067936485059296,-1.2174410017072774,1.5782958405641867,-1.1767149681299232,0.2045384620524938,-0.9305393846371236,-1.6130473564048773,True,0.1217894099061169,-2.6026744230473438,0.6335947361320173,0,0,0,1000
0.4199120324007429,0.7700148183834652,-0.6480564235210496,42,0.1577783024035707,0.6365215596307852,2,0.1869750562437003,1,0.4328703072542469,-0.2067936485059296,0.3407287245908121,-0.2641216184720944,-0.791829109356913,1.679956345620517,0.5852543669585298,-0.8916110149578094,False,0.9887851481118616,-0.2805243831676451,-3.7861360398988255,0,0,0,1000
0.421291053853619,-1.6231500185976977,0.1927330740811333,18,-0.7656656009577962,0.2575600036599618,0,0.9739934617468065,2,-0.3534180473878296,-0.2067936485059296,-0.9600344414121128,1.164257237722949,0.6707371539805255,-1.1069441011190826,-0.1659354568410861,-1.6130473564048773,True,-1.152767515493246,-0.068115346708808,0.8589166394740504,0,0,0,1000
0.422670075306495,-0.9533429505213372,1.124267547159357,33,-1.275325897348496,0.5676194585451809,0,0.2431906566367793,0,-0.0258635578477847,-0.2067936485059296,1.957522505170472,-0.734657425757322,0.5783645478750031,1.6253112388217017,0.0486902071016612,0.7454945290951528,True,0.8332549580111148,-0.0290775587423431,-1.3611788311906496,0,0,0,1000
0.4240490967593709,-1.337086583273419,1.2127670577978968,5,-0.1651747566954866,-0.6037162599100915,1,-0.7124745500455638,1,1.3724795730738664,-0.2067936485059296,-0.5830578219036379,-1.6562351139900118,-0.9457834528661168,-1.0659602710199707,1.1084044228189769,-1.2107078582901665,False,-1.7958248797015348,1.6644980137245065,-0.6037790479932643,0,0,0,1000
0.4254281182122469,0.9863066841164568,-1.3696542207059552,34,1.7271283239630524,1.1532873177728171,1,0.5804842589952534,0,-0.1856465098343156,-0.2067936485059296,-1.5023034636338206,-0.4529196589926865,0.5475736791731622,-0.6014768632300375,-0.2464200808196164,-1.6407949079989952,True,-0.1326492429278654,0.2542715257539,-2.207897583897779,0,0,0,1000
0.4268071396651229,-0.1160841154258866,-1.4836598676426065,36,0.369716247437327,-0.9826778158809149,0,0.2431906566367793,0,-0.2518142449081098,-0.2067936485059296,1.5278642740360946,1.3619368397968945,-0.4223386849348233,1.2564567679296956,-0.9037111766442802,1.605668628512811,True,3.0115241416787013,0.373606689270889,0.7342483860883676,0,0,0,1000
0.4281861611179989,1.4956391421328556,1.6607583561644073,9,1.1468220458944338,1.2910915199440256,2,-0.6562589496524849,0,0.7838085591320157,-0.2067936485059296,1.4162838850646975,1.1643430977511982,0.3782239013130378,-0.5604930331309258,0.7193954069227468,1.633416180106929,True,-0.2444744710997095,1.3017166142116792,0.8588533019571813,0,0,0,1000
0.429565182570875,1.404936101664182,-0.3121518261288305,19,0.9601148086027914,0.326462104745566,0,0.2431906566367793,1,-1.302606210010628,-0.2067936485059296,-1.4212072373281108,-1.1386205882493596,-0.5608975940931069,-0.4921866496324061,0.8937787588762292,-1.5852998048107594,True,-1.1090554111992803,0.4066109071815724,-0.8782557580160094,0,0,0,1000
0.430944204023751,-0.3184216672406205,-1.108590930120375,15,-1.5175406916727892,-0.2592057544820701,2,1.7047962668568335,2,1.090266048425438,-0.2067936485059296,0.5031559510460913,0.7887582525048226,-1.4692282207974106,-0.7654121836264846,-0.1525213528446644,-0.3505337588725082,False,1.611746881166466,-1.2086590527026222,1.2678154175158305,0,0,0,1000
0.4323232254766269,-0.1509699002215304,-0.040457436973365,30,-1.6739710796738951,0.8087768123447958,2,0.4118374578160163,2,1.3013479113434747,-0.2067936485059296,0.1133021170229519,-1.5623136017195232,1.5328814776320685,-1.544104955509608,-1.574416376465366,1.61954240430987,True,0.1537595539963169,-0.0526492011035988,-0.6400763988145618,0,0,0,1000
0.433702246929503,-0.8207769682978908,-1.1568129200254202,11,-0.639512062247227,-1.6027967256513531,1,-0.8811213512248008,0,-0.564866129107652,-0.2067936485059296,-1.0385184635271236,1.1079685349445176,0.5167828104713215,-0.1233321787404002,-0.8634688646550153,0.5790092195304448,True,0.1182944564982966,0.653444436236479,0.9025526251021316,0,0,0,1000
0.435081268382379,-0.0253810749572128,-0.7287698962906038,6,0.7633152882143033,-0.9137757147953108,2,-0.7124745500455638,1,-0.5829717049916499,-0.2067936485059296,-0.5190747316729368,0.4598542749365844,-0.4993158566894253,1.2837793213291036,-1.1988214645655582,0.6899994259069169,False,0.209695164617667,0.4248522289871211,2.174601470602304,0,0,0,1000
0.4364602898352549,1.2095757068085768,0.4053383486601916,10,-0.7353887516672596,-1.4649925234801446,0,-0.9935525520109588,3,0.1839862714709786,-0.2067936485059296,-1.025761324604635,0.9018865116269548,1.3481362654210234,-0.2052998389386238,0.5181838469764212,0.92585361445692,True,-1.431099673264827,0.0745766914541922,1.108786833187438,0,0,0,1000
0.437839311288131,-0.8765942239709209,-0.9231248502571752,31,0.0114401974993103,1.5666999242864428,2,1.2550714637122016,2,-0.6194028630245529,-0.2067936485059296,0.0289349218755429,-1.4492414944029377,-0.5301067253912661,-1.1069441011190826,0.66573899093706,-1.6269211322019363,True,0.9520597721327182,0.5717861751784061,-0.6900161725038103,0,0,0,1000
0.4392183327410069,-0.7649597126248608,-1.468202426160884,26,1.651436200736711,-0.5003631082816851,1,-1.330846154369433,3,-0.5288762138917308,-0.2067936485059296,-1.0543042673380072,0.7036478943880962,-0.4685249879875845,-0.6561219700288532,-0.5012880567516289,-1.4881833742313462,True,0.4138981588228769,0.7764973403746218,1.421165139352975,0,0,0,1000
0.440597354193883,0.8886264866886541,1.4399412515862124,38,1.611067068349329,0.5676194585451809,0,-1.049768152404038,3,0.0959938744403302,-0.2067936485059296,-1.391811866932884,-0.4151384172084464,1.6406495180885112,0.696344423241835,0.6254966789477949,-0.3089124314813312,False,-2.8317531185190967,0.1382255397062189,-2.4088357025783456,0,0,0,1000
0.4419763756467589,-1.3231322693551613,-1.030366004402797,26,-0.7000657608283003,-0.8104225631669043,0,-0.6000433492594058,1,0.5627146920237458,-0.2067936485059296,0.9446451737697716,0.6002764467650828,1.6868358211412722,-1.3118632516146411,-0.7561560326836414,0.2737861519951468,True,1.975011178172568,-0.5798020888392572,1.665898835110325,0,0,0,1000
0.443355397099635,-0.1160841154258866,-1.0132036940553752,20,-1.5175406916727892,-0.0524994512252573,0,-1.162199353190196,3,-0.9406610984409725,-0.2067936485059296,-1.1682908666961238,-0.2836885639213367,-0.376152381882062,1.4886984718246623,-0.5147021607480506,1.591794852715752,False,-0.1550871726407485,0.9530812997945802,-3.5249935304993145,0,0,0,1000
0.444734418552511,-1.6789672742707276,-0.4583650329101202,39,-0.6899734777314547,0.2920110542027639,1,0.5804842589952534,0,-1.1189017032627826,-0.2067936485059296,1.8834970694406945,1.3621577470939108,-0.7302473719532313,1.7346014524193327,-1.6012445844582095,-1.668542459593113,True,2.341862102350815,0.5128654160392349,0.7341293097077151,0,0,0,1000
0.4461134400053869,-1.5324469781290238,0.7395392413659652,8,-1.5982789564475537,-1.4994435740229468,0,-1.274630553976354,3,-0.9406610984409725,-0.2067936485059296,-0.840341362044051,-0.0766533745867451,-0.5147112910403457,-0.9566700574223396,-0.9573675926299672,-0.1008057945254462,True,-1.579880603410016,-0.6956557951235123,-13.045757084628445,0,0,0,1000
0.447492461458263,1.230507177685963,0.9320351029340368,27,0.5665157678258151,0.6365215596307852,0,-1.387061754762512,3,0.5499720170437528,-0.2067936485059296,0.9746203124557228,1.1838377858382636,0.3628284669621174,-1.2982019749149374,-0.6488432007122678,0.4402714615598547,True,0.0425852095216857,0.512593225516214,0.8447102529514927,0,0,0,1000
0.448871482911139,-0.0602668597528565,-1.2814995809435497,16,-1.4721254177369842,0.050853700403149,0,0.6929154597814113,0,0.9461026985522468,-0.2067936485059296,-1.4667076096098957,-0.7436355118291255,-1.669368867359376,1.693617622320221,-0.4342175367695203,-0.0175631397430922,True,-0.185208028666346,-1.2124302117242656,-1.3447449974716676,0,0,0,1000
0.450250504364015,1.3630731599094097,-0.3040516635068724,42,0.1275014531130341,-1.0515799169665192,0,-0.7686901504386429,1,-1.796020240971909,-0.2067936485059296,0.2933216516984078,0.3183334429747462,-0.2375934727237784,-1.216234314716714,1.148646734808242,1.1755815788039818,True,0.5973733152052803,0.5460829419595229,3.1413591877728426,0,0,0,1000
0.451629525816891,-1.1696348162543284,0.4644642016283279,27,-1.3762487283169516,-1.430541472937343,1,-1.218414953583275,3,-0.268553453715343,-0.2067936485059296,-1.1958350312868171,-0.3775124634600895,-0.8226199780587538,-0.5331704797315179,1.0145056948440243,0.7732420806892708,False,-1.6602992329151451,-0.1247334654744269,-2.648919868039553,0,0,0,1000
0.4530085472697671,0.7421061905469503,0.8406333443760858,1,-0.5335430897303488,-1.3616393718517383,0,-1.330846154369433,3,0.537177286385998,6.431744946342571,0.2444862940059704,-1.7033094795922932,0.7323188913842071,0.4504414426471644,-1.3463766085261968,-0.2950386556842722,True,-0.5961470503701154,0.4515691387775319,-0.5870924049272609,0,0,0,1000
0.454387568722643,0.0234590237566884,-0.267460084121695,17,1.1064529135070518,1.1877383683156193,0,-1.049768152404038,3,-0.4226946174867851,-0.2067936485059296,-1.3326282229120665,-1.054164681602711,-1.7309506047630576,0.9559086805362094,-0.6756714087051112,0.6345043227186808,True,-1.0651681387903713,0.1130539379508032,-0.9486184770879312,0,0,0,1000
0.455766590175519,-0.0672440167119853,-0.0002315944763173,37,-1.5124945501243665,-1.017128866423717,1,0.1307594558506213,1,1.0793829379893547,-0.2067936485059296,0.0913992120560615,0.6662115073941249,1.6868358211412722,0.8329571902388742,0.5181838469764212,-1.3771931678548743,True,0.0916308065323788,-0.0002499791262694,1.501024582732028,0,0,0,1000
0.457145611628395,-0.757982555665732,0.1523948486452257,32,0.415131521373132,-0.8104225631669043,2,-1.049768152404038,3,0.6628510710023714,-0.2067936485059296,-0.9402980160235608,0.1768849771964134,0.3012467295584358,-0.8883636739238198,-0.407389328776677,-1.5991735806078182,True,-1.0926928646687866,0.1010150886397321,5.653388153764936,0,0,0,1000
0.458524633081271,-0.8137998113387621,-1.4198374473339317,16,1.081222205764938,0.1542068520315554,1,1.3112870641052805,0,0.28330532668029,-0.2067936485059296,1.814351277861612,-0.7818945880671585,1.0864138814553763,0.7783120834400585,1.1084044228189769,-0.8916110149578094,True,3.234188725195544,-0.4022475118498486,-1.2789449411160294,0,0,0,1000
0.459903654534147,-1.4905840363742513,-0.9801128751565702,29,-0.1702208982439093,1.2910915199440256,1,1.6485806664637546,2,0.8774958557738228,-0.2067936485059296,-0.8657286184844664,1.427492549274508,0.8554823661915704,-0.8337185671250041,1.2559595667796155,-1.3771931678548743,False,0.1143842566721038,-0.8600449861404565,0.700529001328468,0,0,0,1000
0.461282675987023,-0.5347135329736119,1.9154301618188856,1,-1.426710143801179,-0.0524994512252573,2,1.1988558633191224,2,0.0204634203862926,-0.2067936485059296,0.7830539692992742,1.0983900816029406,1.0864138814553763,-1.6943789992063512,1.698624998661532,0.0934270666333798,True,-1.1323761925196114,0.0391962526218844,0.91042328741563,0,0,0,1000
0.462661697439899,-1.6161728616385689,0.4612142070221379,22,0.0568554714351153,0.2575600036599618,0,1.9858742688222288,2,1.4423072410930085,-0.2067936485059296,0.6545330701599875,-1.0072577920251136,0.5013873761204011,-0.8063960137255962,-0.7561560326836414,1.078465148224569,True,0.1933188631378495,0.6652125904829994,-0.9927946025306376,0,0,0,1000
0.464040718892775,0.9095579575660404,-0.1687351458060253,2,0.28393184111414,-0.8104225631669043,2,1.8734430680360703,2,0.1839862714709786,-0.2067936485059296,0.7514461081048858,-0.3495899987598476,0.5321782448222419,0.7236669766412428,0.9206069668690726,1.2588242335863358,False,0.9201812539109112,-0.0310449503429625,-2.860494549606408,0,0,0,1000
0.465419740345651,1.125849823299032,1.6089090743817414,13,0.4655929368573597,-0.3970099566532786,1,0.6366998593883324,2,0.125634056650171,-0.2067936485059296,-0.4469776674362163,1.1746533745274732,0.9324595379461724,-0.9156862273232276,-0.6622573047086895,-1.1413389793048714,True,-2.055886741817958,0.20213377379585,0.8513148955714527,0,0,0,1000
0.4667987617985271,0.3234767729992249,0.2435743043038064,28,1.272975584605003,0.9810320650588064,0,1.0864246625329643,2,-1.0191957916838013,-0.2067936485059296,0.7712163827893731,-1.6372837707965444,-0.3915478162329824,-0.9976538875214512,0.3035581830336738,-0.4892715168430983,True,0.5276420784855667,-0.2482499059087491,-0.6107677110793491,0,0,0,1000
0.468177783251403,-0.2905130394041054,0.0489651918847282,33,-0.1853593228891777,0.0164026498603468,2,1.4799338652845175,2,1.321808337944639,-0.2067936485059296,0.2989248514224008,0.9017818255088612,1.2403682249645809,-1.3528470817137532,-0.9305393846371236,0.3709025825745598,False,0.2499596595376725,0.064722598902293,1.108915550104551,0,0,0,1000
0.4695568047042791,1.1118955093807743,-1.533333241304272,34,-0.8918191396683656,0.1542068520315554,1,-0.7686901504386429,1,0.28330532668029,-0.2067936485059296,0.5909432787882262,0.5814449158543815,0.5321782448222419,-0.2189611156383277,0.3303863910265172,-1.5159309258254643,True,2.124276520092498,-0.4344014748374548,1.7198530776475731,0,0,0,1000
0.470935826157155,-1.0021830492352384,-0.5653952198695837,8,-0.4578509665040072,-0.3625589061104765,2,-0.93733695161788,3,-1.240772553225037,-0.2067936485059296,-0.8020809486275006,0.4027076248036315,0.0857106486455501,0.9695699572359132,-0.6756714087051112,-1.0442225487254582,True,-0.2366857287579168,0.7015268705388147,2.4831905086688373,0,0,0,1000
0.472314847610031,-1.7138530590663714,0.7300507989182549,25,-0.3872049848260885,0.326462104745566,2,0.6366998593883324,2,-1.751781892697946,-0.2067936485059296,0.2458488051225203,0.1769436318925178,0.7939006287878887,-1.2298955914164178,-0.9439534886335454,0.953601166051038,True,-0.4842019937957345,-1.2788897702946682,5.651514124317424,0,0,0,1000
0.4736938690629071,1.1049183524216457,1.396820475616978,19,0.4958697861478964,1.35999362102963,2,0.3556218574229373,2,0.5627146920237458,-0.2067936485059296,-0.3556571533358482,0.1209820460277968,-0.9765743215679576,1.0105537873350252,-1.5878304804617878,-1.1552127551019302,True,-1.752477628952826,0.7860114037492699,8.265682440202703,0,0,0,1000
0.475072890515783,1.6700680661110747,0.6522371861085128,35,-1.497356125479098,1.1532873177728171,0,1.3675026644983594,2,-0.6931384774092352,-0.2067936485059296,0.6261346006144723,0.9857275777671288,1.117204750157217,-1.011315164221155,-0.7829842406764849,1.522425973730457,True,-0.0261025854940404,-0.4520906900889385,1.014478970769291,0,0,0,1000
0.4764519119686591,-1.071954618826526,-1.5428558865974942,17,0.1527321608551479,1.394444671572432,0,1.2550714637122016,2,1.8102386896473937,-0.2067936485059296,0.7601072163021616,1.0049701268358753,-0.3915478162329824,-0.9976538875214512,0.3035581830336738,-0.4892715168430983,True,2.302963102899656,-2.792937418469016,0.9950543541458696,0,0,0,1000
0.4778309334215351,-1.33010942631429,-0.0675779248519733,39,-1.3409257374779922,-1.533894624565749,1,-0.7686901504386429,1,-1.3441580977555516,-0.2067936485059296,0.6392489385102909,0.2620774954162174,1.1326001845081377,0.9695699572359132,0.6925671989299035,-1.5159309258254643,True,0.7068268633622642,0.090835414919296,3.815663824341239,0,0,0,1000
0.4792099548744111,1.0700325676260016,-0.6651795061066278,10,1.5757440775103695,0.1542068520315554,0,1.4237182648914386,2,0.4328703072542469,-0.2067936485059296,-0.7965815702856232,-1.6463266055588526,-1.2382967055336047,1.1471665543320644,0.5718402629621081,0.2876599277922058,True,-0.1314020641789953,-0.2879364571876042,-0.6074129260650795,0,0,0,1000
0.4805889763272871,0.0513676515932035,0.4217917937295024,1,-1.6487403719317812,-1.3616393718517383,1,-1.387061754762512,3,-1.2613176508759902,-0.2067936485059296,-1.2924162535542,1.3709951271878609,1.548276911982989,-0.8337185671250041,0.2901440790372521,1.508552197933398,True,-1.7142080472837022,-0.5320134344256663,0.7293971417035245,0,0,0,1000
0.4819679977801631,0.0443904946340747,1.2536191437873383,29,-1.3156950297358785,-1.3960904223945405,1,-0.93733695161788,3,-0.1856465098343156,-0.2067936485059296,-1.485811835076056,-0.9418060069162936,0.7323188913842071,0.5460703795450919,-0.0049662088840255,-0.0036893639460332,False,-2.7394309788633944,-0.2327300187056024,-1.0617899002929896,0,0,0,1000
0.4833470192330391,0.4630199121818,1.4774616134195369,5,-1.5478175409633257,-0.5348141588244872,2,-1.274630553976354,3,0.110853606478371,-0.2067936485059296,-0.9972282946382344,-1.7315722285870034,-0.991969755918878,0.6280380397433154,0.4108710150050475,0.0518057392422027,True,-2.474689908057772,0.1637819482809085,-0.5775098729592163,0,0,0,1000
0.484726040685915,1.097941195462517,-0.5642128942833146,38,0.3343932565983676,-1.3616393718517383,1,0.4118374578160163,0,-1.862844008126029,-0.2067936485059296,0.9379829529461798,1.041941737935483,0.347433032611197,0.4641027193468683,-0.2061777688303512,-0.0175631397430922,True,1.5021958472294945,1.051040609423117,0.959746469132493,0,0,0,1000
0.4861050621387911,0.6025630513643752,-0.7688115812915791,15,0.0467631883382697,-0.3281078555676744,2,0.9177778613537274,2,0.8192481196371983,-0.2067936485059296,0.8481112490192884,0.2050995183425629,-1.330669311639127,1.188150384431176,-0.1122790408553992,-0.5863879474225113,True,1.6169228303108674,-0.6298474423284273,4.87567947751991,0,0,0,1000
0.4874840835916671,0.1560250059801348,2.138917452157828,5,0.4100853798247092,0.8776789134304002,0,-0.8249057508317219,0,-1.0788156848149264,-0.2067936485059296,0.3036481446872817,-1.5900184237626056,-1.5462053925520127,-0.5468317564312217,1.6717967906686886,-1.1552127551019302,True,-1.8352693074705455,-2.307497695912244,-0.6289235696564859,0,0,0,1000
0.488863105044543,-1.3440637402325477,-0.4229532797241866,18,-1.255141331154805,0.7398747112591916,2,1.2550714637122016,0,-0.2020694574570239,-0.2067936485059296,-1.066100715749423,-0.471573811137803,-0.0220573918108927,-0.9839926108217472,0.4511133269943127,0.911979838659861,True,-0.6431474360252363,0.0854659397635353,-2.120559260157275,0,0,0,1000
0.4902421264974191,0.0583448085523322,-1.2970578422039465,14,-0.7858501671514874,0.0164026498603468,1,-1.218414953583275,3,0.4461042836433006,-0.2067936485059296,-0.901771654204816,-0.5469534748742693,0.5475736791731622,-0.6014768632300375,-0.2464200808196164,-1.6407949079989952,False,0.3952861879991302,-0.5786230595403167,-1.8283094061351657,0,0,0,1000
0.4916211479502951,-1.0231145201126248,-1.403948665072292,17,-0.0491135010817628,-1.4649925234801446,1,0.7491310601744904,1,2.021362067533934,-0.2067936485059296,-0.5814936387901422,-1.3365518940563097,-0.9457834528661168,-1.0659602710199707,1.1084044228189769,-1.2107078582901665,True,0.82245502628215,-2.837888576342035,-0.7481939753079778,0,0,0,1000
0.4930001694031711,-0.5835536316875132,-0.714588553231003,37,1.6615284838335564,-1.3960904223945405,2,0.8615622609606484,0,-0.0103374563904445,-0.2067936485059296,1.5519801754355655,1.2393634334606949,0.5167828104713215,-0.1916385622389199,-0.4744598487587855,-0.0591844671342692,True,2.2665687286665683,0.0073870280061363,0.8068657605308782,0,0,0,1000
0.4943791908560471,1.4188904155824396,-0.6130336457014337,32,0.0063940559508876,-1.3271883213089362,2,0.6929154597814113,1,-0.2518142449081098,-0.2067936485059296,0.9911279502849256,1.3717351122222023,1.332740831070103,0.4914252727462762,-1.520759960479679,0.3292812551833828,True,1.604161595986359,0.1543706045955722,0.7290036670998671,0,0,0,1000
0.4957582123089231,-1.5184926642107663,0.6328058530618977,8,-1.3611103036716834,-0.0524994512252573,2,1.5923650660706756,2,0.125634056650171,3.1124756489183207,0.2650585986699498,0.9955143151316072,-1.3460647459900474,1.529682301923774,1.2425454627831938,0.8703585112686838,True,-0.3677472543919479,0.0795019663921383,1.004505795998745,0,0,0,1000
0.4971372337617991,-0.9393886366030798,-1.3084848264832571,32,-0.9977881121852435,0.8776789134304002,2,0.8053466605675694,2,-0.6377279608971212,-0.2067936485059296,-0.207531001243658,-0.6411188557421049,0.7323188913842071,-0.7790734603261885,-1.668315104440318,1.2033291303981,False,1.1009538252395992,0.8344573602579911,-1.5597734289374898,0,0,0,1000
0.4985162552146751,0.5607001096096026,-1.040039416037622,30,-1.451940851543293,0.3953642058311703,1,-1.443277355155591,3,1.5495571485901265,-0.2067936485059296,-1.080346558941564,1.0991585778253696,0.5629691135240826,-0.6151381399297413,-1.6414868964474745,1.411435767353985,False,-0.0403071429039418,-1.611600511936598,0.9097867488781964,0,0,0,1000
0.4998952766675511,0.379294028672255,-0.6704244848483522,15,-1.30055660509061,1.635602025372047,0,0.2994062570298583,0,-1.6205716478482672,4.772110297630446,1.9592197640867408,0.976102657718248,0.0857106486455501,0.4777639960465722,1.175474942801085,0.3431550309804418,True,2.629644248935093,1.0864709121685197,1.0244823017789793,0,0,0,1000
0.5012742981204271,-1.6231500185976977,-1.157634763341186,17,0.9802993747964824,1.35999362102963,2,-0.93733695161788,3,0.5627146920237458,-0.2067936485059296,-1.0603276805010813,-0.6786196649625953,0.2704558608565949,-1.188911761317306,-1.0915086325941843,-1.7101637869842905,False,0.0973070828401048,-0.6514180893295174,-1.4735796779674617,0,0,0,1000
0.5026533195733032,0.1350935351027485,-0.0247613078299308,30,-1.0633879523147398,-1.3616393718517383,1,-1.387061754762512,3,0.6131765436908184,-0.2067936485059296,-1.3864528589048597,0.6574602049710814,-0.5301067253912661,1.3520857048276231,1.0145056948440243,-0.2672911040901542,True,-1.3616915510749288,-0.0151830531524214,1.5210043746199786,0,0,0,1000
0.5040323410261791,-1.2952236415186462,-1.283203889561212,33,-0.0087443686943806,-1.292737270766134,0,-1.387061754762512,3,-0.4226946174867851,-0.2067936485059296,-0.9683086844805496,0.2528136445355639,1.255763659315501,1.3384244281279192,1.0279197988404465,1.355940664165749,True,0.3148952050806621,0.5424033772556313,3.955481146157889,0,0,0,1000
0.505411362479055,-1.1277718744995562,-0.3437727091706644,24,0.9802993747964824,1.1532873177728171,2,0.0745438554575422,1,-0.5829717049916499,-0.2067936485059296,0.8579748550928114,-1.731773439223547,1.1787864875608989,1.679956345620517,-1.0915086325941843,-1.4465620468401692,True,1.2017475642634756,0.2004097623948208,-0.577442773456922,0,0,0,1000
0.5067903839319311,-0.8277541252570195,-0.066280116664788,6,0.304116407307831,1.1532873177728171,2,-1.162199353190196,3,-0.5109923747150832,-0.2067936485059296,-1.0397806974900456,-0.0575372759018082,1.301949962368262,-1.4211534652122726,0.759637718912012,0.2876599277922058,True,-0.9735005808252576,0.0338686342109328,-17.380067483787876,0,0,0,1000
0.5081694053848071,0.5118600108957013,0.7748055819174634,1,0.0719938960803836,0.7398747112591916,1,-1.105983752797117,3,0.3522237231242945,-0.2067936485059296,-0.8477276361700588,0.1865664843361555,-0.6686656345495497,0.0269418649563428,0.5718402629621081,1.369814439962808,False,-1.622533218087522,0.2729049067604545,5.360016658707761,0,0,0,1000
0.5095484268376832,-0.1998099989354317,2.089014374821476,31,1.1468220458944338,1.6011509748292447,1,1.2550714637122016,2,1.3319970055926482,-0.2067936485059296,0.550201031500159,0.7695187504332763,-1.669368867359376,1.693617622320221,-0.4342175367695203,-0.0175631397430922,False,-1.5388133433213174,2.782560891902204,1.2995133250302469,0,0,0,1000
0.5109274482905591,0.0443904946340747,-1.4693969451638098,26,-0.7858501671514874,0.4987173574595767,0,0.6366998593883324,1,-1.512971918718622,-0.2067936485059296,0.9324069267139306,-0.988420384762669,1.22497279061366,1.215472937830584,1.6315544786794234,0.7177469775010348,True,2.4018038718777404,2.223156315483771,-1.0117153759547857,0,0,0,1000
0.5123064697434352,-0.7510053987066033,0.7405427721798146,0,0.369716247437327,-1.4994435740229468,0,0.1307594558506213,0,1.8817854608487636,-0.2067936485059296,0.8463060770464915,0.5059558866826928,1.301949962368262,-1.216234314716714,-1.2256496725584014,-1.5714260290137003,True,0.1057633048666769,1.3935426218246132,1.9764565027810297,0,0,0,1000
0.5136854911963111,1.1886442359311906,-0.5691679151402239,29,0.1426398777583024,0.7398747112591916,2,-1.274630553976354,3,0.625667627837102,-0.2067936485059296,-1.4385287989055762,-1.2709269742137197,-0.868806281111515,0.1772159086530859,0.9608492788583376,-0.3505337588725082,True,-0.8693608837653523,-0.3561099393067728,-0.7868273307373935,0,0,0,1000
0.5150645126491871,0.5816315804869889,0.6784089207917261,23,1.1770988951849704,-1.430541472937343,1,-0.2627497469009318,1,0.7719110874194387,-0.2067936485059296,0.7192487138214295,-1.6654963531587794,-1.4230419177446496,-0.0823483486412885,-1.1719932565727147,0.981348717645156,True,0.0408397930297034,0.5236713677633892,-0.6004216449622151,0,0,0,1000
0.5164435341020632,-0.5137820620962256,-0.549998660551584,20,-0.2257284552765598,-0.3970099566532786,0,0.2431906566367793,1,-1.40697668519828,-0.2067936485059296,-0.4474028449983657,1.361761202172567,-1.1459240994280822,0.4777639960465722,-0.313490600801725,-1.5159309258254643,True,0.1025958155532182,0.7738352922863616,0.7343430881789567,0,0,0,1000
0.5178225555549392,0.895603643647783,-1.480663326183686,0,0.3142086904046766,-1.0515799169665192,0,0.4680530582090954,2,-0.1368580718294795,-0.2067936485059296,-0.930752442024398,1.625152128223995,1.4712997402283867,1.1744891077314723,1.6583826866722668,0.3847763583716188,True,0.5499108841592881,0.2026407278501229,0.6153269722263642,0,0,0,1000
0.5192015770078152,-0.9114800087665648,0.3538802828970326,25,0.0316247636930014,0.2920110542027639,0,-1.274630553976354,3,1.2704463137422914,-0.2067936485059296,-1.0884677006336834,-0.7727594728182148,0.424410204365799,0.5597316562447958,-0.7963983446729067,-1.4188144952460513,True,-1.442347983530716,0.4495859009126144,-1.294063889970108,0,0,0,1000
0.5205805984606912,-0.3672617659545217,1.6339775931170533,37,-1.2046799156705774,1.2221894188584217,2,-0.93733695161788,1,0.8426679393432855,-0.2067936485059296,0.0554103536291386,-1.1674981777505449,1.332740831070103,0.4914252727462762,-1.520759960479679,0.3292812551833828,True,-1.5785672394879149,1.3769005313250486,-0.8565324595024015,0,0,0,1000
0.5219596199135672,0.7421061905469503,2.335696443697041,22,-1.6689249381254725,0.5676194585451809,0,-1.162199353190196,3,0.5627146920237458,-0.2067936485059296,-1.021056441924611,0.8726516617040432,-1.3460647459900474,-0.3145900525362552,-1.0378522166084974,-0.1008057945254462,True,-3.356752885621652,1.3143307049759387,1.1459324829039268,0,0,0,1000
0.5233386413664431,1.488661985173727,-1.2575367071619403,9,-0.705111902376723,-1.1549330685949255,0,-0.4876121484732478,0,1.8192490974560207,-0.2067936485059296,1.887762233695165,-0.725339599497693,-1.06894692767348,-0.7517509069267806,-1.6549010004438962,1.120086475615746,False,3.145298940857105,-2.2877725195221768,-1.3786647503582985,0,0,0,1000
0.5247176628193192,-0.8556627530935347,-0.5480905001965868,16,1.3082985754439624,-0.1214015523108616,2,0.2431906566367793,1,0.889026224217017,-0.2067936485059296,-0.3725438838517711,-0.2837265425650109,-0.2375934727237784,-1.216234314716714,1.148646734808242,1.1755815788039818,False,0.1755466163448156,-0.4872668279189878,-3.524521687015011,0,0,0,1000
0.5260966842721952,-1.4487210946194786,0.5818392263404457,3,1.565651794413524,-0.5348141588244872,2,-1.162199353190196,3,0.5243298950584547,-0.2067936485059296,-1.1591493570406532,1.16486163138188,0.9478549722970928,0.518747826145684,-0.1525213528446644,0.6345043227186808,True,-1.740988583381099,0.3050757004879784,0.8584709867785734,0,0,0,1000
0.5274757057250712,1.0560782537077442,-0.5232840646094008,40,0.8036844206016854,0.5331684080023787,0,1.3675026644983594,2,-1.449180960650241,-0.2067936485059296,-0.574957820632732,-1.007318296683804,-1.0073651902697986,-1.325524528314345,0.9340210708654944,-1.5575522532166413,True,-0.0516737560233312,0.7583333034436143,-0.9927349702329452,0,0,0,1000
0.5288547271779472,-0.6533252012788007,0.48495738613208,1,-0.3922511263745112,-0.8104225631669043,2,0.5804842589952534,1,0.9005177508105646,-0.2067936485059296,1.1257091712797185,-0.1239758528181881,0.0241289112418684,1.5433435786234782,0.7998800309012772,0.3847763583716188,True,0.6407517851476384,0.4367127345986312,-8.066093387361894,0,0,0,1000
0.5302337486308232,0.0722991224705897,-1.6404707836920962,34,-0.0289289348880717,1.1877383683156193,0,0.4680530582090954,2,1.899483960335307,-0.2067936485059296,-1.0732243493267903,-0.2646468990251481,0.8708778005424909,1.3247631514282154,-1.386618920515462,1.591794852715752,True,0.5672464343653059,-3.116047941021828,-3.7786211799409473,0,0,0,1000
0.5316127700836991,1.5933193395606584,-1.1611069935139218,20,1.318390858540808,0.5331684080023787,1,0.5242686586021743,0,2.0299372612623108,-0.2067936485059296,1.6751331427850018,-0.8479340083503084,0.7323188913842071,0.6690218698424271,-1.1451650485798712,1.078465148224569,True,2.836240136298924,-2.356974350446166,-1.1793371985153214,0,0,0,1000
0.5329917915365752,0.2816138312444524,0.6961779868847364,36,0.7532230051174578,0.6365215596307852,2,-0.7686901504386429,1,0.472401208410713,-0.2067936485059296,1.211552276487663,0.7229644419602769,-1.1459240994280822,0.0132805882566389,-0.0183803128804472,-0.3644075346695672,False,0.5153742896029265,0.328875322273287,1.3831937003280377,0,0,0,1000
0.5343708129894512,-0.6603023582379295,-1.522420229574514,14,0.0719938960803836,1.670053075914849,1,-1.218414953583275,3,0.6628510710023714,-0.2067936485059296,-1.19913722637787,0.5063805075068104,0.008733476890948,-0.1779772855392159,-1.5341740644761008,-1.6130473564048773,True,0.323283003196644,-1.0091378796891428,1.9747991632688084,0,0,0,1000
0.5357498344423273,-0.9952058922761098,0.5168817211630369,34,0.0871323207256519,0.4987173574595767,2,0.6366998593883324,2,1.2600886452227027,-0.2067936485059296,0.4120593508899647,1.6253931674667983,0.7169234570332866,0.4367801659474605,-0.1793495608375078,-0.2672911040901542,True,-0.1048223702730721,0.6513167877607099,0.6152357217269123,0,0,0,1000
0.5371288558952032,0.8816493297295254,1.7570065618022987,25,1.3486677078313447,-0.3281078555676744,2,0.0183282550644632,0,1.491422182083449,-0.2067936485059296,-1.32646824447209,0.7693736916022796,0.5013873761204011,-1.024976440920859,-1.480517648490414,-1.2384554098842842,True,-3.0834748062743884,2.6204385603381226,1.2997583371243044,0,0,0,1000
0.5385078773480793,0.3653397147539975,-1.2512427960287404,25,0.2637472749204489,0.3953642058311703,0,-1.49949295554867,3,-0.4931829525124468,-0.2067936485059296,-0.8750738237871041,1.2677631885080864,0.9786458409989336,-0.164316008839512,-0.2464200808196164,1.522425973730457,True,0.3761689722416363,0.6170916164553836,0.7887907853656242,0,0,0,1000
0.5398868988009552,-1.699898745148114,-0.7448566281479224,31,0.8541458360859131,-0.0524994512252573,2,1.0302090621398854,2,-0.268553453715343,-0.2067936485059296,-0.5888411505057952,-0.0860323584330359,-1.4846236551483312,-0.5604930331309258,-1.6012445844582095,0.0518057392422027,False,0.1560154776421272,0.2000338200118895,-11.623547006828376,0,0,0,1000
0.5412659202538311,-0.6393708873605433,-0.367952121032216,24,-0.0541596426301856,1.0499341661444108,0,1.3675026644983594,2,-0.8824859019390859,-0.2067936485059296,-0.364628155183296,-0.7438607719792852,-1.638577998657535,0.2455222921516055,-1.2256496725584014,-0.1979222251048592,True,0.0033239658489199,0.3247125593995148,-1.3443377740876823,0,0,0,1000
0.5426449417067073,1.2723701194407355,-1.3588081308889062,35,0.4958697861478964,-1.430541472937343,2,1.5923650660706756,2,0.28330532668029,-0.2067936485059296,-1.078946755543427,0.1402089248252279,1.6098586493866702,-1.011315164221155,1.0815762148261332,0.3292812551833828,True,0.2798613753454793,-0.3849575814173159,7.132208509734026,0,0,0,1000
0.5440239631595832,1.3002787472772506,-1.1263655275937392,0,1.1468220458944338,-0.5003631082816851,0,1.1426402629260437,0,-1.1390459728740463,-0.2067936485059296,0.8527774317159225,1.625587957644956,-1.669368867359376,-0.7380896302270766,-1.574416376465366,-0.1979222251048592,True,1.9791429593096617,1.2829821181897991,0.6151619995589371,0,0,0,1000
0.5454029846124593,0.1978879477349073,-1.4691978331918578,18,-0.8211731579904468,0.912129963973202,0,0.4680530582090954,0,-1.7297564003402095,-0.2067936485059296,1.891051899557331,0.3933879485814166,-1.1459240994280822,0.0132805882566389,-0.0183803128804472,-0.3644075346695672,True,3.360249732749189,2.541354355329584,2.542019269792425,0,0,0,1000
0.5467820060653352,1.4398218864598258,1.2777220102953952,18,1.2023296029270842,0.6020705090879831,2,-0.9935525520109588,3,0.8659262724603146,-0.2067936485059296,-1.4375072513796894,1.46499705842017,0.7015280226823664,-1.2435568681161218,-1.29272019254051,0.2460386004010288,True,-2.7152292616750846,1.1064130576155913,0.682595180647575,0,0,0,1000
0.5481610275182113,-0.5765764747283845,-0.8926883822305891,24,-0.1853593228891777,0.326462104745566,0,-1.443277355155591,3,0.0660316830787908,-0.2067936485059296,-0.9398408829319188,-1.2990898252287937,0.6553417196296051,0.6143767630436114,0.5852543669585298,0.0518057392422027,True,-0.0471525007013298,-0.0589457163435687,-0.769769770770746,0,0,0,1000
0.5495400489710872,-0.8347312822161483,-0.8692999529066882,27,-0.2913282954060558,-1.1893841191377277,2,1.7047962668568335,2,0.8074766543044608,-0.2067936485059296,0.7277887342942573,-0.1990973923632636,-0.8226199780587538,-0.5331704797315179,1.0145056948440243,0.7732420806892708,True,1.597088687200945,-0.7019394175601179,-5.0226700128872,0,0,0,1000
0.5509190704239633,0.2885909882035812,0.7745479110225343,41,0.9046072515701408,-0.9826778158809149,0,0.9177778613537274,2,-0.5288762138917308,-0.2067936485059296,-0.5910609048098958,-0.4436789870550203,1.0402275784026154,1.2974405980288075,1.60472627068658,-0.1840484493078002,False,-1.36560881583243,-0.4096399666593471,-2.2538823215989328,0,0,0,1000
0.5522980918768393,-0.444010492504938,-0.2247266323279868,3,0.0972246038224974,-0.6381673104528937,0,-0.6562589496524849,0,-1.751781892697946,-0.2067936485059296,1.3468370374379035,-1.2710088078528117,-0.4993158566894253,-0.8337185671250041,1.2827877747724588,1.411435767353985,True,1.5715636697658903,0.3936720453191562,-0.7867766710185313,0,0,0,1000
0.5536771133297153,1.7119310078658472,-0.4415275446497858,7,0.9096533931185636,-0.8793246642525085,0,-0.6000433492594058,1,0.711772004452503,-0.2067936485059296,-0.4534738276376183,-1.534281445120073,-0.376152381882062,-1.5031211254104964,-0.9707816966263888,1.369814439962808,True,-0.0119462829878325,-0.31426694547637,-0.6517709435629877,0,0,0,1000
0.5550561347825913,-0.5416906899327407,-0.2697615893566549,9,1.4193136895092635,0.3953642058311703,1,-0.93733695161788,3,0.0810536478232512,-0.2067936485059296,-1.2624370156180942,0.8359431805769408,0.0395243455927888,-1.1479279312181945,-1.5341740644761008,1.577921076918693,True,-0.9926754262614392,-0.0218651608599548,1.1962534100517352,0,0,0,1000
0.5564351562354672,1.4258675725415682,-1.1313451974032651,30,-0.7252964685704141,0.7743257618019938,0,0.5242686586021743,1,0.3928177842655264,3.1124756489183207,0.4642952287880921,1.4367754438876628,-0.1914071696710171,1.2974405980288075,-0.5951867847265809,1.61954240430987,False,1.5956404261913573,-0.4444125136833951,0.6960029381445172,0,0,0,1000
0.5578141776883432,1.4467990434189544,0.3483153672088504,24,-1.0482495276694714,0.4987173574595767,0,1.0302090621398854,2,-1.365032361609816,-0.2067936485059296,-0.5949891496699755,1.447051006660121,0.424410204365799,0.5597316562447958,-0.7963983446729067,-1.4188144952460513,True,-0.943304516878826,-0.4754617482860873,0.6910605958541842,0,0,0,1000
0.5591931991412192,-1.10684040362217,1.07811748774619,17,-1.229910623412691,-0.7759715126241021,0,-1.274630553976354,3,0.5499720170437528,-0.2067936485059296,-1.1549250622854348,0.4686349591183444,0.424410204365799,-0.0960096253409924,-1.29272019254051,-1.4465620468401692,True,-2.233042550031625,0.5929344493459155,2.13385657035845,0,0,0,1000
0.5605722205940953,0.2676595173261949,0.3813358880617372,5,0.5412850600837013,-1.3271883213089362,2,-1.105983752797117,3,0.485465530333871,-0.2067936485059296,-0.8197590551958868,0.3368508067098381,1.425113437175625,0.5460703795450919,1.1084044228189769,-0.3505337588725082,True,-1.201094943257624,0.1851254291332289,2.968672430682799,0,0,0,1000
0.5619512420469713,-1.2952236415186462,-1.373923866760834,1,-1.6941556458675862,1.4977978232008384,1,1.9296586684291497,2,0.1549618143491789,-0.2067936485059296,-0.8294512427616482,1.1369651749791687,0.424410204365799,0.9968925106353214,-1.0780945285977626,0.7593683048922117,True,0.5444726239991858,-0.2129057351708984,0.879534337597357,0,0,0,1000
0.5633302634998473,0.9932838410755854,0.2838068568865108,28,-1.522586833221212,-0.1903036533964659,0,-1.105983752797117,3,-1.3233493238148013,-0.2067936485059296,-0.8700112912162827,-1.167262035467527,-0.376152381882062,-1.6670564458069432,-0.3537329127909901,0.1766697214157337,True,-1.1538181481027936,-0.3755756121547681,-0.8567057398299097,0,0,0,1000
0.5647092849527233,-0.0672440167119853,-0.6404163777941191,30,1.2426987353144665,-0.0180484006824552,2,-0.8811213512248008,1,0.8774958557738228,3.1124756489183207,-1.2261404675780714,0.7035831456975914,-0.9303880185151966,1.229134214530288,0.6791530949334817,0.4818927889510318,True,-0.5857240897839523,-0.5619627174840224,1.4212959249882595,0,0,0,1000
0.5660883064055993,0.3164996160400962,1.019316317448809,11,1.5706979359619466,1.7389551770004534,1,-1.330846154369433,3,-1.664056411114758,-0.2067936485059296,-1.119761457268154,0.0641298664099804,0.0241289112418684,-1.339185805014049,-0.5951867847265809,0.4402714615598547,True,-2.139077774716963,-1.696199853004576,15.593334223926426,0,0,0,1000
0.5674673278584752,1.690999536988461,-0.0241590534749794,39,1.2477448768628894,1.1877383683156193,1,-1.274630553976354,3,-1.449180960650241,-0.2067936485059296,-0.8572563929873099,0.2710241321240613,0.4398056387167194,0.4367801659474605,-0.0317944168768689,1.4946784221363392,True,-0.8330973395123306,0.0350108403232712,3.6897069762465,0,0,0,1000
0.5688463493113513,0.8118777601382378,0.5903317187537803,40,0.5311927769868559,-0.1214015523108616,0,1.0302090621398854,2,0.7719110874194387,-0.2067936485059296,0.277361981163837,-0.2554519320454855,-0.2529889070746988,-0.3009287758365513,-1.628072792451053,-0.8361159117695732,True,-0.3129697375899433,0.4556835989614168,-3.91463232810928,0,0,0,1000
0.5702253707642273,-1.60919570467944,0.2455342691742334,6,1.3335292831860763,-1.0860309675093214,1,-1.387061754762512,3,0.5627146920237458,-0.2067936485059296,-1.3773271084569272,-0.3486938551189946,-0.5608975940931069,-1.6533951691072395,1.2962018787688805,0.6622518743127987,True,-1.622861377631161,0.1381657406596542,-2.8678460262609,0,0,0,1000
0.5716043922171034,1.4398218864598258,-1.2015740848992469,14,0.8692842607311815,1.3255425704868278,1,0.8053466605675694,0,-1.4703801694062202,-0.2067936485059296,1.0190057083023087,-0.2832613313853331,0.5937599822259234,1.4477146417255506,-0.8232265526657501,0.2599123761980878,True,2.2205797932015554,1.7667707065082785,-3.530310149078094,0,0,0,1000
0.5729834136699793,0.5886087374461176,-1.38062931535986,18,-0.0743442088238767,1.118836267230015,1,1.0302090621398854,2,-0.2853709610732421,-0.2067936485059296,0.2521411236258599,-1.0077905812498391,1.332740831070103,0.1089095251545663,0.2633158710444087,-0.6002617232195703,False,1.6327704389857198,0.3939915146101355,-0.9922697411865036,0,0,0,1000
0.5743624351228552,0.6444259931191477,2.0846110212755717,12,1.6312516345430197,0.8087768123447958,1,-1.049768152404038,1,0.8192481196371983,-0.2067936485059296,0.8201067869143625,1.2493159057086,-0.5147112910403457,-0.7244283535273728,-0.4610457447623638,-0.9748536697401632,True,-1.2645042343612087,1.7078136593549915,0.8004379960159156,0,0,0,1000
0.5757414565757313,-1.7138530590663714,0.5236846479120624,19,-1.5024022670275208,-0.3281078555676744,0,1.7610118672499129,2,0.4984746518105413,-0.2067936485059296,0.6858624967465627,0.6383140715994564,-1.7309506047630576,0.9559086805362094,-0.6756714087051112,0.6345043227186808,True,0.1621778488345003,0.2610435225264912,1.5666266620624276,0,0,0,1000
0.5771204780286072,0.2397508894896799,1.336827612041253,28,-0.4729893911492756,-0.7759715126241021,0,0.9739934617468065,0,1.672671906374716,-0.2067936485059296,1.7832314613912996,0.2058050070157445,1.6560449524394316,-1.4348147419119766,0.4242851190014692,-0.6835043780019243,False,0.4464038493500466,2.236073990327402,4.858965914405117,0,0,0,1000
0.5784994994814834,-1.099863246663041,-1.1673294404196437,6,-0.2812360123092103,1.5666999242864428,0,0.2431906566367793,0,0.5114292264090835,-0.2067936485059296,0.8228806333819099,0.938486606710792,1.517486043281148,1.2564567679296956,-0.2732482888124598,1.550173525324575,True,1.9902100738015536,-0.5970063926783667,1.065545194033488,0,0,0,1000
0.5798785209343593,1.0281696258712292,1.128183362711762,10,-0.7707117425062191,-0.9482267653381128,0,1.5361494656775965,2,-1.5343641390551084,-0.2067936485059296,0.2093399166090088,0.0455181545830099,-1.0843423620244006,-0.4102189894341826,1.5510698547008932,-0.4199026378578032,True,-0.9188434461027531,-1.73104409402353,21.969207939999915,0,0,0,1000
0.5812575423872354,-0.8068226543796334,-0.8353143983553375,33,0.8087305621501082,-1.1549330685949255,2,-1.49949295554867,3,1.9868907279010772,-0.2067936485059296,-0.8711887212955239,1.07080996880241,-1.2075058368317635,1.2564567679296956,1.4974134387152065,-0.1285533461195642,False,-0.0358743229401864,-1.6596784329744871,0.9338724290465408,0,0,0,1000
0.5826365638401113,0.4979056969774438,1.4600578359940046,22,1.666574625381979,-0.7415204620813,0,0.7491310601744904,0,0.2552765406419526,-0.2067936485059296,1.740901953729235,1.5310164555788612,-0.6994565032513905,1.7209401757196288,1.577898062693737,0.9952224934422148,True,0.2808441177352303,0.3727185135097249,0.6531608011396784,0,0,0,1000
0.5840155852929872,-0.0253810749572128,-1.011632309330004,24,0.304116407307831,-1.258286220223332,2,-1.443277355155591,3,0.6505043648705744,-0.2067936485059296,-1.3812538469016475,-0.0203431251852551,-1.099737796375321,-1.7080402759060551,-1.6549010004438962,-0.4892715168430983,True,-0.3696215375716436,-0.6580712328632666,-49.15689730968876,0,0,0,1000
0.5853946067458633,0.5676772665687314,-0.7899096509152419,27,0.8945149684732954,1.6011509748292447,0,-0.8811213512248008,1,0.4461042836433006,-0.2067936485059296,1.2010239009876098,0.4409805213503942,0.8092960631388092,-1.188911761317306,-0.9707816966263888,-0.2672911040901542,True,1.990933551902852,-0.3523820789644736,2.267673343417557,0,0,0,1000
0.5867736281987393,-0.1370155863032728,-0.9523388053614206,38,0.9702070916996368,-1.3271883213089362,1,-1.274630553976354,3,-1.0788156848149264,-0.2067936485059296,-1.06793934221799,0.120490173622617,1.3789271341228642,0.6280380397433154,1.1888890467975068,1.286571785180454,True,-0.1156005368565695,1.02739804048181,8.299425089962542,0,0,0,1000
0.5881526496516154,-1.5952413907611829,-1.248053179250023,30,1.5000519542840278,-0.6726183609956957,1,1.817227467642992,2,-0.9018081025139288,-0.2067936485059296,0.425971390463717,-0.941258417990881,-0.0682436948636539,-1.1752504846176022,-1.1451650485798712,0.2876599277922058,False,1.67402456971374,1.1255044694159395,-1.062407609990107,0,0,0,1000
0.5895316711044913,1.3560960029502809,-0.1083311743127882,16,0.304116407307831,-0.8448736137097064,2,1.9296586684291497,2,0.6131765436908184,-0.2067936485059296,0.2012261467493962,1.5684622012070903,-0.4685249879875845,-0.6561219700288532,-0.5012880567516289,-1.4881833742313462,False,0.3095573210621845,-0.066426135039083,0.6375671249671725,0,0,0,1000
0.5909106925573674,-0.2067871558945604,0.3709905410531697,11,-1.1138493677989674,1.635602025372047,1,1.817227467642992,2,0.1695114023874439,-0.2067936485059296,0.6123246692633338,-0.1514412679383956,1.0864138814553763,-0.9430087807226356,-1.319548400533353,-0.8916110149578094,True,0.2413341282101641,0.0628871268863994,-6.603224299001627,0,0,0,1000
0.5922897140102433,-1.38592668198732,0.3917139792175426,9,-0.2963744369544787,-0.1214015523108616,1,-1.218414953583275,3,0.3793476208697771,-0.2067936485059296,-1.344016074367198,1.192382654200992,-0.9149925841642762,1.693617622320221,1.6449685826758451,-1.4326882710431104,True,-1.7357300535847406,0.1485957660776081,0.8386568796611735,0,0,0,1000
0.5936687354631193,1.3770274738276669,0.5593037293711318,12,0.9702070916996368,-0.8104225631669043,1,-0.9935525520109588,3,-0.33629030118055,-0.2067936485059296,-1.0135547862241363,-0.1145255910016777,-1.3922510490428086,1.7346014524193327,1.175474942801085,1.009096269239274,False,-1.5728585155952683,-0.1880884196016227,-8.731680530279066,0,0,0,1000
0.5950477569159953,1.2165528637677054,-0.751542180636058,34,-0.7858501671514874,0.0853047509459511,2,-0.9935525520109588,3,-1.0988248781928884,-0.2067936485059296,-1.2025007134398595,-0.2175677452844092,1.0402275784026154,1.2974405980288075,1.60472627068658,-0.1840484493078002,True,-0.4509585328038015,0.8258132450942343,-4.5962716501011815,0,0,0,1000
0.5964267783688714,0.7141975627104353,-0.6663355383523799,36,-1.4721254177369842,1.118836267230015,2,-0.4876121484732478,1,0.0357374403789397,4.772110297630446,0.4897698562518388,-0.2460882920065245,0.7015280226823664,-1.2435568681161218,-1.29272019254051,0.2460386004010288,True,1.1561053946042188,-0.0238131265742369,-4.063583838973822,0,0,0,1000
0.5978057998217474,0.435111284345285,-1.3781012094542373,8,-0.4729893911492756,0.2575600036599618,2,-0.2627497469009318,0,-0.1047360641534968,-0.2067936485059296,1.7956313110593518,0.7230967686958296,-1.022760624620719,-0.6287994166294454,-0.6622573047086895,0.6206305469216218,False,3.173732520513589,0.1443368966834105,1.3829405758644622,0,0,0,1000
0.5991848212746234,1.3281873751137656,-1.530096646975746,27,-0.1197594827596816,1.3255425704868278,1,1.7610118672499129,2,-0.5468342158350353,-0.2067936485059296,0.132015531150541,-0.7152158424786034,1.1787864875608989,0.3274899523498291,0.2901440790372521,1.564047301121634,True,1.662112178126287,0.836709200100799,-1.398179515085151,0,0,0,1000
0.6005638427274993,0.4699970691409288,-0.0200052459148318,18,0.1224553115646113,0.5676194585451809,2,-1.105983752797117,3,-0.805897272154619,-0.2067936485059296,-1.3395156676044264,1.2588137224456997,-0.5301067253912661,1.3520857048276231,1.0145056948440243,-0.2672911040901542,False,-1.3195104216895943,0.0161221731115453,0.794398649084691,0,0,0,1000
0.6019428641803753,-0.1230612723850154,-1.395052683855772,36,-1.5780943902538622,0.9810320650588064,2,0.0183282550644632,0,1.890643953049121,-0.2067936485059296,1.5126274920688323,0.1115330900672294,0.1011060829964705,-1.530443678809904,0.7998800309012772,-1.6546686837960545,False,2.9076801759246043,-2.6375479209168624,8.965940984896285,0,0,0,1000
0.6033218856332513,1.202598549849448,-0.5293146723049738,26,0.2687934164688716,-0.0180484006824552,0,0.4118374578160163,2,-0.5829717049916499,-0.2067936485059296,0.4380346751600076,-1.2047596888694885,0.6861325883314459,0.0952482484548624,-0.8366406566621718,1.439183318948103,True,0.9673493474649814,0.3085754769907269,-0.8300411212650078,0,0,0,1000
0.6047009070861273,0.9863066841164568,0.7207531937269396,10,0.2940241242109855,1.7045041264576513,0,0.8615622609606484,1,0.8309784133015728,-0.2067936485059296,-0.0146001441037514,-0.1519834157973792,-1.253692139884525,0.5597316562447958,-0.5147021607480506,-1.3216980646666383,True,-0.735353337830691,0.5989303453052534,-6.579669582503239,0,0,0,1000
0.6060799285390034,-0.5137820620962256,1.0531178613345733,39,-0.6950196192798775,-0.2936568050248722,1,-0.2065341465078527,1,-0.6194028630245529,-0.2067936485059296,-0.1259936151603528,0.939204392194103,-1.192110402480843,-1.5714275089090155,1.510827542711628,0.4957665647480908,False,-1.1791114764949262,-0.6523042184129288,1.06473085287728,0,0,0,1000
0.6074589499918794,-0.981251578357852,1.6027118137918783,39,1.6766669084788248,-0.9137757147953108,0,-1.105983752797117,3,1.8192490974560207,-0.2067936485059296,-1.41952758892059,0.3933098148674965,-0.7610382406550722,-0.5331704797315179,0.759637718912012,-1.3494456162607564,True,-3.0222394027124686,2.9157320207229773,2.542524259366544,0,0,0,1000
0.6088379714447554,-1.2673150136821312,-0.2258493955520209,8,1.3991291233155725,0.5331684080023787,2,1.3112870641052805,0,-1.449180960650241,-0.2067936485059296,0.6061901999736669,1.2394473347050297,1.3789271341228642,-0.3965577127344787,-0.407389328776677,-0.3089124314813312,True,0.8320395955256878,0.3272966440083539,0.8068111418036742,0,0,0,1000
0.6102169928976313,0.7281518766286927,0.2623801717296937,35,-0.04406735953334,1.394444671572432,0,-0.8249057508317219,1,0.7956636066243687,-0.2067936485059296,1.1704290477205557,-1.59047471159334,-1.592391695604774,1.2974405980288075,1.3096159827653022,-1.1968340824931072,True,0.908048875990862,0.2087663537451693,-0.6287431391301483,0,0,0,1000
0.6115960143505074,-0.046312545834599,-0.3562603402046976,29,-1.0684340938631625,-0.1903036533964659,1,0.5804842589952534,0,0.0810536478232512,-0.2067936485059296,0.6067112241771816,0.929503950143188,-0.0528482605127335,-0.8747023972241159,-1.6817292084367397,0.8981060628628018,True,0.9629715643818793,-0.0288762001483432,1.0758425418866675,0,0,0,1000
0.6129750358033833,-0.046312545834599,-1.4406320133644812,9,0.9802993747964824,1.394444671572432,1,-0.93733695161788,3,0.600636264246138,-0.2067936485059296,-1.188307262156321,-0.6692624453820205,-0.6994565032513905,1.7209401757196288,1.577898062693737,0.9952224934422148,True,0.2523247512081601,-0.8652958306606344,-1.4941823739227278,0,0,0,1000
0.6143540572562595,1.1118955093807743,-0.6488982818427339,10,1.383990698670304,-0.3625589061104765,0,0.0745438554575422,0,-0.1368580718294795,-0.2067936485059296,1.5856856101513712,1.653189072961902,-0.4993158566894253,0.3821350591486447,1.2693736707760372,-0.1701746735107412,True,2.234583891994105,0.0888069676664587,0.6048914524454395,0,0,0,1000
0.6157330787091354,0.3025453021218386,0.4882174505157783,33,0.8238689867953766,-0.0180484006824552,1,-0.7124745500455638,1,-1.199881602118864,-0.2067936485059296,0.5271831808613875,0.0829854468342978,-0.2068026040219376,0.1225708018542703,-0.4878739527552072,0.7177469775010348,False,0.0389657303456091,-0.5858031367072593,12.05029114282707,0,0,0,1000
0.6171121001620115,-0.304467353322363,2.040481492421621,42,0.6775308818911162,-0.8104225631669043,1,0.0183282550644632,1,1.9083055912122904,-0.2067936485059296,1.2105335659050378,1.493498234945798,-0.5762930284440273,-1.7490241060051668,0.5047697429799994,0.4402714615598547,False,-0.8299479265165837,3.893862240753379,0.6695688750374749,0,0,0,1000
0.6184911216148874,-0.6533252012788007,-0.3803239389254605,38,-0.8211731579904468,1.1532873177728171,1,1.2550714637122016,2,0.8659262724603146,-0.2067936485059296,-0.7407616355620736,-0.9128827124571052,0.4090147700148786,-0.4648640962329982,-0.0452085208732907,-0.8916110149578094,True,-0.3604376966366131,-0.3293324907611484,-1.095431095251569,0,0,0,1000
0.6198701430677633,0.379294028672255,-1.5109332830169118,9,0.4756852199542053,0.326462104745566,1,0.6929154597814113,2,0.6131765436908184,-0.2067936485059296,-0.1549075889154982,-1.401789518790485,-0.1914071696710171,-0.5195092030318139,-1.158579152576293,0.7871158564863298,True,1.3560256941014135,-0.9264688482277312,-0.7133739109422274,0,0,0,1000
0.6212491645206394,-1.3998809959055774,2.0321209632840684,7,-0.0491135010817628,-0.6726183609956957,0,-0.1503185461147737,0,0.1695114023874439,-0.2067936485059296,1.3991856904678523,0.3279095022470946,-1.6847643017102962,0.0815869717551585,-0.6488432007122678,0.4263976857627958,True,-0.6329352728162161,0.344467674307206,3.0496209722045746,0,0,0,1000
0.6226281859735154,0.7979234462199803,1.1492480772487412,5,1.2477448768628894,0.5331684080023787,0,-1.162199353190196,3,-0.7491969517311343,-0.2067936485059296,-1.417089060214046,0.3087680481925985,-1.3460647459900474,-0.3145900525362552,-1.0378522166084974,-0.1008057945254462,False,-2.5663371374627872,-0.8610131562576241,3.2386760287730056,0,0,0,1000
0.6240072074263915,-0.444010492504938,-0.02656965761665,16,0.0215324805961559,-0.1214015523108616,0,0.3556218574229373,2,1.8729083741707675,-0.2067936485059296,-0.1509434776284813,1.5594486393821698,-0.1914071696710171,-0.5195092030318139,-1.158579152576293,0.7871158564863298,True,-0.1243738200118312,-0.049762534249074,0.6412522417352333,0,0,0,1000
0.6253862288792674,-0.2346957837310754,-0.1739898472421428,33,0.5211004938900103,-0.7415204620813,1,1.7047962668568335,2,-0.9211999030702372,-0.2067936485059296,0.7793798032226508,0.1771257987965601,-1.0535514933225598,-0.0550257952418806,1.510827542711628,-1.2800767372754611,True,0.9533696504647936,0.1602794304146673,5.645701768032019,0,0,0,1000
0.6267652503321434,0.2257965755714224,-0.9200753497833764,42,1.3032524338955396,0.7398747112591916,1,-1.330846154369433,3,0.2693247864040974,-0.2067936485059296,-1.3013329606146558,1.6254674924342185,-1.515414523850172,0.6553605931427232,-0.7561560326836414,0.8009896322833888,True,-0.3812576108312794,-0.247799097056083,0.6152075898987628,0,0,0,1000
0.6281442717850194,-0.360284608995393,0.4775622145688145,42,-0.4073895510197796,-0.4314610071960808,1,-1.330846154369433,3,-0.8632335084751533,-0.2067936485059296,-1.102935894623707,-0.4425371248542345,0.6399462852786847,0.163554631953382,-1.2524778805512449,-1.3078242888695797,False,-1.5804981091925212,-0.4122477059974017,-2.259697932233774,0,0,0,1000
0.6295232932378954,0.9653752132390704,1.1830778270663362,26,-0.0995749165659905,1.5322488737436406,2,0.8053466605675694,1,0.4592810194835228,-0.2067936485059296,0.3846715378551605,-1.4307176013881309,-1.6847643017102962,-0.3692351593350709,0.8401223428905423,-1.3633193920578153,False,-0.7984062892111757,0.5433651905433778,-0.6989500016808112,0,0,0,1000
0.6309023146907714,0.4839513830591863,-0.7335142896919483,22,0.6573463156974251,-0.9482267653381128,2,1.0302090621398854,2,0.4195783825648011,-0.2067936485059296,-1.119815873268976,-1.6374812815079165,-0.8226199780587538,0.341151229049533,-0.0317944168768689,-0.7806208085813373,True,-0.3863015835770277,-0.3077667392571167,-0.6106940411242616,0,0,0,1000
0.6322813361436475,-1.5882642338020538,1.195436826191187,5,0.4555006537605142,0.0164026498603468,2,0.9739934617468065,2,1.2497020334700657,-0.2067936485059296,-0.7763909675054803,0.7316119288358554,1.1326001845081377,-1.0386377176205628,0.9876774868511812,-1.6407949079989952,True,-1.9718277936966675,1.493939832576128,1.3668446670993162,0,0,0,1000
0.6336603575965235,1.7258853217841044,0.0758916807537306,29,-0.9977881121852435,1.635602025372047,1,-1.105983752797117,3,1.133471172798824,-0.2067936485059296,-0.8401323903728461,-1.0728499566478014,0.5167828104713215,-0.1916385622389199,-0.4744598487587855,-0.0591844671342692,False,-0.9160240711265768,0.0860210323896049,-0.9320968761878516,0,0,0,1000
0.6350393790493994,0.2676595173261949,1.3088222237092084,31,-0.0289289348880717,-0.224754703939268,2,1.5361494656775965,2,-0.45778839002166,-0.2067936485059296,-0.6741610882922093,-1.1012154329766906,-0.0528482605127335,-0.8747023972241159,-1.6817292084367397,0.8981060628628018,True,-1.9829833120014175,-0.5991636186164075,-0.9080876101651292,0,0,0,1000
0.6364184005022754,-0.8905485378891783,-0.8941984577844008,39,-0.4477586834071617,-0.8104225631669043,2,-0.3751809476870898,0,0.6505043648705744,-0.2067936485059296,0.3920187944515901,-1.665383831905028,0.5013873761204011,-0.8063960137255962,-0.7561560326836414,1.078465148224569,True,1.286217252235991,-0.5816799998492888,-0.6004622123071316,0,0,0,1000
0.6377974219551514,-1.5673327629246676,-0.1090856932294639,35,-1.6891095043191633,-0.2936568050248722,1,-1.105983752797117,3,-1.818232807264332,-0.2067936485059296,-1.408988507631049,-0.0767559930995957,-1.099737796375321,-1.7080402759060551,-1.6549010004438962,-0.4892715168430983,True,-1.2999028144015852,0.1983431862329839,-13.02831560701711,0,0,0,1000
0.6391764434080274,1.656113752192817,0.4241078112328109,2,0.7279922973753439,1.6011509748292447,1,1.8734430680360703,2,0.2269731747650891,-0.2067936485059296,-0.8210839471092128,-1.2051867037628348,1.332740831070103,-1.5714275089090155,1.323030086761724,0.1905434972127928,False,-1.2451917583420238,0.0962610963581842,-0.8297470257948429,0,0,0,1000
0.6405554648609034,-0.360284608995393,-0.0541488059077752,40,1.4495905387998,-1.4649925234801446,2,1.3112870641052805,2,1.9782297698019933,-0.2067936485059296,-0.5331592023145533,1.1642786755246792,0.6553417196296051,0.8056346368394663,0.7462236149155903,1.383688215759867,True,-0.479010396406778,-0.1071187798459911,0.8589008242887126,0,0,0,1000
0.6419344863137795,1.6840223800293324,-1.567985976625545,30,-0.750527176312528,-0.9482267653381128,0,-1.274630553976354,3,0.4461042836433006,-0.2067936485059296,-1.1231013388815,-1.364391110440188,0.5937599822259234,0.163554631953382,1.510827542711628,0.6206305469216218,True,0.4448846377440449,-0.6994852608652798,-0.7329277255186356,0,0,0,1000
0.6433135077666555,-0.388193236831908,0.8455094228690698,23,-0.3216051446965925,1.7045041264576513,1,-0.8249057508317219,1,-0.0729400943822046,-0.2067936485059296,0.7110282500940397,0.9292161177290952,1.5790677806848294,0.3138286756501251,-0.8366406566621718,-1.3355718404636974,True,-0.1344811727750301,-0.0616715371051133,1.0761757930182203,0,0,0,1000
0.6446925292195315,1.3909817877459243,1.456029405446862,16,-0.442712541858739,1.1877383683156193,2,-1.443277355155591,3,-0.0103374563904445,-0.2067936485059296,-1.1586598053429242,0.0176260510334418,-0.637874765847709,0.873941020337986,-0.3403188087945684,0.8287371838775068,False,-2.614689210789786,-0.0150516404820117,56.73388354058204,0,0,0,1000
0.6460715506724074,0.0722991224705897,-1.4889593657035574,1,1.7119898993177842,-0.3970099566532786,0,0.6929154597814113,0,-1.1795361053656206,-0.2067936485059296,1.3876146916403351,-1.3361069236437475,0.6399462852786847,-1.2435568681161218,-1.4402753365011487,-1.2939505130725202,True,2.8765740573438925,1.7562813312696388,-0.7484431501314109,0,0,0,1000
0.6474505721252835,-0.0323582319163415,0.369338505742653,21,1.3284831416376537,0.6365215596307852,2,0.0183282550644632,0,-1.3441580977555516,-0.2067936485059296,1.932502484159752,-0.2831646980455544,0.917064103595252,1.4203920883261427,-0.0720367288661341,1.06459137242751,True,1.5631639784170992,-0.4964493433069223,-3.531514910063453,0,0,0,1000
0.6488295935781594,-0.8975256948483072,-0.8545307775613127,41,-1.345971879026415,1.7389551770004534,0,-0.2065341465078527,0,1.7921592216250852,-0.2067936485059296,1.972423013402024,-1.186379657651064,0.3166421639093562,1.2837793213291036,-0.0586226248697124,1.411435767353985,True,2.8269537909633367,-1.531455213168961,-0.8429005654648327,0,0,0,1000
0.6502086150310356,-0.4161018646684231,1.127500707980615,4,-0.0339750764364945,-1.0860309675093214,1,-1.274630553976354,3,-0.6194028630245529,-0.2067936485059296,-1.2351162786224257,-1.5336984892628722,0.3936193356639582,-1.4348147419119766,1.148646734808242,-0.4753977410460392,False,-2.3626169866030406,-0.6983771665854033,-0.6520186804659951,0,0,0,1000
0.6515876364839115,1.718908164824976,-1.2583830162686025,29,-0.6697889115377637,1.2566404694012234,1,-1.218414953583275,3,1.1441920014114473,-0.2067936485059296,0.5060955288271941,-1.6654694742906202,-1.222901271182684,-0.0413645185421767,1.3364441907581457,-1.0164749971313405,True,1.7644785450957965,-1.439831781926546,-0.6004313351159243,0,0,0,1000
0.6529666579367874,0.2537052034079374,-0.9617687297864383,25,1.5757440775103695,-0.7415204620813,2,-1.105983752797117,3,-0.8249389814020169,-0.2067936485059296,-0.7916184732626994,0.986400528863065,1.0556230127535355,-0.6014768632300375,-1.1451650485798712,1.286571785180454,False,0.1701502565237389,0.7934005162943362,1.0137868638147665,0,0,0,1000
0.6543456793896635,-1.1277718744995562,0.5739664258400156,37,-0.9574189797978616,0.6020705090879831,1,-0.0378873453286157,0,-1.862844008126029,-0.2067936485059296,1.7147306638952158,1.663149162702808,-0.3299660788293008,0.710005699941539,-0.6086008887230027,-1.1968340824931072,True,1.1407642380552003,-1.0692099172415857,0.6012689434590408,0,0,0,1000
0.6557247008425394,0.5746544235278602,-1.6350732103941334,6,-0.2509591630186737,-0.6726183609956957,1,0.1307594558506213,0,0.8659262724603146,6.431744946342571,0.332643530494498,0.9956810294069912,0.7477143257351275,-0.9566700574223396,1.6181403746830016,-1.1274652035078123,True,1.967716740888632,-1.4158528502763117,1.0043376041439904,0,0,0,1000
0.6571037222954155,1.1956213928903194,0.206208462856511,32,1.3032524338955396,-1.6716988267369577,0,1.7047962668568335,2,1.3724795730738664,-0.2067936485059296,-0.5238145264487769,-1.402656171851293,0.2550604265056745,-1.3528470817137532,1.3901006067438324,-1.668542459593113,True,-0.730022989305288,0.2830169030655225,-0.7129331416789518,0,0,0,1000
0.6584827437482915,-0.981251578357852,0.1383892914841046,16,0.3798085305341726,-1.4994435740229468,0,-1.443277355155591,3,-1.862844008126029,4.772110297630446,-1.219825508419477,-0.8385298867771158,-0.4685249879875845,0.7373282533409466,1.13523263081182,-0.9471061181460452,True,-1.3582147999035816,-0.2577976624299709,-1.1925634792813906,0,0,0,1000
0.6598617652011676,-1.044045990990011,1.7880775980513048,40,-1.522586833221212,0.843227862887598,1,0.9177778613537274,2,0.28330532668029,-0.2067936485059296,0.3707641823111843,0.4412382102564706,-1.0535514933225598,-0.8747023972241159,-0.7024996166979546,-0.6973781537989833,True,-1.4173134157401206,0.5065719080456333,2.266348992721752,0,0,0,1000
0.6612407866540435,0.9444437423616842,-1.0871561311157112,27,1.389036840218727,-0.2936568050248722,1,1.2550714637122016,0,0.4461042836433006,-0.2067936485059296,1.0309194713413132,-1.1676310485927404,0.1626878204001521,-1.6670564458069432,0.1023466230873481,-0.8083683601754553,True,2.1180756024570244,-0.4849850070797965,-0.8564349901869477,0,0,0,1000
0.6626198081069195,-1.6580358033933411,-1.5770792642117288,25,0.041717046789847,0.7054236607163894,0,-0.2627497469009318,0,0.4984746518105413,-0.2067936485059296,0.953085243952262,-1.4024329793063763,1.4097180028247052,-1.1342666545184903,1.4437570227295191,-1.3078242888695797,True,2.530164508163991,-0.7861340371055662,-0.7130466026257072,0,0,0,1000
0.6639988295597955,-1.1277718744995562,1.09532908122481,15,0.3091625488562538,0.3953642058311703,1,0.0183282550644632,0,1.8461644354538784,-0.2067936485059296,-1.3982599055983873,-1.2519723663803946,0.8092960631388092,-0.669783246728557,0.9206069668690726,0.2876599277922058,True,-2.4935889868231973,2.0221575948756167,-0.7987397379744863,0,0,0,1000
0.6653778510126714,0.3025453021218386,0.2566573868998014,3,-1.456986993091716,0.5676194585451809,0,1.0864246625329643,0,0.2269731747650891,-0.2067936485059296,0.9396199903874614,0.2151158687103444,1.255763659315501,1.4886984718246623,0.3438004950229389,0.8564847354716248,True,0.6829626034876599,0.0582543419315597,4.648655355505053,0,0,0,1000
0.6667568724655475,1.090964038503388,0.1840749574185508,25,-1.4923099839306753,-1.0860309675093214,0,1.7047962668568335,2,1.1655389904582625,-0.2067936485059296,-0.5617104608413189,-0.1895495178150173,1.3481362654210234,-0.2052998389386238,0.5181838469764212,0.92585361445692,True,-0.7457854182598698,0.2145465400382653,-5.275669065762615,0,0,0,1000
0.6681358939184235,1.690999536988461,-1.409041511329456,33,-1.169356924831618,0.050853700403149,1,0.5242686586021743,1,0.0051049946661323,-0.2067936485059296,0.5632364767272058,1.3808306165075432,-1.5000190894992516,1.6662950689208131,-0.1793495608375078,0.2737861519951468,True,1.9722779880566617,-0.0071931493996958,0.7242017345393671,0,0,0,1000
0.6695149153712995,0.3723168717131262,0.8255203237493107,13,1.035806931829133,0.0853047509459511,0,1.1988558633191224,0,-0.8249389814020169,-0.2067936485059296,1.5418795853449083,-1.6658837570885228,-1.1459240994280822,0.4777639960465722,-0.313490600801725,-1.5159309258254643,True,0.7163592615955978,-0.6810038950004197,-0.6002820159408415,0,0,0,1000
0.6708939368241755,-1.3649952111099335,-0.6025726416266077,22,-1.4721254177369842,-1.22383516968053,1,-0.3189653472940107,0,0.2411596552708484,-0.2067936485059296,0.593521065470796,0.2718084074391346,-1.222901271182684,-0.0413645185421767,1.3364441907581457,-1.0164749971313405,False,1.1960937070974036,-0.1453162105303172,3.6790607086642697,0,0,0,1000
0.6722729582770515,1.258415805522478,-0.2681630091844024,26,0.28393184111414,0.4642663069167745,2,0.8615622609606484,1,1.9782297698019933,-0.2067936485059296,-0.7672376335697375,-0.5840082254689118,1.6098586493866702,-1.011315164221155,1.0815762148261332,0.3292812551833828,True,-0.4990746243853351,-0.5304880479282702,-1.7123049430127018,0,0,0,1000
0.6736519797299275,-0.3393531381180067,0.3625460523770243,3,-1.1592646417347725,0.6020705090879831,0,1.1426402629260437,2,-0.7869262188093323,-0.2067936485059296,-0.3973426384216633,0.5154469564974204,1.1787864875608989,0.4914252727462762,0.4511133269943127,-0.7944945843783963,True,-0.7598886907986877,-0.2852969941413019,1.9400634602421185,0,0,0,1000
0.6750310011828035,1.3002787472772506,-0.5452312451088192,20,-0.9624651213462844,-0.465912057738883,0,-1.330846154369433,3,0.4328703072542469,-0.2067936485059296,-1.4902442295693994,0.2430378981252718,1.4097180028247052,-1.1342666545184903,1.4437570227295191,-1.3078242888695797,True,-0.9450129844605802,-0.2360144165948701,4.114582936469706,0,0,0,1000
0.6764100226356796,-0.6812338291153158,0.4257649289635182,6,1.7220821824146295,0.5331684080023787,2,0.7491310601744904,2,1.311592044051897,-0.2067936485059296,0.0112985929277735,-0.2831267194018801,-0.3145706444783804,0.2455222921516055,1.6717967906686886,-1.6130473564048773,True,-0.4144663360357446,0.5584298934648717,-3.531988627959294,0,0,0,1000
0.6777890440885556,0.379294028672255,1.0213089922974488,15,-0.0642519257270311,-0.3970099566532786,1,1.0864246625329643,0,-0.9406610984409725,-0.2067936485059296,1.4686444217530228,1.117759189876825,0.3782239013130378,1.1198440009326565,0.9340210708654944,-1.6269211322019363,False,0.447335429455574,-0.9607056385421608,0.8946470041060433,0,0,0,1000
0.6791680655414315,-0.7440282417474745,1.014928535724423,3,-0.4830816742461211,-1.430541472937343,1,-1.105983752797117,3,-0.1368580718294795,-0.2067936485059296,-1.1262215643219324,-0.772137341282725,-0.1452208666182559,-0.6561219700288532,1.416928814736676,-1.1274652035078123,False,-2.141150100046356,-0.1389011624439615,-1.2951065517041171,0,0,0,1000
0.6805470869943075,0.7281518766286927,-1.2390628527430838,10,-0.089482633469145,-0.1214015523108616,1,-0.8811213512248008,1,0.125634056650171,-0.2067936485059296,0.2931475206911478,-1.5615309587243784,-1.1151332307262414,-0.2462836690377356,-1.0780945285977626,0.1905434972127928,True,1.5322103734342316,-0.1556684926346472,-0.6403972066340748,0,0,0,1000
0.6819261084471835,-0.6533252012788007,1.2290581811085104,3,0.1174091700161885,1.670053075914849,0,-0.7124745500455638,0,-0.4226946174867851,-0.2067936485059296,1.166671968313844,-1.5340274561391682,0.2704558608565949,-1.188911761317306,-1.0915086325941843,-1.7101637869842905,True,-0.0623862127946663,-0.5195162777326656,-0.6518788573085128,0,0,0,1000
0.6833051299000595,0.1002077503071048,-0.8039316626996651,6,-0.4982200988913894,-0.465912057738883,2,1.817227467642992,2,0.2269731747650891,-0.2067936485059296,-1.1548428811077684,-0.4811723964251673,-0.0374528261618131,-0.683444523428261,-0.8366406566621718,-0.0453106913372102,True,-0.3509112184081033,-0.1824709217771197,-2.0782576375020407,0,0,0,1000
0.6846841513529356,-0.8835713809300496,0.4190067714385614,41,-0.8867729981199427,-0.7070694115384979,1,-1.274630553976354,3,-1.4703801694062202,-0.2067936485059296,-0.8515227460038161,-0.2738252163415381,1.332740831070103,0.1089095251545663,0.2633158710444087,-0.6002617232195703,True,-1.2705295174423776,-0.6160992475701854,-3.6519659458583575,0,0,0,1000
0.6860631728058116,1.2165528637677054,1.338224129916468,23,-0.639512062247227,1.5322488737436406,0,-1.387061754762512,3,0.4461042836433006,-0.2067936485059296,-1.1745486018637594,1.0330173007786692,-1.5769962612538535,0.8192959135391702,-0.689085512701533,0.2599123761980878,True,-2.5127727317802275,0.5969875168305652,0.96803790453696,0,0,0,1000
0.6874421942586876,-0.960320107480466,0.2845838937989683,34,0.6321156079553112,0.9465810145160044,0,-1.387061754762512,3,0.4195783825648011,-0.2067936485059296,-1.4624291905080755,-0.8752530587835764,-1.3460647459900474,-0.2052998389386238,1.1084044228189769,-0.9332323423489864,False,-1.7470130843070442,0.1194052498641642,-1.1425268431994753,0,0,0,1000
0.6888212157115635,1.0700325676260016,0.1830470052649719,16,-1.2955104635421872,1.7389551770004534,1,-0.4313965480801688,1,-0.5109923747150832,-0.2067936485059296,1.1882974908105508,0.3751478615915455,-1.7001597360612166,-0.3555738826353669,0.0084478951123961,0.3986501341686778,True,1.0052504855455788,-0.0935356239048323,2.665614910334452,0,0,0,1000
0.6902002371644396,-0.841708439175277,-1.3091525201350194,6,-0.1399440489533727,0.9465810145160044,2,-1.443277355155591,3,-0.6561257527358736,-0.2067936485059296,-1.212030296960489,-0.6691174953723524,-0.5455021597421865,-0.3828964360347748,-0.2866623928088815,0.0934270666333798,True,0.0971222231745303,0.8589686827196555,-1.494506056659186,0,0,0,1000
0.6915792586173155,-1.38592668198732,0.5035202329528968,27,-0.9826496875399756,-0.3970099566532786,2,-1.49949295554867,3,0.3928177842655264,-0.2067936485059296,-1.4539724867847863,-0.5373581542267623,0.2396649921547541,-0.2736062224371434,-1.051266320604919,-0.2811648798872132,False,-1.957492719737683,0.1977917022414186,-1.860956567290988,0,0,0,1000
0.6929582800701916,-0.7510053987066033,-0.3837855921470665,29,0.1830090101456845,-0.9826778158809149,0,-1.105983752797117,3,-0.9211999030702372,-0.2067936485059296,-1.1843702970640384,-0.5465130749575077,-1.6847643017102962,-0.3145900525362552,0.1023466230873481,-0.2534173282930952,True,-0.8005847049169719,0.3535432502856312,-1.8297827239650648,0,0,0,1000
0.6943373015230676,-1.6580358033933411,1.862863187574414,36,0.3798085305341726,-1.1549330685949255,2,-1.443277355155591,3,-1.302606210010628,-0.2067936485059296,-0.935942073593374,-0.4148237059261941,-0.6070838971458681,-0.9566700574223396,0.5181838469764212,-0.9609798939431042,True,-2.798805261167788,-2.426577156534625,-2.410663196871976,0,0,0,1000
0.6957163229759435,0.0583448085523322,0.6652235962880582,34,1.3082985754439624,1.635602025372047,0,0.8615622609606484,0,0.4328703072542469,-0.2067936485059296,0.9650032064440008,1.0326536198985563,-1.5769962612538535,-1.7080402759060551,-0.9037111766442802,1.314319336774572,True,0.2997796101559427,0.2879555425179869,0.9683788289633392,0,0,0,1000
0.6970953444288196,0.3583625577948687,0.2126649293965263,12,0.2990702657594083,1.1877383683156193,2,0.2431906566367793,1,-0.5109923747150832,-0.2067936485059296,0.2766352431131559,0.6661833226700229,1.548276911982989,-0.0413645185421767,0.0621043110980829,-0.6696306022048653,True,0.0639703137166296,-0.1086701572909464,1.5010880877102293,0,0,0,1000
0.6984743658816955,-0.8696170670117922,1.5632995513926695,41,0.2132858594362212,-0.3970099566532786,0,-1.105983752797117,3,-1.5558203784823792,-0.2067936485059296,-0.8620983482295408,0.8634059839852625,0.6245508509277643,0.1362320785539742,0.4913556389835778,1.286571785180454,True,-2.4253978996222108,-2.432213299729077,1.1582035597713822,0,0,0,1000
0.6998533873345716,1.4816848282145982,-1.511738301288554,35,0.0366709052414242,0.4642663069167745,0,0.2431906566367793,1,0.8426679393432855,-0.2067936485059296,0.8437734647801525,0.5907203017958644,-0.1144299979164151,0.163554631953382,-0.2866623928088815,-1.4049407194489922,True,2.355511766068706,-1.2738933991731447,1.692848252675672,0,0,0,1000
0.7012324087874475,1.5444792408467571,-1.1009514426868634,8,-1.1592646417347725,-0.9482267653381128,0,-0.2627497469009318,1,-0.6011506974392071,-0.2067936485059296,-1.4821338238435342,-0.1887349901705989,0.347433032611197,-0.328251329235959,-0.4878739527552072,1.2033291303981,True,-0.3811823811566708,0.6618377276179092,-5.298437395947787,0,0,0,1000
0.7026114302403236,1.628205124356302,0.3341686270283295,22,-1.4670792761885614,-0.7415204620813,2,-0.4313965480801688,1,1.899483960335307,-0.2067936485059296,0.6075291216311048,-0.0860288761505213,1.486695174579307,0.1089095251545663,-1.5073458564832574,-0.3921550862636853,True,0.2733604946027753,0.6347479470875835,-11.624017506076536,0,0,0,1000
0.7039904516931996,0.6723346209556628,-1.19381121749341,19,-0.3014205785029014,0.7054236607163894,2,0.0745438554575422,1,-1.862844008126029,-0.2067936485059296,-0.7801792618343548,-0.048508370269558,1.5944632150357498,1.434053365025847,1.2425454627831938,0.8287371838775068,True,0.4136319556590551,2.223884073341238,-20.615041403106098,0,0,0,1000
0.7053694731460756,1.0211924689121004,0.9412908994689392,15,-1.1289877924442355,0.1542068520315554,2,-0.6000433492594058,0,0.8426679393432855,-0.2067936485059296,-1.471229370374861,0.3085006741882785,0.1011060829964705,0.5733929329444997,-0.4476316407659421,-0.9332323423489864,True,-2.4125202698438,0.7931956625780787,3.241482951318944,0,0,0,1000
0.7067484945989516,0.1141620642253623,-0.1028287578514352,34,-1.497356125479098,1.670053075914849,0,0.8053466605675694,2,0.4328703072542469,-0.2067936485059296,-0.4370967522466649,-1.0735399926923246,-0.2068026040219376,0.9559086805362094,0.5181838469764212,-1.8350277691578207,True,-0.3342679943952296,-0.0445115160057233,-0.9314977550504489,0,0,0,1000
0.7081275160518276,-1.2045206010499725,-0.2478897682985236,3,-0.619327496053536,0.9810320650588064,0,-1.49949295554867,3,1.176165671975607,-0.2067936485059296,-0.966778540497414,-0.611888685136322,0.7169234570332866,-0.7380896302270766,0.759637718912012,-1.3633193920578153,True,-0.7188887721988904,-0.2915594359067106,-1.6342844502928764,0,0,0,1000
0.7095065375047036,-1.5743099198837964,-1.6362144241906753,37,1.4849135296387594,-1.3960904223945405,2,1.9858742688222288,2,-0.8632335084751533,-0.2067936485059296,0.3045047724624289,-0.781531777757674,0.5013873761204011,1.6662950689208131,0.2364876630515652,0.4957665647480908,True,1.940719196653104,1.4124351180117694,-1.279538665494843,0,0,0,1000
0.7108855589575795,-0.4719191203414531,-1.2502105438329576,5,0.9146995346669864,-0.8793246642525085,0,0.5804842589952534,0,-1.3233493238148013,-0.2067936485059296,-0.970257880148514,-0.3205004253105895,-1.669368867359376,-0.7380896302270766,-1.574416376465366,-0.1979222251048592,True,0.2799526636844436,1.6544652778074795,-3.12012163803866,0,0,0,1000
0.7122645804104557,-1.239406385845616,-0.911536710081276,34,1.318390858540808,0.4642663069167745,2,0.9177778613537274,0,0.6505043648705744,-0.2067936485059296,-0.8573373563015901,-1.186020329624094,0.424410204365799,1.5433435786234782,1.5376557507044717,-0.1146795703225052,True,0.0541993537796859,-0.5929586086476334,-0.8431559386781685,0,0,0,1000
0.7136436018633316,0.8188549170973666,-0.241707979805518,36,-0.8009885917967556,0.3609131552883682,0,-1.274630553976354,3,-1.862844008126029,-0.2067936485059296,0.473619471082533,1.4561681663898491,0.4705965074185602,1.365746981527327,0.5584261589656864,-1.807280217563703,False,0.7153274508880509,0.4502642618969564,0.6867338226503265,0,0,0,1000
0.7150226233162076,0.7421061905469503,-1.4737799865744332,17,0.28393184111414,1.428895722115234,1,0.9177778613537274,2,0.711772004452503,6.431744946342571,-0.689663151763588,-1.2518736654353728,1.3789271341228642,1.5979886854222938,1.1888890467975068,-1.030348772928399,True,0.7841168348108453,-1.0489953351660672,-0.7988027126782752,0,0,0,1000
0.7164016447690836,-1.581287076842925,0.9738453819090062,34,-0.0793903503722995,-0.0869505017680595,0,0.1869750562437003,1,0.2972190748525578,-0.2067936485059296,-0.7882259302848305,1.3710710844752094,0.5937599822259234,0.163554631953382,1.510827542711628,0.6206305469216218,False,-1.7620713121938367,0.2894454234604307,0.72935673313181,0,0,0,1000
0.7177806662219596,-0.646348044319672,-0.3846689349992255,31,-0.331697427793438,-0.8448736137097064,1,0.7491310601744904,2,-0.9406610984409725,-0.2067936485059296,-0.7225412023758757,-1.0357719182888427,0.7169234570332866,0.4367801659474605,-0.1793495608375078,-0.2672911040901542,True,-0.3378722673766502,0.3618431029324905,-0.9654636111378856,0,0,0,1000
0.7191596876748356,-0.2556272546084617,-0.2763627349067183,9,1.611067068349329,1.7045041264576513,0,0.9177778613537274,0,0.711772004452503,-0.2067936485059296,1.398341401908331,1.6248613576340298,1.2865545280173418,0.8056346368394663,1.2023031507939286,-0.4199026378578032,True,1.6747041368150493,-0.1967072577805306,0.6154370856061204,0,0,0,1000
0.7205387091277117,0.5327914817730877,1.4221455544495611,16,0.7128538727300755,-1.430541472937343,0,-0.9935525520109588,3,0.1549618143491789,-0.2067936485059296,-1.3895565536574044,1.5594399336758835,-0.2068026040219376,0.9559086805362094,0.5181838469764212,-1.8350277691578207,True,-2.811702108106965,0.220378255386123,0.6412558215802747,0,0,0,1000
0.7219177305805876,0.6793117779147915,0.2766181535124843,25,-0.5083123819882349,-1.258286220223332,0,0.4680530582090954,2,-0.805897272154619,-0.2067936485059296,-0.7528469938645036,0.8445397390707442,-0.2375934727237784,-1.216234314716714,1.148646734808242,1.1755815788039818,True,-1.029465147376988,-0.2229258153441588,1.1840767643363164,0,0,0,1000
0.7232967520334637,-0.4579648064231956,1.2839026849258364,16,-0.220682313728137,-1.0860309675093214,0,0.3556218574229373,2,1.899483960335307,-0.2067936485059296,0.2050101428885871,0.5436734679897137,0.5629691135240826,-0.6151381399297413,-1.6414868964474745,1.411435767353985,True,-1.0788925420372493,2.438752556648061,1.83933900575229,0,0,0,1000
0.7246757734863396,1.5793650256424008,0.0284951791848239,29,-1.2248644818642684,-0.5692652093672893,2,0.1307594558506213,1,0.4062277873044279,-0.2067936485059296,-1.309816936977932,1.1928605974761133,1.4097180028247052,-0.8063960137255962,-0.8098124486693283,-0.0175631397430922,False,-1.338312116162756,0.0115755335890942,0.8383208551642508,0,0,0,1000
0.7260547949392157,1.0211924689121004,0.7961587057119792,20,-0.8665884319262517,-1.120482018052123,0,0.0745438554575422,0,0.0051049946661323,-0.2067936485059296,1.3942668445596027,-0.2736592638154542,-0.868806281111515,0.1772159086530859,0.9608492788583376,-0.3505337588725082,True,0.5981081388476235,0.0040643859460544,-3.654180572861663,0,0,0,1000
0.7274338163920916,0.895603643647783,0.3740470223808174,22,1.5202365204777188,0.0164026498603468,0,0.0745438554575422,1,0.6131765436908184,-0.2067936485059296,-1.187271555512834,0.5719018294445928,0.8246914974897296,-0.328251329235959,0.7193954069227468,1.369814439962808,False,-1.5613185778936514,0.2293568603613118,1.748551540945417,0,0,0,1000
0.7288128378449676,-1.5184926642107663,0.1991654223771123,40,0.7431307220206121,-0.9137757147953108,0,0.6929154597814113,2,0.9005177508105646,-0.2067936485059296,-0.591834492644099,-0.001447607333349,1.1633910532099787,-1.4757985720110882,1.3096159827653022,1.161707803006923,True,-0.7909999150212114,0.1793519981982732,-690.8427867417602,1,1,1,500
0.7301918592978437,0.6304716792008902,-0.1522368889466601,41,0.4100853798247092,0.2920110542027639,2,-1.330846154369433,3,-0.268553453715343,-0.2067936485059296,-0.957104066367214,1.3898101172566182,1.0556230127535355,-0.6014768632300375,-1.1451650485798712,1.286571785180454,True,-0.8048671774205538,0.0408837423095047,0.7195226999941945,0,0,0,1000
0.7315708807507196,-0.6044851025648994,-1.3178437740849818,39,-0.1853593228891777,-0.8793246642525085,2,-1.049768152404038,1,1.422485627292018,-0.2067936485059296,-0.3602950965921861,-1.599491973343432,0.1318969516983113,-0.4648640962329982,-1.3463766085261968,-0.4476501894519213,True,0.9575486774927956,-1.874613827652156,-0.6251985500305739,0,0,0,1000
0.7329499022035957,0.4769742261000576,0.2086391905552564,22,-1.4216640022527565,-0.1214015523108616,0,0.0183282550644632,1,-0.8632335084751533,-0.2067936485059296,-1.036855103598889,-0.4152779261516855,-1.623182564306615,1.570666132022886,-1.6414868964474745,0.0240581876480847,True,-1.2454942941541456,-0.1801043404684301,-2.40802647535228,0,0,0,1000
0.7343289236564716,0.609540208323504,2.252838664227156,20,-1.583140531802285,0.9810320650588064,0,1.1426402629260437,2,0.8426679393432855,-0.2067936485059296,-0.1543197408444596,0.1775641311080787,-1.5000190894992516,-0.0003806884430649,0.0486902071016612,0.2321648246039697,True,-2.4071584050716157,1.8983949148571773,5.63176487606519,0,0,0,1000
0.7357079451093477,0.8537407018930104,-0.4499295224469029,7,-0.4174818341166251,-1.6372477761941553,1,-1.274630553976354,3,-1.1795361053656206,-0.2067936485059296,-1.4887857878939394,-0.1991760701838267,-0.991969755918878,-1.3528470817137532,-1.1988214645655582,0.6761256501098578,False,-1.0388562654470366,0.5307081165960333,-5.020685974703996,0,0,0,1000
0.7370869665622236,1.3909817877459243,-1.2346697636397188,14,1.6362977760914426,-1.6716988267369577,2,-1.49949295554867,3,0.5114292264090835,-0.2067936485059296,-0.0210079375440875,0.2428606281810157,-0.3453615131802212,1.037876340734433,0.9876774868511812,0.4263976857627958,True,1.2136618260956311,-0.6314462020889474,4.11758627049266,0,0,0,1000
0.7384659880150997,-1.6929215881889852,1.3581639759557096,18,-1.5326791163180575,-1.3271883213089362,1,-1.330846154369433,3,0.7479871380105251,-0.2067936485059296,-1.338353680137249,-1.2049994222563494,-0.8226199780587538,-0.5331704797315179,1.0145056948440243,0.7732420806892708,True,-2.6965176560929587,1.0158891853241068,-0.8298759854300248,0,0,0,1000
0.7398450094679757,0.0862534363888472,-1.1309827860153447,3,0.591746475567929,0.4298152563739724,1,1.4237182648914386,2,0.3110669241976558,-0.2067936485059296,0.0413968723231161,-0.3303387439848148,-1.6847643017102962,0.0815869717551585,-0.6488432007122678,0.4263976857627958,True,1.172379658338461,-0.3518113365662889,-3.0271965396999345,0,0,0,1000
0.7412240309208517,1.258415805522478,-1.5411320313528198,5,-1.0230188199273575,1.5322488737436406,1,0.3556218574229373,1,-0.2351536375112642,-0.2067936485059296,-0.4467119573908226,1.1080286043178935,-1.1151332307262414,-0.2462836690377356,-1.0780945285977626,0.1905434972127928,True,1.0944200739619971,0.3624028030577392,0.902503695168803,0,0,0,1000
0.7426030523737277,0.1630021629392635,-1.2793230388409258,7,-1.3560641621232603,0.843227862887598,1,1.0302090621398854,2,1.090266048425438,-0.2067936485059296,0.2116768563866782,0.1771436454944471,-0.9303880185151966,1.229134214530288,0.6791530949334817,0.4818927889510318,True,1.490999895227604,-1.394802474216719,5.645132980612892,0,0,0,1000
0.7439820738266036,-1.016137363153496,0.8804375227451832,10,1.1266374797007428,-1.4994435740229468,2,1.2550714637122016,2,-1.058874311958881,-0.2067936485059296,-1.1579549317201276,1.6252000096085697,1.255763659315501,0.4914252727462762,0.5986684709549516,0.1350483940245568,True,-2.0383924544653107,-0.9322726761195876,0.6153088435619479,0,0,0,1000
0.7453610952794797,-0.7161196139109596,1.908372548054176,36,0.6623924572458478,-1.5683456751085512,0,-0.8249057508317219,0,1.6445940125739205,-0.2067936485059296,1.7797670078178849,0.5905942866973692,-1.5000190894992516,0.0406031416560467,-1.6549010004438962,0.0518057392422027,True,-0.1286055402362906,3.138498066290333,1.69320945563341,0,0,0,1000
0.7467401167323556,0.7490833475060791,0.3962196347992141,25,-0.4477586834071617,1.7045041264576513,2,-0.3189653472940107,0,0.711772004452503,-0.2067936485059296,-0.9903503023158304,0.8447333322142874,1.2095773562627397,-0.4512028195332943,-1.2122355685619797,1.522425973730457,True,-1.3865699371150446,0.2820180436644753,1.1838054016386148,0,0,0,1000
0.7481191381852317,-0.590530788646642,1.363078261161389,19,-0.1803131813407549,0.8087768123447958,1,-0.7124745500455638,0,-0.057165238718669,-0.2067936485059296,0.4886930838225883,-1.2699063389729712,1.1787864875608989,-0.4921866496324061,-0.8500547606585935,1.147834027209864,True,-0.8743851773388007,-0.077920694191519,-0.7874597110482296,0,0,0,1000
0.7494981596381077,-1.183589130172586,-1.4379647853871615,18,-0.8766807150230972,-1.3960904223945405,2,0.1869750562437003,1,0.28330532668029,-0.2067936485059296,0.957505402783254,-1.3368123034956008,0.0241289112418684,1.5433435786234782,0.7998800309012772,0.3847763583716188,False,2.395470188170416,-0.407383083278863,-0.748048228004743,0,0,0,1000
0.7508771810909837,-0.276558725485848,0.4665143096837679,29,-1.214772198767423,1.4633467726580365,0,1.8734430680360703,2,-0.268553453715343,-0.2067936485059296,-0.0463495737941689,0.8077633534346084,-0.376152381882062,1.4886984718246623,-0.5147021607480506,1.591794852715752,True,-0.5128638834779369,-0.1252840290732049,1.2379861898282256,0,0,0,1000
0.7522562025438597,-1.6022185477203117,0.522476479405631,34,-0.0793903503722995,0.9810320650588064,1,0.9177778613537274,0,0.3928177842655264,6.431744946342571,1.7103817473701868,-0.2832787427979059,1.332740831070103,0.4914252727462762,-1.520759960479679,0.3292812551833828,True,1.1879052679645556,0.2052380529709729,-3.530093162418217,0,0,0,1000
0.7536352239967357,1.0421239397894868,0.0648288358477054,4,0.4454083706636687,-1.258286220223332,1,1.6485806664637546,2,0.0051049946661323,-0.2067936485059296,-0.0968482094623753,0.3461092165240627,-1.7309506047630576,-0.4102189894341826,-1.3597907125226183,-0.3089124314813312,False,-0.1616770453100808,0.0003309508612141,2.8892605666986624,0,0,0,1000
0.7550142454496117,-0.4858734342597106,0.0246479151222656,4,-0.9120037058620566,-0.2592057544820701,0,-0.1503185461147737,0,2.089496516746594,-0.2067936485059296,1.302762718030215,1.071033923096627,-0.3607569475311417,-0.2326223923380316,1.5913121666901584,0.0240581876480847,True,1.2781148029079494,0.0515017327930398,0.9336771553799476,0,0,0,1000
0.7563932669024878,0.1630021629392635,-1.477469544000794,9,0.813776703698531,-1.4994435740229468,0,1.6485806664637546,2,0.5627146920237458,-0.2067936485059296,0.6062234601172475,1.183431011712033,1.6098586493866702,1.5023597485243665,0.5986684709549516,0.6622518743127987,True,2.0836930041180413,-0.8313938194268709,0.8450006004602423,0,0,0,1000
0.7577722883553637,0.7141975627104353,0.9864468172415785,25,-0.1752670397923321,-0.465912057738883,2,1.8734430680360703,2,0.625667627837102,-0.2067936485059296,-0.6403950533190536,-1.6654668625787343,1.22497279061366,1.215472937830584,1.6315544786794234,0.7177469775010348,True,-1.6268418705606318,0.6171878401309976,-0.6004322766859932,0,0,0,1000
0.7591513098082397,-1.5533784490064102,0.5874740084944596,33,0.7834998544079943,0.0164026498603468,2,1.6485806664637546,2,0.9005177508105646,-0.2067936485059296,0.0577737342953516,-1.0731553092957955,-1.3768556146918882,0.7236669766412428,1.4705852307223628,1.34206688836869,False,-0.529700274199108,0.5290307727890973,-0.9318316598921416,0,0,0,1000
0.7605303312611157,1.677045223070203,0.0353712583396435,2,-1.6992017874160088,0.6020705090879831,1,-1.218414953583275,3,1.578306680802934,-0.2067936485059296,-1.390961934937256,1.1651731868456034,-1.6077871299556945,1.3930695349267348,-1.1451650485798712,1.425309543151044,True,-1.4263331932768994,0.0558266933458658,0.8582414403845747,0,0,0,1000
0.7619093527139917,0.6165173652826327,0.3702655290868566,12,1.1770988951849704,-1.0515799169665192,1,0.1869750562437003,1,-0.6194028630245529,-0.2067936485059296,0.4838195573022165,1.2968603794503453,-0.991969755918878,-1.325524528314345,0.7998800309012772,-0.7528732569872193,True,0.1135540282153599,-0.2293435287956998,0.7710929709445961,0,0,0,1000
0.7632883741668677,1.4119132586233107,0.8076730918391,0,1.1316836212491654,-0.7759715126241021,1,-1.049768152404038,3,-0.0103374563904445,-0.2067936485059296,-0.999769756755155,1.2681225165350565,-0.1452208666182559,0.3684737824489408,-0.0720367288661341,1.605668628512811,False,-1.8074428485942549,-0.0083492853646221,0.7885672780857272,0,0,0,1000
0.7646673956197437,-0.674256672156187,1.2401157407695758,40,1.298206292347117,1.670053075914849,0,0.9177778613537274,2,0.6505043648705744,-0.2067936485059296,-0.3520108940505254,-1.0541369321639231,-0.6840610689004701,0.4367801659474605,-1.5073458564832574,0.2876599277922058,True,-1.592126634820101,0.8067007023153148,-0.9486434488274246,0,0,0,1000
0.7660464170726198,0.4420884413044137,-0.9547363357214756,19,0.965160950151214,1.635602025372047,2,1.3675026644983594,0,-0.6931384774092352,-0.2067936485059296,0.4146654434751985,-1.7025782002642382,-1.06894692767348,-0.8337185671250041,0.1425889350766132,-0.1563008977136822,True,1.3694017791966742,0.661764490069256,-0.58734456871306,0,0,0,1000
0.7674254385254957,-1.3580180541508051,-1.0109341722460097,11,0.924791817763832,0.8087768123447958,2,0.8053466605675694,1,-1.3441580977555516,-0.2067936485059296,0.3919388959350417,-0.7812552627617533,0.3012467295584358,-0.8883636739238198,-0.407389328776677,-1.5991735806078182,True,1.4028730681810515,1.3588553539222796,-1.2799915413870406,0,0,0,1000
0.7688044599783718,-1.4836068794151225,-1.3838405301737036,16,1.6615284838335564,0.1197558014887532,0,0.9739934617468065,2,-1.199881602118864,-0.2067936485059296,-0.9100812739285976,-0.4521855503100883,-0.991969755918878,-1.4757985720110882,1.13523263081182,1.286571785180454,True,0.4737592562451058,1.6604447924218413,-2.211482035333612,0,0,0,1000
0.7701834814312477,1.0142153119529718,-1.4687000978375275,23,-0.1702208982439093,-1.3271883213089362,2,0.1869750562437003,1,0.625667627837102,-0.2067936485059296,-0.2084722709372532,-1.336733516853709,0.8400869318406499,-0.9976538875214512,-1.2256496725584014,1.48080464633928,True,1.2602278269002742,-0.9189181062181254,-0.7480923177290774,0,0,0,1000
0.7715625028841238,0.721174719669564,0.4739401309104392,20,-0.0743442088238767,1.428895722115234,0,0.5242686586021743,1,0.2127161215072761,-0.2067936485059296,-0.4445670797018153,-1.5148439970518404,0.8708778005424909,-1.011315164221155,1.403514710740254,1.425309543151044,True,-0.9185072106122546,0.1008147064739193,-0.6601340256551718,0,0,0,1000
0.7729415243369997,-0.4230790216275518,-0.1834545727214664,23,-0.6344659206988043,-0.7415204620813,2,-0.2627497469009318,0,0.8426679393432855,-0.2067936485059296,1.499470778345033,-1.0731286480702935,1.3173453967191826,-0.9430087807226356,-0.7829842406764849,0.981348717645156,True,1.6829253510664994,-0.154591286758301,-0.9318548106824724,0,0,0,1000
0.7743205457898757,-0.1858556850171741,1.686874361027614,39,1.0509453564744011,-0.8104225631669043,2,1.3112870641052805,0,0.4195783825648011,-0.2067936485059296,0.6403886167744033,-0.6126219232482913,-0.1144299979164151,1.5843274087225898,-1.6817292084367397,-1.2384554098842842,True,-1.0464857442532107,0.7077760159899987,-1.632328399105539,0,0,0,1000
0.7756995672427518,-1.078931775785655,-1.51254348303357,20,1.0004839409901731,-0.8793246642525085,0,-0.4313965480801688,1,1.2392862489351957,-0.2067936485059296,-0.5321458171180133,-0.3490719004144801,-0.3299660788293008,1.1744891077314723,-0.6756714087051112,0.2876599277922058,True,0.9803976659155568,-1.8744743394400485,-2.8647401446138647,0,0,0,1000
0.7770785886956277,-1.699898745148114,0.637944027465256,32,-0.9776035459915526,-1.22383516968053,0,-1.105983752797117,3,0.8774958557738228,-0.2067936485059296,-1.1393807861710228,1.324261263522705,0.347433032611197,0.6007154863439075,0.3035581830336738,-0.8222421359725143,True,-1.777324813636279,0.559793240316424,0.7551379414558104,0,0,0,1000
0.7784576101485038,-1.581287076842925,0.2542283939893535,9,-0.0844364919207222,0.0853047509459511,1,1.4799338652845175,2,-1.773869888025952,-0.2067936485059296,0.6381765949673006,-1.5343268236140908,0.5629691135240826,-1.4074921885125689,0.9876774868511812,-1.1135914277107533,True,0.3839482009779471,-0.4509680927789122,-0.6517516671054978,0,0,0,1000
0.7798366316013797,-1.0231145201126248,-1.1222064867716708,0,-0.8766807150230972,1.4977978232008384,1,-0.6000433492594058,1,0.4328703072542469,-0.2067936485059296,0.1412577538731927,-0.3213446611777101,-0.4069432505839028,-1.0659602710199707,-0.729327824690798,-0.9332323423489864,True,1.2634642406448635,-0.4857698667315622,-3.1119244599474625,0,0,0,1000
0.7812156530542558,0.804900603179109,-0.4303075065310262,3,1.5101442373808731,-1.4649925234801446,2,-1.162199353190196,3,-0.5829717049916499,-0.2067936485059296,-0.913567279141894,0.7225483091997884,0.5629691135240826,-1.4074921885125689,0.9876774868511812,-1.1135914277107533,True,-0.4832597726108678,0.2508571007530978,1.3839903143755934,0,0,0,1000
0.7825946745071318,-0.7789140265431183,-1.3405772571861,40,-0.6546504868924953,0.6365215596307852,0,-1.387061754762512,3,-1.796020240971909,-0.2067936485059296,-1.1687342366257114,-1.6654869945245216,1.117204750157217,-0.9703313341220434,0.3035581830336738,1.231076681992218,True,0.1718430205603887,2.4077038884928403,-0.600425018826395,0,0,0,1000
0.7839736959600078,0.2676595173261949,-0.7883740675781121,36,-1.6184635226412445,-1.4994435740229468,2,-0.3189653472940107,1,0.8774958557738228,-0.2067936485059296,0.9323796400577083,-0.0857733636710164,-1.5000190894992516,1.6662950689208131,-0.1793495608375078,0.2737861519951468,True,1.7207537076358206,-0.6917949770993451,-11.658644631216347,0,0,0,1000
0.7853527174128838,1.4398218864598258,-1.59604606328675,40,-0.5688660805693082,0.7398747112591916,1,-1.330846154369433,3,-0.057165238718669,-0.2067936485059296,-1.057363049548091,1.3997615012912377,-0.0682436948636539,-1.1752504846176022,-1.1451650485798712,0.2876599277922058,True,0.5386830137386589,0.0912383542137789,0.7144073669955872,0,0,0,1000
0.7867317388657598,1.677045223070203,-0.1894893682560049,40,-0.4376664003103162,1.0499341661444108,2,-0.6000433492594058,1,-0.1856465098343156,-0.2067936485059296,0.941595887751747,0.384637952014316,-0.7456428063041518,-1.380169635113161,1.148646734808242,-0.1008057945254462,True,1.1310852560077518,0.0351780398674366,2.599846777413433,0,0,0,1000
0.7881107603186358,-1.3231322693551613,-0.5341216520229702,18,-0.3922511263745112,0.0164026498603468,0,-1.274630553976354,3,-1.2202938111117605,-0.2067936485059296,-1.290096009525738,0.4589673811086606,-0.4223386849348233,-0.341912605935663,-1.668315104440318,-1.4881833742313462,True,-0.7559743575027679,0.6517853463444199,2.1788035997331363,0,0,0,1000
0.7894897817715117,0.2118422616531648,-1.295632018549837,8,-0.0793903503722995,1.5666999242864428,1,0.4680530582090954,0,0.7719110874194387,-0.2067936485059296,1.6006514455755003,-0.1802849051850638,-0.29917521012746,-0.5468317564312217,-1.0915086325941843,0.7454945290951528,True,2.896283464125337,-1.000112720334247,-5.546779158529151,0,0,0,1000
0.7908688032243878,-1.5882642338020538,-0.8049882620983763,29,0.7532230051174578,-0.2592057544820701,1,0.3556218574229373,0,0.8543170953229892,-0.2067936485059296,1.087244985180245,-1.0541576082163533,-0.3145706444783804,0.4367801659474605,-0.5817726807301593,0.8287371838775068,True,1.8922332472786207,-0.6877152338449859,-0.9486248423084436,0,0,0,1000
0.7922478246772638,1.007238154993843,-0.0688203968241422,25,-0.2307745968249826,-1.017128866423717,2,-0.4876121484732478,1,-0.1530404922217351,-0.2067936485059296,-0.4919636191075223,1.032767555829579,-1.6847643017102962,-0.3692351593350709,0.8401223428905423,-1.3633193920578153,True,-0.4231432222833801,0.0105323074048618,0.9682719964702436,0,0,0,1000
0.7936268461301398,1.0491010967486154,-0.456041922783524,11,-0.4225279756650479,0.6020705090879831,1,0.7491310601744904,1,-1.1795361053656206,-0.2067936485059296,-0.5678014987980404,1.0610194226914311,0.4859919417694806,-0.7107670768276688,-1.5610022724689443,-1.7795326659695851,True,-0.1117595760145164,0.537917913483527,0.9424897267331648,0,0,0,1000
0.7950058675830158,0.9304894284434266,-0.4625953735815692,22,0.9601148086027914,-0.7070694115384979,1,-1.162199353190196,3,-0.6561257527358736,-0.2067936485059296,0.7389083571488484,0.1211061023423776,0.0241289112418684,1.5433435786234782,0.7998800309012772,0.3847763583716188,False,1.2015037307304175,0.3035207377033397,8.257215408116869,0,0,0,1000
0.7963848890358918,-0.5695993177692557,-0.4896541449741795,34,-0.1803131813407549,-1.6716988267369577,1,-1.330846154369433,3,0.625667627837102,-0.2067936485059296,-0.9115520778212224,0.6565276061851542,1.4405088715265455,0.3957963358483486,-0.0049662088840255,-0.1563008977136822,True,-0.4218979328470428,-0.3063607473465993,1.523164964066238,0,0,0,1000
0.7977639104887678,0.6793117779147915,-1.6432761159520433,16,-0.9170498474104796,0.7398747112591916,1,-0.0941029457216947,0,0.3928177842655264,-0.2067936485059296,1.833507664413698,1.0325449073913051,-0.3145706444783804,1.229134214530288,-0.1525213528446644,-0.0591844671342692,True,3.476783780365741,-0.6455080828047418,0.9684807856719688,0,0,0,1000
0.7991429319416438,-0.6672795151970583,0.2217673828506251,18,0.1527321608551479,0.2575600036599618,1,1.3675026644983594,2,-0.1693034138610984,-0.2067936485059296,0.7401023170241391,0.4404141063351373,-0.376152381882062,-1.5031211254104964,-0.9707816966263888,1.369814439962808,True,0.518334934173514,-0.037545974999652,2.270589789374416,0,0,0,1000
0.8005219533945198,-0.360284608995393,-1.110391062321236,4,1.565651794413524,-0.8448736137097064,1,-0.4876121484732478,0,-0.0103374563904445,-0.2067936485059296,1.412527287901871,-0.941419691199836,0.3012467295584358,-0.8883636739238198,-0.407389328776677,-1.5991735806078182,True,2.522918350223107,0.0114786191830851,-1.0622256105011618,0,0,0,1000
0.8019009748473959,-0.2067871558945604,-0.5992707871513597,13,-0.3619742770839746,0.2920110542027639,0,0.2994062570298583,1,-1.058874311958881,-0.2067936485059296,0.844059921014499,0.7692312444831689,-0.791829109356913,-1.380169635113161,1.457171126725941,0.8703585112686838,True,1.4433307081658588,0.6345524424219531,1.2999990278241715,0,0,0,1000
0.8032799963002718,0.0304361807158172,-0.4556901578043525,34,0.3949469551794409,1.6011509748292447,2,1.1988558633191224,0,0.1549618143491789,-0.2067936485059296,0.8582095744611262,0.5060380467857704,-0.0528482605127335,-0.8747023972241159,-1.6817292084367397,0.8981060628628018,False,1.3138997322654788,-0.0706145736344261,1.976135606281372,0,0,0,1000
0.8046590177531479,-1.4905840363742513,1.5556894995504431,1,1.3587599909281902,-1.292737270766134,0,0.5242686586021743,0,-0.9601914853903032,-0.2067936485059296,1.97337912052429,0.3091661166125428,-0.1914071696710171,-0.5195092030318139,-1.158579152576293,0.7871158564863298,False,0.417689620973847,-1.4937598113794377,3.234506056181529,0,0,0,1000
0.8060380392060238,-1.7068759021072426,0.1356281013678321,8,0.7229461558269211,1.35999362102963,0,1.3675026644983594,0,-0.6931384774092352,-0.2067936485059296,1.772878562443555,-1.6653754526627274,0.8708778005424909,0.3548125057492369,-0.7695701366800631,-0.4337764136548623,True,1.6372504610757228,-0.0940090556760045,-0.6004652334989375,0,0,0,1000
0.8074170606588997,-0.7858911835022471,1.3650600168724685,23,0.4655929368573597,0.7054236607163894,0,-1.330846154369433,3,-1.449180960650241,-0.2067936485059296,-1.3571285847217662,-1.665815852579489,0.7939006287878887,-0.1916385622389199,1.3096159827653022,-1.2384554098842842,True,-2.7221886015942345,-1.9782189865964777,-0.6003064855471056,0,0,0,1000
0.8087960821117758,0.6025630513643752,1.6387799999934525,8,1.4041752648639951,1.0499341661444108,0,0.8615622609606484,1,0.4195783825648011,-0.2067936485059296,0.1441859616834469,-0.8475680422222952,-0.8072245437078334,-0.4512028195332943,-0.6756714087051112,1.34206688836869,True,-1.4945940383100054,0.6875966617767975,-1.1798464172418237,0,0,0,1000
0.8101751035646518,0.1002077503071048,0.3102984105104178,2,1.5000519542840278,-1.6372477761941553,1,1.3112870641052805,0,-1.796020240971909,-0.2067936485059296,1.0319007756081895,-0.8097973561069275,-1.3152738772882069,-0.1096709020406963,0.0486902071016612,-0.2534173282930952,True,0.7216023650977716,-0.557302226018121,-1.2348769923072669,0,0,0,1000
0.8115541250175279,0.7281518766286927,-1.5649253998653565,21,0.7431307220206121,-0.224754703939268,0,1.9296586684291497,2,1.133471172798824,-0.2067936485059296,-0.1140003460196397,-0.1897555165900185,-1.6539734330084557,-1.1479279312181945,0.5181838469764212,0.3292812551833828,True,1.4509250538457166,-1.773797828328054,-5.269941791230015,0,0,0,1000
0.8129331464704038,0.379294028672255,1.2841512514732718,7,-1.6840633627707406,-1.1549330685949255,2,1.1426402629260437,2,1.2183662282076309,-0.2067936485059296,-0.0830468238158296,0.7035749840979479,-0.637874765847709,0.873941020337986,-0.3403188087945684,0.8287371838775068,True,-1.3671980752891015,1.564566516705599,1.4213124122809122,0,0,0,1000
0.8143121679232799,0.3444082438766112,-0.7140386262612693,36,1.5151903789292962,-1.3616393718517383,1,0.3556218574229373,0,0.9119708027708356,-0.2067936485059296,1.4552562846204156,0.5255190233854347,0.7323188913842071,0.6690218698424271,-1.1451650485798712,1.078465148224569,True,2.169294910881685,-0.6511823792008745,1.9028803244264887,0,0,0,1000
0.8156911893761558,0.35138540083574,1.018330059924805,10,-0.0945287750175677,-0.9826778158809149,1,0.4118374578160163,2,0.957405412360788,-0.2067936485059296,0.2476093688592994,-1.326724783978928,-0.1452208666182559,0.3684737824489408,-0.0720367288661341,1.605668628512811,True,-0.7707206910655057,0.974954710941694,-0.7537358821130389,0,0,0,1000
0.8170702108290318,-0.6603023582379295,0.6584951089507345,24,-0.9725574044431298,0.8087768123447958,0,0.0745438554575422,0,-0.3022664678409858,-0.2067936485059296,-1.0404884549025355,-1.2704814596945146,-1.1151332307262414,-0.2462836690377356,-1.0780945285977626,0.1905434972127928,True,-1.69898356385327,-0.1990409906731036,-0.7871032442699109,0,0,0,1000
0.8184492322819079,-0.332375981158878,-1.5091225895611715,41,-1.098710943153699,1.5322488737436406,1,0.2994062570298583,1,-1.3233493238148013,-0.2067936485059296,-0.6216582730384419,1.3619582775986243,-0.791829109356913,0.3274899523498291,0.1023466230873481,-0.6141354990166293,True,0.8874643165227296,1.9970963584494184,0.7342368287077746,0,0,0,1000
0.8198282537347839,-1.699898745148114,-1.5202008644718494,23,-1.2198183403158456,1.1877383683156193,1,-0.0941029457216947,1,-0.1856465098343156,-0.2067936485059296,-1.1605125112779038,-0.6122972004038099,0.7323188913842071,0.6690218698424271,-1.1451650485798712,1.078465148224569,True,0.3596883531939456,0.2822199847363083,-1.6331940806848506,0,0,0,1000
0.8212072751876599,-0.0951526445485003,-0.2546641368899127,22,1.580790219058792,0.0164026498603468,0,-0.2627497469009318,0,0.3793476208697771,1.4528410002061956,1.8901497089058084,-0.0856433221833638,1.548276911982989,-0.0413645185421767,0.0621043110980829,-0.6696306022048653,True,2.144813845795721,-0.0966062344500436,-11.67634722872734,0,0,0,1000
0.8225862966405358,0.3723168717131262,-0.9617687297864383,15,0.2486088502751806,0.7054236607163894,0,0.6366998593883324,2,-0.1368580718294795,-0.2067936485059296,-0.4992154881402306,-0.5372953643201719,1.22497279061366,1.215472937830584,1.6315544786794234,0.7177469775010348,True,0.4625532416462077,0.1316258139044596,-1.8611740441548064,0,0,0,1000
0.8239653180934119,-1.1347490314586848,-0.054316593810181,9,-1.411571719155911,0.5676194585451809,2,0.9177778613537274,0,1.101116147891736,-0.2067936485059296,1.5745189330785636,0.0837058440294948,1.22497279061366,-0.6151381399297413,-1.6951433124331614,0.6483780985157398,False,1.628835526888745,-0.0598088785428666,11.946582905123648,0,0,0,1000
0.8253443395462878,1.6142508104380446,-0.3699749950674861,19,0.061901612983538,0.9465810145160044,2,-0.2065341465078527,0,1.1867614863444798,-0.2067936485059296,1.8969299334525909,0.3090606687451491,1.147995618859058,-0.697105800127965,-0.5817726807301593,-0.8916110149578094,True,2.266904928520077,-0.4390720750565813,3.23560963127157,0,0,0,1000
0.8267233609991639,0.2606823603670661,-1.4153190473166315,37,-0.9977881121852435,0.7398747112591916,0,0.0745438554575422,0,-1.4280464114595173,-0.2067936485059296,0.8381710294595436,1.0613800565743443,1.332740831070103,-1.5714275089090155,1.323030086761724,0.1905434972127928,True,2.253490076776175,2.0211412865908183,0.9421694892314062,0,0,0,1000
0.8281023824520399,-0.7998454974205046,-1.1696200029496602,4,1.6211593514461742,1.35999362102963,1,0.1869750562437003,1,0.5243298950584547,-0.2067936485059296,0.4186770514544439,0.4780254780254646,-1.4692282207974106,-0.4921866496324061,-0.7963983446729067,-1.0997176519136944,True,1.5882970544041042,-0.6132667334048648,2.0919382685140118,0,0,0,1000
0.8294814039049159,-0.8277541252570195,1.4209721462848324,29,-0.5840045052145765,-0.8793246642525085,0,-1.274630553976354,3,-0.2185719381821825,-0.2067936485059296,-1.414134638237433,-1.3266961639695116,0.6399462852786847,0.163554631953382,-1.2524778805512449,-1.3078242888695797,False,-2.835106784522265,-0.3105846361163716,-0.7537521420000087,0,0,0,1000
0.8308604253577919,0.9863066841164568,-0.4764730195855277,20,1.4041752648639951,-0.9826778158809149,2,-1.443277355155591,3,-0.1368580718294795,-0.2067936485059296,-1.1360810040119482,1.1079784376854185,0.1780832547510725,1.3247631514282154,1.148646734808242,1.4946784221363392,True,-0.6596079844264204,0.0652091787392451,0.902544558389202,0,0,0,1000
0.8322394468106679,-1.5254698211698952,-0.6077597883340181,28,-1.4368024268980248,-0.2936568050248722,0,-1.49949295554867,3,2.0810374593655454,-0.2067936485059296,-1.2752623454841077,0.0643897317426285,-1.3922510490428086,-0.4921866496324061,1.0547480068332895,-0.8499896875666323,True,-0.6675025571500895,-1.2647708858191666,15.530402439892722,0,0,0,1000
0.8336184682635438,-0.1509699002215304,-1.5414361873585023,7,-0.9422805551525932,-0.4314610071960808,0,-0.6000433492594058,1,-1.840507443699069,3.1124756489183207,-0.5164125251358943,1.1178722552372191,-1.284483008586366,1.3794082582270308,0.7059813029263252,0.8009896322833888,True,1.0250236622226083,2.8370247768204364,0.8945565165065684,0,0,0,1000
0.8349974897164198,-0.8207769682978908,-0.8334246458109736,15,-1.2046799156705774,-0.3625589061104765,2,0.2994062570298583,1,1.9782297698019933,-0.2067936485059296,0.2213109801364404,-1.5622345974349745,1.2403682249645809,-1.3528470817137532,-0.9305393846371236,0.3709025825745598,False,1.054735625947414,-1.6487054452299503,-0.6401087683327282,0,0,0,1000
0.8363765111692959,-0.1160841154258866,-1.5950185848611187,15,-1.6739710796738951,0.4987173574595767,0,-1.105983752797117,3,1.3724795730738664,-0.2067936485059296,-1.0552405075268994,-0.1139645082315213,0.424410204365799,-0.0960096253409924,-1.29272019254051,-1.4465620468401692,True,0.5397780773342193,-2.189130426395071,-8.774669350877312,0,0,0,1000
0.837755532622172,-1.60919570467944,-0.711447695392661,3,1.4243598310576864,1.5666999242864428,0,-0.7124745500455638,1,-1.40697668519828,-0.2067936485059296,0.5257516742271576,-1.4684878522181846,-1.7309506047630576,-0.4102189894341826,-1.3597907125226183,-0.3089124314813312,True,1.2371993696198187,1.0009903201555217,-0.6809726526417922,0,0,0,1000
0.8391345540750479,-1.239406385845616,-0.3270055326458034,28,1.3537138493797674,-1.3616393718517383,0,1.4237182648914386,2,0.3793476208697771,-0.2067936485059296,-0.126053606822282,-1.2325242538219612,0.5167828104713215,1.4477146417255506,-1.426861232504727,-1.2523291856813432,True,0.2009519258235213,-0.1240487708204397,-0.8113431261359692,0,0,0,1000
0.8405135755279239,-0.841708439175277,1.017273986520529,32,0.3949469551794409,0.2920110542027639,0,1.3112870641052805,2,0.9119708027708356,-0.2067936485059296,-0.6043576113923878,-1.7217722150204382,-1.0073651902697986,-0.5331704797315179,0.5450120549692647,0.7316207532980938,True,-1.6216315979129168,0.927724174125015,-0.5807969540662061,0,0,0,1000
0.8418925969807999,-1.2254520719273587,-1.3437539228744684,18,-0.200497747534446,0.7743257618019938,0,0.0745438554575422,0,-0.8440511312458903,-0.2067936485059296,1.3946585135885212,1.2961208297013185,-1.1151332307262414,-1.7490241060051668,-1.5610022724689443,-0.4060288620607443,True,2.7384124364629896,1.1341970187182977,0.7715329465672951,0,0,0,1000
0.8432716184336758,0.7072204057513065,-1.5765678668317884,1,0.8894688269248725,-0.9482267653381128,0,0.2994062570298583,0,0.7238882179995157,-0.2067936485059296,0.4749953721967222,0.7324719437956201,-1.1305286650771618,0.873941020337986,-0.3671470167874118,-1.5159309258254643,True,2.0515632390285106,-1.1412589036761611,1.3652398183254455,0,0,0,1000
0.8446506398865519,-0.276558725485848,0.3086060626890875,32,-1.588186673350708,-1.0515799169665192,0,0.4680530582090954,2,-0.6561257527358736,-0.2067936485059296,-0.8883902955449942,-1.3368078418211289,-0.7610382406550722,-1.544104955509608,-1.6951433124331614,-0.9748536697401632,False,-1.1969963582340817,-0.2024843851807317,-0.7480507246597056,0,0,0,1000
0.8460296613394279,1.007238154993843,-0.4007729154342632,22,-0.8413577241841378,-0.3281078555676744,0,1.3112870641052805,2,1.5205971193345007,-0.2067936485059296,0.2340390329640278,-0.8573336682490292,0.6861325883314459,0.0132805882566389,-1.0378522166084974,1.439183318948103,True,0.634811948398291,-0.60941414071663,-1.1664071454035618,0,0,0,1000
0.847408682792304,1.3072559042363794,0.6508029770101655,11,1.0963606304102065,1.5322488737436406,2,-0.6000433492594058,1,-1.7077935573996443,-0.2067936485059296,0.1614162430537516,1.2961905841729378,-1.3460647459900474,-0.2052998389386238,1.1084044228189769,-0.9332323423489864,True,-0.4893867339564138,-1.1114371312744695,0.7714914265396617,0,0,0,1000
0.8487877042451799,-1.2952236415186462,1.13399878169655,2,-1.345971879026415,-0.3281078555676744,0,0.8615622609606484,0,-0.2351536375112642,-0.2067936485059296,1.1958623045919874,-1.0542600090865468,0.6553417196296051,0.6143767630436114,0.5852543669585298,0.0518057392422027,True,0.0618635228954373,-0.2666639384492857,-0.9485327018329288,0,0,0,1000
0.850166725698056,-0.3184216672406205,0.8269971236029473,19,-0.7555733178609507,0.1542068520315554,1,-1.049768152404038,3,1.3319970055926482,-0.2067936485059296,-1.282299439813241,-1.111108162315206,-1.1151332307262414,-1.7490241060051668,-1.5610022724689443,-0.4060288620607443,True,-2.1092965634161884,1.101557692272859,-0.9000024695314595,0,0,0,1000
0.8515457471509319,0.9932838410755854,-1.2894599929793034,40,-1.3964332945106426,1.5322488737436406,1,-0.6562589496524849,0,0.3385684026291145,-0.2067936485059296,0.4615257652691973,-1.4021572260597557,1.1326001845081377,-1.0386377176205628,0.9876774868511812,-1.6407949079989952,True,1.750985758248501,-0.4365704100771519,-0.7131868329265855,0,0,0,1000
0.8529247686038078,0.0513676515932035,-0.909595750007364,32,-0.5436353728271944,0.3953642058311703,2,0.6929154597814113,2,-1.642282406264363,-0.2067936485059296,-0.7082307605153804,-0.7910232828577162,0.8708778005424909,-0.3965577127344787,-1.4939317524868356,1.120086475615746,False,0.2013649894919837,1.493813097049932,-1.2641854520461926,0,0,0,1000
0.854303790056684,-0.7300739278292171,-0.4938746906085778,5,-1.2248644818642684,0.4298152563739724,1,-0.4876121484732478,1,-0.1368580718294795,-0.2067936485059296,1.1004960141714426,0.3283496845211991,-1.06894692767348,0.9422474038365056,-0.0049662088840255,-1.071970100319576,True,1.5943707047800204,0.0675907378820707,3.0455326823442377,0,0,0,1000
0.8556828115095599,-0.5556450038509981,-0.4654202648693724,5,-1.1138493677989674,1.0154831156016086,2,0.4118374578160163,1,0.4062277873044279,4.772110297630446,0.0520399848274019,0.3746110459776623,-0.2068026040219376,0.1225708018542703,-0.4878739527552072,0.7177469775010348,True,0.5174602496967744,-0.1890666443645259,2.6694347211431584,0,0,0,1000
0.857061832962436,0.2397508894896799,-0.0417318984476297,7,-1.2702797558000734,-1.292737270766134,1,0.5804842589952534,2,-1.3233493238148013,-0.2067936485059296,0.5830213804219343,0.8352293126614587,1.6560449524394316,-0.3145900525362552,1.564483958697315,1.591794852715752,True,0.624753278869564,0.0552258795921787,1.197275844026493,0,0,0,1000
0.8584408544153119,-1.4068581528647064,1.4674461346988292,6,0.990391657893328,1.7389551770004534,1,1.8734430680360703,2,-1.5343641390551084,-0.2067936485059296,0.1921015175790242,0.610243174607032,0.347433032611197,-0.3145900525362552,1.403514710740254,-0.0175631397430922,True,-1.275344617119805,-2.251596725076916,1.6386907346811042,0,0,0,1000
0.8598198758681879,1.4537762003780834,-1.6463953538390568,2,0.8692842607311815,-0.465912057738883,0,0.4118374578160163,1,-1.449180960650241,-0.2067936485059296,-0.7160672839768435,1.6909260244654103,0.347433032611197,0.6007154863439075,0.3035581830336738,-0.8222421359725143,True,0.9303280698622132,2.3859248004865776,0.5913918920119304,0,0,0,1000
0.8611988973210639,-1.2254520719273587,0.2255711163925348,20,0.6321156079553112,-1.3616393718517383,2,1.2550714637122016,0,-1.512971918718622,-0.2067936485059296,1.751312806239916,0.0456200113465604,-0.4993158566894253,-0.8337185671250041,1.2827877747724588,1.411435767353985,True,1.525741689847381,-0.3412827647759149,21.92015693261553,0,0,0,1000
0.86257791877394,0.0164818667975597,1.4917305723157506,38,-1.3358795959295695,1.2221894188584217,0,1.0302090621398854,0,0.625667627837102,-0.2067936485059296,-0.8631336913726917,-0.5464374441341447,1.22497279061366,1.1061827242329525,0.1023466230873481,1.34206688836869,True,-2.3548642636884423,0.933327528552878,-1.8300359789365168,0,0,0,1000
0.863956940226816,0.4839513830591863,-0.1658432588276176,36,-0.7555733178609507,-0.6037162599100915,2,0.5242686586021743,0,0.1983874950706012,-0.2067936485059296,-1.358867296385895,-0.5279266096787676,-1.5462053925520127,-1.339185805014049,-0.2732482888124598,-0.1424271219166232,True,-1.1930240375582772,-0.0329012286931564,-1.894203040890065,0,0,0,1000
0.865335961679692,1.4677305142963408,-0.1525353478433888,32,0.4655929368573597,-0.9826778158809149,2,0.5242686586021743,0,0.125634056650171,-0.2067936485059296,1.113002536459251,0.5719817042997702,0.8554823661915704,-0.8337185671250041,1.2559595667796155,-1.3771931678548743,False,1.26553788430264,-0.0191636345321098,1.748307363071133,0,0,0,1000
0.866714983132568,-1.239406385845616,0.8859718953851159,13,-1.608371239544399,-0.1214015523108616,0,0.9739934617468065,2,0.7599707599737691,6.431744946342571,-0.4556107812230812,1.4277393560477265,-0.6994565032513905,1.7209401757196288,1.577898062693737,0.9952224934422148,True,-1.341582676608197,0.6733127346512271,0.7004079040921118,0,0,0,1000
0.8680940045854438,0.776991975342594,-0.4122463982668358,6,-0.6546504868924953,0.5331684080023787,1,0.6929154597814113,0,-1.4703801694062202,-0.2067936485059296,1.4768909990314465,0.017575775579638,-0.991969755918878,-1.3528470817137532,-1.1988214645655582,0.6761256501098578,True,1.889137397298282,0.6061589289206942,56.89616972246409,0,0,0,1000
0.8694730260383199,1.3700503168685385,-0.966150852546822,13,0.3949469551794409,0.1197558014887532,0,-0.2627497469009318,0,-1.4703801694062202,-0.2067936485059296,1.6615211668863354,-0.8096718851150752,1.3481362654210234,-0.2052998389386238,0.5181838469764212,0.92585361445692,True,2.6276720194331578,1.4206090542397602,-1.2350683553310111,0,0,0,1000
0.8708520474911959,-0.2974901963632342,-0.9523388053614206,41,-0.1449901905017955,0.5331684080023787,2,1.3675026644983594,2,-0.6561257527358736,4.772110297630446,-0.1514367982618436,0.6094329998157569,0.5167828104713215,-0.1233321787404002,-0.8634688646550153,0.5790092195304448,False,0.8009020070995769,0.6248540155273447,1.6408691951623875,0,0,0,1000
0.872231068944072,-0.4719191203414531,-1.4305655405962951,10,0.5009159276963192,0.5331684080023787,1,-0.0378873453286157,0,-0.6194028630245529,-0.2067936485059296,0.7359378193577251,-0.593953733151788,-0.4685249879875845,0.7373282533409466,1.13523263081182,-0.9471061181460452,True,2.16650335995402,0.8860963915896125,-1.6836331056576677,0,0,0,1000
0.8736100903969479,-0.2486500976493329,1.506339328504103,2,-1.0835725185084308,-0.1558526028536637,1,0.9739934617468065,0,-0.2020694574570239,-0.2067936485059296,0.6524141273937133,-0.2168724858161141,1.2403682249645809,-0.5468317564312217,-0.6354290967158461,-1.1413389793048714,True,-0.8539252011103894,-0.3043851708570018,-4.611006589137167,0,0,0,1000
0.874989111849824,1.523547769969371,1.523352041495455,24,-0.8110808748936011,1.6011509748292447,2,-0.93733695161788,3,1.1119335175736065,-0.2067936485059296,-1.1737276825992362,-0.3772689213267283,-0.4839204223385048,-0.7244283535273728,0.9876774868511812,-0.2672911040901542,True,-2.697079724094691,1.6938661940029751,-2.650629851900654,0,0,0,1000
0.8763681333027,1.3909817877459243,0.7628338221452424,24,-0.3064667200513241,0.5676194585451809,1,0.8053466605675694,1,-0.1047360641534968,-0.2067936485059296,-0.0392682329389975,0.8352996112397211,0.5629691135240826,-0.6151381399297413,-1.6414868964474745,1.411435767353985,False,-0.80210205508424,-0.0798962121346612,1.1971750816432547,0,0,0,1000
0.8777471547555759,-0.3951703937910368,1.4913717825950334,13,-1.4166178607043336,-0.9826778158809149,0,0.6366998593883324,0,-1.5343641390551084,-0.2067936485059296,1.672775553718617,0.6001491258106447,0.0395243455927888,0.6416993164430193,-1.5475881684725226,1.189455354601041,True,0.1814037711235836,-2.2883073812125105,1.6662522535945314,0,0,0,1000
0.8791261762084519,0.8816493297295254,-1.607674419570308,1,-0.906957564313634,1.7045041264576513,2,-1.330846154369433,3,0.3658165287182165,-0.2067936485059296,-1.242722281794186,0.99495943517718,-0.376152381882062,-1.6670564458069432,-0.3537329127909901,0.1766697214157337,False,0.3649521377761222,-0.5881138754762838,1.0050659998166886,0,0,0,1000
0.880505197661328,-0.7370510847883458,0.8769154202364079,1,1.187191178281816,-0.6726183609956957,1,0.4680530582090954,0,-0.3534180473878296,-0.2067936485059296,1.7421965125915857,0.3838681499359438,0.7477143257351275,0.3138286756501251,0.7059813029263252,0.4263976857627958,False,0.8652810923551778,-0.3099177355442293,2.605060460631662,0,0,0,1000
0.8818842191142041,1.718908164824976,-1.168886853375869,1,1.035806931829133,-0.6726183609956957,2,-1.330846154369433,3,0.5114292264090835,-0.2067936485059296,-1.2301243389636407,-1.2699600967092894,1.0864138814553763,-1.6943789992063512,1.698624998661532,0.0934270666333798,True,-0.0612374855877717,-0.5978028991817684,-0.7874263776742514,0,0,0,1000
0.8832632405670799,-0.562622160810127,-0.9206680601577572,18,-0.1500363320502183,0.6020705090879831,1,0.2431906566367793,1,0.5114292264090835,-0.2067936485059296,-0.6230924075166561,1.6438551411456437,-1.222901271182684,-0.5741543098306296,1.2559595667796155,0.953601166051038,False,0.2975756526411012,-0.4708565537860333,0.6083260709155115,0,0,0,1000
0.884642262019956,-1.1417261884178136,1.3939336081168885,42,0.0114401974993103,-0.5692652093672893,0,-1.443277355155591,3,0.96867140481062,-0.2067936485059296,-1.075793807564421,-0.264616646695803,1.5790677806848294,-1.325524528314345,-1.2390637765548231,1.411435767353985,True,-2.4697274156813087,1.3502636263873222,-3.779053171416285,0,0,0,1000
0.886021283472832,-0.7300739278292171,-0.4861551371336595,1,0.3243009735015221,0.7398747112591916,2,-1.105983752797117,3,0.889026224217017,-0.2067936485059296,-1.2536390522242953,-1.5238468943865602,0.7477143257351275,-0.9566700574223396,1.6181403746830016,-1.1274652035078123,True,-0.7674839150906357,-0.4322046659496434,-0.6562339492944631,0,0,0,1000
0.8874003049257079,-0.444010492504938,1.6257264752810192,36,-0.4477586834071617,-0.8793246642525085,2,0.2431906566367793,1,0.1403364078873898,-0.2067936485059296,-0.1481334853967013,-1.6375248100393482,1.2865545280173418,-1.0386377176205628,-1.6549010004438962,-0.4060288620607443,False,-1.7738599606777206,0.2281486137483657,-0.6106778077113542,0,0,0,1000
0.8887793263785839,0.609540208323504,-1.1396916417870913,16,-1.4418485684464477,0.1886579025743575,1,-1.162199353190196,3,-0.6745960027047526,-0.2067936485059296,-1.1834809501351544,-0.9038433599773112,-0.3453615131802212,-0.341912605935663,0.2767299750408304,0.4125239099657368,True,-0.0437893083480631,0.7688314258655886,-1.1063865210712558,0,0,0,1000
0.8901583478314601,0.923512271484298,-0.1857683555579957,15,1.1518681874428565,0.1197558014887532,0,1.8734430680360703,2,0.1695114023874439,-0.2067936485059296,0.706091111716225,0.5905633814400527,-0.991969755918878,-1.6124113390081276,-0.4476316407659421,0.8842322870657428,True,0.8918594672742207,-0.0314898544698451,1.6932980643529831,0,0,0,1000
0.8915373692843361,0.5955858944052463,1.937106896237483,30,1.7119898993177842,-1.533894624565749,2,1.5923650660706756,2,-1.3233493238148013,-0.2067936485059296,-1.0189990026935598,-0.2178647186901029,-0.0374528261618131,-0.683444523428261,-0.8366406566621718,-0.0453106913372102,False,-2.9561058989310425,-2.5634691012928617,-4.590006426984041,0,0,0,1000
0.892916390737212,-1.7068759021072426,0.6966685397106052,13,-0.2812360123092103,-0.6037162599100915,0,0.7491310601744904,2,-1.862844008126029,-0.2067936485059296,0.8290727266768245,-0.4810361521217857,1.2403682249645809,-0.5468317564312217,-0.6354290967158461,-1.1413389793048714,True,0.1324041869662193,-1.2977848148498112,-2.0788462644101906,0,0,0,1000
0.894295412190088,0.8816493297295254,0.0843928517245197,15,-0.906957564313634,-0.8448736137097064,2,1.4799338652845175,2,-0.8440511312458903,-0.2067936485059296,-0.0083979262769839,0.3086125425140583,1.6406495180885112,0.696344423241835,0.6254966789477949,-0.3089124314813312,True,-0.0927907780015036,-0.0712318819671475,3.2403079532117576,0,0,0,1000
0.8956744336429641,-0.2207414698128179,-1.250867396469144,16,1.3587599909281902,-0.3281078555676744,0,0.1869750562437003,1,-1.5989242880013397,-0.2067936485059296,-0.144178804693871,0.3933628108545148,-1.7309506047630576,1.5023597485243665,0.4913556389835778,-1.0442225487254582,True,1.106688591775273,2.000042261283515,2.542181716694307,0,0,0,1000
0.8970534550958399,0.2048651046940361,-1.4541942935978138,26,1.3284831416376537,-0.4314610071960808,0,-1.387061754762512,3,1.5495571485901265,-0.2067936485059296,-0.9669782604467916,-0.9036705517075267,0.8092960631388092,-1.188911761317306,-0.9707816966263888,-0.2672911040901542,True,0.4872160331510221,-2.2533571630834617,-1.1065980945935037,0,0,0,1000
0.898432476548716,-0.4509876494640668,0.9681625163401966,33,-0.2156361721797142,-1.0515799169665192,1,1.2550714637122016,0,-0.5468342158350353,-0.2067936485059296,0.8572785950017547,-0.3493771442411459,-0.6224793314967885,-0.2736062224371434,-0.6756714087051112,1.411435767353985,True,-0.1108839213384418,-0.529424390423766,-2.8622372777010017,0,0,0,1000
0.8998114980015921,1.4258675725415682,0.9929277555654176,15,0.7330384389237666,-1.3960904223945405,2,-0.6562589496524849,0,0.0051049946661323,-0.2067936485059296,0.2945729988976386,-0.1518034253199085,0.3012467295584358,-0.8883636739238198,-0.407389328776677,-1.5991735806078182,True,-0.698354756667779,0.0050688908960161,-6.587470978600843,0,0,0,1000
0.9011905194544682,-0.6812338291153158,0.4113930644018632,7,-1.5579098240601712,-0.3281078555676744,1,-1.330846154369433,3,2.0127699128464025,-0.2067936485059296,-1.343311002958823,-1.5060369781085643,-1.192110402480843,-1.5714275089090155,1.510827542711628,0.4957665647480908,True,-1.7547040673606866,0.8280395823817526,-0.6639943646372741,0,0,0,1000
0.902569540907344,0.7979234462199803,-0.0678602112314857,11,1.54042108667141,0.9810320650588064,2,1.4237182648914386,0,-0.33629030118055,-0.2067936485059296,-0.916198416799558,-0.4433205295986792,0.6707371539805255,-1.1069441011190826,-0.1659354568410861,-1.6130473564048773,True,-0.8483382055680722,0.022820730873212,-2.2557047526667366,0,0,0,1000
0.90394856236022,0.9165351145251692,-1.2685545892270642,20,1.5706979359619466,1.7389551770004534,2,-0.9935525520109588,1,-1.058874311958881,-0.2067936485059296,-1.2745339189949372,0.9857427039318012,1.5020906089302275,-1.1752504846176022,-1.574416376465366,-1.8905228723460572,True,-0.0059793297678729,1.3432398678500883,1.0144634036498483,0,0,0,1000
0.905327583813096,-1.2045206010499725,1.0417973623197825,37,1.2628833015081578,-0.0180484006824552,0,-0.8811213512248008,1,-1.3233493238148013,-0.2067936485059296,-1.0174184115991425,1.596856624009382,-1.330669311639127,1.188150384431176,-0.1122790408553992,-0.5863879474225113,True,-2.059215773918925,-1.3786618349779276,0.6262302590862402,0,0,0,1000
0.906706605265972,0.2746366742853237,-1.240559635755777,14,1.232606452217621,0.1886579025743575,0,0.1869750562437003,1,0.3793476208697771,-0.2067936485059296,0.1780662587784667,-1.33657561710594,1.5020906089302275,-1.1342666545184903,-0.689085512701533,-1.2800767372754611,True,1.4186258945342438,-0.4706033463710313,-0.7481806955175118,0,0,0,1000
0.908085626718848,0.665357463996534,-0.4558308568050391,29,1.0004839409901731,0.6709726101735873,0,-0.9935525520109588,3,-0.4402037724726214,-0.2067936485059296,-1.16800446185053,1.2299254684543135,1.255763659315501,1.3384244281279192,1.0279197988404465,1.355940664165749,True,-0.712173605045491,0.2006584627750054,0.8130573309868918,0,0,0,1000
0.909464648171724,-1.49756119333338,-0.7760403396601817,6,-0.0087443686943806,-0.6037162599100915,2,-1.330846154369433,3,0.3110669241976558,-0.2067936485059296,-0.9231449222855505,0.1958597169755254,-1.1459240994280822,0.4777639960465722,-0.313490600801725,-1.5159309258254643,True,-0.1471045826253686,-0.2414004815113968,5.105692507233168,0,0,0,1000
0.9108436696246002,0.8467635449338816,-0.7938738629513499,22,1.3436215662829218,1.4633467726580365,2,1.2550714637122016,2,0.5754059049627287,-0.2067936485059296,0.2798708101860785,-1.7314573132640234,-0.4685249879875845,1.0788601708335448,-0.1525213528446644,0.3847763583716188,True,1.0737446731374285,-0.4567997085377787,-0.577548201791755,0,0,0,1000
0.912222691077476,0.9095579575660404,2.1364592763400365,27,-1.6336019472865129,1.2566404694012234,1,1.0864246625329643,0,0.6751506888007894,-0.2067936485059296,-0.8899023689583394,-1.5243631427693418,-0.8380154124096743,1.0925214475332483,-0.6354290967158461,-0.2811648798872132,True,-3.026361645298376,1.4424319520158118,-0.6560117058356908,0,0,0,1000
0.913601712530352,1.4747076712554696,-0.9079933223156544,19,-0.9372344136041704,-0.8104225631669043,2,0.3556218574229373,0,-0.0103374563904445,-0.2067936485059296,1.9549512338764867,1.4462360437303885,-0.7610382406550722,-1.544104955509608,-1.6951433124331614,-0.9748536697401632,False,2.862944556192141,0.0093863413722529,0.6914500127348656,0,0,0,1000
0.914980733983228,-1.5184926642107663,-0.9286389165850442,6,1.580790219058792,-1.3271883213089362,0,0.5804842589952534,0,0.32484974849802,-0.2067936485059296,0.719555955175952,-0.5275878488828993,1.3173453967191826,-0.341912605935663,-1.2658919845476666,0.1211746182274977,True,1.648194871760996,-0.3016681184981253,-1.8954192968228964,0,0,0,1000
0.916359755436104,1.2514386485633493,0.1148037094655648,17,0.4908236445994736,-0.3281078555676744,2,-1.443277355155591,3,2.0640702978270924,-0.2067936485059296,-1.0779212519334471,-1.0730520378549735,0.008733476890948,-0.1779772855392159,-1.5341740644761008,-1.6130473564048773,True,-1.192724961399012,0.2369629267882433,-0.9319213401720292,0,0,0,1000
0.91773877688898,-0.0532897027937278,-1.5024904587288588,19,0.8390074114406448,-0.1903036533964659,1,-1.049768152404038,1,0.1549618143491789,-0.2067936485059296,0.5524139220517459,-0.4151243792570596,-0.8842017154624353,-0.5331704797315179,-0.6220149927194244,-0.0453106913372102,True,2.054904380780605,-0.2328286475269541,-2.4089171603975603,0,0,0,1000
0.919117798341856,1.718908164824976,0.1558368559251977,17,0.4504545122120915,-0.6037162599100915,0,0.8615622609606484,0,0.5243298950584547,-0.2067936485059296,-1.2139612141703129,-0.2554581348612145,-0.0374528261618131,1.3384244281279192,1.3364441907581457,0.911979838659861,True,-1.3697980700955106,0.0817099223134984,-3.914537276321259,0,0,0,1000
0.920496819794732,-1.2812693276003886,-0.5629573352426133,17,-0.4275741172134706,-1.017128866423717,2,1.9296586684291497,2,1.4324091610751095,-0.2067936485059296,0.1713583643184345,0.1769651785155766,-0.0066619574599723,0.0815869717551585,1.5510698547008932,-0.7528732569872193,True,0.7343156995610478,-0.8063852442959508,5.650826017330735,0,0,0,1000
0.921875841247608,1.6700680661110747,-0.5164014207438792,19,1.3789445571218812,-0.3281078555676744,0,0.4118374578160163,1,0.2972190748525578,-0.2067936485059296,0.6752272095117872,0.5061452357944213,1.0094367097007746,-1.1615892079178982,1.5913121666901584,-0.0730582429313282,True,1.1916286302556665,-0.1534843525260422,1.975717109850372,0,0,0,1000
0.923254862700484,-1.3022007984777748,-0.4523864142651795,9,-0.8009885917967556,-1.3271883213089362,2,-1.330846154369433,3,-0.6931384774092352,-0.2067936485059296,-1.4778442917181625,0.0178013621937836,-1.2690875742354455,-0.0140419651427689,0.0352761031052395,0.2182910488069108,True,-1.025457877452983,0.3135664303843901,56.17516073197667,0,0,0,1000
0.92463388415336,-1.5464012920472814,-1.2651608102190597,32,0.2082397178877984,0.1197558014887532,2,-1.105983752797117,3,0.9005177508105646,-0.2067936485059296,-1.0762253899924388,1.0988472400043034,1.3789271341228642,0.9422474038365056,1.457171126725941,-1.4049407194489922,True,0.1889354202266207,-1.139299767232139,0.9100445199203772,0,0,0,1000
0.926012905606236,-0.332375981158878,-0.804337998720903,39,0.591746475567929,-0.3281078555676744,2,-1.330846154369433,3,0.537177286385998,-0.2067936485059296,-1.2463640701410994,0.9669567691577748,-0.7610382406550722,-0.5331704797315179,0.759637718912012,-1.3494456162607564,True,-0.4420260714201964,-0.432072103490039,1.0341722903018478,0,0,0,1000
0.927391927059112,0.8746721727703964,0.3151090832065173,26,0.682577023439539,-1.3271883213089362,1,0.7491310601744904,1,-0.0414729400948349,-0.2067936485059296,-1.0047503406733191,-0.1237674599739581,-1.5000190894992516,0.0406031416560467,-1.6549010004438962,0.0518057392422027,True,-1.3198594238798365,-0.0130685001311622,-8.079674642897848,0,0,0,1000
0.9287709485119882,0.1281163781436197,-0.6299881357645718,32,-1.6588326550286268,1.0843852166872128,0,0.3556218574229373,0,0.8309784133015728,-0.2067936485059296,1.7588662996560138,1.3335129264145578,-1.592391695604774,0.8602797436382821,0.6120825749513732,0.2460386004010288,True,2.3888544354205856,-0.5235065414564597,0.7498989362621521,0,0,0,1000
0.930149969964864,-0.0811983306302428,0.415904850724779,38,0.460546795308937,0.0853047509459511,1,-0.9935525520109588,1,-1.9077023575485812,-0.2067936485059296,-0.5099614077250181,-1.195286901037962,1.0556230127535355,1.3247631514282154,-1.668315104440318,0.2737861519951468,False,-0.9258662584497972,-0.7934226642435518,-0.8366192943246934,0,0,0,1000
0.93152899141774,-1.246383542804745,-1.3425021808217186,5,0.2889779826625627,-0.9137757147953108,0,0.4118374578160163,1,-0.6011506974392071,-0.2067936485059296,0.2981090162185424,-0.6691752794978282,-0.3145706444783804,0.4367801659474605,-0.5817726807301593,0.8287371838775068,True,1.640611197040261,0.8070461223146327,-1.4943770041656863,0,0,0,1000
0.932908012870616,0.2327737325305511,-0.6385100845383918,40,0.4353160875668231,-0.6381673104528937,2,-0.9935525520109588,1,0.3658165287182165,-0.2067936485059296,0.0925382510984016,1.2495210339129723,-0.9303880185151966,1.229134214530288,0.6791530949334817,0.4818927889510318,False,0.7310483356367934,-0.2335775426774095,0.8003065917488104,0,0,0,1000
0.934287034323492,0.6025630513643752,1.4545684482160084,36,1.6161132098977515,0.2231089531171596,2,-0.9935525520109588,1,-1.3441580977555516,-0.2067936485059296,0.8220974244251681,-0.1423957126428727,0.9016686692443318,-0.2326223923380316,-0.6756714087051112,-0.9887274455372222,True,-0.6324710237908403,-1.9551699584092743,-7.022688279785651,0,0,0,1000
0.935666055776368,-1.3789495250281911,0.2238517865435323,5,-0.992741970636821,-1.22383516968053,0,-1.049768152404038,3,-0.4931829525124468,-0.2067936485059296,-1.118016565236678,-1.23313495911795,0.917064103595252,1.4203920883261427,-0.0720367288661341,1.06459137242751,True,-1.3418683517802104,-0.1103998850127253,-0.8109413115734081,0,0,0,1000
0.937045077229244,0.5397686387322164,0.6799027479934693,13,1.4899596711871823,1.5666999242864428,0,0.8615622609606484,0,1.5399274087972377,-0.2067936485059296,0.7725528486520797,-1.6936038141176064,-1.2690875742354455,-0.7244283535273728,-0.2866623928088815,-1.6269211322019363,True,0.0926501006586104,1.0470008769517043,-0.5904569006693607,0,0,0,1000
0.9384240986821202,-1.2882464845595176,1.1605346514494943,42,-0.573912222117731,-0.0524994512252573,2,0.4118374578160163,2,0.1403364078873898,-0.2067936485059296,-0.1195580298777348,0.7228898993501998,-0.0066619574599723,0.1225708018542703,0.3572145990193606,-0.4892715168430983,True,-1.280092681327229,0.162865264213266,1.38333633180552,0,0,0,1000
0.939803120134996,-0.1300384293441441,-1.3897836736028362,2,0.1981474347909529,-0.7415204620813,2,1.817227467642992,2,0.7238882179995157,-0.2067936485059296,0.6598420821987601,0.3463688642140536,1.1326001845081377,0.9695699572359132,0.6925671989299035,-1.5159309258254643,False,2.049625755801596,-1.0060480268891776,2.8870946976127074,0,0,0,1000
0.941182141587872,0.7700148183834652,-0.0316787273218441,32,0.9702070916996368,-1.533894624565749,2,-1.387061754762512,3,0.6751506888007894,-0.2067936485059296,-0.9749324082195076,0.3938362924551646,1.6560449524394316,1.0651988941338408,-1.104922736590606,-1.0164749971313405,True,-0.9432536808976636,-0.0213879145716754,2.5391254316698086,0,0,0,1000
0.942561163040748,0.776991975342594,1.0807388648280662,23,-0.1298517658565272,-0.224754703939268,2,0.1869750562437003,1,0.0810536478232512,-0.2067936485059296,-0.2322063496709688,1.5778830812648843,-0.7302473719532313,1.7346014524193327,-1.6012445844582095,-1.668542459593113,True,-1.312945214499035,0.0875978273386744,0.6337604785155048,0,0,0,1000
0.9439401844936244,-0.3672617659545217,0.8255476896070235,33,-1.5124945501243665,-0.7415204620813,1,0.5804842589952534,2,-0.6377279608971212,-0.2067936485059296,-0.2898902425151445,-0.283835255072262,-0.6532702001986294,-0.4785253729327021,0.8401223428905423,0.3292812551833828,True,-1.115437932122168,-0.5264748447164167,-3.523171749973708,0,0,0,1000
0.9453192059465,0.7560605044652078,0.6242896075834574,33,-0.0592057841786084,-0.7415204620813,0,1.0864246625329643,2,0.7719110874194387,-0.2067936485059296,0.6524467736602197,-0.7437782854122218,0.917064103595252,0.0952482484548624,-0.6488432007122678,0.8981060628628018,True,0.0281571660767623,0.4818960698544012,-1.3444868639778311,0,0,0,1000
0.946698227399376,1.718908164824976,1.5866837692646203,31,-0.7757578840546419,-1.6372477761941553,1,-1.105983752797117,3,1.311592044051897,-0.2067936485059296,0.4128371546044128,1.3616447633509867,1.5944632150357498,1.434053365025847,1.2425454627831938,0.8287371838775068,True,-1.1738466146602078,2.0810818081937525,0.7344058843206852,0,0,0,1000
0.9480772488522522,-0.2486500976493329,-0.6056534986750826,1,-0.331697427793438,1.428895722115234,2,-0.7686901504386429,0,-0.6194028630245529,-0.2067936485059296,1.8025932315969675,-0.8759407007588709,-0.2375934727237784,-1.216234314716714,1.148646734808242,1.1755815788039818,False,2.40824673027205,0.3751435110801834,-1.1416299223185342,0,0,0,1000
0.949456270305128,-0.5835536316875132,-0.4739882908719372,1,0.8642381191827586,0.0164026498603468,0,0.1869750562437003,0,0.3110669241976558,-0.2067936485059296,1.1182490014774302,0.3368085840343492,0.8092960631388092,-0.669783246728557,0.9206069668690726,0.2876599277922058,True,1.5922372923493675,-0.1474420797472373,2.969044586445448,0,0,0,1000
0.950835291758004,0.3374310869174824,-0.1490170913283986,0,1.5454672282198327,-1.533894624565749,1,0.4680530582090954,2,-1.6205716478482672,-0.2067936485059296,0.4374241499172712,0.3180250433295515,1.5020906089302275,-0.4238802661338866,-0.5147021607480506,0.0656795150392618,True,0.5864412412456699,0.2414928732516187,3.144405469110209,0,0,0,1000
0.9522143132108802,-0.904502851807436,-0.6337128185716839,8,-1.6790172212223178,-0.465912057738883,2,-0.3751809476870898,1,1.8550979737486308,-0.2067936485059296,0.3069699306307185,0.7412770039549819,0.6399462852786847,-1.4894598487107924,-0.0988649368589775,-1.8905228723460572,True,0.9406827492024024,-1.1755993656708643,1.3490231853441013,0,0,0,1000
0.9535933346637564,1.097941195462517,0.6036875458362674,13,-0.3216051446965925,-1.22383516968053,2,1.3675026644983594,0,-0.2185719381821825,-0.2067936485059296,0.5753501235659322,1.3805280932140918,-1.669368867359376,-1.0659602710199707,0.3438004950229389,0.4402714615598547,True,-0.0283374222703352,-0.1319491569498781,0.7243604331410567,0,0,0,1000
0.954972356116632,-1.0370688340308822,0.0671817504251993,14,0.3444855396952132,1.2566404694012234,1,0.4680530582090954,0,-1.3233493238148013,-0.2067936485059296,0.9282462857277992,-1.5332714743695257,0.5321782448222419,1.4477146417255506,1.1218185268153984,0.4263976857627958,True,0.8610645353025999,-0.0889049239978823,-0.652200267164836,0,0,0,1000
0.9563513775695082,-0.046312545834599,1.446839130328859,42,1.409221406412418,-0.6037162599100915,0,0.8615622609606484,2,-0.2853709610732421,-0.2067936485059296,0.0592112755607381,0.1299135565709682,0.5013873761204011,1.6662950689208131,0.2364876630515652,0.4957665647480908,True,-1.387627854768121,-0.4128858731403203,7.697420166552908,0,0,0,1000
0.9577303990223842,0.9095579575660404,0.0620613343571187,13,0.2233781425330667,-1.0860309675093214,0,-0.9935525520109588,3,-0.2185719381821825,-0.2067936485059296,-0.88806422755848,0.1111896499542322,-0.7302473719532313,1.7346014524193327,-1.6012445844582095,-1.668542459593113,True,-0.9501255619155988,-0.0135648661366079,8.993634758704093,0,0,0,1000
0.95910942047526,0.9583980562799416,1.1307032401591577,38,-0.7959424502483329,0.912129963973202,0,1.3675026644983594,0,-0.9994590305551176,-0.2067936485059296,0.219017513313775,0.8542538926090602,1.2865545280173418,-1.4348147419119766,0.0218619991088178,-0.2395435524960362,True,-0.9116857268453826,-1.130091564255002,1.1706120295040154,0,0,0,1000
0.9604884419281362,0.6862889348739202,2.1819397240285205,22,-1.012926536830512,1.4633467726580365,2,-0.6562589496524849,1,-0.2351536375112642,-0.2067936485059296,-1.1802947011979297,-1.205115425792615,1.0556230127535355,-0.6014768632300375,-1.1451650485798712,1.286571785180454,True,-3.3622344252264504,-0.5130910629356306,-0.8297961021633269,0,0,0,1000
0.9618674633810124,0.1699793198983923,-1.378781684985963,4,0.4958697861478964,0.2575600036599618,0,0.9739934617468065,2,0.73595977530185,-0.2067936485059296,0.3978635352143904,1.1646419211194778,0.9786458409989336,0.6007154863439075,0.7730518229084338,0.3709025825745598,True,1.7766452202003538,-1.0147278590725757,0.8586329377320419,0,0,0,1000
0.963246484833888,-0.1300384293441441,0.4445290894569075,11,0.2637472749204489,0.6365215596307852,1,-0.4876121484732478,0,0.7599707599737691,-0.2067936485059296,1.2166207882242823,1.333643294366196,-0.376152381882062,-1.5031211254104964,-0.9707816966263888,1.369814439962808,True,0.7720916987673747,0.3378291099450136,0.7498256312177383,0,0,0,1000
0.964625506286764,1.3770274738276669,-0.8991536884315958,18,1.6564823422851336,0.4987173574595767,2,0.4118374578160163,0,0.0959938744403302,-0.2067936485059296,1.1636753392794807,-1.1392734073995086,-1.7309506047630576,1.5023597485243665,0.4913556389835778,-1.0442225487254582,True,2.062829027711077,-0.0863132462698624,-0.8777525054831556,0,0,0,1000
0.9660045277396402,-0.018403917998084,-1.3918318550865796,11,-1.6235096641896674,-0.6037162599100915,1,1.1988558633191224,0,0.0810536478232512,-0.2067936485059296,0.2205484761556085,1.399824508840485,0.8708778005424909,0.3548125057492369,-0.7695701366800631,-0.4337764136548623,False,1.6123803312421885,-0.11281304901137,0.7143752107832485,0,0,0,1000
0.9673835491925162,0.35138540083574,1.5968060304443137,28,-0.9372344136041704,-0.8104225631669043,1,1.5923650660706756,2,0.957405412360788,-0.2067936485059296,-0.8997764512800985,-1.6658307611015046,-1.623182564306615,1.5843274087225898,0.4779415349871561,0.6761256501098578,False,-2.496582481724412,1.5287907360377309,-0.600301113042766,0,0,0,1000
0.9687625706453922,-1.5673327629246676,-1.0779621961929744,14,1.6312516345430197,-1.0515799169665192,0,-0.9935525520109588,3,-0.9406610984409725,-0.2067936485059296,-1.2468259364160348,-0.4152251478073244,1.117204750157217,-0.9703313341220434,0.3035581830336738,1.231076681992218,True,-0.1688637402230604,1.0139971035487263,-2.4083325543116727,0,0,0,1000
0.9701415920982682,0.149047849021006,1.4788879997750826,35,-0.089482633469145,-1.3960904223945405,0,0.8615622609606484,1,0.0660316830787908,-0.2067936485059296,0.6891180573255404,-0.1145167764740628,0.7631097600860479,-0.8063960137255962,-0.5012880567516289,0.8842322870657428,True,-0.7897699424495421,0.0976534637101751,-8.732352621379933,0,0,0,1000
0.9715206135511444,0.8746721727703964,0.4115489201063179,5,0.7784537128595715,1.35999362102963,0,-1.274630553976354,3,1.952141824805067,-0.2067936485059296,-1.147659011516171,-1.2332530302594589,1.22497279061366,0.846618466938578,-1.3061342965369318,-1.0164749971313405,True,-1.5592079316224885,0.8034018598929021,-0.8108636723770964,0,0,0,1000
0.97289963500402,0.176956476857521,0.796186796266702,2,0.1931012932425301,0.050853700403149,2,0.7491310601744904,0,0.6996106650189345,-0.2067936485059296,1.3462266479244736,0.5724555123644058,-1.022760624620719,0.5324091028453879,0.6925671989299035,0.3015337035892648,True,0.5500398516577716,0.5570207740154424,1.7468603301305987,0,0,0,1000
0.9742786564568962,1.2235300207268345,-0.5995707662140313,19,0.4454083706636687,1.118836267230015,1,-0.7124745500455638,0,-1.449180960650241,-0.2067936485059296,1.7835268751954274,-0.3962099264939807,-1.638577998657535,0.2455222921516055,-1.2256496725584014,-0.1979222251048592,False,2.3830976414094587,0.8688865389598509,-2.523915191223033,0,0,0,1000
0.9756576779097722,-0.1998099989354317,0.9673929187179606,27,-1.4771715592854069,1.4633467726580365,0,1.4237182648914386,2,0.0810536478232512,-0.2067936485059296,-0.3979157200846123,0.9678201575787256,0.4859919417694806,0.696344423241835,1.2425454627831938,-1.0997176519136944,True,-1.365308638802573,0.0784107249404726,1.0332497095088515,0,0,0,1000
0.9770366993626484,0.8258320740564953,-0.9113678796704772,23,1.2426987353144665,1.7045041264576513,0,-0.3751809476870898,0,0.4984746518105413,-0.2067936485059296,1.2085142885329223,-1.2990235530396883,1.5020906089302275,-1.1342666545184903,-0.689085512701533,-1.2800767372754611,True,2.1198821682034,-0.4542937864900525,-0.7698090420615735,0,0,0,1000
0.9784157208155242,-0.4300561785866805,-1.2905037422509231,24,1.035806931829133,1.5322488737436406,0,1.7047962668568335,2,1.7466127372067244,-0.2067936485059296,0.8370162976804587,-0.5842887668539901,-1.5000190894992516,-0.4648640962329982,0.3840428070122041,-1.2523291856813432,True,2.1275200399313823,-2.2540102736284062,-1.7114827939147643,0,0,0,1000
0.9797947422684002,0.2955681451627099,-0.8370409449799173,7,1.495005812735605,0.4298152563739724,1,0.2431906566367793,1,-0.805897272154619,-0.2067936485059296,-0.202391678006613,1.5125456673724014,1.0864138814553763,0.2455222921516055,-1.5610022724689443,-0.6696306022048653,True,0.6346492669733044,0.6745690142410399,0.6611370191708001,0,0,0,1000
0.9811737637212764,-0.3184216672406205,1.778293187587634,30,-0.6243736376019587,0.050853700403149,2,-0.7686901504386429,0,-0.9601914853903032,-0.2067936485059296,1.176307898703864,0.1117262479254582,-0.376152381882062,-1.5031211254104964,-0.9707816966263888,1.369814439962808,True,-0.60198528888377,-1.7075019772492273,8.950440236954503,0,0,0,1000
0.982552785174152,-1.6161728616385689,1.3978494281667513,42,1.0458992149259785,-0.8104225631669043,2,0.8053466605675694,0,0.2127161215072761,-0.2067936485059296,0.1572878313468756,0.6480820916954193,-0.7764336750059926,-0.8337185671250041,0.3169722870300955,1.244950457789277,True,-1.2405615968198755,0.2973451088107952,1.5430141621141358,0,0,0,1000
0.9839318066270282,-0.4161018646684231,-0.3954361642281395,41,-0.9019114227652112,-1.6372477761941553,2,0.5242686586021743,2,0.2127161215072761,6.431744946342571,-0.1012413622195416,0.2719148346984854,-0.4839204223385048,-0.7244283535273728,0.9876774868511812,-0.2672911040901542,True,0.2941948020085979,-0.0841156471583241,3.677620727632545,0,0,0,1000
0.9853108280799042,-1.6929215881889852,-0.6083619267754365,8,-0.1096671996628361,0.4987173574595767,2,1.4799338652845175,2,1.4125364540405965,-0.2067936485059296,0.1241799716927013,1.295943342114405,0.5013873761204011,1.6662950689208131,0.2364876630515652,0.4957665647480908,True,0.7325418984681379,-0.8593333988206802,0.7716386128459768,0,0,0,1000
0.9866898495327804,-0.4091247077092942,-0.6885577463376304,20,0.6018387586647747,0.4642663069167745,1,0.6929154597814113,2,-0.3706226321335793,-0.2067936485059296,-1.047790014501892,-1.599884165411633,-0.4531295536366641,1.4886984718246623,-0.0049662088840255,-0.5586403958283933,True,-0.3592322681642614,0.255195084323618,-0.625045290230271,0,0,0,1000
0.9880688709856562,1.5933193395606584,1.8640975584073989,4,0.9802993747964824,0.1197558014887532,0,1.8734430680360703,2,-0.1047360641534968,-0.2067936485059296,-0.6085039318201929,-0.94118648709269,-0.0220573918108927,-0.5741543098306296,0.2901440790372521,1.050717596630451,True,-2.4726014902275915,-0.195238241465734,-1.0624888053140933,0,0,0,1000
0.9894478924385324,1.0839868815442593,1.1852523978738514,19,-0.1197594827596816,0.050853700403149,0,-1.218414953583275,3,-1.240772553225037,-0.2067936485059296,0.0115889253105034,-1.7314507839843087,0.1626878204001521,0.710005699941539,1.323030086761724,-0.3782813104666262,True,-1.173663472563348,-1.470628643926036,-0.577550379719081,0,0,0,1000
0.9908269138914084,-0.3742389229136506,1.186367283460669,6,-0.8413577241841378,1.4977978232008384,1,0.5804842589952534,2,0.1695114023874439,-0.2067936485059296,0.531884078282959,-0.2178522042373163,1.3481362654210234,-0.4512028195332943,0.7193954069227468,0.2182910488069108,False,-0.6544832051777103,0.2011027819660003,-4.590270098610818,0,0,0,1000
0.992205935344284,0.065321965511461,-0.9090052793802896,7,-1.6386480888349355,0.1886579025743575,1,0.6366998593883324,2,0.4328703072542469,-0.2067936485059296,-0.932435541917921,1.3340803208217715,0.7939006287878887,0.2045384620524938,0.6254966789477949,0.3986501341686778,True,-0.0234302625376312,-0.3934813945810786,0.7495799986210848,0,0,0,1000
0.9935849567971602,-1.6859444312298566,-0.2219229266397576,1,0.6623924572458478,-0.1903036533964659,2,-1.387061754762512,3,1.9868907279010772,-0.2067936485059296,-0.979316810633214,0.8635384195421437,-1.669368867359376,-1.0659602710199707,0.3438004950229389,0.4402714615598547,False,-0.7573938839934562,-0.4409366052492056,1.158025933261448,0,0,0,1000
0.9949639782500362,0.3025453021218386,0.5379478823146099,12,-0.8161270164420239,-1.292737270766134,0,1.9858742688222288,2,-0.9211999030702372,-0.2067936485059296,0.5501874214920078,-1.467816751084834,1.0864138814553763,-0.9703313341220434,0.437699222997891,0.9397273902539788,True,0.0122395391773979,-0.495557537045058,-0.6812840004648537,0,0,0,1000
0.9963429997029124,0.5327914817730877,1.9854808066996228,19,0.768361429762726,0.5676194585451809,2,0.2994062570298583,0,-0.0103374563904445,-0.2067936485059296,0.9689784675436284,1.3615352890944357,0.6553417196296051,0.8056346368394663,0.7462236149155903,1.383688215759867,False,-1.0165023391559944,-0.0205248212533219,0.7344649342277509,0,0,0,1000
0.9977220211557882,-1.637104332515955,0.8095344862919617,20,-1.456986993091716,-0.465912057738883,1,-0.93733695161788,3,1.0684665314000334,-0.2067936485059296,-0.8163628715879201,1.2957620457809913,-0.5608975940931069,-0.4921866496324061,0.8937787588762292,-1.5852998048107594,True,-1.625897357879882,0.8649605046170802,0.7717465765271856,0,0,0,1000
0.9991010426086644,0.9374665854025552,-0.4728533677805128,38,1.3537138493797674,-0.6381673104528937,0,0.6929154597814113,2,-0.2853709610732421,-0.2067936485059296,0.2394285634823687,0.8727237014235628,0.1011060829964705,0.5733929329444997,-0.4476316407659421,-0.9332323423489864,True,0.7122819312628815,0.1349386200102441,1.145837890944223,0,0,0,1000
1.0004800640615403,0.0374133376749459,1.1861717769990772,30,-0.7101580439251458,-0.2592057544820701,0,-1.049768152404038,3,0.1695114023874439,-0.2067936485059296,-1.3482889070941868,1.5688940042388944,-0.3453615131802212,1.037876340734433,0.9876774868511812,0.4263976857627958,True,-2.534460684093264,0.20106964139152,0.6373916488679281,0,0,0,1000
1.0018590855144165,1.3072559042363794,0.4401600525041044,20,1.474821246541914,1.4633467726580365,2,-1.105983752797117,3,0.7719110874194387,-0.2067936485059296,-0.8154950940577258,-0.8759362390843991,-0.991969755918878,-1.4757985720110882,1.13523263081182,1.286571785180454,True,-1.2556551465618302,0.3397644247670404,-1.1416357373327268,0,0,0,1000
1.0032381069672922,-1.1207947175404271,0.3896136136204069,4,0.3091625488562538,-0.9826778158809149,1,-0.4876121484732478,0,0.110853606478371,-0.2067936485059296,-1.148315588211113,-1.2705070327067307,0.4859919417694806,0.696344423241835,1.2425454627831938,-1.0997176519136944,True,-1.5379292018315196,0.0431900742028927,-0.7870874013017516,0,0,0,1000
1.0046171284201684,0.3653397147539975,2.192401688753638,30,-1.5478175409633257,0.7398747112591916,2,-1.443277355155591,3,-1.058874311958881,-0.2067936485059296,1.2167765099722063,0.3183890506736503,1.255763659315501,0.4914252727462762,0.5986684709549516,0.1350483940245568,True,-0.9756251787814314,-2.321477829716497,3.140810539191401,0,0,0,1000
1.0059961498730443,-0.0393353888754703,-0.9239724958623414,42,-0.6344659206988043,-1.3271883213089362,1,0.7491310601744904,2,1.8102386896473937,-0.2067936485059296,-0.8085845092803481,-0.0862178987982641,1.255763659315501,0.4914252727462762,0.5986684709549516,0.1350483940245568,True,0.1153879865819933,-1.672610760180077,-11.598533179208625,0,0,0,1000
1.0073751713259202,-0.4230790216275518,-0.7990603449506462,39,0.8339612698922221,1.0499341661444108,2,-0.2627497469009318,1,-0.6745960027047526,-0.2067936485059296,0.4797745450714971,0.7693511655872638,-0.0066619574599723,0.1225708018542703,0.3572145990193606,-0.4892715168430983,False,1.2788348900221431,0.5390429146235867,1.2997963930515883,0,0,0,1000
1.0087541927787962,-0.1649242141397879,-0.7568868747137881,20,-0.6647427699893408,-0.1214015523108616,2,-0.2065341465078527,1,0.3928177842655264,-0.2067936485059296,-0.0934668435076097,0.5720721348238199,1.6098586493866702,1.5023597485243665,0.5986684709549516,0.6622518743127987,False,0.6634200312061784,-0.2973186250647293,1.7480309987565965,0,0,0,1000
1.0101332142316723,0.1909107907757786,0.3726403713698852,8,-1.603325097995976,0.2920110542027639,0,-1.330846154369433,3,-0.3192396785201743,-0.2067936485059296,-0.9941954636371478,0.3093125901208109,-0.637874765847709,-0.0003806884430649,0.1157607270837698,0.4957665647480908,True,-1.366835835007033,-0.1189615923597605,3.232974371692999,0,0,0,1000
1.0115122356845485,0.4211569704270275,-1.102747356384313,0,0.1325475946614568,-1.3271883213089362,0,-1.274630553976354,3,0.3658165287182165,-0.2067936485059296,-0.9388705593698928,-0.0857399555231425,-0.6686656345495497,0.0269418649563428,0.5718402629621081,1.369814439962808,True,0.1638767970144203,-0.4034032099656994,-11.663187369496848,0,0,0,1000
1.0128912571374242,-0.2974901963632342,0.8477114739968857,39,1.318390858540808,1.118836267230015,2,-0.9935525520109588,3,-0.2853709610732421,-0.2067936485059296,-1.068543390218943,-0.0204864428749945,-1.4538327864464902,1.365746981527327,-0.6756714087051112,0.5651354437333858,True,-1.9162548642158288,-0.2419122380473059,-48.81300708974238,0,0,0,1000
1.0142702785903004,0.5467457956913451,0.2359731474228379,2,0.4050392382762864,-0.1558526028536637,2,1.5361494656775965,2,2.021362067533934,-0.2067936485059296,0.7081629136898818,-0.2460127700044903,0.7477143257351275,0.3138286756501251,0.7059813029263252,0.4263976857627958,True,0.4721897662670438,0.4769871691571176,-4.06483129499691,0,0,0,1000
1.015649300043176,0.609540208323504,1.430396243507417,29,0.1678705855004162,-0.5003631082816851,2,0.6929154597814113,2,0.5243298950584547,-0.2067936485059296,-0.7364783262394116,-1.33638561506624,-0.6840610689004701,0.4367801659474605,-1.5073458564832574,0.2876599277922058,True,-2.1668745697468283,0.7499995122502516,-0.7482870689079816,0,0,0,1000
1.0170283214960525,1.097941195462517,1.1539994000360696,15,-0.3165590031481697,0.8776789134304002,0,1.5361494656775965,2,-0.1368580718294795,-0.2067936485059296,-0.4633604876592215,-0.668233866184286,1.1633910532099787,1.6389725155214054,0.1694171430694566,-0.6280092748136883,True,-1.617359887695291,-0.1579341327813126,-1.4964822949761254,0,0,0,1000
1.0184073429489284,-0.9393886366030798,-0.922870604239216,1,0.4454083706636687,1.428895722115234,2,0.2431906566367793,0,1.402561453377276,-0.2067936485059296,1.673159722031906,1.5123877676246325,0.347433032611197,-0.328251329235959,-0.4878739527552072,1.2033291303981,True,2.596030326271122,-1.2943827359609197,0.6612060446971234,0,0,0,1000
1.0197863644018044,1.4537762003780834,1.7756170748368127,4,-1.5478175409633257,0.0164026498603468,2,-0.8811213512248008,1,-1.2613176508759902,-0.2067936485059296,-0.0468097295365722,-0.4148000916978924,0.1780832547510725,-0.5331704797315179,0.4913556389835778,1.2172029061951588,True,-1.822426804373385,-2.239617157688466,-2.4108004339795674,0,0,0,1000
1.0211653858546803,0.8467635449338816,-1.510128428210136,28,1.5505133697682556,0.912129963973202,1,1.6485806664637546,2,2.004160702128213,-0.2067936485059296,0.2609994383333391,-1.665645547200262,-1.5616008269029331,1.529682301923774,-0.1793495608375078,0.8842322870657428,False,1.771127866543475,-3.026540050985401,-0.6003678644100836,0,0,0,1000
1.0225444073075562,-1.581287076842925,1.9146796889064304,29,0.6977154480848072,-0.7415204620813,1,0.9177778613537274,2,-1.0988248781928884,-0.2067936485059296,-0.6245340281217137,0.0835104009233658,1.6252540837375906,-0.4102189894341826,1.5510698547008932,1.439183318948103,False,-2.539213717028144,-2.1038976759410057,11.974541991044442,0,0,0,1000
1.0239234287604324,-0.1091069584667578,-1.0637324441083986,33,-0.7152041854735686,-1.0860309675093214,0,-0.9935525520109588,1,0.28330532668029,-0.2067936485059296,0.753886421048391,0.7231095007912735,0.8246914974897296,-0.4512028195332943,0.8669505508833859,-1.1690865308989893,True,1.8176188651567895,-0.3013610675785532,1.3829162258470018,0,0,0,1000
1.025302450213308,0.0722991224705897,-1.3768377982888984,27,-1.4872638423822526,0.5331684080023787,2,0.5242686586021743,1,-1.6205716478482672,-0.2067936485059296,0.7457449457369496,-0.2457408255043698,1.455904305877466,0.1908771853527899,-0.9305393846371236,-1.3771931678548743,True,2.122582744025848,2.23126429959282,-4.069329566548454,0,0,0,1000
1.0266814716661845,1.4258675725415682,-1.615203988653272,38,-1.4166178607043336,-0.8448736137097064,0,-0.8811213512248008,0,-1.4280464114595173,-0.2067936485059296,1.310148637573606,-0.7443653764799089,-0.637874765847709,0.873941020337986,-0.3403188087945684,0.8287371838775068,True,2.9253526262268776,2.306586259771404,-1.3434264488115075,0,0,0,1000
1.0280604931190604,0.5676772665687314,0.8326402006431899,2,-0.2307745968249826,0.050853700403149,1,1.5923650660706756,2,0.28330532668029,-0.2067936485059296,0.528437636913995,-0.706758575285382,-0.0374528261618131,1.3384244281279192,1.3364441907581457,0.911979838659861,False,-0.3042025637291948,0.2358914040503612,-1.4149105174808267,0,0,0,1000
1.0294395145719364,-0.0393353888754703,-0.1885125560875483,15,1.3738984155734586,0.912129963973202,1,0.5804842589952534,1,-0.7304391794012987,-0.2067936485059296,0.7603573974983923,1.5308636704335354,-1.5000190894992516,1.6662950689208131,-0.1793495608375078,0.2737861519951468,True,0.9488699535859406,0.1376969567754301,0.6532259886957827,0,0,0,1000
1.0308185360248123,0.9514208993208128,0.1869208909694254,10,-0.0793903503722995,1.428895722115234,0,-1.49949295554867,3,-0.9406610984409725,-0.2067936485059296,-1.3490960000726164,-0.3965692545209505,-0.5147112910403457,-0.7244283535273728,-0.4610457447623638,-0.9748536697401632,True,-1.536016891042042,-0.175829210620865,-2.5216282925685047,0,0,0,1000
1.0321975574776885,-1.671990117311599,-0.9348439550444524,37,0.9298379593122548,0.3609131552883682,0,-1.218414953583275,3,-0.1693034138610984,-0.2067936485059296,-1.1398724236296316,1.3054028537438445,-0.2068026040219376,-0.0003806884430649,-0.7561560326836414,1.0229700450363328,True,-0.2050284685851793,0.1582722730164369,0.7660469873551605,0,0,0,1000
1.0335765789305644,-1.27429217064126,0.5778075673718956,16,1.454636680348223,0.4298152563739724,0,1.3675026644983594,0,1.6445940125739205,-0.2067936485059296,0.6981265385465678,-1.467396591935188,-1.2382967055336047,-1.3665083584134572,0.1560030390730349,-0.7528732569872193,True,0.1203189711746721,0.9502588657197216,-0.6814790722861889,0,0,0,1000
1.0349556003834404,-0.1579470571806591,-1.3729530624552004,20,-1.2046799156705774,-1.430541472937343,0,0.6929154597814113,0,0.5114292264090835,6.431744946342571,1.424530727612921,-1.317856389806333,0.008733476890948,1.2974405980288075,0.0352761031052395,-1.2384554098842842,True,2.7974837900681218,-0.7021683226274452,-0.7588080792534337,0,0,0,1000
1.0363346218363163,0.7002432487921777,0.5033396267655165,42,-0.5638199390208853,1.2566404694012234,0,-1.443277355155591,3,1.890643953049121,-0.2067936485059296,-1.2542291277894504,0.1396446862365426,0.424410204365799,1.5433435786234782,1.5376557507044717,-0.1146795703225052,True,-1.757568754554967,0.9516360216742252,7.161026393825488,0,0,0,1000
1.0377136432891925,1.6002964965197872,0.1906437213846143,27,1.3082985754439624,1.1532873177728171,1,1.7610118672499129,2,1.6068499798655516,-0.2067936485059296,0.0029583372157151,1.29574300204849,-0.991969755918878,-1.6124113390081276,-0.4476316407659421,0.8842322870657428,True,-0.1876853841688992,0.3063358598683614,0.7717579190034365,0,0,0,1000
1.0390926647420684,0.6304716792008902,-1.4773697803619383,0,1.1064529135070518,-0.2592057544820701,0,0.6366998593883324,0,-1.40697668519828,-0.2067936485059296,1.335797262237617,-1.2427163506353986,0.6399462852786847,-1.4894598487107924,-0.0988649368589775,-1.8905228723460572,True,2.8131670425995554,2.078624836385751,-0.8046889219391006,0,0,0,1000
1.0404716861949443,-1.2812693276003886,-0.0739710418938721,2,-0.9826496875399756,-1.533894624565749,1,-1.049768152404038,3,-1.2613176508759902,-0.2067936485059296,-1.4702311398347432,-0.6780413884225233,-0.4685249879875845,-0.6561219700288532,-0.5012880567516289,-1.4881833742313462,False,-1.396260097940871,0.0933009807944283,-1.4748364400146192,0,0,0,1000
1.0418507076478205,-0.018403917998084,1.1875395413177174,33,1.1367297627975883,1.428895722115234,1,-1.218414953583275,3,-0.9601914853903032,-0.2067936485059296,-0.8899913300099026,0.5718446982470885,0.9478549722970928,0.518747826145684,-0.1525213528446644,0.6345043227186808,True,-2.07753087132762,-1.1402653561375784,1.7487262331761386,0,0,0,1000
1.0432297291006964,-0.4998277481779681,0.8419824600853498,41,-1.1744030663800409,-0.8793246642525085,2,-0.9935525520109588,3,0.2127161215072761,-0.2067936485059296,-1.0524860102571727,1.4377478712798502,-1.5462053925520127,0.2865061222507173,-0.876882968651437,-1.8350277691578207,False,-1.8944684703425223,0.1791032432865106,0.6955321933856202,0,0,0,1000
1.0446087505535724,-0.7649597126248608,1.0299693410068806,26,-0.8817268565715201,-0.3281078555676744,2,-0.9935525520109588,3,2.0384955882339666,-0.2067936485059296,0.3682150844505765,-0.2647969636372594,0.6553417196296051,-0.4375415428335904,0.1157607270837698,-1.6407949079989952,False,-0.6617542565563042,2.099587957658772,-3.77647977496396,0,0,0,1000
1.0459877720064483,0.0095047098384309,0.5248206347745955,10,-0.2257284552765598,-0.0869505017680595,0,1.6485806664637546,2,-1.862844008126029,-0.2067936485059296,0.7671424493140723,0.5062005170293397,-0.8226199780587538,0.341151229049533,-0.0317944168768689,-0.7806208085813373,True,0.2423218145394767,-0.9776589748307544,1.9755013454320611,0,0,0,1000
1.0473667934593245,0.2467280464488087,-0.0653216158237499,32,1.3789445571218812,0.7054236607163894,2,0.6366998593883324,1,1.8102386896473937,-0.2067936485059296,1.1530978099588975,0.9107752553879944,-1.5000190894992516,1.6662950689208131,-0.1793495608375078,0.2737861519951468,True,1.2184194257826475,-0.1182477162344355,1.097965589521244,0,0,0,1000
1.0487458149122004,-1.7208302160255005,0.0083984428537178,1,0.6926693065363845,-1.6027967256513531,2,0.8053466605675694,1,0.9005177508105646,-0.2067936485059296,-0.0737467811321681,1.2396690037513465,-1.0535514933225598,1.5433435786234782,-1.520759960479679,0.9952224934422148,True,-0.0821452239858859,0.007562946868941,0.8066668734212324,0,0,0,1000
1.0501248363650764,1.404936101664182,0.2846702016211719,30,-0.705111902376723,-0.3970099566532786,2,-1.218414953583275,3,0.4195783825648011,-0.2067936485059296,-1.063886031773129,-1.2988915527681215,-0.868806281111515,0.518747826145684,0.2767299750408304,1.4669308705422208,True,-1.3485562333943009,0.1194414627606071,-0.7698872741589442,0,0,0,1000
1.0515038578179523,0.2816138312444524,0.430339223885625,7,0.6573463156974251,-1.1893841191377277,0,-1.049768152404038,1,0.1549618143491789,-0.2067936485059296,1.154161932902486,-0.0760295019099982,-1.4230419177446496,-0.0823483486412885,-1.1719932565727147,0.981348717645156,True,0.723822709016861,0.0666861469189339,-13.152806346994222,0,0,0,1000
1.0528828792708285,-0.9463657935622084,1.293938174661473,11,0.9046072515701408,0.5331684080023787,0,-0.3751809476870898,0,-0.4052611939289046,-0.2067936485059296,1.550002326017116,0.835731414271525,-1.222901271182684,-0.0413645185421767,1.3364441907581457,-1.0164749971313405,False,0.2560641513556427,-0.5243829295334961,1.1965565291284506,0,0,0,1000
1.0542619007237044,0.9653752132390704,-0.7509844030051394,24,0.4403622291152459,1.394444671572432,1,0.1307594558506213,1,-1.862844008126029,-0.2067936485059296,1.1414596693016554,-1.3082039379613215,1.3635316997719438,0.901263573737394,0.9742633828547594,-0.9193585665519272,True,1.8924440723067948,1.3989667953342269,-0.7644068691606806,0,0,0,1000
1.0556409221765803,0.6514031500782764,1.6514075638722645,41,-0.2408668799218281,-0.6726183609956957,2,-0.4876121484732478,1,0.7956636066243687,-0.2067936485059296,0.1096383296128709,0.5160802966297537,1.301949962368262,0.518747826145684,0.9608492788583376,1.34206688836869,True,-1.5417692342593934,1.3139648982773684,1.937682590794899,0,0,0,1000
1.0570199436294565,-1.6510586464342127,1.0898948385888718,18,-0.9170498474104796,-1.6716988267369577,2,-0.9935525520109588,3,0.3522237231242945,-0.2067936485059296,-1.4528078487770997,0.713076283117562,0.4705965074185602,1.365746981527327,0.5584261589656864,-1.807280217563703,True,-2.5427026873659715,0.3838868178617245,1.402374308945714,0,0,0,1000
1.0583989650823322,-0.9952058922761098,0.1511017280236794,23,1.3032524338955396,-0.8448736137097064,0,-1.105983752797117,3,0.711772004452503,-0.2067936485059296,-0.9962765387625808,-0.3392645958189,-1.5616008269029331,1.529682301923774,-0.1793495608375078,0.8842322870657428,True,-1.1473782667862604,0.1075499798316512,-2.947552756990527,0,0,0,1000
1.0597779865352084,-1.1277718744995562,-0.5078098860944418,1,0.9550686670543684,0.843227862887598,0,1.0864246625329643,0,-0.2518142449081098,-0.2067936485059296,1.425678133298693,-0.856850719192793,0.917064103595252,0.0952482484548624,-0.6488432007122678,0.8981060628628018,True,1.9334880193931347,0.1278737630237451,-1.1670645706506726,0,0,0,1000
1.0611570079880843,1.321210218154637,1.5374279305815393,36,0.238516567178335,-0.5692652093672893,1,-1.387061754762512,3,-0.4226946174867851,-0.2067936485059296,-1.2898110641116725,1.427502560836737,0.0241289112418684,0.9285861271368016,0.3169722870300955,-0.4337764136548623,False,-2.827238994693212,-0.6498625110306634,0.7005240882800495,0,0,0,1000
1.0625360294409605,-1.2533606997638735,-1.5643135613279928,9,0.5513773431805469,-0.1214015523108616,2,0.6929154597814113,0,0.7479871380105251,-0.2067936485059296,1.7782448148690615,-0.4150988062448434,-1.2075058368317635,-0.8337185671250041,-1.4134471285083057,-1.5714260290137003,True,3.3425583761970543,-1.1700864236887774,-2.4090655667092253,0,0,0,1000
1.0639150508938364,-1.5882642338020538,-1.3682967242755426,11,1.7271283239630524,-0.9826778158809149,0,-1.387061754762512,3,0.7238882179995157,-0.2067936485059296,-1.3022218015420777,-0.3116887270501843,-1.1305286650771618,-1.6124113390081276,-1.3597907125226183,-0.4753977410460392,True,0.0660749227334649,-0.9904938774303972,-3.2083300871898417,0,0,0,1000
1.0652940723467124,-0.5347135329736119,0.8328849070081319,1,0.0669477545319608,-0.9826778158809149,2,-1.218414953583275,3,-0.1693034138610984,-0.2067936485059296,-1.4323322254488238,-0.6127991931925475,1.6868358211412722,0.8329571902388742,0.5181838469764212,-1.3771931678548743,False,-2.2652171324569554,-0.1410102581098602,-1.631856200684341,0,0,0,1000
1.0666730937995883,-0.0951526445485003,1.646950775464794,33,0.304116407307831,-0.8448736137097064,0,0.1307594558506213,1,-0.8824859019390859,-0.2067936485059296,0.8008427608017504,0.4505788889951014,-1.1305286650771618,1.3384244281279192,0.9340210708654944,-1.4188144952460513,False,-0.8461080146630436,-1.453410840535326,2.2193666913546912,0,0,0,1000
1.0680521152524642,-0.4370333355458093,-0.067069948123743,40,-0.8009885917967556,0.0853047509459511,0,-0.8811213512248008,1,-0.9797908625831016,-0.2067936485059296,1.1940419229216577,0.5717943139719561,-1.3768556146918882,0.2728448455510134,-0.4610457447623638,0.5651354437333858,True,1.2611118710454006,0.0657145223255661,1.7488803240548016,0,0,0,1000
1.0694311367053404,-0.5835536316875132,-1.2374732239369932,33,-0.6546504868924953,1.0499341661444108,0,-0.0378873453286157,0,0.8192481196371983,-0.2067936485059296,-1.4628469657330454,1.0607926390426714,-0.8380154124096743,0.0542644183557506,1.6181403746830016,1.605668628512811,True,-0.2253737417960521,-1.0137976118117633,0.9426912187412456,0,0,0,1000
1.0708101581582163,1.3002787472772506,-0.2665019932682222,16,-0.7454810347641052,-1.017128866423717,0,-0.8249057508317219,1,0.8309784133015728,-0.2067936485059296,0.260467241167345,0.0828971927368197,-0.4377341192857437,1.5160210252240702,1.4705852307223628,-0.7806208085813373,True,0.5269692344355672,-0.2214574035077338,12.063120121121145,0,0,0,1000
1.0721891796110925,1.2793472763998643,0.6128154773552279,24,-0.0793903503722995,1.118836267230015,0,0.4680530582090954,2,-1.5773404800409108,-0.2067936485059296,0.7792784141669475,0.3090678509528354,-1.7001597360612166,-0.7927347370258924,-1.6817292084367397,-0.0453106913372102,True,0.1664629368117196,-0.9666186592279952,3.2355344412679097,0,0,0,1000
1.0735682010639684,1.5375020838876283,1.1929730223818462,9,0.6472540326005796,1.7389551770004534,2,-0.93733695161788,3,1.952141824805067,-0.2067936485059296,-0.817529900720528,-1.7028490565510728,-0.991969755918878,-1.4757985720110882,1.13523263081182,1.286571785180454,True,-2.0105029231023743,2.3288525328557133,-0.5872511452955795,0,0,0,1000
1.0749472225168444,1.3560960029502809,-0.963400539666754,15,0.505962069244742,0.4642663069167745,2,1.3112870641052805,0,0.2552765406419526,-0.2067936485059296,0.619560164843751,1.2020466411068325,-1.3614601803409678,0.8192959135391702,0.9340210708654944,-1.2384554098842842,True,1.582960704510505,-0.2459335570187192,0.8319144054907632,0,0,0,1000
1.0763262439697203,1.2235300207268345,-0.2902843657957908,40,-0.1702208982439093,0.6709726101735873,2,-0.4876121484732478,1,0.5243298950584547,-0.2067936485059296,0.751720159721603,1.3145966236888929,0.1780832547510725,-0.5331704797315179,0.4913556389835778,1.2172029061951588,True,1.042004525517394,-0.1522047710548171,0.7606895574742478,0,0,0,1000
1.0777052654225965,-0.1370155863032728,1.1860544552576835,26,1.2023296029270842,0.2575600036599618,2,-0.0941029457216947,0,-0.0103374563904445,-0.2067936485059296,1.5626337193877395,0.9761197426668352,1.3481362654210234,-0.1916385622389199,0.5181838469764212,0.0656795150392618,False,0.3765792641300558,-0.0122607862079187,1.0244643703460865,0,0,0,1000
1.0790842868754724,-0.5347135329736119,-1.2761079779322366,28,1.6362977760914426,0.5331684080023787,2,1.5361494656775965,2,0.28330532668029,-0.2067936485059296,-1.0038882420548974,0.872847648916815,-0.0528482605127335,1.4613759184252546,1.0815762148261332,0.7038732017039758,False,0.2722197358773393,-0.3615281875674166,1.1456751778772165,0,0,0,1000
1.0804633083283484,-1.016137363153496,0.951933961158247,37,0.1678705855004162,0.4642663069167745,0,-1.218414953583275,3,-1.0191957916838013,-0.2067936485059296,-0.9385783776694694,0.4406641777482132,-1.2998784429372865,0.5460703795450919,0.7864659269048555,-1.0164749971313405,False,-1.8905123388277163,-0.9702070871733764,2.2693012583411174,0,0,0,1000
1.0818423297812243,1.502616299091985,1.287854680440912,30,-0.8867729981199427,-1.258286220223332,1,0.8615622609606484,0,-1.199881602118864,-0.2067936485059296,1.5089664149920448,1.559129684068103,1.1633910532099787,0.7509895300406507,-1.0244381126120756,0.1489221698216158,True,0.2211117345511328,-1.5452731372637187,0.6413834244066495,0,0,0,1000
1.0832213512341005,-1.078931775785655,-1.091360155044285,31,0.7532230051174578,0.6365215596307852,2,-0.93733695161788,3,-1.3859719465647844,-0.2067936485059296,1.0778657477640927,0.1962217655357098,1.332740831070103,-1.4484760186116803,0.9206069668690726,1.48080464633928,True,2.169225902808378,1.5125945584899727,5.096272004497954,0,0,0,1000
1.0846003726869764,-0.1300384293441441,1.5039201395688622,33,1.5050980958324505,-0.465912057738883,2,1.8734430680360703,2,-0.1693034138610984,-0.2067936485059296,0.1283976328705051,-1.251755050187221,1.5328814776320685,-1.544104955509608,-1.574416376465366,1.61954240430987,False,-1.3755225066983572,-0.2546188138034679,-0.7988784065526828,0,0,0,1000
1.0859793941398526,-1.5115155072516375,0.1869208909694254,32,0.1880551516941073,0.7054236607163894,1,-1.330846154369433,3,0.110853606478371,-0.2067936485059296,0.452379119063317,-1.0066846300874848,0.5475736791731622,-1.1206053778187866,-0.0317944168768689,1.161707803006923,True,0.2654582280938915,0.0207208548901111,-0.99335985615384,0,0,0,1000
1.0873584155927285,-0.0672440167119853,-0.1282469721103388,4,0.4958697861478964,1.1532873177728171,2,1.2550714637122016,2,-1.5558203784823792,-0.2067936485059296,0.6753760110256299,1.691130390920483,-0.0990345635654947,1.6389725155214054,-0.0854508328625558,-1.7240375627813491,True,0.8036229831359688,0.1995292526879264,0.5913204246324598,0,0,0,1000
1.0887374370456044,0.0862534363888472,1.3492425980849911,17,0.7734075713111488,-1.6716988267369577,2,0.6366998593883324,2,-1.449180960650241,-0.2067936485059296,0.0760940607703019,1.6626883043762732,-1.592391695604774,1.2974405980288075,1.3096159827653022,-1.1968340824931072,False,-1.2731485373146891,-1.9552966844430344,0.601435601143277,0,0,0,1000
1.0901164584984806,-1.644081489475084,-0.7803064132443078,8,-1.0936648016052763,-1.3271883213089362,1,1.2550714637122016,2,-0.9406610984409725,-0.2067936485059296,-1.0641628135072756,-0.9981870990026888,0.9478549722970928,1.3930695349267348,1.0681621108297117,1.328193112571631,False,-0.2838564002629677,0.734003887802926,-1.0018162939400357,0,0,0,1000
1.0914954799513563,-1.6650129603524702,0.8160941787927087,14,-0.3821588432776657,0.2575600036599618,2,0.8053466605675694,1,0.3658165287182165,-0.2067936485059296,0.3589219843961513,-1.2709738762063372,-1.330669311639127,-0.4785253729327021,0.9206069668690726,-0.5308928442342753,False,-0.4571721943965574,0.2985407395930923,-0.786798294914351,0,0,0,1000
1.0928745014042325,-1.4487210946194786,-1.163301835100928,28,0.9550686670543684,0.2575600036599618,1,0.8615622609606484,1,-0.7680260388013285,-0.2067936485059296,0.343789121164652,-1.4401574163570976,1.2711590936664214,1.5843274087225898,0.9071928628726508,0.8564847354716248,True,1.50709095626558,0.8934461003428821,-0.6943685864329857,0,0,0,1000
1.0942535228571084,0.4630199121818,1.621579060712986,11,1.3335292831860763,-1.0860309675093214,1,-0.6000433492594058,1,-0.9018081025139288,-0.2067936485059296,0.7206405345386401,0.4779542000552449,0.7323188913842071,-0.7790734603261885,-1.668315104440318,1.2033291303981,False,-0.900938526174346,-1.462353135817897,2.0922502420930487,0,0,0,1000
1.0956325443099846,1.5584335547650146,-0.9818410504317744,12,-1.017972678378935,-1.1549330685949255,2,-1.105983752797117,3,-0.0729400943822046,-0.2067936485059296,-0.983826243781056,1.3149147084323312,-1.5462053925520127,-0.5468317564312217,1.6717967906686886,-1.1552127551019302,True,-0.0019851933492816,0.0716155788868165,0.7605055427067711,0,0,0,1000
1.0970115657628603,-0.4719191203414531,0.2461572597487475,6,-1.5780943902538622,-1.5683456751085512,2,-0.93733695161788,3,-1.1390459728740463,-0.2067936485059296,-1.237365552963512,-1.6369378277929898,-0.4839204223385048,-0.7244283535273728,0.9876774868511812,-0.2672911040901542,True,-1.4835228127122595,-0.2803844354105215,-0.6108967879604409,0,0,0,1000
1.0983905872157365,-0.8975256948483072,-0.1602549058422504,25,-0.2812360123092103,1.7045041264576513,0,-0.9935525520109588,3,-0.805897272154619,-0.2067936485059296,-1.1585697328417282,0.8642806898243853,-0.7610382406550722,-1.544104955509608,-1.6951433124331614,-0.9748536697401632,True,-0.9983148269994776,0.1291489914676649,1.157031385833754,0,0,0,1000
1.0997696086686126,0.5607001096096026,-1.0905547053892908,21,-1.0331111030242033,-1.3271883213089362,1,-0.8811213512248008,1,1.8729083741707675,4.772110297630446,0.4163916854803352,0.2428335316701994,-0.4069432505839028,-1.0659602710199707,-0.729327824690798,-0.9332323423489864,False,1.506946390869626,-2.042509040214937,4.118045730000588,0,0,0,1000
1.1011486301214883,1.7258853217841044,-0.3262138989764743,5,-0.8766807150230972,1.7045041264576513,0,0.3556218574229373,0,-0.1207564839209342,-0.2067936485059296,1.9081981689252827,-1.4682742359501826,-1.5769962612538535,0.5324091028453879,1.564483958697315,0.4818927889510318,True,2.234412067901757,0.0393924434465378,-0.6810717259913167,0,0,0,1000
1.1025276515743645,0.2885909882035812,-0.5800765230057071,7,-1.1138493677989674,-0.3281078555676744,0,-0.1503185461147737,0,1.4816486612115676,-0.2067936485059296,0.2545384156275175,1.6256712059613194,1.548276911982989,1.6253112388217017,0.5047697429799994,-0.7806208085813373,True,0.8346149386332247,-0.859469603711667,0.6151304979875148,0,0,0,1000
1.1039066730272404,1.2863244333589932,0.4389415283201349,34,0.6472540326005796,-0.0869505017680595,1,0.8053466605675694,1,-0.1368580718294795,-0.2067936485059296,1.07017113138037,0.8738102823894303,-0.8072245437078334,-0.4512028195332943,-0.6756714087051112,1.34206688836869,False,0.6312296030602351,-0.0600726912117785,1.1444130444702487,0,0,0,1000
1.1052856944801166,1.5654107117241434,1.021103025590158,25,1.474821246541914,1.428895722115234,0,0.8053466605675694,1,-1.240772553225037,-0.2067936485059296,-0.5248799472605159,1.577908763098429,0.3782239013130378,1.2564567679296956,-0.876882968651437,-0.7251257053931014,True,-1.545982972850674,-1.266956608167311,0.6337501635147483,0,0,0,1000
1.1066647159329923,0.9723523701981992,0.5120141079956739,27,0.2183320009846439,-1.258286220223332,0,-0.2065341465078527,1,-0.0258635578477847,-0.2067936485059296,-0.6049259104933333,1.1925876735840355,-0.0528482605127335,0.3001673989504212,-1.6817292084367397,0.8981060628628018,True,-1.1169400184890073,-0.013242506501028,0.8385127050185501,0,0,0,1000
1.1080437373858685,0.1141620642253623,1.5319576350871138,2,-0.5991429298598449,0.4298152563739724,1,1.2550714637122016,2,-0.7869262188093323,-0.2067936485059296,-0.9761253530934646,-0.9889790734635968,-0.3145706444783804,0.4367801659474605,-0.5817726807301593,0.8287371838775068,True,-2.508082988180578,-1.2055376291551894,-1.0111438431272255,0,0,0,1000
1.1094227588387446,-1.49756119333338,-0.966408823169438,4,-1.3762487283169516,1.1532873177728171,2,-0.8811213512248008,0,-0.6377279608971212,-0.2067936485059296,-1.0496372139470826,0.976837310507489,-0.376152381882062,-1.5031211254104964,-0.9707816966263888,1.369814439962808,True,-0.0832283907776445,0.6163059281928324,1.023711816565745,0,0,0,1000
1.1108017802916204,1.2095757068085768,0.3230859606976798,13,0.5009159276963192,1.635602025372047,0,-1.105983752797117,3,0.3110669241976558,-0.2067936485059296,-0.8230702042774852,-0.3306531288030813,1.0556230127535355,-0.6014768632300375,-1.1451650485798712,1.286571785180454,True,-1.146156164975165,0.1005013560456719,-3.0243182819763152,0,0,0,1000
1.1121808017444963,-1.3998809959055774,0.4219849628121199,16,1.4849135296387594,1.1532873177728171,2,-1.105983752797117,3,-0.1207564839209342,-0.2067936485059296,-1.3991313730875263,-0.2556011260869682,-1.5769962612538535,0.8192959135391702,-0.689085512701533,0.2599123761980878,True,-1.8211163358996465,-0.0509574203766978,-3.912347361468534,0,0,0,1000
1.1135598231973725,-0.9672972644395949,0.5917412132162079,27,-0.4528048249555845,-0.8104225631669043,1,1.0864246625329643,2,-1.664056411114758,-0.2067936485059296,0.7683148189929411,-0.0853208845867824,-1.022760624620719,-0.6287994166294454,-0.6622573047086895,0.6206305469216218,True,0.1765736057767332,-0.9846907595732556,-11.72047356154899,0,0,0,1000
1.1149388446502486,1.2235300207268345,-0.8517184577028939,9,0.0265786221445787,0.9810320650588064,1,-0.7686901504386429,0,-1.6205716478482672,-0.2067936485059296,-1.230275180965478,1.2967516669430943,1.2095773562627397,0.4777639960465722,-0.1659354568410861,0.4263976857627958,True,-0.378556723262584,1.3802707845023634,0.7711576151211701,0,0,0,1000
1.1163178661031246,1.6142508104380446,1.2238326269416464,32,0.7380845804721894,0.8087768123447958,0,-0.93733695161788,3,-0.4931829525124468,-0.2067936485059296,-1.2833856452748458,0.3189556833315644,-1.2690875742354455,-0.0140419651427689,0.0352761031052395,0.2182910488069108,True,-2.507218272216492,-0.6035733883361452,3.1352308133584432,0,0,0,1000
1.1176968875560005,0.4141798134678988,0.2324253066236337,5,-0.3064667200513241,-0.5003631082816851,0,-0.9935525520109588,3,0.1983874950706012,-0.2067936485059296,-1.029436106372999,-1.2517749644903513,0.7323188913842071,-0.7790734603261885,-1.668315104440318,1.2033291303981,True,-1.2618614129966328,0.0461102743720791,-0.7988656973130236,0,0,0,1000
1.1190759090088769,-0.4858734342597106,1.7707159644774402,2,-0.023882793339649,-0.6726183609956957,2,0.9177778613537274,0,0.6628510710023714,-0.2067936485059296,1.7803156574738812,-0.1334069620808685,0.5167828104713215,-0.1233321787404002,-0.8634688646550153,0.5790092195304448,True,0.009599692996441,1.173720973494868,-7.495866287551388,0,0,0,1000
1.1204549304617524,0.776991975342594,-1.5373826675431217,2,-0.5638199390208853,-0.7759715126241021,1,1.7047962668568335,2,-0.7869262188093323,-0.2067936485059296,0.6948719833483311,-1.4586178665373426,1.0094367097007746,-1.1615892079178982,1.5913121666901584,-0.0730582429313282,False,2.232254650891453,1.2098067294327135,-0.6855805701406823,0,0,0,1000
1.1218339519146283,-1.1766119732134577,-1.0422420833613844,35,-0.6647427699893408,-1.6372477761941553,0,1.3675026644983594,2,-0.1530404922217351,-0.2067936485059296,0.1511390491372194,-0.0763192931080057,0.3166421639093562,1.2837793213291036,-0.0586226248697124,1.411435767353985,True,1.193381132498604,0.1595052414518329,-13.10286389669785,0,0,0,1000
1.1232129733675045,-0.6323937304014146,0.8742992072324041,24,0.1275014531130341,0.050853700403149,1,0.5804842589952534,2,0.472401208410713,-0.2067936485059296,-0.9292718152412186,-0.0852779001619934,-0.5608975940931069,-0.4921866496324061,0.8937787588762292,-1.5852998048107594,False,-1.8035710224736228,0.413020002009116,-11.7263812868109,0,0,0,1000
1.1245919948203806,-1.504538350292509,-1.0441817070205102,9,-0.7454810347641052,-0.1558526028536637,0,-1.049768152404038,1,0.3793476208697771,-0.2067936485059296,-0.0094023432513172,-0.4145245560939288,-0.9611788872170371,1.6662950689208131,-0.0586226248697124,-0.1840484493078002,True,1.0347793637691929,-0.3961078463139731,-2.4124028999953766,0,0,0,1000
1.1259710162732566,1.6700680661110747,-0.8930238863163954,5,0.2486088502751806,-0.1903036533964659,2,0.1869750562437003,1,0.0051049946661323,-0.2067936485059296,-0.7720681380158965,0.9674881437052292,-0.9611788872170371,1.6662950689208131,-1.0780945285977626,0.1766697214157337,True,0.1209557483004989,-0.0045588821763739,1.0336042908079786,0,0,0,1000
1.1273500377261323,-0.1509699002215304,0.8596127908776217,40,0.682577023439539,0.843227862887598,1,0.7491310601744904,0,-0.3706226321335793,6.431744946342571,1.8040445311756288,-1.2052183707694517,-0.3299660788293008,0.710005699941539,-0.6086008887230027,-1.1968340824931072,False,0.9444317402980068,-0.3185919551707562,-0.82972522426296,0,0,0,1000
1.128729059179009,-1.33010942631429,-0.2354851992111113,42,1.4445443972513772,1.1532873177728171,1,1.0864246625329643,0,-0.6931384774092352,-0.2067936485059296,1.7568980517639112,1.6533250996226267,-0.2683843414256192,-1.4211534652122726,-0.5012880567516289,0.1350483940245568,True,1.9923832509750223,0.1632238524336001,0.6048416852463454,0,0,0,1000
1.1301080806318844,1.2235300207268345,-1.1795331468779755,2,0.4555006537605142,-1.3960904223945405,1,-1.274630553976354,3,-0.6931384774092352,-0.2067936485059296,-0.3249486790548572,-1.6654324750389031,-0.4993158566894253,-0.8337185671250041,1.2827877747724588,1.411435767353985,True,0.8545844678231183,0.8175798094807237,-0.6004446743006547,0,0,0,1000
1.1314871020847606,-0.1021298015076291,0.4999029450302307,17,-0.2862821538576331,1.670053075914849,1,0.8615622609606484,0,-0.057165238718669,-0.2067936485059296,1.7779745950916812,-1.646740670714098,-0.0374528261618131,1.3384244281279192,1.3364441907581457,0.911979838659861,True,1.2780716500614506,-0.0285770711888188,-0.6072601949476211,0,0,0,1000
1.1328661235376365,-0.7300739278292171,-0.5420097184941401,20,1.272975584605003,-1.6716988267369577,0,0.6929154597814113,2,0.4062277873044279,-0.2067936485059296,0.4360528750511888,-0.3491875774867602,-0.0066619574599723,0.1225708018542703,0.3572145990193606,-0.4892715168430983,True,0.9780625935453288,-0.2201794086413704,-2.8637911278989545,0,0,0,1000
1.1342451449905129,0.0374133376749459,1.02114879939774,16,0.2889779826625627,0.4987173574595767,1,-0.4313965480801688,1,-1.1592575015304638,-0.2067936485059296,1.2189451771819646,-0.6781514067857173,0.0395243455927888,-1.1615892079178982,-0.5147021607480506,1.147834027209864,True,0.1977963777842246,-1.1837744058806567,-1.4745971732175407,0,0,0,1000
1.1356241664433886,-1.3580180541508051,1.4496024697749217,30,-0.8918191396683656,1.2221894188584217,1,-0.2065341465078527,0,0.8426679393432855,-0.2067936485059296,1.8253978980753112,0.9019722628338755,-1.06894692767348,-0.8337185671250041,0.1425889350766132,-0.1563008977136822,True,0.3757954283003895,1.2215335260721707,1.108681419969604,0,0,0,1000
1.1370031878962643,1.6700680661110747,-0.1775024078493932,28,0.4958697861478964,-0.9826778158809149,2,-0.6562589496524849,1,-0.9601914853903032,-0.2067936485059296,1.206581305479785,-0.34015791010521,1.0864138814553763,0.7783120834400585,1.1084044228189769,-0.8916110149578094,False,1.384083713329178,0.1704363006532643,-2.939811964601672,0,0,0,1000
1.1383822093491407,1.7119310078658472,0.0716712703025434,4,-1.4721254177369842,1.118836267230015,0,-0.93733695161788,3,-1.365032361609816,-0.2067936485059296,-0.9576907486360234,1.4937607119903322,1.5944632150357498,-0.6287994166294454,-1.0780945285977626,-1.3771931678548743,True,-1.0293620189385668,-0.0978336033606564,0.6694512213555593,0,0,0,1000
1.1397612308020164,-1.6929215881889852,0.6186977011964168,5,-0.987695829088398,-1.3616393718517383,2,1.9296586684291497,2,0.6505043648705744,-0.2067936485059296,0.6723874992091105,1.3905645755276606,-1.253692139884525,0.5597316562447958,-0.5147021607480506,-1.3216980646666383,True,0.0536897980126936,0.4024655551636595,0.7191323191210378,0,0,0,1000
1.1411402522548926,-0.3114445102814917,1.421481827403732,40,-0.331697427793438,0.6365215596307852,1,0.5242686586021743,2,-1.1795361053656206,-0.2067936485059296,-0.409877274861883,1.455632874274566,-1.4538327864464902,-1.4757985720110882,-1.520759960479679,1.355940664165749,True,-1.831359102265615,-1.6766891385438032,0.6869863610353861,0,0,0,1000
1.1425192737077683,1.230507177685963,1.89087482544383,40,-0.7000657608283003,-1.533894624565749,0,0.6366998593883324,2,-0.0887971527059343,-0.2067936485059296,-1.0161809567910591,-1.2424951168743965,0.3320375982602765,-0.7517509069267806,0.0621043110980829,-0.3505337588725082,True,-2.907055782234889,-0.1679043006227427,-0.8048322016740046,0,0,0,1000
1.143898295160645,-1.5952413907611829,0.3717553704030145,24,1.5505133697682556,-0.1214015523108616,0,0.6929154597814113,2,0.3658165287182165,-0.2067936485059296,0.6699703383814537,-1.3837040669085254,0.5475736791731622,-0.6014768632300375,-0.2464200808196164,-1.6407949079989952,True,0.2982149679784391,0.1359942591331856,-0.7226979353352598,0,0,0,1000
1.1452773166135206,-1.5254698211698952,1.9583197633163731,19,-0.5890506467629992,0.6365215596307852,1,-1.218414953583275,3,-0.6194028630245529,-0.2067936485059296,-1.439571125514519,1.4283398321388288,-0.6532702001986294,-0.4785253729327021,0.8401223428905423,0.3292812551833828,True,-3.3978908888308923,-1.2129888681157266,0.7001134516365283,0,0,0,1000
1.1466563380663966,1.3770274738276669,-0.7528972742847221,23,-1.6840633627707406,-0.6381673104528937,2,-0.93733695161788,3,0.537177286385998,-0.2067936485059296,-1.335241383435866,-0.8095850456948686,1.22497279061366,0.846618466938578,-1.3061342965369318,-1.0164749971313405,True,-0.582344109151144,-0.4044393147276814,-1.235200833856536,0,0,0,1000
1.1480353595192727,-0.2486500976493329,-0.7350976753498075,25,-1.012926536830512,1.7389551770004534,1,-1.49949295554867,3,-0.0887971527059343,-0.2067936485059296,0.4455313064023823,-1.29894531050444,0.347433032611197,0.6007154863439075,0.3035581830336738,-0.8222421359725143,False,1.1806289817521898,0.0652745805318142,-0.7698554118473205,0,0,0,1000
1.1494143809721484,-1.2045206010499725,-1.2036101311920129,8,1.0610376395712469,-1.6372477761941553,1,0.6366998593883324,1,1.7740007458305995,-0.2067936485059296,0.3361555266758256,-0.0100198986708791,1.6560449524394316,0.5597316562447958,-1.0378522166084974,0.2182910488069108,True,1.5397656578678385,-2.1352052704238966,-99.80240450402762,0,0,0,1000
1.1507934024250246,1.3281873751137656,0.2302197624052571,35,0.8844226853764499,-1.22383516968053,2,-0.3189653472940107,0,1.402561453377276,-0.2067936485059296,1.1456837299188654,1.3620503404426028,-0.6994565032513905,1.7209401757196288,1.577898062693737,0.9952224934422148,True,0.9154639675136084,0.3228973645552885,0.7341872006407095,0,0,0,1000
1.1521724238779008,-0.1509699002215304,1.855716358046951,19,-0.705111902376723,-0.2592057544820701,2,0.4680530582090954,1,1.2600886452227027,-0.2067936485059296,-0.7767848241231997,-0.5750211072268363,1.4712997402283867,1.1744891077314723,1.6583826866722668,0.3847763583716188,True,-2.6325011821701505,2.33836711152899,-1.739066899177679,0,0,0,1000
1.1535514453307765,-1.1696348162543284,0.3557568993360777,12,1.717036040866207,-1.1549330685949255,2,-1.274630553976354,3,1.6912830499874785,-0.2067936485059296,-1.4964975302295729,-0.4150898828958999,1.1633910532099787,-1.4757985720110882,1.3096159827653022,1.161707803006923,True,-1.852254429565651,0.60168561376321,-2.4091173553428304,0,0,0,1000
1.1549304667836526,-1.232429228886487,1.0084172053318583,35,0.3798085305341726,-1.017128866423717,2,-1.049768152404038,1,0.5114292264090835,-0.2067936485059296,0.9514141315306694,-0.4145002889376555,1.2865545280173418,0.8056346368394663,1.2023031507939286,-0.4199026378578032,False,-0.057003073801189,0.5157340312204823,-2.412544135535747,0,0,0,1000
1.1563094882365286,0.0722991224705897,-1.3918318550865796,23,0.0164863390477331,-1.6716988267369577,0,-0.9935525520109588,3,-1.4280464114595173,-0.2067936485059296,-0.9999974155706232,-1.2991217098780674,-0.5608975940931069,-0.4921866496324061,0.8937787588762292,-1.5852998048107594,True,0.3918344395159563,1.987600486011433,-0.7697508781289981,0,0,0,1000
1.1576885096894047,-1.1626576592951998,0.8476309878083254,17,-0.3266512862450152,0.8776789134304002,0,-1.387061754762512,3,0.8774958557738228,-0.2067936485059296,-1.2369760354584554,0.79750465796808,-1.0073651902697986,-1.325524528314345,0.9340210708654944,-1.5575522532166413,True,-2.0846070232667806,0.7437926790272772,1.2539110143340673,0,0,0,1000
1.1590675311422804,0.5816315804869889,0.3754520734559284,3,1.6615284838335564,-1.6716988267369577,0,1.3112870641052805,0,1.3925604350802403,-0.2067936485059296,0.362194494647155,-0.4809681387914234,-1.7001597360612166,-1.5987500623084236,1.7120391026579536,-1.8627753207519395,True,-0.0132575788087734,0.5228397027635662,-2.0791402325044306,0,0,0,1000
1.1604465525951566,0.0025275528793022,1.8037277830888647,30,-0.2761898707607875,-1.3960904223945405,1,0.4680530582090954,2,0.7479871380105251,-0.2067936485059296,-0.3990719995322735,-0.1331315352982335,0.2704558608565949,-1.188911761317306,-1.0915086325941843,-1.7101637869842905,True,-2.2027997826211383,1.349165182222709,-7.511373987367119,0,0,0,1000
1.1618255740480328,1.6002964965197872,-1.3997424530700122,24,-1.1542185001863496,-1.533894624565749,2,0.2994062570298583,1,0.2269731747650891,-0.2067936485059296,0.254576896101109,0.2060952334990663,-1.1151332307262414,-0.6287994166294454,-0.9573675926299672,0.3709025825745598,True,1.6543193491711212,-0.3177039884267744,4.85212344705772,0,0,0,1000
1.1632045955009085,-0.0811983306302428,-0.5602270048045722,3,-0.8665884319262517,0.7054236607163894,2,-0.7686901504386429,0,-1.9077023575485812,-0.2067936485059296,0.6064119258161365,0.3464968380964632,0.9016686692443318,-0.2326223923380316,-0.6756714087051112,-0.9887274455372222,False,1.1666389306207088,1.0687463778280628,2.886028388861561,0,0,0,1000
1.1645836169537849,0.9932838410755854,-0.4440446190965398,32,0.7532230051174578,-0.8448736137097064,1,-1.218414953583275,3,-1.449180960650241,-0.2067936485059296,-0.9492322660571192,0.7418038080066358,1.5790677806848294,-0.669783246728557,0.1023466230873481,0.8981060628628018,True,-0.5051876469605794,0.643501007673894,1.3480651546945672,0,0,0,1000
1.1659626384066606,0.8537407018930104,-1.1548960703737785,40,-1.1844953494768864,0.5676194585451809,2,-1.49949295554867,3,-0.4402037724726214,-0.2067936485059296,-1.2749021224846413,-1.0725240367687052,-1.4230419177446496,-0.4238802661338866,0.3706287030157824,-0.6141354990166293,True,-0.120006052110863,0.5083896069923433,-0.932380122920888,0,0,0,1000
1.1673416598595368,-1.3580180541508051,-0.5639174072779334,39,0.1981474347909529,0.6709726101735873,2,0.1307594558506213,0,0.2552765406419526,3.1124756489183207,1.7294731912269412,1.3810019012787276,1.486695174579307,-0.4102189894341826,0.9608492788583376,0.0934270666333798,False,2.2933905985048746,-0.1439548849376899,0.7241119122738838,0,0,0,1000
1.1687206813124127,0.2118422616531648,-0.2966357414555559,7,1.6766669084788248,-1.0515799169665192,2,-1.162199353190196,3,-0.1368580718294795,-0.2067936485059296,-0.1574270091468357,1.192328461179359,-0.6532702001986294,-0.4785253729327021,0.8401223428905423,0.3292812551833828,False,0.1392087323087201,0.0405969956113153,0.838694997804026,0,0,0,1000
1.1700997027652886,-0.757982555665732,-1.6290610517044954,3,0.9298379593122548,1.7045041264576513,2,1.0302090621398854,2,-1.4280464114595173,-0.2067936485059296,0.1272301449555067,-0.7445326348619357,-1.0381560589716394,0.3001673989504212,0.6523248869406384,0.4818927889510318,True,1.756291196660002,2.326374788935072,-1.343124649596995,0,0,0,1000
1.1714787242181648,-1.33010942631429,-1.4259359650498318,41,-1.5478175409633257,0.8776789134304002,0,1.0864246625329643,0,-0.1207564839209342,-0.2067936485059296,0.7839298548111233,-0.5280820065359794,1.2865545280173418,0.8056346368394663,1.2023031507939286,-0.4199026378578032,True,2.209865819860955,0.1721910134358219,-1.8936456402371888,0,0,0,1000
1.1728577456710405,-1.27429217064126,-0.5347050122398578,2,1.1972834613786616,-1.4649925234801446,1,0.6929154597814113,2,-1.2819289279963564,-0.2067936485059296,0.43394096735091,-1.2708127118187107,-1.4230419177446496,-0.0823483486412885,-1.1719932565727147,0.981348717645156,True,0.9686459795907678,0.6854538231349195,-0.7868980766321323,0,0,0,1000
1.174236767123917,-0.4091247077092942,-1.1971360014957817,11,-1.562955965608594,0.3609131552883682,2,0.5804842589952534,0,-0.7117529458539462,-0.2067936485059296,-0.9519812093913028,0.5255137999616629,0.5167828104713215,1.3520857048276231,-0.6086008887230027,1.2172029061951588,True,0.2451547921044787,0.8520650756524368,1.9028992383892256,0,0,0,1000
1.1756157885767926,1.397958944705053,0.1635954356624146,37,0.9853455163449052,-1.1549330685949255,1,0.6929154597814113,0,-1.0988248781928884,-0.2067936485059296,1.807993643195645,-1.7220993319341484,-0.7610382406550722,-1.544104955509608,-1.6951433124331614,-0.9748536697401632,True,1.6443982075332304,-0.1797627346646652,-0.5806866302802225,0,0,0,1000
1.1769948100296688,-1.044045990990011,0.1039173677707716,28,0.1375937362098796,-1.430541472937343,1,0.8615622609606484,2,-0.2185719381821825,-0.2067936485059296,0.3589588066767321,0.5064586412207305,1.4097180028247052,-0.8063960137255962,-0.8098124486693283,-0.0175631397430922,False,0.2550414389059604,-0.0227134204844482,1.974494501940424,0,0,0,1000
1.1783738314825447,-0.8556627530935347,-0.2100118090210914,37,-0.2408668799218281,0.6365215596307852,2,-0.3189653472940107,1,-1.3859719465647844,-0.2067936485059296,-0.9955865382753264,-1.7313409832637718,-1.3768556146918882,0.0132805882566389,-0.7024996166979546,0.7316207532980938,True,-0.785574729254235,0.2910704757505539,-0.5775870076578379,0,0,0,1000
1.1797528529354206,-1.581287076842925,1.4846445484524218,20,-0.7404348932156823,0.1197558014887532,0,1.0864246625329643,0,1.58784382216041,-0.2067936485059296,-1.4884118857381814,-0.6029434631057495,-1.623182564306615,0.1089095251545663,0.6925671989299035,-0.2811648798872132,True,-2.973056434190603,2.3573836743643093,-1.6585305705149809,0,0,0,1000
1.1811318743882968,0.7072204057513065,-1.3152628727962878,20,-1.0432033861210488,-1.1549330685949255,1,0.6929154597814113,1,-1.302606210010628,-0.2067936485059296,-0.4178857299899525,-0.4150225224935091,0.424410204365799,1.5433435786234782,1.5376557507044717,-0.1146795703225052,True,0.8973771428063353,1.713269585900863,-2.409508368227116,0,0,0,1000
1.1825108958411723,1.6072736534789158,-1.4921625311595792,33,1.5706979359619466,-0.0524994512252573,1,-1.105983752797117,3,-1.0191957916838013,-0.2067936485059296,-0.7968175307380633,-1.063779372446705,1.1787864875608989,-0.4921866496324061,-0.8500547606585935,1.147834027209864,True,0.6953450004215159,1.520805772266092,-0.9400446369856296,0,0,0,1000
1.183889917294049,1.2235300207268345,1.69563644238754,25,-0.266097587663942,0.4987173574595767,0,0.6929154597814113,1,-0.0414729400948349,-0.2067936485059296,-0.4037830338687325,1.3339004391656295,0.5167828104713215,-0.0413645185421767,0.2230735590551435,-1.3216980646666383,True,-2.099419476256273,-0.0703230285977574,0.7496810823882802,0,0,0,1000
1.1852689387469246,1.2444614916042207,-0.7269535037616776,40,-1.431756285349602,-0.2592057544820701,2,0.0745438554575422,1,1.133471172798824,-0.2067936485059296,-0.4260414695693982,-0.9795020416002556,-1.3152738772882069,0.2865061222507173,-0.729327824690798,-0.1008057945254462,False,0.3009120341922793,-0.823980840478963,-1.0209270217129491,0,0,0,1000
1.1866479601998008,-1.4347667807012212,0.4419855566939534,14,0.2132858594362212,1.35999362102963,1,-0.9935525520109588,1,-1.2202938111117605,-0.2067936485059296,0.9599865082967272,0.9857799208261756,1.548276911982989,-1.3118632516146411,-0.2330059768231946,0.8426109596745658,True,0.5180009516027739,-0.5393522394344175,1.014425103850154,0,0,0,1000
1.1880269816526767,-0.4370333355458093,0.2274687313007417,13,1.1165451966038973,-1.5683456751085512,2,0.8053466605675694,2,2.0299372612623108,-0.2067936485059296,0.838838149540838,1.5591789801299496,-1.1305286650771618,1.5843274087225898,-0.4342175367695203,1.1339602514128049,False,0.6113694182400964,0.46174725343944,0.6413631459938874,0,0,0,1000
1.189406003105553,-0.018403917998084,1.4612882519860864,23,-0.5083123819882349,-1.6716988267369577,1,-1.330846154369433,3,-0.7869262188093323,-0.2067936485059296,-0.9008315346804394,1.3617382408722365,-0.0220573918108927,-0.8473798438247081,0.8669505508833859,-1.224581634087225,False,-2.3621197866665256,-1.1499260387259098,0.7343554704933022,0,0,0,1000
1.1907850245584288,-1.2533606997638735,-0.8854844763849448,34,0.4756852199542053,1.635602025372047,1,-1.218414953583275,3,0.6381100577755286,-0.2067936485059296,-1.455120830114405,1.625385223509812,1.486695174579307,-0.4102189894341826,0.9608492788583376,0.0934270666333798,False,-0.5696363537294602,-0.5650365503853308,0.6152387286484338,0,0,0,1000
1.1921640460113043,-1.7138530590663714,0.9505909318872084,36,1.2023296029270842,-0.9482267653381128,2,-1.218414953583275,3,1.0022523781171095,-0.2067936485059296,-1.1078854396014677,-1.6565595103705075,-0.0066619574599723,0.1225708018542703,0.3572145990193606,-0.4892715168430983,True,-2.058476371488676,0.952732022100514,-0.6036608127301266,0,0,0,1000
1.1935430674641807,-1.10684040362217,0.4819459166819671,12,1.298206292347117,-0.8448736137097064,1,-1.218414953583275,3,0.2972190748525578,-0.2067936485059296,-0.1045014396364384,0.5343312657524829,-0.4377341192857437,1.529682301923774,1.7120391026579536,-0.7389994811901603,True,-0.5864473563184056,0.1432435194851821,1.8714978458951776,0,0,0,1000
1.1949220889170566,-0.2695815685267192,0.5298132688561327,30,-0.5032662404398122,-1.1893841191377277,0,1.3112870641052805,0,-1.365032361609816,-0.2067936485059296,1.3307210567101904,0.6378163228425333,-1.592391695604774,0.2181997387521977,0.0621043110980829,-0.6557568264078063,True,0.8009077878540577,-0.7232122575989031,1.5678492496999945,0,0,0,1000
1.1963011103699326,-1.6301271755568263,-1.549149156606482,14,0.70276158963323,-0.9482267653381128,0,0.1307594558506213,1,1.1119335175736065,-0.2067936485059296,0.8084554300300877,1.455938553386546,0.5629691135240826,1.406730811626439,-1.426861232504727,0.4541452373569138,True,2.35760458663657,-1.722550870951631,0.6868421259879167,0,0,0,1000
1.1976801318228087,-1.4626754085377365,1.44738040990798,0,0.4555006537605142,-0.4314610071960808,1,0.4680530582090954,0,-0.5829717049916499,4.772110297630446,-1.313636535767317,-1.722178336218697,1.3635316997719438,0.901263573737394,0.9742633828547594,-0.9193585665519272,False,-2.761016945675297,-0.8437818253355682,-0.5806599914975417,0,0,0,1000
1.199059153275685,-1.581287076842925,0.7920217623205775,28,0.3899008136310182,-0.3970099566532786,2,-0.6562589496524849,1,-0.6194028630245529,-0.2067936485059296,-1.1984545251450265,-0.5746958402757119,1.147995618859058,1.0515376174341369,0.3438004950229389,0.5512616679363268,True,-1.990476287465604,-0.4905805471591177,-1.7400511782465051,0,0,0,1000
1.2004381747285608,-0.0602668597528565,-0.8613249867706223,33,1.5606056528651011,-0.5348141588244872,2,-1.49949295554867,3,-0.7117529458539462,-0.2067936485059296,-0.911228088468292,0.967694468944216,0.424410204365799,0.9968925106353214,-1.0780945285977626,0.7593683048922117,True,-0.0499031016976696,0.6130505966716017,1.033383912747418,0,0,0,1000
1.2018171961814366,1.125849823299032,-0.7472423773226676,23,0.3999930967278637,1.1877383683156193,1,1.7047962668568335,2,-0.6194028630245529,-0.2067936485059296,0.3293475610540397,1.663052855827015,-0.0220573918108927,0.9285861271368016,-1.5341740644761008,-1.6269211322019363,True,1.0765899383767072,0.4628440678869336,0.6013037627552351,0,0,0,1000
1.2031962176343127,-1.1626576592951998,-1.4702930751271273,25,1.1316836212491654,1.635602025372047,0,0.7491310601744904,2,-1.0988248781928884,-0.2067936485059296,0.41479975114623,-1.2981968374064694,-0.2221980383728579,1.0515376174341369,0.6254966789477949,-0.2534173282930952,False,1.8850928262733573,1.6155946091844129,-0.7702992706620068,0,0,0,1000
1.2045752390871889,0.3723168717131262,1.925302277972668,8,1.1619604705397022,-1.4994435740229468,0,0.3556218574229373,0,-0.0258635578477847,-0.2067936485059296,0.4527403607399428,0.2622040546213555,-0.2529889070746988,-1.6943789992063512,1.1084044228189769,-0.0453106913372102,True,-1.4725619172327251,-0.0497951668408179,3.8138221014998135,0,0,0,1000
1.2059542605400646,-1.0510231479491396,0.0198892844144696,5,1.2628833015081578,-1.1549330685949255,2,0.0745438554575422,1,0.0660316830787908,-0.2067936485059296,-0.1403864185583407,-1.703543771912725,0.7323188913842071,0.5460703795450919,-0.0049662088840255,-0.0036893639460332,True,-0.1602757029728104,0.0013133229251201,-0.5870116607443401,0,0,0,1000
1.2073332819929408,0.8397863879747528,0.0379863178422807,22,-1.234956764961114,-1.5683456751085512,1,0.9739934617468065,0,-0.1207564839209342,-0.2067936485059296,1.8273213516902824,0.9668525183249956,-0.0528482605127335,-0.8747023972241159,-1.6817292084367397,0.8981060628628018,False,1.7893350338480016,-0.0045870941797368,1.0342837998747212,0,0,0,1000
1.2087123034458167,0.1630021629392635,0.5594416060937039,2,-0.1399440489533727,0.1197558014887532,0,-0.0941029457216947,1,-0.33629030118055,-0.2067936485059296,-0.0798979934688316,-0.1990065265538996,-1.7001597360612166,-1.5987500623084236,1.7120391026579536,-1.8627753207519395,True,-0.6393395995625355,-0.1881347862061822,-5.024963350764736,0,0,0,1000
1.2100913248986929,-1.1766119732134577,1.3763820738634802,4,-0.7858501671514874,-1.3616393718517383,2,-1.443277355155591,3,-0.8440511312458903,-0.2067936485059296,-1.1350361231057278,0.0454586293162769,0.7631097600860479,-0.9566700574223396,0.1828312470658784,0.9674749418480968,True,-2.511418196969208,-1.161736846471035,21.997975197294856,0,0,0,1000
1.2114703463515686,-1.2882464845595176,-1.1619298908750568,38,-1.4923099839306753,0.2575600036599618,1,-0.7124745500455638,0,-1.0390009501597688,-0.2067936485059296,1.1870204527277868,0.0452772241615347,0.7323188913842071,0.9149248504370976,0.6120825749513732,0.1627959456186748,True,2.3489503436028434,1.2072462606382206,22.08611084065672,0,0,0,1000
1.2128493678044447,-0.0672440167119853,0.857407596201596,7,1.298206292347117,-1.1893841191377277,1,1.8734430680360703,2,-1.6205716478482672,-0.2067936485059296,0.1891672172035151,0.7322645303433473,-0.0374528261618131,1.3384244281279192,1.3364441907581457,0.911979838659861,True,-0.6682403789980809,-1.389490441054042,1.3656265215638177,0,0,0,1000
1.214228389257321,-1.351040897191676,0.4018482198546138,8,0.1527321608551479,-1.0860309675093214,1,-0.3189653472940107,1,-1.0191957916838013,-0.2067936485059296,-1.0206982327889431,-1.5713745008223756,1.22497279061366,1.2701180446293998,-1.4939317524868356,-1.071970100319576,True,-1.422546452643557,-0.4095620145714493,-0.6363855739769287,0,0,0,1000
1.2156074107101966,-0.2346957837310754,-1.6345545798187322,39,1.6766669084788248,0.843227862887598,0,1.1988558633191224,0,0.8074766543044608,-0.2067936485059296,1.492033106438455,1.6254508427709455,-1.0535514933225598,1.5433435786234782,-1.520759960479679,0.9952224934422148,True,3.126587686257188,-1.3198646633900637,0.6152138915341707,0,0,0,1000
1.2169864321630728,-1.476629722455994,-0.2199319628496401,30,-1.4418485684464477,0.5676194585451809,0,-0.7686901504386429,1,0.6996106650189345,-0.2067936485059296,1.057112031354424,1.6249792111328816,0.347433032611197,1.6662950689208131,0.437699222997891,-0.6002617232195703,True,1.277043994204064,-0.1538667467881563,0.6153924503216187,0,0,0,1000
1.2183654536159487,0.5188371678548301,0.8529573381070165,35,-1.3358795959295695,0.7743257618019938,1,-1.274630553976354,3,-0.6194028630245529,-0.2067936485059296,-0.8548502394831384,-1.3365774670685258,1.0556230127535355,-0.6014768632300375,-1.1451650485798712,1.286571785180454,True,-1.707807577590155,-0.5283242172612876,-0.7481796599573353,0,0,0,1000
1.2197444750688249,0.9932838410755854,1.050026195541068,42,-1.4771715592854069,-0.8104225631669043,2,1.4799338652845175,2,-1.2613176508759902,-0.2067936485059296,-0.0799540321613364,1.3246129740566743,-0.9611788872170371,1.6662950689208131,-1.0780945285977626,0.1766697214157337,False,-1.1299802277024047,-1.324416574318113,0.7549374376454436,0,0,0,1000
1.2211234965217006,-0.590530788646642,1.4492124801818822,6,0.0871323207256519,1.6011509748292447,2,0.2994062570298583,0,0.2127161215072761,-0.2067936485059296,1.8943557156565956,-1.1298157457326548,1.2865545280173418,-1.4348147419119766,0.0218619991088178,-0.2395435524960362,True,0.4451432354747131,0.3082708580242303,-0.8851001522036166,0,0,0,1000
1.2225025179745768,-1.0649774618673973,-0.3643161747152831,22,-0.9977881121852435,-1.5683456751085512,2,1.0864246625329643,2,-1.302606210010628,-0.2067936485059296,-0.7342739020037651,-0.3213428112151243,0.4552010730676398,1.1471665543320644,-1.0646804246013408,1.244950457789277,True,-0.369957727288482,0.4745605115914447,-3.1119423752248907,0,0,0,1000
1.223881539427453,1.0491010967486154,-0.9381643188148596,5,-0.8564961488294062,1.394444671572432,1,0.3556218574229373,1,0.537177286385998,-0.2067936485059296,0.9205882746672652,0.3092000688670596,1.6098586493866702,-0.6151381399297413,-1.668315104440318,-0.5863879474225113,True,1.8587525934821247,-0.5039605629651346,3.2341508857000307,0,0,0,1000
1.2252605608803286,-1.1975434440908437,0.8682320204816603,21,0.9348841008606776,-0.8104225631669043,2,-0.9935525520109588,1,-1.751781892697946,-0.2067936485059296,0.2673458222698474,-0.8666849026565322,1.548276911982989,-0.8337185671250041,0.2901440790372521,1.508552197933398,True,-0.6008861982118129,-1.520953132140325,-1.1538220088027789,0,0,0,1000
1.2266395823332048,-0.9254343226848222,-1.6003642770960045,16,0.6321156079553112,0.4298152563739724,2,0.4118374578160163,0,1.8817854608487636,-0.2067936485059296,1.4352649208763004,-1.119510910022809,-1.3922510490428086,-0.4921866496324061,1.0547480068332895,-0.8499896875666323,True,3.035629197972305,-3.011542228701003,-0.8932472925202268,0,0,0,1000
1.2280186037860807,-0.7230967708700883,-0.7577653943485693,25,-0.5436353728271944,-0.9137757147953108,2,0.1869750562437003,0,0.2552765406419526,-0.2067936485059296,1.6230903350806754,-0.4812658739464172,-0.1914071696710171,-0.5195092030318139,-1.158579152576293,0.7871158564863298,False,2.3808557294292445,-0.1934397284874878,-2.07785397203695,0,0,0,1000
1.229397625238957,1.432844729500697,0.224530746677555,36,1.585836360607215,-0.0869505017680595,1,-1.049768152404038,1,-0.6561257527358736,-0.2067936485059296,-0.6023588254745273,-0.5844595075185316,-0.991969755918878,0.6007154863439075,-0.5951867847265809,1.536299749527516,True,-0.8268895721520824,-0.1473204051761585,-1.710982811014626,0,0,0,1000
1.2307766466918326,-1.581287076842925,1.443464297979904,4,-0.7303426101188368,0.8776789134304002,1,0.1869750562437003,1,2.004160702128213,-0.2067936485059296,0.4672704030380201,1.4652021866245426,0.3166421639093562,0.163554631953382,-0.5549444727373157,1.314319336774572,False,-0.9761938949418838,2.892934420936413,0.6824996173762111,0,0,0,1000
1.2321556681447088,-0.9672972644395949,2.006101869943243,8,-0.3216051446965925,0.1542068520315554,0,-0.4876121484732478,0,-0.0414729400948349,1.4528410002061956,1.4836156832432237,-1.1951602330114954,-1.2075058368317635,-0.8337185671250041,-1.4134471285083057,-1.5714260290137003,True,-0.5224861867000195,-0.0831989426762924,-0.8367079627064349,0,0,0,1000
1.233534689597585,0.2327737325305511,-0.866556030413733,22,0.304116407307831,1.2910915199440256,1,-0.3189653472940107,0,0.4592810194835228,-0.2067936485059296,1.7871535706536712,-0.217563392431266,-0.7302473719532313,-1.4348147419119766,0.5315979509728429,1.550173525324575,True,2.653709601067404,-0.3979927370880139,-4.596363609067584,0,0,0,1000
1.2349137110504609,-1.644081489475084,1.6966941144958838,2,-0.6697889115377637,-0.7759715126241021,0,-1.162199353190196,3,-0.2351536375112642,-0.2067936485059296,-1.1050321770011395,0.3096358982880209,0.9632504066480132,-0.4375415428335904,-0.5817726807301593,1.61954240430987,True,-2.801726291497024,-0.3989837927676604,3.2295986433392927,0,0,0,1000
1.2362927325033368,-1.2812693276003886,-0.0487900309219557,41,-0.8615422903778289,0.0164026498603468,0,0.1869750562437003,1,-0.6931384774092352,-0.2067936485059296,0.7349419472651668,1.653208769622375,-0.3145706444783804,-1.0386377176205628,-1.104922736590606,-0.4892715168430983,False,0.7837319781871226,0.0338182477459938,0.6048842456479316,0,0,0,1000
1.2376717539562128,1.3072559042363794,-0.3385877169281732,23,1.1468220458944338,-0.8448736137097064,1,-1.105983752797117,3,-0.9994590305551176,-0.2067936485059296,-1.006228037988586,0.5063862750372251,-0.4839204223385048,-1.0522989943202667,1.4705852307223628,-0.0314369155401512,True,-0.6676403210604127,0.3384045513189025,1.9747766711268424,0,0,0,1000
1.239050775409089,-0.6393708873605433,0.9616276358820556,1,-0.9977881121852435,1.2910915199440256,1,0.7491310601744904,2,1.890643953049121,-0.2067936485059296,0.4438092103632444,0.6474896683826319,1.6560449524394316,0.5597316562447958,-1.0378522166084974,0.2182910488069108,True,-0.5178184255188112,1.8180954748653304,1.5444259489967005,0,0,0,1000
1.2404297968619649,-1.637104332515955,-0.2232307533910879,24,0.8289151283437993,0.0853047509459511,2,-1.387061754762512,3,1.2704463137422914,-0.2067936485059296,-1.402106809344522,0.5063132559257482,1.548276911982989,-0.8337185671250041,0.2901440790372521,1.508552197933398,True,-1.178876055953434,-0.2836026877596221,1.9750614679551373,0,0,0,1000
1.2418088183148408,0.721174719669564,0.3061905081347166,30,-0.5083123819882349,0.4642663069167745,1,0.4680530582090954,2,1.5302741201584202,-0.2067936485059296,0.4839197806507886,0.9105474923472776,0.2858512952075154,-0.0140419651427689,-1.628072792451053,0.7038732017039758,False,0.1777292725160719,0.4685554104367131,1.0982402330251904,0,0,0,1000
1.243187839767717,-0.6533252012788007,-0.0227912768512795,8,1.252791018411312,-0.7415204620813,2,0.8615622609606484,1,0.3385684026291145,-0.2067936485059296,0.8674208515556403,1.6907134964106945,1.548276911982989,1.6253112388217017,0.5047697429799994,-0.7806208085813373,True,0.8902121284069199,-0.0077164061974156,0.5914662318460991,0,0,0,1000
1.244566861220593,-1.0021830492352384,-0.4630188693575623,6,0.9399302424091002,1.428895722115234,1,-0.7686901504386429,1,-1.818232807264332,-0.2067936485059296,0.4642411863473299,0.4786826500287569,-0.991969755918878,-1.325524528314345,0.7998800309012772,-0.7528732569872193,True,0.9272600557048922,0.8418760986483573,2.0890662969157026,0,0,0,1000
1.2459458826734688,-0.2277186267719466,1.2599310375432091,15,-0.6849273361830319,1.635602025372047,1,-1.049768152404038,1,0.32484974849802,6.431744946342571,0.1500446986335068,-1.3080755287935977,-0.0066619574599723,0.1225708018542703,0.3572145990193606,-0.4892715168430983,True,-1.1098863389097025,0.4092882806707609,-0.7644819082965826,0,0,0,1000
1.2473249041263448,0.3234767729992249,-0.1834545727214664,6,0.7279922973753439,0.843227862887598,2,-0.8249057508317219,1,-1.512971918718622,-0.2067936485059296,0.993906514426133,0.3376918867584299,-0.0220573918108927,-0.9839926108217472,0.4511133269943127,0.911979838659861,True,1.1773610871475997,0.277561616888102,2.9612784407447497,0,0,0,1000
1.2487039255792207,-0.7649597126248608,-1.550673200415692,2,0.8894688269248725,-1.5683456751085512,0,0.8053466605675694,0,-0.9018081025139288,6.431744946342571,0.6726724791657612,-1.2425365778005852,-0.8995971498133557,0.1498933552536781,-0.3000764968053033,0.3709025825745598,True,2.223345679581453,1.3984096564860764,-0.8048053460531805,0,0,0,1000
1.2500829470320969,-0.304467353322363,-1.3898811807166127,41,-0.6697889115377637,-0.7070694115384979,0,-0.7124745500455638,0,-1.40697668519828,-0.2067936485059296,0.740543602622418,1.5029435998025225,-1.099737796375321,1.2427954912299917,1.3632723987509892,0.3154074793863238,True,2.13042478333903,1.9555304164641312,0.6653609181311275,0,0,0,1000
1.2514619684849728,-0.702165299992702,0.4797007958059721,41,0.7986382790532627,1.0843852166872128,1,-0.8811213512248008,1,-0.6931384774092352,-0.2067936485059296,-0.6598982590643916,-0.246220183456763,-0.9149925841642762,1.693617622320221,1.6449685826758451,-1.4326882710431104,False,-1.1395990548703638,-0.3324990792169499,-4.061407119844482,0,0,0,1000
1.252840989937849,-1.2882464845595176,-0.1650609273078658,18,0.8087305621501082,1.0499341661444108,1,0.3556218574229373,2,0.3928177842655264,-0.2067936485059296,-0.4264311008915892,-0.988621486577884,-1.7001597360612166,-0.697105800127965,-0.1659354568410861,-1.807280217563703,True,-0.2613701735837234,-0.0648388677338889,-1.0115095764431143,0,0,0,1000
1.2542200113907247,0.6444259931191477,1.4155343095397546,1,-0.1904054644376004,1.1877383683156193,0,-0.0378873453286157,0,1.559163501032625,-0.2067936485059296,0.636216730957457,-0.8103386333952823,-0.868806281111515,0.1772159086530859,0.9608492788583376,-0.3505337588725082,True,-0.7793175785822976,2.2070494298938037,-1.2340521384439718,0,0,0,1000
1.2555990328436009,1.3700503168685385,0.0607267537299294,14,-0.1096671996628361,0.8087768123447958,0,1.1426402629260437,0,0.5627146920237458,-0.2067936485059296,0.7187400938275131,-0.9790566359023796,1.3789271341228642,1.5979886854222938,1.1888890467975068,-1.030348772928399,False,0.6580133400975837,0.034171836522739,-1.0213914757009586,0,0,0,1000
1.2569780542964768,1.3560960029502809,-0.904285820160476,37,0.1880551516941073,0.5676194585451809,0,1.3112870641052805,2,0.7719110874194387,-0.2067936485059296,0.1591832707362453,-1.5339930685993373,-0.9611788872170371,1.6662950689208131,-1.0780945285977626,0.1766697214157337,True,1.0634690908967217,-0.6980282507780521,-0.6518934704851241,0,0,0,1000
1.2583570757493527,1.4537762003780834,0.8322594397842474,0,-0.0541596426301856,-1.258286220223332,1,0.8053466605675694,2,-1.5773404800409108,-0.2067936485059296,0.5859428179195075,0.1120070069531936,0.4859919417694806,0.696344423241835,1.2425454627831938,-1.0997176519136944,True,-0.2463166218647399,-1.3127565042678644,8.928004902562899,0,0,0,1000
1.259736097202229,-1.5882642338020538,1.2004624283623733,40,-0.7152041854735686,-0.5348141588244872,0,0.4118374578160163,0,0.4328703072542469,-0.2067936485059296,1.1910493622254148,0.9669796216367766,0.7015280226823664,-1.2435568681161218,-1.29272019254051,0.2460386004010288,True,-0.0094130661369584,0.5196445402123999,1.0341478498714851,0,0,0,1000
1.2611151186551048,-0.3253988241997492,-0.0616626260084318,35,0.2284242840814895,-0.6726183609956957,1,0.4118374578160163,2,-0.0258635578477847,-0.2067936485059296,-0.0127973704195573,0.1212916427076058,0.9786458409989336,0.6007154863439075,0.7730518229084338,0.3709025825745598,False,0.0488652555888744,0.0015948148948153,8.244584319401428,0,0,0,1000
1.262494140107981,1.4398218864598258,0.395825061560688,18,-0.1449901905017955,0.7398747112591916,1,1.5923650660706756,2,-0.4931829525124468,-0.2067936485059296,0.587712786398848,-0.941482589927755,1.5020906089302275,-1.1752504846176022,-1.574416376465366,-1.8905228723460572,False,0.19188772483816,-0.1952141725389211,-1.0621546451455888,0,0,0,1000
1.2638731615608567,-0.7649597126248608,0.5730808568228586,29,0.4807313615026281,0.6709726101735873,0,0.3556218574229373,2,0.4984746518105413,-0.2067936485059296,-0.9739171296505164,1.2959933999255515,-0.2683843414256192,0.4641027193468683,-1.5475881684725226,-0.7112519295960422,True,-1.5469979864733752,0.2856662805640611,0.7716088082675145,0,0,0,1000
1.2652521830137329,-0.2695815685267192,0.5663151060954119,26,1.272975584605003,0.6365215596307852,2,1.0302090621398854,2,-0.2020694574570239,-0.2067936485059296,0.5239020724535627,1.4933932223637187,1.5020906089302275,-0.4238802661338866,-0.5147021607480506,0.0656795150392618,True,-0.0424130336418492,-0.1144349862384168,0.669615957849079,0,0,0,1000
1.2666312044666088,1.0281696258712292,-1.486458709945918,4,-0.3872049848260885,1.4977978232008384,2,-1.105983752797117,3,0.3658165287182165,-0.2067936485059296,-1.2330665212614378,-1.7125602719135171,0.7939006287878887,-1.2708794215155297,-0.917125280640702,0.5096403405451498,False,0.2533921886844803,-0.5437711653553741,-0.5839210886719717,0,0,0,1000
1.2680102259194848,0.1141620642253623,-0.2919672890025655,25,0.3293471150499449,0.9810320650588064,1,-0.2065341465078527,1,0.5754059049627287,-0.2067936485059296,0.9623361617356728,1.4467777563040576,-0.4685249879875845,-0.6561219700288532,-0.5012880567516289,-1.4881833742313462,True,1.2543034507382385,-0.1679997021480357,0.6911911152376927,0,0,0,1000
1.269389247372361,1.1328269802581603,-1.2953469217812923,15,1.3738984155734586,1.2221894188584217,2,-1.274630553976354,3,1.491422182083449,-0.2067936485059296,-0.940676495938408,1.3811001669384346,-0.791829109356913,0.3274899523498291,0.1023466230873481,-0.6141354990166293,True,0.3546704258428843,-1.9319091326381337,0.7240603915143382,0,0,0,1000
1.2707682688252369,0.149047849021006,0.6035215294473527,4,-0.8464038657325607,1.2566404694012234,0,1.6485806664637546,2,1.0465326685577692,-0.2067936485059296,-0.1658684909381492,1.5591996561823798,0.9016686692443318,-0.2326223923380316,-0.6756714087051112,-0.9887274455372222,True,-0.769390020385502,0.6316049967446044,0.641354641081043,0,0,0,1000
1.272147290278113,-0.1998099989354317,-1.2736513625311008,10,0.4857775030510508,0.6365215596307852,0,-0.2627497469009318,0,0.110853606478371,-0.2067936485059296,1.0667671108549188,-0.8009070888472877,0.6861325883314459,0.0952482484548624,-0.8366406566621718,1.439183318948103,True,2.34041847338602,-0.1411888469326637,-1.2485844348034203,0,0,0,1000
1.2735263117309887,0.176956476857521,-1.1337925149103598,36,1.156914328991279,0.5676194585451809,1,0.2431906566367793,1,-0.9601914853903032,-0.2067936485059296,-0.708966807985482,-0.9042581868818568,0.7631097600860479,-0.8063960137255962,-0.5012880567516289,0.8842322870657428,True,0.4248257069248778,1.0886579190161858,-1.105878968081213,0,0,0,1000
1.274905333183865,-1.1487033453769424,1.0021223998285134,30,1.0004839409901731,0.3609131552883682,2,0.6929154597814113,2,0.4062277873044279,-0.2067936485059296,-0.5719260038234785,1.033503949760077,0.4552010730676398,1.1471665543320644,-1.0646804246013408,1.244950457789277,True,-1.5740484036519915,0.4070899650905402,0.9675820817849188,0,0,0,1000
1.2762843546367408,-0.4161018646684231,-1.5187891852638111,35,-0.8817268565715201,-1.3960904223945405,0,-1.218414953583275,3,-0.805897272154619,-0.2067936485059296,-1.4859613281157975,-0.2742009763891235,0.4705965074185602,1.365746981527327,0.5584261589656864,-1.807280217563703,True,0.0328278571480138,1.223988061382042,-3.646961356100415,0,0,0,1000
1.2776633760896168,-0.276558725485848,-0.1221455588820174,5,-0.0188366517912262,1.7389551770004534,0,-1.330846154369433,3,-0.8632335084751533,-0.2067936485059296,0.9391981925931572,0.7694032910036533,0.4859919417694806,-0.7107670768276688,-1.5610022724689443,-1.7795326659695851,True,1.0613437514751745,0.1054401393383823,1.2997083346559513,0,0,0,1000
1.279042397542493,0.5118600108957013,0.2171332484493136,3,1.4849135296387594,-1.0860309675093214,0,1.9858742688222288,2,-1.5343641390551084,-0.2067936485059296,0.4786466201360262,0.6564784189446361,-1.022760624620719,0.5324091028453879,0.6925671989299035,0.3015337035892648,True,0.2615133716867126,-0.33316146981717,1.5232790885642593,0,0,0,1000
1.2804214189953689,-0.6254165734422857,0.0989388268377522,22,1.227560310669198,0.4298152563739724,1,0.3556218574229373,1,-0.9406610984409725,-0.2067936485059296,1.138479550155871,-1.298493049062863,-1.099737796375321,1.2427954912299917,1.3632723987509892,0.3154074793863238,False,1.0395407233181189,-0.0930679055316612,-0.7701235503217105,0,0,0,1000
1.281800440448245,1.7049538509067184,0.1345122693403678,40,-0.8615422903778289,-0.9482267653381128,0,0.9177778613537274,0,0.5880462384367718,-0.2067936485059296,1.5197394751993485,-0.21691416438496,-0.3145706444783804,-0.1779772855392159,-0.876882968651437,0.8981060628628018,True,1.3852272058589807,0.0790994340091972,-4.610120615440074,0,0,0,1000
1.2831794619011208,0.0443904946340747,1.0346349593686173,14,1.6161132098977515,1.0499341661444108,0,0.4118374578160163,0,-1.5558203784823792,-0.2067936485059296,0.1886712110698462,-0.8006986960030577,1.486695174579307,1.365746981527327,1.3364441907581457,-1.0026012213342812,True,-0.8459637482987711,-1.6097061540759832,-1.2489093961096207,0,0,0,1000
1.284558483353997,0.7072204057513065,-0.3627695710430226,3,-1.6235096641896674,-0.1903036533964659,0,0.5242686586021743,1,-0.9994590305551176,-0.2067936485059296,0.9194876599498394,-0.8758124004124755,-0.1452208666182559,0.3684737824489408,-0.0720367288661341,1.605668628512811,True,1.282257230992862,0.3625733237895552,-1.1417971630782493,0,0,0,1000
1.285937504806873,-0.9324114796439508,-0.860495549764183,32,-0.7908963086999101,-1.22383516968053,0,-1.105983752797117,3,0.6505043648705744,-0.2067936485059296,-1.051998953286756,-1.5333103235838286,1.6098586493866702,-1.011315164221155,1.0815762148261332,0.3292812551833828,False,-0.191503403522573,-0.5597561110733056,-0.6521837424801651,0,0,0,1000
1.2873165262597488,1.5793650256424008,0.8681003281037651,38,-1.5528636825117483,-1.533894624565749,2,0.6929154597814113,2,-0.8440511312458903,-0.2067936485059296,0.4248730336169091,-1.6000493561884168,-1.1305286650771618,-1.1342666545184903,-0.7695701366800631,-0.2256697766989772,True,-0.443227294486856,-0.7327210639709115,-0.6249807598937086,0,0,0,1000
1.288695547712625,1.7049538509067184,-0.1544468075855317,16,0.2183320009846439,-0.5003631082816851,0,1.2550714637122016,2,-0.9018081025139288,-0.2067936485059296,0.764579636309747,-0.6785556780213904,-0.5147112910403457,-0.7244283535273728,-0.4610457447623638,-0.9748536697401632,True,0.9190264438952788,0.1392813824880422,-1.473718634685627,0,0,0,1000
1.290074569165501,-0.8207769682978908,1.639539188158421,22,-1.3409257374779922,1.2566404694012234,2,-1.162199353190196,3,0.3928177842655264,-0.2067936485059296,-1.5222610488631094,1.174182286996052,1.1787864875608989,0.4914252727462762,0.4511133269943127,-0.7944945843783963,False,-3.1618002370215303,0.6440401511088909,0.8516564471370853,0,0,0,1000
1.2914535906183768,-1.3231322693551613,-1.1115616807165272,18,0.990391657893328,-1.258286220223332,1,-1.162199353190196,3,-0.3706226321335793,-0.2067936485059296,0.6492475816814409,0.7694507371029141,-0.6686656345495497,0.0269418649563428,0.5718402629621081,1.369814439962808,False,1.760809262397968,0.4119699158859846,1.2996281916660648,0,0,0,1000
1.2928326120712528,-1.0300916770717534,-1.1212127125460016,8,-1.255141331154805,-1.3616393718517383,0,-0.2065341465078527,1,1.8729083741707675,-0.2067936485059296,0.8340897173450559,-1.336812956423572,0.5167828104713215,-0.0413645185421767,0.2230735590551435,-1.3216980646666383,False,1.9553024298910573,-2.099928678554128,-0.7480478626420002,0,0,0,1000
1.294211633524129,1.1607356080946756,1.825069493544348,2,-1.6689249381254725,-0.4314610071960808,2,-1.387061754762512,3,0.4195783825648011,-0.2067936485059296,-0.8307900140997149,0.9668492536851384,-0.9611788872170371,0.9285861271368016,-0.5281162647444724,1.078465148224569,True,-2.655859507644063,0.7657597061696984,1.0342872922120787,0,0,0,1000
1.295590654977005,0.923512271484298,0.72581495223852,5,0.2738395580172945,1.7045041264576513,2,-1.049768152404038,3,-0.3192396785201743,-0.2067936485059296,-0.8751735802579894,1.4282293784903204,-0.791829109356913,-1.380169635113161,1.457171126725941,0.8703585112686838,True,-1.6009885324965094,-0.2317089320177608,0.7001675956562867,0,0,0,1000
1.2969696764298808,1.6979766939475898,-1.085011506729331,24,1.6564823422851336,-0.1214015523108616,2,-0.8249057508317219,1,-1.5558203784823792,-0.2067936485059296,0.0401004133344486,-1.600030965383887,-0.8842017154624353,-0.164316008839512,0.8401223428905423,-1.8905228723460572,True,1.1251119200637798,1.6880830130573643,-0.6249879434420006,0,0,0,1000
1.298348697882757,-0.7230967708700883,1.0409664733077255,8,-0.7404348932156823,-0.7759715126241021,0,-0.9935525520109588,1,-0.9406610984409725,-0.2067936485059296,1.0925555758533307,-1.7311937480062036,0.5167828104713215,1.3520857048276231,-0.6086008887230027,1.2172029061951588,True,0.051589102545605,-0.9791966662218704,-0.577636130511274,0,0,0,1000
1.299727719335633,-0.8207769682978908,0.5254236894777442,9,0.3444855396952132,-0.6726183609956957,0,0.8053466605675694,0,-0.0729400943822046,-0.2067936485059296,1.179082782582777,0.9671329508887452,-1.1767149681299232,1.1608278310317683,-0.5549444727373157,1.189455354601041,True,0.6536590931050328,-0.0383244535011528,1.033983896094805,0,0,0,1000
1.3011067407885089,-0.1719013710989166,-0.192239737202094,25,1.717036040866207,1.3255425704868278,2,-1.443277355155591,3,0.8426679393432855,-0.2067936485059296,-1.523351541125994,0.7786435276560051,-1.330669311639127,-0.4785253729327021,0.9206069668690726,-0.5308928442342753,True,-1.3311118039238998,-0.1619942632079833,1.2842845744597648,0,0,0,1000
1.302485762241385,-0.2067871558945604,-0.9991768715365018,34,0.061901612983538,1.5322488737436406,2,0.2431906566367793,1,0.4461042836433006,-0.2067936485059296,0.0798586896010678,0.7035041414130425,1.255763659315501,1.3384244281279192,1.0279197988404465,1.355940664165749,True,1.0790355611375697,-0.4457370825097453,1.4214555380525111,0,0,0,1000
1.303864783694261,0.9304894284434266,2.139059817013992,32,0.682577023439539,0.8776789134304002,2,-1.387061754762512,3,-0.4226946174867851,-0.2067936485059296,-1.1011038093277352,1.4933278207452425,-0.6994565032513905,1.7209401757196288,1.577898062693737,0.9952224934422148,True,-3.2401636263417277,-0.904169071134082,0.6696452842728285,0,0,0,1000
1.3052438051471371,-0.8068226543796334,0.1455794591493076,1,1.1114990550554746,1.0154831156016086,2,-0.6562589496524849,1,-1.449180960650241,-0.2067936485059296,0.8097662929548357,-1.2047000547814268,1.5020906089302275,-1.1342666545184903,-0.689085512701533,-1.2800767372754611,True,0.664186833805528,-0.2109709804609362,-0.8300822092928806,0,0,0,1000
1.3066228266000128,-1.3440637402325477,-0.2520019427501117,31,1.4142675479608409,0.6365215596307852,0,1.0864246625329643,2,1.5495571485901265,-0.2067936485059296,0.742492739913962,-0.0761279852123628,-0.4993158566894253,1.2837793213291036,-1.1988214645655582,0.6899994259069169,True,0.9944946826640736,-0.3904914118470353,-13.135791138955804,0,0,0,1000
1.308001848052889,0.7421061905469503,0.9451530617087526,4,-0.8968652812167882,-0.3970099566532786,2,0.0745438554575422,1,1.952141824805067,-0.2067936485059296,0.9464660451682642,0.8736015630812145,-0.7456428063041518,-0.0550257952418806,1.5510698547008932,-0.9609798939431042,True,0.0013129834595115,1.8450728226042203,1.144686465537366,0,0,0,1000
1.309380869505765,1.1677127650538042,0.8869822343920873,6,-0.4729893911492756,-1.120482018052123,2,-0.8811213512248008,1,-0.1047360641534968,-0.2067936485059296,1.0416544182669802,-1.1860935663782282,1.1941819219118193,-0.5058479263321101,-1.0915086325941843,0.3154074793863238,True,0.1546721838748929,-0.0928990282043016,-0.8431038770102409,0,0,0,1000
1.3107598909586409,1.4816848282145982,0.1638326927636986,29,-0.2358207383734054,1.118836267230015,1,-0.3189653472940107,1,-1.199881602118864,-0.2067936485059296,0.0403254456801654,1.5780618747077406,1.2865545280173418,0.4641027193468683,-0.9573675926299672,0.1489221698216158,True,-0.1235072470835332,-0.1965798338727543,0.633688673846413,0,0,0,1000
1.312138912411517,1.2444614916042207,-1.5955322919752597,15,-0.3468358524387063,0.7054236607163894,1,-0.3751809476870898,1,0.73595977530185,-0.2067936485059296,0.3758591186822297,0.5064220772543279,0.4859919417694806,1.6116499621219975,0.5986684709549516,1.231076681992218,True,1.9713914106574888,-1.1742475870889575,1.974637061555452,0,0,0,1000
1.313517933864393,-1.239406385845616,0.8430875186065471,37,0.7986382790532627,-0.3970099566532786,2,0.5804842589952534,1,-0.5288762138917308,-0.2067936485059296,-0.7533249427262679,0.1768611453254545,-0.0682436948636539,1.1335052776323604,1.148646734808242,-0.0175631397430922,True,-1.596412461332815,-0.4458889348200047,5.654149942005844,0,0,0,1000
1.3148969553172691,1.063055410666873,-0.5277873261817382,24,1.1670066120881248,0.0164026498603468,0,-1.387061754762512,3,0.8074766543044608,-0.2067936485059296,-1.1498674719056583,-0.6690664581692486,-0.0220573918108927,0.9285861271368016,-1.5341740644761008,-1.6269211322019363,True,-0.6220801457239201,-0.4261759443295271,-1.4946200594157473,0,0,0,1000
1.3162759767701449,0.6793117779147915,-1.4208204190230451,23,1.010576224087019,0.4987173574595767,2,0.1307594558506213,0,-0.268553453715343,-0.2067936485059296,1.3152363413703068,1.24925692454851,0.1318969516983113,-1.339185805014049,-0.5951867847265809,1.4946784221363392,False,2.736056760393352,0.3815662306379196,0.8004757870874545,0,0,0,1000
1.317654998223021,-0.1091069584667578,1.1069373141034955,24,1.6060209268009058,-0.8104225631669043,1,-0.9935525520109588,1,-1.240772553225037,-0.2067936485059296,0.118665876482148,-1.7315720109443464,0.7477143257351275,1.0788601708335448,-0.6622573047086895,0.4680190131539728,True,-0.9882714376213474,-1.373457437480259,-0.5775099455468936,0,0,0,1000
1.319034019675897,-0.1509699002215304,-1.4398415303880534,26,-0.0592057841786084,0.4642663069167745,2,0.5804842589952534,1,-1.3233493238148013,-0.2067936485059296,1.1480203535146147,1.427497446234294,-0.1298254322673355,-0.5604930331309258,1.148646734808242,-0.2950386556842722,True,2.587861883902668,1.9054133156394992,0.7005265981983487,0,0,0,1000
1.320413041128773,-1.5603556059655388,0.8115313595701554,18,-0.528496948181926,-0.8448736137097064,1,0.2994062570298583,0,-0.4754482043131202,-0.2067936485059296,0.2746826143346243,0.3371633415655188,-1.253692139884525,-0.7790734603261885,1.6583826866722668,-1.0858438761166351,False,-0.536848745235531,-0.3858411276514155,2.9659206091763552,0,0,0,1000
1.321792062581649,0.5537229526504739,-0.4260721702386373,37,-0.5032662404398122,0.2231089531171596,2,-1.49949295554867,3,-0.0103374563904445,-0.2067936485059296,-0.958469343052606,-0.2552076281628243,0.6861325883314459,0.0132805882566389,-1.0378522166084974,1.439183318948103,False,-0.5323971728139688,0.0044045024790239,-3.918379709245851,0,0,0,1000
1.323171084034525,0.2746366742853237,2.1265556767266247,27,0.0316247636930014,-1.1549330685949255,0,0.7491310601744904,1,1.133471172798824,-0.2067936485059296,0.6977974262520836,1.165248926490295,0.8092960631388092,-1.188911761317306,-0.9707816966263888,-0.2672911040901542,True,-1.428758250474541,2.410389556921324,0.858185655826702,0,0,0,1000
1.3245501054874012,-1.44174393766035,-0.6290768384494773,1,0.2132858594362212,-1.6716988267369577,0,-1.443277355155591,3,-1.0191957916838013,-0.2067936485059296,-0.9334232424490942,-1.261349391442771,-0.991969755918878,-1.3528470817137532,-1.1988214645655582,0.6761256501098578,True,-0.304346403999617,0.6411524663934577,-0.7928018089709066,0,0,0,1000
1.3259291269402769,-0.3184216672406205,0.3078437592113172,42,1.4849135296387594,0.1197558014887532,2,1.5361494656775965,2,-0.7304391794012987,-0.2067936485059296,0.4458249115063684,1.5308174213688892,-0.376152381882062,-1.5031211254104964,-0.9707816966263888,1.369814439962808,False,0.1379811522950512,-0.2248611428621255,0.6532457239617815,0,0,0,1000
1.327308148393153,-0.018403917998084,1.1974500272645636,42,-0.4780355326976983,-0.4314610071960808,1,-0.9935525520109588,3,-1.6205716478482672,-0.2067936485059296,-1.2264498656767142,0.7695689170657515,1.0094367097007746,-1.1615892079178982,1.5913121666901584,-0.0730582429313282,True,-2.423899892941278,-1.9405535639000864,1.2994286124106795,0,0,0,1000
1.328687169846029,-0.757982555665732,-0.3557244632190041,38,-0.8968652812167882,0.2575600036599618,0,-0.1503185461147737,0,0.8774958557738228,-0.2067936485059296,1.0690079693587613,1.0327394799268057,-1.1613195337790023,0.518747826145684,-1.158579152576293,1.522425973730457,True,1.4247324325777655,-0.3121467422720438,0.9682983197669968,0,0,0,1000
1.330066191298905,-1.071954618826526,0.7318656194993604,12,-0.3266512862450152,1.5666999242864428,1,-0.0941029457216947,0,0.125634056650171,-0.2067936485059296,0.5100624972974276,-1.2050889822097703,-0.0066619574599723,0.9968925106353214,0.6120825749513732,-1.3910669436519334,False,-0.2218031222019327,0.0919472467004951,-0.8298143105978216,0,0,0,1000
1.331445212751781,-0.1649242141397879,1.2437256808829105,4,-1.250095189606382,1.0499341661444108,2,-1.049768152404038,3,0.4328703072542469,-0.2067936485059296,-1.485292791055172,-1.402417309035061,-0.791829109356913,-1.380169635113161,1.457171126725941,0.8703585112686838,True,-2.7290184719380823,0.538371917623783,-0.7130545700362979,0,0,0,1000
1.332824234204657,1.3491188459911518,-0.019405081942112,19,-0.8110808748936011,0.9810320650588064,2,-1.443277355155591,3,-1.4703801694062202,-0.2067936485059296,-1.4793125075418814,-1.1956096650985293,-1.253692139884525,-0.7790734603261885,1.6583826866722668,-1.0858438761166351,False,-1.4599074255997693,0.0285328476733843,-0.8363934424676427,0,0,0,1000
1.334203255657533,0.9304894284434266,0.0481358636315085,39,0.7935921375048398,0.1542068520315554,0,0.6929154597814113,2,0.5880462384367718,-0.2067936485059296,-0.8663038324154486,-0.2649761923654301,-1.022760624620719,-0.6287994166294454,-0.6622573047086895,0.6206305469216218,True,-0.9144396960469572,0.0283061135424139,-3.773925379731596,0,0,0,1000
1.3355822771104089,-0.7370510847883458,0.330887430539566,30,0.5816541924710835,-0.7070694115384979,0,-0.6000433492594058,1,0.4592810194835228,-0.2067936485059296,0.0008238595665225,0.4123124129067249,-0.2068026040219376,0.9559086805362094,0.5181838469764212,-1.8350277691578207,True,-0.3300635709730434,0.1519703164324952,2.425344777800193,0,0,0,1000
1.336961298563285,1.3700503168685385,-1.0942256021355363,34,0.1931012932425301,1.0154831156016086,1,0.7491310601744904,1,-0.2020694574570239,-0.2067936485059296,-0.2371476279999148,1.3712484632407942,-0.6224793314967885,0.3821350591486447,1.094990318822555,-1.5298047016225234,False,0.8570779741356217,0.2211095737591132,0.7292623867088041,0,0,0,1000
1.338340320016161,0.1560250059801348,-1.3493438189620532,39,0.6422078910521567,0.8087768123447958,1,-0.7124745500455638,0,-0.5288762138917308,-0.2067936485059296,1.4702360715595526,1.4275404306590829,-0.991969755918878,-1.4757985720110882,1.13523263081182,1.286571785180454,False,2.819579890521606,0.7136358502108597,0.7005055047637133,0,0,0,1000
1.339719341469037,0.2816138312444524,1.923349513702024,2,-0.9170498474104796,-1.017128866423717,1,1.1426402629260437,2,0.9233857416348982,-0.2067936485059296,0.7601009614548268,0.6571309116307995,1.2865545280173418,0.4641027193468683,-0.9573675926299672,0.1489221698216158,True,-1.1632485522471971,1.7759935171328642,1.5217665614628413,0,0,0,1000
1.341098362921913,0.6025630513643752,0.8905756818695258,38,-0.9624651213462844,1.3255425704868278,1,0.1869750562437003,0,-0.2020694574570239,-0.2067936485059296,0.5743867269136346,-0.28367528771925,-0.4993158566894253,1.2837793213291036,-1.1988214645655582,0.6899994259069169,True,-0.3161889549558913,-0.1799581448597942,-3.5251585027227983,0,0,0,1000
1.342477384374789,0.5676772665687314,0.8141330566464876,28,0.3343932565983676,0.0164026498603468,2,-1.274630553976354,3,0.0959938744403302,-0.2067936485059296,0.284366315708593,-1.205213256167008,0.5783645478750031,1.6253112388217017,0.0486902071016612,0.7454945290951528,True,-0.5297667409378946,0.0781517864174452,-0.8297287453950002,0,0,0,1000
1.343856405827665,-1.4556982515786077,0.0883714344532446,29,-0.1702208982439093,0.3609131552883682,0,1.2550714637122016,0,0.0959938744403302,-0.2067936485059296,1.152147980787006,-1.7034251566645733,0.5475736791731622,-1.1206053778187866,-0.0317944168768689,1.161707803006923,True,1.0637765463337614,0.0084831163830166,-0.5870525363517141,0,0,0,1000
1.345235427280541,-1.1138175605812983,-1.012330604026987,39,1.055991498022824,-0.5348141588244872,2,1.0302090621398854,0,-1.0988248781928884,-0.2067936485059296,1.9023263592865287,-0.0197701808902835,-0.1914071696710171,1.2974405980288075,-0.5951867847265809,1.61954240430987,True,2.914656963313516,1.1123740526608872,-50.58148247089237,0,0,0,1000
1.346614448733417,-0.1300384293441441,0.3450301991936556,1,-1.5124945501243665,-0.2592057544820701,2,0.4680530582090954,0,0.0810536478232512,-0.2067936485059296,1.1771550499920187,1.559736471796263,-1.0843423620244006,-0.4102189894341826,1.5510698547008932,-0.4199026378578032,True,0.8321248507983631,0.0279659562538287,0.641133905610968,0,0,0,1000
1.347993470186293,0.1839336338166498,-0.5948504976788033,29,-0.639512062247227,-0.7070694115384979,2,-0.6562589496524849,0,2.0555620144374465,-0.2067936485059296,-1.2674068577199675,-1.3358675167208724,0.5937599822259234,0.163554631953382,1.510827542711628,0.6206305469216218,True,-0.6725563600411645,-1.2227520872977584,-0.748577282058934,0,0,0,1000
1.349372491639169,1.488661985173727,0.0523289836486984,21,0.1527321608551479,-1.1893841191377277,0,-0.9935525520109588,3,1.8817854608487636,-0.2067936485059296,-1.0958977938569716,0.9863418741669606,-0.5608975940931069,-1.6533951691072395,1.2962018787688805,0.6622518743127987,True,-1.14822677750567,0.0984719206111134,1.0138471505732831,0,0,0,1000
1.350751513092045,-0.304467353322363,0.2033590918471977,39,0.3343932565983676,-0.4314610071960808,0,-1.049768152404038,3,0.8309784133015728,-0.2067936485059296,-0.943836681077974,-0.923138143283776,-1.022760624620719,0.5324091028453879,0.6925671989299035,0.3015337035892648,False,-1.1471957729251718,0.1689870154736332,-1.083261606728731,0,0,0,1000
1.352130534544921,-1.4836068794151225,-1.085815573635308,25,0.8188228452469537,-0.2936568050248722,2,1.4799338652845175,2,0.0810536478232512,-0.2067936485059296,-0.8675171836828407,-0.4807767220744519,1.6560449524394316,0.5597316562447958,-1.0378522166084974,0.2182910488069108,False,0.2182983899524674,-0.0880093131064377,-2.0799680227487065,0,0,0,1000
1.353509555997797,-0.1579470571806591,-0.0929747941068555,22,0.6422078910521567,-1.6372477761941553,2,-0.7124745500455638,0,0.7479871380105251,-0.2067936485059296,1.913774420749511,-0.6785352196116174,-1.7309506047630576,-1.6533951691072395,-1.3061342965369318,-0.8916110149578094,True,2.0067492148563666,-0.0695439501511046,-1.4737630685533032,0,0,0,1000
1.354888577450673,0.0025275528793022,0.83890409247609,30,1.101406771958629,1.670053075914849,1,-0.3751809476870898,0,1.462027771664948,-0.2067936485059296,0.4967283075728225,0.9952907961227048,0.8092960631388092,-0.669783246728557,0.9206069668690726,0.2876599277922058,True,-0.3421757849032674,1.2265010809634234,1.0047313844581922,0,0,0,1000
1.356267598903549,0.3304539299583537,-0.1902834517579363,28,-0.2257284552765598,-1.6027967256513531,0,0.8053466605675694,2,-0.8824859019390859,-0.2067936485059296,-1.1146178733773642,0.9670145532832506,-0.3299660788293008,-0.5195092030318139,0.0755184150945047,-0.7944945843783963,True,-0.9243344216194278,0.167922463548685,1.034110493160322,0,0,0,1000
1.3576466203564252,0.4490655982635425,-0.0203327194361757,37,0.7885459959564171,0.5676194585451809,2,-0.6000433492594058,1,-0.1856465098343156,-0.2067936485059296,0.194584743565371,0.6379109973983975,0.5937599822259234,1.4477146417255506,-0.8232265526657501,0.2599123761980878,True,0.2149174630015468,0.0037746983987663,1.5676165598596972,0,0,0,1000
1.359025641809301,0.2885909882035812,0.1309156738171049,40,-0.3468358524387063,0.912129963973202,2,0.2431906566367793,0,0.0810536478232512,-0.2067936485059296,1.8485433975543455,-1.3647556618909298,1.3789271341228642,0.5733929329444997,0.9608492788583376,0.5651354437333858,True,1.7176277237372408,0.0106111929201152,-0.7327319469681848,0,0,0,1000
1.3604046632621771,0.0095047098384309,1.938263464689309,27,0.6573463156974251,0.6020705090879831,2,-0.93733695161788,3,0.0660316830787908,-0.2067936485059296,0.3968899967663464,1.6252551820221597,0.4398056387167194,0.7646508067403546,-0.7829842406764849,1.300445560977513,True,-1.541373467922963,0.1279867988235635,0.6152879557208942,0,0,0,1000
1.361783684715053,1.035146782830358,0.5790964821951218,6,1.0408530733775556,-0.8448736137097064,2,-1.105983752797117,3,1.8461644354538784,-0.2067936485059296,-1.0135547862241363,1.5122448852202073,0.8092960631388092,-0.669783246728557,0.9206069668690726,0.2876599277922058,False,-1.5926512684192584,1.0691073301250842,0.6612685178482399,0,0,0,1000
1.363162706167929,0.923512271484298,1.0456961085364376,29,-1.3257873128327238,0.5676194585451809,0,-0.7686901504386429,0,-1.5989242880013397,-0.2067936485059296,1.44202533210336,-0.8566317706796909,-0.8380154124096743,0.2318610154519016,1.5510698547008932,-1.7101637869842905,True,0.3963292235669224,-1.671988905807395,-1.1673628634422937,0,0,0,1000
1.364541727620805,0.5467457956913451,-1.2941117642131896,40,-0.3115128615997469,0.326462104745566,1,0.4118374578160163,0,-0.564866129107652,-0.2067936485059296,-1.4942474201532951,1.3625039077401226,1.147995618859058,1.0515376174341369,0.3438004950229389,0.5512616679363268,True,-0.2001356559401055,0.7309999028837789,0.7339427952645957,0,0,0,1000
1.365920749073681,-1.504538350292509,-1.1977828633440872,37,-0.2963744369544787,1.118836267230015,0,-0.1503185461147737,1,-1.3859719465647844,-0.2067936485059296,0.0095672747174177,-0.1234186876158605,0.3012467295584358,-0.8337185671250041,1.6583826866722668,0.3709025825745598,True,1.207350138061505,1.6600934466709458,-8.102507242365247,0,0,0,1000
1.3672997705265573,-1.7068759021072426,-0.0213156116752899,24,1.4394982557029543,-0.1558526028536637,0,0.4680530582090954,0,-1.862844008126029,-0.2067936485059296,-0.9048869383365036,0.8361884638515593,0.5167828104713215,1.4477146417255506,-1.426861232504727,-1.2523291856813432,True,-0.8835713266612135,0.0397076594888551,1.195902507197552,0,0,0,1000
1.368678791979433,1.237484334645092,-0.0644200786112209,16,0.9601148086027914,1.1877383683156193,0,-0.0941029457216947,1,1.9608554183122704,-0.2067936485059296,0.7616183505495567,-0.8751182291574663,-0.8226199780587538,0.9422474038365056,0.5450120549692647,-1.3355718404636974,True,0.8260384291607776,-0.1263184601929149,-1.1427028725399229,0,0,0,1000
1.3700578134323091,1.6421594382745597,0.4361572020875795,26,-0.4225279756650479,-0.6037162599100915,2,0.9739934617468065,2,-0.3192396785201743,-0.2067936485059296,-0.5657151841505734,0.0454460060421616,0.347433032611197,1.6662950689208131,0.437699222997891,-0.6002617232195703,False,-1.001872386238153,-0.1392386849786976,22.00408543412434,0,0,0,1000
1.371436834885185,0.5188371678548301,0.7549955816006405,19,1.101406771958629,-0.2592057544820701,1,-0.7686901504386429,1,0.7719110874194387,3.1124756489183207,-0.3439761468058515,-0.2552589918299139,-0.2683843414256192,0.4641027193468683,-1.5475881684725226,-0.7112519295960422,True,-1.098971728406492,0.582789460390222,-3.917591245621829,0,0,0,1000
1.372815856338061,0.7490833475060791,-1.4512203685175102,22,-0.7959424502483329,-1.120482018052123,0,-0.9935525520109588,3,0.485465530333871,-0.2067936485059296,-1.3903123119609713,-0.7254772584783461,1.425113437175625,0.5460703795450919,1.1084044228189769,-0.3505337588725082,True,0.0609080565565389,-0.7045174658336688,-1.3784031493113476,0,0,0,1000
1.3741948777909372,1.5793650256424008,0.1288211713265935,34,1.5050980958324505,-0.9137757147953108,0,1.9296586684291497,2,0.0357374403789397,-0.2067936485059296,-0.2849719233967379,0.5442953818825461,0.917064103595252,0.0952482484548624,-0.6488432007122678,0.8981060628628018,True,-0.4137930947233315,0.0046037389298293,1.8372373706673368,0,0,0,1000
1.3755738992438131,-0.1021298015076291,-1.6518075250513344,4,-1.0633879523147398,-0.5692652093672893,0,-0.3189653472940107,1,0.3793476208697771,-0.2067936485059296,0.673436583014466,0.280966919273723,0.917064103595252,0.0952482484548624,-0.6488432007122678,0.8981060628628018,True,2.3252441080658004,-0.6266092547630184,3.559136593985013,0,0,0,1000
1.3769529206966893,-1.1417261884178136,-1.5089214524779833,31,0.3848546720825954,0.326462104745566,0,-1.218414953583275,3,-0.4754482043131202,-0.2067936485059296,-0.9389979263166418,0.6756076850103313,1.332740831070103,0.1089095251545663,0.2633158710444087,-0.6002617232195703,True,0.5699235261613415,0.7174139950302023,1.480148722656753,0,0,0,1000
1.378331942149565,0.6793117779147915,0.1080847098898547,1,0.4302699460184003,-0.0524994512252573,1,-0.6562589496524849,1,0.600636264246138,-0.2067936485059296,-0.0720259215836463,-0.5093935756723602,0.424410204365799,-0.0960096253409924,-1.29272019254051,-1.4465620468401692,False,-0.1801106314735011,0.0649195963703699,-1.9631189792528787,0,0,0,1000
1.3797109636024412,0.4420884413044137,0.4724215452323169,24,-1.5377252578664802,0.7054236607163894,2,-0.0378873453286157,1,-0.0887971527059343,-0.2067936485059296,0.4662493458281486,-1.2324922603513588,0.3628284669621174,-1.2982019749149374,-0.6488432007122678,0.4402714615598547,True,-0.0061721994041682,-0.0419496880935675,-0.8113641872698971,0,0,0,1000
1.381089985055317,-1.3440637402325477,-0.9475495076501756,16,1.5606056528651011,0.843227862887598,0,-0.0941029457216947,1,1.9434104844676097,-0.2067936485059296,-0.2974710703050711,-0.4806613714661575,-1.5000190894992516,0.0406031416560467,-1.6549010004438962,0.0518057392422027,True,0.6500784373451045,-1.841477647719473,-2.080467180036593,0,0,0,1000
1.382469006508193,1.0281696258712292,-1.0312441718510474,2,1.7119898993177842,-1.5683456751085512,2,-0.8811213512248008,0,-0.7304391794012987,-0.2067936485059296,1.263915984834629,1.0424390514070918,-0.3145706444783804,-0.1779772855392159,-0.876882968651437,0.8981060628628018,False,2.2951601566856765,0.7532611466492509,0.9592886056228728,0,0,0,1000
1.3838480279610692,0.5118600108957013,-1.6504538291160065,18,-0.0793903503722995,0.9810320650588064,1,-0.6000433492594058,1,0.8309784133015728,-0.2067936485059296,0.980303519138942,0.1962469032626117,-1.669368867359376,-1.0659602710199707,0.3438004950229389,0.4402714615598547,True,2.6307573482549484,-1.3714915041463245,5.095619211376341,0,0,0,1000
1.3852270494139451,-1.071954618826526,0.6337446906170285,13,-1.3056027466390328,0.7054236607163894,0,1.0302090621398854,0,-0.8440511312458903,-0.2067936485059296,0.8883353717708777,-1.4308733247093284,-1.5462053925520127,0.2865061222507173,-0.876882968651437,-1.8350277691578207,True,0.2545906811538492,-0.5349129230363797,-0.6988739342740464,0,0,0,1000
1.386606070866821,-1.1347490314586848,0.5533944892139534,23,-0.705111902376723,-0.7070694115384979,1,-1.162199353190196,3,-1.4280464114595173,3.1124756489183207,-1.1097238499864592,-1.4021676729072992,0.7939006287878887,-1.2708794215155297,-0.917125280640702,0.5096403405451498,True,-1.6631183392004123,-0.7902730144434587,-0.7131815193290828,0,0,0,1000
1.387985092319697,0.1978879477349073,-1.493564737445228,28,1.2628833015081578,-1.0860309675093214,1,1.3675026644983594,0,-1.885242359436149,4.772110297630446,0.9251170060411668,-1.1760407608653725,-0.2683843414256192,-1.4211534652122726,-0.5012880567516289,0.1350483940245568,True,2.418681743486395,2.815731509591874,-0.850310736079622,0,0,0,1000
1.3893641137725732,1.2514386485633493,0.059185168884281,11,-1.1794492079284635,-0.3970099566532786,2,-0.3189653472940107,0,-0.3534180473878296,-0.2067936485059296,1.9099788631711847,-0.0675671201143335,-1.2075058368317635,-0.8337185671250041,-1.4134471285083057,-1.5714260290137003,True,1.850793694286904,-0.0209171068214015,-14.800119915127963,0,0,0,1000
1.3907431352254491,0.8188549170973666,1.2854995377942302,31,-0.5991429298598449,-0.0869505017680595,1,0.1869750562437003,1,-0.7869262188093323,-0.2067936485059296,0.3355432846355321,-1.1104352112192697,-1.2998784429372865,0.5460703795450919,0.7864659269048555,-1.0164749971313405,True,-0.949956253158698,-1.011593290557558,-0.9005478932505921,0,0,0,1000
1.392122156678325,-1.1138175605812983,0.1512454720062422,29,-0.4073895510197796,-0.4314610071960808,0,-0.7686901504386429,1,-0.0258635578477847,-0.2067936485059296,-1.0822097119983098,0.7694429019672563,0.0395243455927888,1.4886984718246623,1.2962018787688805,-1.1968340824931072,True,-1.233455184004552,-0.0039117460144489,1.299641425606929,0,0,0,1000
1.3935011781312012,-1.4905840363742513,-0.2342307653973846,27,0.5362389185352786,0.2920110542027639,2,0.3556218574229373,2,-1.2202938111117605,-0.2067936485059296,0.4400053570320775,0.7976121734407167,0.5167828104713215,-0.1233321787404002,-0.8634688646550153,0.5790092195304448,True,0.6742361224294622,0.2858303533863991,1.2537419913139365,0,0,0,1000
1.3948801995840772,1.146781294176418,2.08949090826914,33,-1.6235096641896674,1.4633467726580365,1,-0.8811213512248008,1,0.125634056650171,-0.2067936485059296,-0.4896133905632254,-0.7254720350545744,0.7785051944369683,-0.7244283535273728,0.4913556389835778,1.161707803006923,True,-2.5791042988323656,0.2625112191395025,-1.3784130738631175,0,0,0,1000
1.396259221036953,-1.3440637402325477,-1.2808370142835552,38,-0.6647427699893408,0.4298152563739724,2,-0.9935525520109588,3,-0.0103374563904445,-0.2067936485059296,-1.4039861752565588,0.7697705629876095,1.6252540837375906,1.2427954912299917,-0.1256931448518209,-0.0036893639460332,False,-0.1231491609730035,0.0132405967784234,1.2990882194949231,0,0,0,1000
1.397638242489829,-0.360284608995393,-1.395052683855772,22,0.3798085305341726,0.1542068520315554,2,1.3112870641052805,2,-1.7297564003402095,-0.2067936485059296,-0.0296443730899029,0.8352453093967599,-0.3145706444783804,0.5733929329444997,1.0279197988404465,-1.2800767372754611,True,1.365408310765869,2.413101308711308,1.1972529136343666,0,0,0,1000
1.3990172639427052,1.007238154993843,1.5229772993702448,17,-0.377112701729243,-0.3970099566532786,0,-0.2627497469009318,0,-0.2518142449081098,-0.2067936485059296,1.8382962778387824,0.0452760271269203,-0.7764336750059926,-0.6287994166294454,0.0889325190909264,0.0379319634451437,True,0.3153189784685375,-0.3835073786531104,22.086694765140788,0,0,0,1000
1.4003962853955811,0.3095224590809674,0.4398174657234037,20,-0.0390212179849173,-0.6726183609956957,1,-1.387061754762512,3,-1.40697668519828,1.4528410002061956,-1.4362593925127909,1.3811562099226533,0.0395243455927888,-1.1615892079178982,-0.5147021607480506,1.147834027209864,False,-1.8760768582361944,-0.6188129200158227,0.7240310114182524,0,0,0,1000
1.401775306848457,0.121139221184491,2.1544839880590043,24,1.2225141691207757,1.3255425704868278,0,-0.9935525520109588,3,-1.685893511431728,-0.2067936485059296,-1.0945052695630744,0.7410927694456967,-1.222901271182684,0.5597316562447958,1.416928814736676,-1.3771931678548743,True,-3.2489892576220787,-3.632230575952228,1.349358550363538,0,0,0,1000
1.4031543283013332,0.7351290335878214,1.546515315283727,39,1.6817130500272477,-0.7415204620813,2,-1.105983752797117,3,-1.885242359436149,-0.2067936485059296,-1.5321494914614262,-1.129327790895304,1.22497279061366,1.2701180446293998,-1.4939317524868356,-1.071970100319576,True,-3.078664806745153,-2.915556181889633,-0.8854825823027717,0,0,0,1000
1.4045333497542092,1.656113752192817,0.6359431496107238,5,-1.3106488881874556,-0.7759715126241021,2,-1.105983752797117,3,-0.9994590305551176,-0.2067936485059296,-1.1114736709723885,-0.0857694461031875,0.4398056387167194,0.2728448455510134,1.3364441907581457,0.5790092195304448,True,-1.747416820583112,-0.6355991237981021,-11.659177147006783,0,0,0,1000
1.4059123712070851,0.804900603179109,0.983867187737706,18,1.101406771958629,-0.7070694115384979,0,-1.049768152404038,1,0.0660316830787908,-0.2067936485059296,0.986808537155462,-0.3206392813258571,-1.4846236551483312,-1.2572181448158255,0.0755184150945047,0.911979838659861,True,0.0029413494177559,0.0649664063323174,-3.1187704380511327,0,0,0,1000
1.407291392659961,-1.0859089327447835,1.7985422492872354,11,-0.442712541858739,-1.258286220223332,1,0.9177778613537274,0,0.2269731747650891,-0.2067936485059296,0.4628615213506432,-1.4955436638576185,-0.791829109356913,0.3274899523498291,0.1023466230873481,-0.6141354990166293,True,-1.3356807279365923,0.4082208442698681,-0.6686532068785688,0,0,0,1000
1.4086704141128372,-0.4998277481779681,0.4490336437674991,1,0.8087305621501082,-0.1558526028536637,1,0.2431906566367793,0,1.1227184347359322,-0.2067936485059296,-1.5180388096279065,-0.4152022953283226,1.147995618859058,1.0515376174341369,0.3438004950229389,0.5512616679363268,True,-1.9670724533954056,0.5041383496744188,-2.408465107486357,0,0,0,1000
1.4100494355657132,-0.9114800087665648,-0.8603296915316004,36,-1.1643107832831951,-1.017128866423717,0,0.3556218574229373,2,-1.0988248781928884,-0.2067936485059296,0.0461660634867403,-0.8100024843113,0.7169234570332866,-0.861041120524412,-0.3403188087945684,-1.3771931678548743,True,0.9064957550183408,0.9453516685029362,-1.2345642671783543,0,0,0,1000
1.411428457018589,-0.4579648064231956,0.43562249427786,11,1.293160150798694,1.2221894188584217,1,1.0864246625329643,0,-0.805897272154619,-0.2067936485059296,-1.1440376106395185,-0.7908138018002003,-1.1459240994280822,0.0132805882566389,-0.0183803128804472,-0.3644075346695672,True,-1.5796601049173784,-0.3510669798277185,-1.2645203259928477,0,0,0,1000
1.4128074784714653,-0.7789140265431183,0.5308022378700682,13,-0.2913282954060558,-0.4314610071960808,2,-0.4876121484732478,1,-0.7117529458539462,-0.2067936485059296,1.0867581666490125,0.0084721096946537,0.2396649921547541,-0.2736062224371434,-1.051266320604919,-0.2811648798872132,True,0.5559559287789443,-0.3778000564698881,118.03296141631546,0,0,0,1000
1.4141864999243412,-0.1649242141397879,1.1959211300423591,17,-0.46289710805243,-0.7415204620813,1,0.6366998593883324,1,1.280775265620233,3.1124756489183207,1.1171812875677931,1.0044309171527632,-0.3915478162329824,-0.9976538875214512,0.3035581830336738,-0.4892715168430983,True,-0.0787398424745657,1.5317062029908517,0.9955885301458296,0,0,0,1000
1.4155655213772171,-0.4021475507501655,0.6591918774533563,15,0.5867003340195063,-0.6037162599100915,1,1.1988558633191224,0,-0.805897272154619,-0.2067936485059296,1.7505319667852288,-1.13921355566879,-0.1760117353200967,1.0242150640347292,1.2962018787688805,-1.8766490965489984,True,1.0913400893318723,-0.5312409358661417,-0.8777986206394808,0,0,0,1000
1.416944542830093,0.8467635449338816,1.0121164305153467,14,0.1577783024035707,-1.6716988267369577,2,-1.049768152404038,3,0.4461042836433006,-0.2067936485059296,-1.4329454144535865,0.70386978107707,0.3320375982602765,-0.7517509069267806,0.0621043110980829,-0.3505337588725082,False,-2.445061844968933,0.4515094751986632,1.4207171337830058,0,0,0,1000
1.4183235642829692,-0.5695993177692557,-0.7088593743084197,28,-0.3165590031481697,1.670053075914849,0,-0.4876121484732478,0,-1.3859719465647844,-0.2067936485059296,0.6487223383080285,0.7882467922604983,1.548276911982989,-1.3118632516146411,-0.2330059768231946,0.8426109596745658,True,1.3575817126164482,0.9824592068509356,1.2686380495992136,0,0,0,1000
1.4197025857358454,-0.6951881430335732,-0.992664414326522,19,0.5967926171163519,-1.6027967256513531,0,-0.8249057508317219,1,0.711772004452503,-0.2067936485059296,1.094787459125497,-1.4020481870885186,0.3166421639093562,1.6253112388217017,-1.628072792451053,0.7177469775010348,True,2.087451873452019,-0.7065507399338584,-0.7132422983270079,0,0,0,1000
1.4210816071887211,1.404936101664182,-0.6577167849767757,36,-0.9422805551525932,-0.5692652093672893,0,0.6366998593883324,0,-0.8249389814020169,-0.2067936485059296,0.9743901942992004,0.7319383928215942,-0.8226199780587538,-1.1615892079178982,0.4511133269943127,0.8148634080804479,False,1.632106979275976,0.5425762146497507,1.3662350181161251,0,0,0,1000
1.4224606286415973,0.0164818667975597,0.3064449965314902,1,-0.5184046650850805,-1.258286220223332,1,-0.93733695161788,1,-1.818232807264332,-0.2067936485059296,0.1450464943777139,0.3746593626475517,-1.6539734330084557,-1.1479279312181945,0.5181838469764212,0.3292812551833828,False,-0.1613985021537763,-0.5571883463155599,2.669090466669239,0,0,0,1000
1.4238396500944732,-0.6951881430335732,0.5390353344465619,7,-0.6445582037956498,-0.224754703939268,2,1.0302090621398854,0,0.1695114023874439,4.772110297630446,1.2123655644788034,1.1933793487494522,-1.5000190894992516,1.6662950689208131,-0.1793495608375078,0.2737861519951468,True,0.6733302300322415,0.0913726354784216,0.8379564446563116,0,0,0,1000
1.4252186715473492,0.7490833475060791,0.2010104866742826,23,1.5101442373808731,-1.017128866423717,0,0.9739934617468065,0,-0.1207564839209342,-0.2067936485059296,1.5199806664587912,-0.8760889154083963,-0.8380154124096743,1.0925214475332483,-0.6354290967158461,-0.2811648798872132,True,1.3189701797845086,-0.0242733196020221,-1.1414367840477924,0,0,0,1000
1.426597693000225,-1.38592668198732,0.5322136325931639,27,0.4403622291152459,0.1542068520315554,1,0.8053466605675694,1,1.1441920014114473,-0.2067936485059296,0.7052197197385065,0.3466655111557616,-0.2068026040219376,-1.6943789992063512,-1.158579152576293,-0.0591844671342692,True,0.1730060871453426,0.6089545814552288,2.884624167554613,0,0,0,1000
1.4279767144531013,-1.3580180541508051,-1.1435999180962877,33,0.3747623889857499,-0.1214015523108616,2,-0.9935525520109588,3,-0.3706226321335793,-0.2067936485059296,-0.3914536524909542,0.5917099229579675,-0.1914071696710171,1.2974405980288075,-0.5951867847265809,1.61954240430987,True,0.7521462656053335,0.4238440117525919,1.6900170036008255,0,0,0,1000
1.4293557359059772,0.9514208993208128,1.8081841909153007,36,1.4495905387998,0.3609131552883682,0,-1.105983752797117,3,-1.2819289279963564,-0.2067936485059296,-0.8117998401147289,0.5722820511666499,0.1165015173473909,-0.8337185671250041,0.2364876630515652,-1.6130473564048773,True,-2.61998403103003,-2.317963621480011,1.7473898110598207,0,0,0,1000
1.4307347573588531,0.4979056969774438,-0.4311417048068531,10,-1.1138493677989674,-0.8104225631669043,2,0.0745438554575422,1,-0.5468342158350353,-0.2067936485059296,-1.160391066406104,0.1489960294653741,-0.9457834528661168,0.9285861271368016,-0.1927636648339295,0.8703585112686838,True,-0.7292493615992508,0.2357630360618358,6.711583741055463,0,0,0,1000
1.4321137788117293,-0.757982555665732,0.0015955666652925,6,-0.927142130507325,0.4987173574595767,2,0.2994062570298583,0,1.197326685405432,-0.2067936485059296,1.5935697964075488,1.230301554965885,-0.8380154124096743,-0.0140419651427689,0.1157607270837698,-1.5436784774195824,False,1.5919742297422563,0.001910414546698,0.8128087904000495,0,0,0,1000
1.4334928002646052,-0.7719368695839897,-1.0631113385689477,38,1.227560310669198,0.8087768123447958,1,-0.2065341465078527,1,-1.685893511431728,1.4528410002061956,0.8271139300344862,-1.4682135136488352,-0.7764336750059926,0.8602797436382821,0.5986684709549516,-1.3216980646666383,True,1.8902252686034335,1.7922925076228875,-0.681099893723746,0,0,0,1000
1.4348718217174812,1.090964038503388,0.4374548028124823,19,-1.6689249381254725,0.2920110542027639,0,0.8615622609606484,2,-1.6205716478482672,-0.2067936485059296,-0.0825212700395111,-0.7444817064801604,1.301949962368262,-0.7517509069267806,1.13523263081182,-0.3089124314813312,True,-0.5199760728519935,-0.7089268506529633,-1.343216529858819,0,0,0,1000
1.4362508431703571,-0.2067871558945604,-0.6499701546135039,6,-0.906957564313634,1.0154831156016086,1,-1.330846154369433,3,0.9347629233820862,-0.2067936485059296,-1.088676305375787,1.6441035802387909,-1.4692282207974106,-0.7654121836264846,-0.1525213528446644,-0.3505337588725082,True,-0.4387061507622831,-0.6075680018376255,0.6082341472861124,0,0,0,1000
1.4376298646232333,0.6165173652826327,1.349442101111155,5,0.3394393981467904,0.5331684080023787,0,0.9177778613537274,2,0.6751506888007894,-0.2067936485059296,-0.8296121665943333,-1.054718364522524,1.4097180028247052,-1.1342666545184903,1.4437570227295191,-1.3078242888695797,True,-2.1790542677054883,0.9110767640619808,-0.948120492113318,0,0,0,1000
1.4390088860761092,1.3560960029502809,-1.356681376372765,35,-1.0482495276694714,1.1877383683156193,0,-1.049768152404038,3,-1.302606210010628,-0.2067936485059296,-1.1448030894669332,0.1303613563380733,1.3789271341228642,-0.3965577127344787,-0.407389328776677,-0.3089124314813312,True,0.2118782869058317,1.7672215858689295,7.670979046188671,0,0,0,1000
1.4403879075289852,-1.469652565496865,0.412405772395143,40,-1.6790172212223178,-0.1903036533964659,2,1.2550714637122016,0,0.7238882179995157,-0.2067936485059296,-1.171776060496717,-0.0767125733894924,0.7939006287878887,0.2045384620524938,0.6254966789477949,0.3986501341686778,True,-1.58418183289186,0.2985356796718339,-13.035689710103556,0,0,0,1000
1.441766928981861,0.9444437423616842,0.3843668912759696,29,1.4849135296387594,-0.1214015523108616,1,0.8615622609606484,2,-0.6011506974392071,-0.2067936485059296,0.7198377366267157,0.7985483633304871,1.5790677806848294,-1.3118632516146411,-1.6414868964474745,-0.4337764136548623,True,0.335470845350746,-0.231062424763089,1.2522721486800237,0,0,0,1000
1.4431459504347373,-0.8556627530935347,-0.6884022068316048,31,0.7229461558269211,0.4642663069167745,0,0.4118374578160163,1,0.73595977530185,-0.2067936485059296,1.116907026290461,-0.7439539230365493,0.5167828104713215,-0.1916385622389199,-0.4744598487587855,-0.0591844671342692,False,1.805309233122066,-0.5066363334570855,-1.3441694484724376,0,0,0,1000
1.4445249718876132,-0.6533252012788007,0.6887019534273923,39,-0.2105900306312915,0.0853047509459511,2,-0.4876121484732478,0,-0.5109923747150832,-0.2067936485059296,0.3609758000670862,1.2959854559685653,1.147995618859058,-0.0550257952418806,0.7328095109191686,-1.7240375627813491,True,-0.3277261533603061,-0.3519214466527798,0.7716135379708317,0,0,0,1000
1.4459039933404894,1.6840223800293324,1.9146171192351744,15,-1.5730482487054396,0.2920110542027639,2,-1.105983752797117,3,-0.6561257527358736,-0.2067936485059296,-0.976072494801772,-1.0543654569539402,0.4859919417694806,1.6116499621219975,0.5986684709549516,1.231076681992218,False,-2.8906896140369462,-1.2562295985591687,-0.9484378383684744,0,0,0,1000
1.4472830147933653,-0.3253988241997492,-1.596559898797646,14,-1.2955104635421872,-0.7070694115384979,1,-0.2627497469009318,1,-1.40697668519828,-0.2067936485059296,0.2699061029627977,1.4284045808293335,0.917064103595252,0.0952482484548624,-0.6488432007122678,0.8981060628628018,True,1.866466001760444,2.246322554130813,0.7000817159317895,0,0,0,1000
1.4486620362462412,1.6491365952336885,-0.0124950399575971,41,-1.4166178607043336,1.428895722115234,0,0.1869750562437003,0,1.176165671975607,-0.2067936485059296,1.0614172403777855,1.1745876464450111,-1.638577998657535,-0.3145900525362552,0.7730518229084338,-0.6973781537989833,True,1.0739122803353829,-0.0146962370680892,0.8513625338137438,0,0,0,1000
1.4500410576991172,0.8816493297295254,1.0548931627271518,41,0.7078077311816527,0.2920110542027639,0,0.1307594558506213,1,-1.3859719465647844,-0.2067936485059296,0.0888163976231883,1.2586907543444046,1.486695174579307,-0.4102189894341826,0.9608492788583376,0.0934270666333798,True,-0.9660767651039636,-1.4620523301628323,0.794476258048967,0,0,0,1000
1.4514200791519931,0.0304361807158172,1.1929535988378346,5,0.0316247636930014,0.6365215596307852,2,-0.6562589496524849,1,0.3522237231242945,-0.2067936485059296,0.9348985438969788,-1.6659094389220674,-0.4839204223385048,-1.0522989943202667,1.4705852307223628,-0.0314369155401512,True,-0.2580550549408558,0.4201865580971882,-0.6002727619301622,0,0,0,1000
1.4527991006048693,0.5607001096096026,-0.3946163748211829,0,0.9046072515701408,-0.8448736137097064,2,-1.387061754762512,3,1.8550979737486308,-0.2067936485059296,-0.949408721160084,1.1076994197989405,1.0864138814553763,0.7783120834400585,1.1084044228189769,-0.8916110149578094,True,-0.554792346338901,-0.7320520373388067,0.9027718998934936,0,0,0,1000
1.4541781220577452,-0.0532897027937278,-0.2009485385682908,36,-0.0844364919207222,-0.9482267653381128,2,1.5923650660706756,2,-0.2518142449081098,6.431744946342571,0.6677109092630684,-1.0637841605851628,1.6868358211412722,-1.3118632516146411,-0.7561560326836414,0.2737861519951468,False,0.8686594478313593,0.0506017045049623,-0.9400404058037148,0,0,0,1000
1.4555571435106214,-1.27429217064126,-1.099335968711497,1,0.0921784622740747,1.35999362102963,2,-0.9935525520109588,3,-0.4754482043131202,-0.2067936485059296,-1.128806329277142,1.0324791793088433,-1.4692282207974106,-0.4921866496324061,-0.7963983446729067,-1.0997176519136944,True,-0.029470360565645,0.5226773122607058,0.9685424395823368,0,0,0,1000
1.456936164963497,-0.5765764747283845,0.3850040487954164,30,0.4958697861478964,1.2910915199440256,2,1.817227467642992,2,-0.1368580718294795,-0.2067936485059296,-0.6931085514600835,0.9107309651072626,-1.330669311639127,-0.4785253729327021,0.9206069668690726,-0.5308928442342753,True,-1.0781126002555,-0.0526909117646835,1.0980189853106896,0,0,0,1000
1.4583151864163733,0.2606823603670661,1.642069323449998,12,0.0215324805961559,-1.1893841191377277,2,-0.7686901504386429,1,-0.8824859019390859,-0.2067936485059296,-0.6875293733401828,0.5347439162304568,1.1787864875608989,0.3274899523498291,0.2901440790372521,1.564047301121634,True,-2.329598696790181,-1.4491030279512762,1.8700536511829493,0,0,0,1000
1.4596942078692492,-1.6929215881889852,-0.2887969112879799,16,0.2435627087267578,1.670053075914849,1,1.0864246625329643,2,-1.7077935573996443,-0.2067936485059296,0.6618094504883555,-1.2521398424050787,1.3481362654210234,-0.4512028195332943,0.7193954069227468,0.2182910488069108,True,0.9506063617763354,0.4932055044945287,-0.7986329050455863,0,0,0,1000
1.4610732293221254,-0.4021475507501655,-1.1100309564489474,26,-0.0692980672754539,1.35999362102963,1,-0.7686901504386429,0,-0.5468342158350353,-0.2067936485059296,1.7411597536956656,1.654138321411102,1.5790677806848294,-0.669783246728557,0.1023466230873481,0.8981060628628018,True,2.851190710144613,0.6070029076223744,0.6045443277636501,0,0,0,1000
1.4624522507750013,1.3351645320728944,1.0609511464265229,12,-0.3367435693418608,-0.3625589061104765,0,-0.3189653472940107,0,0.8659262724603146,-0.2067936485059296,0.9070526187612964,0.7130116432483857,-0.5762930284440273,-1.7490241060051668,0.5047697429799994,0.4402714615598547,True,-0.1538985276652263,0.9187054714876164,1.4025014447085182,0,0,0,1000
1.4638312722278772,-1.0649774618673973,1.0846048535435278,36,0.505962069244742,-0.9137757147953108,1,-1.218414953583275,3,0.0051049946661323,-0.2067936485059296,-1.3065151782632785,-0.5084576034252469,-0.991969755918878,-1.3528470817137532,-1.1988214645655582,0.6761256501098578,True,-2.391120031806806,0.0055369019922009,-1.9667327028580648,0,0,0,1000
1.4652102936807534,-0.1649242141397879,-1.1038253809269731,33,1.495005812735605,1.3255425704868278,0,0.0183282550644632,1,0.979901010801098,-0.2067936485059296,0.8442979376842541,0.3748903903281261,0.6399462852786847,0.163554631953382,-1.2524778805512449,-1.3078242888695797,True,1.9481233186112272,-1.081639606518248,2.6674456295883666,0,0,0,1000
1.4665893151336291,-1.44174393766035,-0.4692397895168566,15,0.6775308818911162,-1.017128866423717,1,1.4799338652845175,2,1.719041342019685,-0.2067936485059296,0.0775618888268152,-1.581027932059344,-0.8534108467605945,-1.7353628293054628,-1.332962504529775,-0.1701746735107412,True,0.5468016783436719,-0.8066425975000918,-0.6324999343607158,0,0,0,1000
1.4679683365865053,1.4537762003780834,-1.1925191204032597,42,0.9601148086027914,-0.9826778158809149,1,-0.1503185461147737,0,0.9005177508105646,-0.2067936485059296,0.4827191595389438,-0.0200165523781877,-1.4230419177446496,0.846618466938578,-1.5475881684725226,1.2033291303981,False,1.6752382799422034,-1.0738846361041363,-49.95890286181361,0,0,0,1000
1.4693473580393812,0.8816493297295254,-0.5550703471669053,0,1.4849135296387594,-0.6381673104528937,1,0.9177778613537274,0,1.3522922991925097,-0.2067936485059296,0.6410621155659301,1.0515736225493928,1.22497279061366,1.215472937830584,1.6315544786794234,0.7177469775010348,False,1.1961324627328354,-0.7506173559839189,0.9509556758185632,0,0,0,1000
1.4707263794922574,0.4979056969774438,1.5409754305575831,6,-1.456986993091716,-0.4314610071960808,0,-1.443277355155591,3,0.8659262724603146,-0.2067936485059296,-0.800220410152078,0.5069196083685937,0.3936193356639582,-1.4348147419119766,1.148646734808242,-0.4753977410460392,True,-2.3411958407096614,1.3343711105356566,1.972698996490536,0,0,0,1000
1.472105400945133,0.5397686387322164,-0.1017306750821482,5,-0.2610514461155192,1.7389551770004534,0,1.0864246625329643,2,-0.0103374563904445,-0.2067936485059296,-0.6816504208220904,-0.847686657470447,0.3628284669621174,0.0952482484548624,1.6583826866722668,0.4402714615598547,True,-0.5799197457399421,0.0010516364172321,-1.1796813234647323,0,0,0,1000
1.4734844223980093,0.6025630513643752,1.0977163826295642,16,-0.0692980672754539,1.5322488737436406,1,0.1869750562437003,1,0.6996106650189345,-0.2067936485059296,0.4306695722057512,-0.066886986810711,0.7169234570332866,-0.861041120524412,-0.3403188087945684,-1.3771931678548743,False,-0.667046810423813,0.7679740884536486,-14.950613605772778,0,0,0,1000
1.4748634438508854,-1.7068759021072426,-1.45013050305431,35,-0.2963744369544787,1.3255425704868278,0,1.817227467642992,2,-0.3879037737670492,-0.2067936485059296,-0.1668360292793297,-1.7314760305325392,1.6560449524394316,-1.4348147419119766,0.4242851190014692,-0.6835043780019243,True,1.2832944737749803,0.5625110945894763,-0.5775419584911217,0,0,0,1000
1.4762424653037614,-0.7161196139109596,-1.296677567184427,26,1.5353749451229872,-1.5683456751085512,1,-0.2627497469009318,0,0.3385684026291145,-0.2067936485059296,1.4163814329685074,0.4026279675911112,1.5790677806848294,-1.325524528314345,-1.2390637765548231,1.411435767353985,False,2.7130590001529344,-0.4390140526466378,2.4836817909464517,0,0,0,1000
1.4776214867566373,-1.699898745148114,0.2961821865633664,14,1.3537138493797674,-1.3271883213089362,1,0.3556218574229373,2,0.8426679393432855,-0.2067936485059296,-0.7179663533054329,1.5029318470990358,1.5020906089302275,-1.1342666545184903,-0.689085512701533,-1.2800767372754611,True,-1.0141485398687993,0.2495832328215405,0.6653661211541901,0,0,0,1000
1.4790005082095132,0.9374665854025552,1.329221611502493,0,1.055991498022824,0.912129963973202,0,1.2550714637122016,2,0.5243298950584547,-0.2067936485059296,0.384982372912975,1.5030812587831757,0.6553417196296051,0.8056346368394663,0.7462236149155903,1.383688215759867,True,-0.944239238589518,0.6969506280685323,0.6652999813726339,0,0,0,1000
1.4803795296623894,-0.4300561785866805,0.566246567805534,5,-1.038157244572626,0.2920110542027639,1,0.6929154597814113,1,-0.6745960027047526,-0.2067936485059296,-0.3521627415941826,-1.336594225553127,1.3481362654210234,-0.4512028195332943,0.7193954069227468,0.2182910488069108,True,-0.9184093093997164,-0.3819876711868988,-0.7481702791310466,0,0,0,1000
1.481758551115265,1.1398041372172891,-0.9930981477646564,11,-0.7656656009577962,-0.2592057544820701,1,1.3675026644983594,0,1.91710895314072,1.4528410002061956,1.5627894976675245,-1.647104895700854,-1.4076464833937292,0.9285861271368016,1.0145056948440243,0.6483780985157398,True,2.555887645432181,-1.903877350427088,-0.6071259112414237,0,0,0,1000
1.4831375725681413,0.4490655982635425,-0.941062032156227,14,-0.331697427793438,1.6011509748292447,0,1.817227467642992,2,1.7921592216250852,-0.2067936485059296,-0.99766821331738,0.3743093932548396,-1.669368867359376,-1.0659602710199707,0.3438004950229389,0.4402714615598547,True,-0.0566061811611531,-1.6865329990500246,2.671585995066318,0,0,0,1000
1.4845165940210174,0.3234767729992249,0.7866237918675192,23,1.717036040866207,0.3609131552883682,1,-0.7124745500455638,0,-0.6011506974392071,-0.2067936485059296,0.6937783418730474,-0.8759988113483326,0.6861325883314459,0.0132805882566389,-1.0378522166084974,1.439183318948103,True,-0.0928454499944717,-0.4728794411034329,-1.1415541907142823,0,0,0,1000
1.4858956154738934,0.3723168717131262,-0.8457722240129344,13,0.8036844206016854,1.7389551770004534,1,-0.6562589496524849,0,0.7599707599737691,-0.2067936485059296,1.0041382188889345,-1.534113751452732,1.3943225684737848,-0.1096709020406963,-0.6220149927194244,-0.4337764136548623,True,1.849910442901869,-0.6427621598478146,-0.6518421885191154,0,0,0,1000
1.487274636926769,-1.6161728616385689,1.8809889556606725,29,-0.9170498474104796,-0.0869505017680595,0,-0.6000433492594058,1,-1.3441580977555516,-0.2067936485059296,-0.5661371591683936,-1.1388150519635314,-1.1151332307262414,-0.6287994166294454,-0.9573675926299672,0.3709025825745598,True,-2.447126114829066,-2.528346536540051,-0.8781057873149731,0,0,0,1000
1.4886536583796453,-1.3998809959055774,-1.510732053990719,21,-1.214772198767423,-0.7759715126241021,1,0.0183282550644632,1,-0.6194028630245529,-0.2067936485059296,0.627836486509098,1.6252858696368189,0.7785051944369683,-0.7244283535273728,0.4913556389835778,1.161707803006923,True,2.1385685404998167,0.9357517595048148,0.6152763382455437,0,0,0,1000
1.4900326798325214,1.6212279673971737,-1.0460342808514005,21,0.6623924572458478,-1.22383516968053,1,-1.218414953583275,3,0.2127161215072761,-0.2067936485059296,-1.2502513459488265,1.6346389540069075,-1.638577998657535,-1.3665083584134572,0.2901440790372521,1.231076681992218,False,-0.2042170650974262,-0.2225083551863627,0.6117558475975174,0,0,0,1000
1.4914117012853974,-1.2882464845595176,1.227162793046732,21,-0.1197594827596816,-1.0860309675093214,1,-0.8811213512248008,0,-1.2202938111117605,-0.2067936485059296,1.1647281105939318,-0.1235774579342582,-1.5616008269029331,-0.7790734603261885,0.2901440790372521,0.6622518743127987,True,-0.0624346824528003,-1.4974991615815494,-8.092097263739763,0,0,0,1000
1.4927907227382733,-1.1696348162543284,-1.6088081357018094,3,-0.528496948181926,-0.5692652093672893,1,-0.9935525520109588,3,0.32484974849802,-0.2067936485059296,-1.0205191380696628,0.3744385641718636,0.5167828104713215,1.4477146417255506,-1.426861232504727,-1.2523291856813432,True,0.5882889976321466,-0.5226209182643012,2.67066437225887,0,0,0,1000
1.4941697441911497,-0.1509699002215304,0.3618566393964965,24,-0.7101580439251458,-0.1903036533964659,2,1.1988558633191224,2,-0.2185719381821825,-0.2067936485059296,-0.0602862541413185,0.5062172755139409,1.1941819219118193,-0.5058479263321101,-1.0915086325941843,0.3154074793863238,True,-0.422142893537815,-0.0790917070169833,1.9754359458419275,0,0,0,1000
1.4955487656440254,-0.3114445102814917,0.5483954114218292,41,0.6169771833100429,-0.8104225631669043,1,-1.49949295554867,3,0.7956636066243687,-0.2067936485059296,-1.1143227794217143,1.033568698450582,-1.0073651902697986,-0.5331704797315179,0.5450120549692647,0.7316207532980938,True,-1.6627181908435436,0.4363382709081472,0.9675214668816386,0,0,0,1000
1.496927787096901,-0.7300739278292171,-0.7569667280986717,34,-1.5175406916727892,-1.0860309675093214,1,1.3675026644983594,0,0.6381100577755286,-0.2067936485059296,0.8255579996744149,-0.3488977862887527,0.3320375982602765,-1.3528470817137532,1.13523263081182,-0.2811648798872132,True,1.5825247277730865,-0.4830280826011963,-2.8661697663778303,0,0,0,1000
1.4983068085497775,1.1746899220129332,1.7983169789927986,0,-1.2097260572190005,-0.1214015523108616,0,-1.387061754762512,3,-0.0887971527059343,-0.2067936485059296,1.1212519095883546,0.9672580954166118,0.9478549722970928,1.3930695349267348,1.0681621108297117,1.328193112571631,True,-0.677065069404444,-0.159685427397298,1.0338501185500797,0,0,0,1000
1.4996858300026534,1.3700503168685385,-1.377129316739121,13,0.5564234847289696,-1.1893841191377277,0,0.5242686586021743,2,-1.5558203784823792,-0.2067936485059296,-0.2251493379945465,-1.1016459301525516,0.0395243455927888,-1.1615892079178982,-0.5147021607480506,1.147834027209864,False,1.1519799787445744,2.14256585478824,-0.9077327509709032,0,0,0,1000
1.5010648514555294,0.776991975342594,0.3420661044099459,22,-0.4881278157945438,0.843227862887598,0,0.3556218574229373,2,1.0244620953927852,-0.2067936485059296,-0.2878877893763594,-0.3966422736324274,-1.1305286650771618,0.873941020337986,-0.3671470167874118,-1.5159309258254643,True,-0.6299538937863053,0.3504337580866604,-2.5211640780455955,0,0,0,1000
1.5024438729084053,1.007238154993843,-0.9344185365449512,20,-0.3569281355355518,0.1886579025743575,1,-1.274630553976354,3,-0.6931384774092352,-0.2067936485059296,-1.3012485080301204,-1.6562944216140878,-1.1305286650771618,0.9559086805362094,1.5242416467080495,1.522425973730457,True,-0.3668299714851691,0.6476814416837333,-0.6037574282241592,0,0,0,1000
1.5038228943612817,1.4258675725415682,0.5347499487712151,10,1.5908825021556376,1.635602025372047,1,1.3675026644983594,0,2.021362067533934,-0.2067936485059296,-1.3176967217541384,1.2964527347534862,-1.6539734330084557,-1.1479279312181945,0.5181838469764212,0.3292812551833828,False,-1.8524466705253533,1.0809232620618483,0.7713354263212705,0,0,0,1000
1.5052019158141574,0.776991975342594,1.1854480793732955,10,1.7119898993177842,-1.3616393718517383,0,1.6485806664637546,2,-0.564866129107652,-0.2067936485059296,-0.3599550420156926,0.4784361697195241,-0.0066619574599723,0.9968925106353214,0.6120825749513732,-1.3910669436519334,True,-1.5454031213889885,-0.6696194678536941,2.0901425399588427,0,0,0,1000
1.5065809372670331,0.5258143248139588,0.8352476434254922,19,-1.5932328148991306,-1.430541472937343,1,-1.49949295554867,3,0.711772004452503,-0.2067936485059296,-1.2956614125599537,-0.4434695059975046,-0.5762930284440273,0.1089095251545663,-0.4610457447623638,1.369814439962808,True,-2.1309090559854456,0.594505889375192,-2.2549469850139494,0,0,0,1000
1.5079599587199095,1.7258853217841044,-0.4791028444784571,38,-0.6294197791503815,-0.8104225631669043,2,0.8053466605675694,0,0.7479871380105251,-0.2067936485059296,1.9622503541565928,0.9011294416440264,-0.2068026040219376,0.1225708018542703,-0.4878739527552072,0.7177469775010348,True,2.44135319863505,-0.3583627654541428,1.109718363217339,0,0,0,1000
1.5093389801727854,-1.2045206010499725,-1.0608054360402572,34,-1.0835725185084308,1.2221894188584217,0,-1.049768152404038,3,-0.3879037737670492,-0.2067936485059296,0.3379269189957463,-1.3648519687667229,-0.0220573918108927,1.2837793213291036,-1.6951433124331614,-1.4881833742313462,True,1.3987323550360036,0.4114904318726159,-0.732680243830122,0,0,0,1000
1.5107180016256614,-1.2952236415186462,-1.5283782713854428,14,-0.659696628440918,1.4633467726580365,1,-1.105983752797117,3,-1.642282406264363,-0.2067936485059296,-0.8465232780379155,-1.4016677477238044,0.4705965074185602,1.365746981527327,0.5584261589656864,-1.807280217563703,True,0.6818549933475273,2.5100287452130527,-0.7134358859062772,0,0,0,1000
1.512097023078537,0.8676950158112677,0.0098936177179163,37,0.4454083706636687,0.912129963973202,1,-1.105983752797117,3,-0.805897272154619,-0.2067936485059296,-1.2960792447071836,-1.242265612692422,-0.6532702001986294,-0.4785253729327021,0.8401223428905423,0.3292812551833828,True,-1.3059728624251,-0.0079732395306093,-0.8049808915910832,0,0,0,1000
1.5134760445314135,0.979329527157328,-1.306673137407254,8,0.4100853798247092,0.2231089531171596,1,-0.7686901504386429,1,-0.6377279608971212,-0.2067936485059296,-0.5068903509998207,0.9667111594191709,0.9016686692443318,-0.2326223923380316,-0.6756714087051112,-0.9887274455372222,True,0.7997827864074333,0.8333019954777721,1.0344350396837525,0,0,0,1000
1.5148550659842894,0.2188194186122936,1.7327575554925052,24,-1.1088032262505447,-1.5683456751085512,1,1.2550714637122016,0,-1.3441580977555516,-0.2067936485059296,1.3311974054102598,-1.6563654819416502,-0.3607569475311417,-0.2326223923380316,1.5913121666901584,0.0240581876480847,True,-0.4015601500822454,-2.3291000996623654,-0.6037315262093709,0,0,0,1000
1.5162340874371654,-0.0881754875893716,0.5378776900684914,40,1.0257146487322872,0.4298152563739724,2,-1.162199353190196,3,0.4592810194835228,-0.2067936485059296,-1.0945362103839795,1.1646049218677608,-0.4223386849348233,-0.6151381399297413,-0.876882968651437,0.0934270666333798,True,-1.6324139004524711,0.247037013852099,0.8586602163162821,0,0,0,1000
1.5176131088900415,-0.8277541252570195,0.8127222457131417,36,-1.497356125479098,1.2566404694012234,0,-0.0941029457216947,0,-0.5829717049916499,-0.2067936485059296,0.923069790124708,-1.4673985507191023,0.3782239013130378,0.7236669766412428,1.2827877747724588,-1.3633193920578153,True,0.1103475444115664,-0.4737940732680328,-0.6814781626012671,0,0,0,1000
1.5189921303429177,-0.3812160798727793,0.6248114640119158,25,0.460546795308937,1.5666999242864428,2,1.5361494656775965,2,-0.6561257527358736,3.1124756489183207,0.1491699192689315,-1.1766554925505186,-0.8226199780587538,-0.5331704797315179,1.0145056948440243,0.7732420806892708,False,-0.4756415447429842,-0.4099548921428214,-0.8498664998529432,0,0,0,1000
1.5203711517957934,-0.8137998113387621,0.0496904264881433,21,-0.2509591630186737,1.35999362102963,1,-0.1503185461147737,1,-1.449180960650241,-0.2067936485059296,-0.0393292213272616,1.6626136529448678,-1.1767149681299232,0.2045384620524938,-0.9305393846371236,-1.6130473564048773,True,-0.0890196478154049,-0.0720104199932076,0.6014626056285004,0,0,0,1000
1.5217501732486691,-1.239406385845616,1.4166832925418342,36,-1.5326791163180575,-1.017128866423717,2,-1.274630553976354,3,0.4062277873044279,-0.2067936485059296,-1.3619194536105772,-1.731381573619332,-0.9611788872170371,0.9285861271368016,-0.5281162647444724,1.078465148224569,False,-2.778602746152411,0.5754961192404209,-0.5775734667586397,0,0,0,1000
1.5231291947015455,1.432844729500697,0.7622261164345455,15,-1.1643107832831951,-1.5683456751085512,0,-0.1503185461147737,0,-0.057165238718669,-0.2067936485059296,1.3093237113122538,0.2714767200296239,1.0402275784026154,1.2974405980288075,1.60472627068658,-0.1840484493078002,True,0.5470975948777083,-0.0435728379035847,3.683555744799422,0,0,0,1000
1.5245082161544214,-0.6672795151970583,0.823383723678882,31,0.879376543828027,0.5676194585451809,0,0.1307594558506213,1,-1.491643875679105,-0.2067936485059296,-0.3475103214685822,-0.527890807461665,-1.5000190894992516,-0.0003806884430649,0.0486902071016612,0.2321648246039697,True,-1.1708940451474643,-1.228195288759461,-1.894331508141994,0,0,0,1000
1.5258872376072974,-1.7068759021072426,0.79221910410563,3,0.7078077311816527,1.428895722115234,2,-1.049768152404038,3,-0.7304391794012987,-0.2067936485059296,1.170452190178488,-1.1388840446858508,0.7323188913842071,0.9149248504370976,0.6120825749513732,0.1627959456186748,False,0.3782330860728579,-0.5786678723089483,-0.8780525923348929,0,0,0,1000
1.5272662590601735,0.5327914817730877,-1.433030367264183,31,-0.6445582037956498,1.1877383683156193,0,-0.93733695161788,3,-1.4703801694062202,-0.2067936485059296,-1.1476746433281928,-0.8099544941053963,0.347433032611197,0.6007154863439075,0.3035581830336738,-0.8222421359725143,True,0.2853557239359903,2.1070994341821674,-1.234637415733155,0,0,0,1000
1.5286452805130497,0.7700148183834652,1.4172727813527444,34,-1.5579098240601712,-1.017128866423717,2,-0.1503185461147737,1,0.7838085591320157,-0.2067936485059296,0.9232223607274336,1.465287502546149,0.7323188913842071,0.5460703795450919,-0.0049662088840255,-0.0036893639460332,False,-0.4940504206253108,1.110870536649119,0.6824598790451482,0,0,0,1000
1.5300243019659254,-0.3742389229136506,0.7256356272306241,36,-1.5377252578664802,1.2910915199440256,0,0.5804842589952534,0,0.4461042836433006,-0.2067936485059296,1.246787725633452,0.7036676998698977,0.4859919417694806,0.696344423241835,1.2425454627831938,-1.0997176519136944,True,0.521152098402828,0.3237091616717747,1.4211251391422084,0,0,0,1000
1.5314033234188014,-1.6580358033933411,0.3327159983931191,10,-0.1803131813407549,0.6709726101735873,1,-1.105983752797117,3,1.8192490974560207,-0.2067936485059296,-1.4807603399399754,-1.6372832266899016,-1.3768556146918882,0.2728448455510134,-0.4610457447623638,0.5651354437333858,True,-1.8134763383330943,0.605293279785861,-0.6107679140514335,0,0,0,1000
1.5327823448716775,-1.5115155072516375,0.1447129661099956,40,-1.7042479289644314,-0.0869505017680595,0,1.4237182648914386,2,-1.058874311958881,-0.2067936485059296,-0.9841212245301004,-1.5059966053956613,0.1165015173473909,-0.8337185671250041,0.2364876630515652,-1.6130473564048773,True,-1.128834190640096,-0.1532328424212505,-0.6640121649799421,0,0,0,1000
1.5341613663245537,-0.3253988241997492,0.134997531698671,26,-1.1542185001863496,-0.0869505017680595,1,-1.049768152404038,3,-1.773869888025952,-0.2067936485059296,1.029988487447853,0.7416484111494241,1.22497279061366,-0.2736062224371434,-1.4671035444939922,-0.2950386556842722,True,0.8949909557491823,-0.2394680564381015,1.348347613413498,0,0,0,1000
1.5355403877774294,0.0792762794297185,0.90646281538562,18,1.2830678677018486,-1.1549330685949255,2,1.0864246625329643,2,-0.0103374563904445,-0.2067936485059296,-1.1657412383801484,-1.505305481137852,-0.0066619574599723,0.9968925106353214,0.6120825749513732,-1.3910669436519334,False,-2.0722040537657684,-0.0093705198236083,-0.6643170299730846,0,0,0,1000
1.5369194092303056,-0.6323937304014146,-0.0826150468779217,28,-0.0390212179849173,-1.1549330685949255,1,-0.2065341465078527,1,-0.7680260388013285,-0.2067936485059296,0.7495269129156318,1.597190270202807,0.3936193356639582,-1.4348147419119766,1.148646734808242,-0.4753977410460392,True,0.8321419597935535,0.0634505071990362,0.6260994422806485,0,0,0,1000
1.5382984306831815,1.488661985173727,-1.4396439350666563,41,-0.8464038657325607,1.5322488737436406,0,-1.218414953583275,3,-0.1047360641534968,4.772110297630446,-1.4420314207578735,0.6377960820754175,-0.7764336750059926,0.8602797436382821,0.5986684709549516,-1.3216980646666383,True,-0.0023874856912173,0.1507826395413339,1.5678990061463758,0,0,0,1000
1.5396774521360574,0.065321965511461,-0.7770056497472577,10,-0.2963744369544787,0.9465810145160044,2,-1.387061754762512,3,-0.8632335084751533,3.1124756489183207,-1.1811520451594035,0.9677230889536323,-1.669368867359376,1.693617622320221,-0.4342175367695203,-0.0175631397430922,True,-0.4041463954121458,0.6707373131363414,1.0333533508495003,0,0,0,1000
1.5410564735889334,-0.8277541252570195,0.5697028094154346,15,1.272975584605003,1.394444671572432,1,0.7491310601744904,2,-1.5773404800409108,-0.2067936485059296,0.735013545291959,0.5067071891352063,0.1626878204001521,-1.6670564458069432,0.1023466230873481,-0.8083683601754553,True,0.1653107358765243,-0.8986153028839972,1.973525981255752,0,0,0,1000
1.5424354950418095,1.7258853217841044,-0.5144491671514463,38,-0.8211731579904468,0.7054236607163894,0,-1.218414953583275,3,0.2127161215072761,-0.2067936485059296,-1.3192336700405034,0.0079483526402,-1.1767149681299232,0.2045384620524938,-0.9305393846371236,-1.6130473564048773,False,-0.8047845028890571,-0.109431631549104,125.81065086082288,0,0,0,1000
1.5438145164946857,0.923512271484298,-1.4863587168683552,15,-1.3156950297358785,-1.120482018052123,0,-1.330846154369433,3,1.3522922991925097,-0.2067936485059296,-1.2839749313294913,0.1773101421271739,-0.9457834528661168,-1.7353628293054628,-0.6488432007122678,-1.474309598434287,True,0.2023837855388639,-2.0099914466587365,5.639832127028286,0,0,0,1000
1.5451935379475614,-1.5394241350881526,0.3122417858519118,10,1.0408530733775556,-0.2592057544820701,0,0.0745438554575422,0,1.422485627292018,-0.2067936485059296,0.9642101190364551,1.2300121990531918,-0.7456428063041518,0.2865061222507173,-1.5475881684725226,1.550173525324575,False,0.6519683331845434,0.4441594526143367,0.8130000007071109,0,0,0,1000
1.5465725594004376,-0.5068049051370969,-1.5216130445905212,5,0.172916727048839,-1.22383516968053,1,0.3556218574229373,0,-1.2202938111117605,-0.2067936485059296,0.4280974378025671,-0.1990803074146766,0.1165015173473909,-0.8337185671250041,0.2364876630515652,-1.6130473564048773,True,1.949710482393088,1.856814981220736,-5.023101055531037,0,0,0,1000
1.5479515808533135,-0.6882109860744444,-0.0682555046725393,22,0.9096533931185636,1.0843852166872128,0,-1.274630553976354,3,0.979901010801098,-0.2067936485059296,-1.2497334125941622,-1.4678752969596098,-0.2375934727237784,1.7346014524193327,0.4511133269943127,-0.3644075346695672,True,-1.1814779079216229,-0.0668836380213603,-0.6812568276044766,0,0,0,1000
1.5493306023061897,1.3351645320728944,1.3643070934848427,13,-1.3308334543811466,-0.5003631082816851,1,-0.8811213512248008,0,-0.564866129107652,-0.2067936485059296,0.4711629062992778,0.2437980151054004,1.1787864875608989,1.679956345620517,-1.0915086325941843,-1.4465620468401692,True,-0.8931441871855649,-0.7706508668108946,4.101754435499524,0,0,0,1000
1.5507096237590654,-1.0510231479491396,1.941862032439014,41,1.4193136895092635,1.2566404694012234,2,0.9177778613537274,0,-0.8440511312458903,-0.2067936485059296,1.3016558075487428,0.7695052565885325,1.22497279061366,0.846618466938578,-1.3061342965369318,-1.0164749971313405,False,-0.6402062248902711,-1.639030845203593,1.2995361129561531,0,0,0,1000
1.5520886452119416,1.397958944705053,-1.2034249860735795,26,1.3335292831860763,1.2910915199440256,0,-1.049768152404038,3,-1.6205716478482672,-0.2067936485059296,-1.349866698855404,-0.1516344257966244,0.1011060829964705,0.5733929329444997,-0.4476316407659421,-0.9332323423489864,True,-0.1464417127818245,1.9502364127430387,-6.594812848254584,0,0,0,1000
1.5534676666648175,-0.904502851807436,1.4831833366433769,8,-0.7656656009577962,0.8776789134304002,0,-1.443277355155591,3,-1.5343641390551084,-0.2067936485059296,-1.5116463283940371,0.638059973797223,-0.376152381882062,-1.6670564458069432,-0.3537329127909901,0.1766697214157337,True,-2.9948296650374138,-2.275743323389698,1.567250547505347,0,0,0,1000
1.5548466881176934,0.6374488361600189,0.5226897742310933,24,1.3284831416376537,0.050853700403149,0,-0.1503185461147737,1,0.1839862714709786,-0.2067936485059296,-1.229485292166501,-0.3397694179621808,-1.4538327864464902,-1.4757985720110882,-1.520759960479679,1.355940664165749,True,-1.7521750663975943,0.0961677426967864,-2.9431733447789075,0,0,0,1000
1.5562257095705696,-0.4091247077092942,1.2206238682367838,3,-0.0844364919207222,-1.6027967256513531,1,0.8615622609606484,2,0.8426679393432855,-0.2067936485059296,0.7287409977950039,-1.0072622536995852,0.8708778005424909,1.3247631514282154,-1.386618920515462,1.591794852715752,True,-0.4918828704417799,1.0285805997603208,-0.992790204940281,0,0,0,1000
1.5576047310234455,-1.211497758009101,-1.03907073118679,16,-1.6436942303833584,1.635602025372047,1,0.6929154597814113,0,1.3724795730738664,-0.2067936485059296,-1.1567412063370686,0.3371749854476768,1.6098586493866702,1.5023597485243665,0.5986684709549516,0.6622518743127987,False,-0.1176704751502786,-1.4261033535327956,2.9658181851493324,0,0,0,1000
1.5589837524763217,1.3840046307867957,-1.0989770836286714,18,-0.5335430897303488,0.4298152563739724,2,-0.93733695161788,3,-0.3879037737670492,-0.2067936485059296,-1.207712005290456,-1.3359151804627902,-1.0073651902697986,-1.4894598487107924,-0.3671470167874118,1.036843820833392,True,-0.1087349216617845,0.4262973580230677,-0.7485505737786703,0,0,0,1000
1.5603627739291974,0.3444082438766112,-0.781756809960822,27,0.9500225255059456,-0.465912057738883,0,-0.93733695161788,3,0.485465530333871,-0.2067936485059296,-1.3327738159870512,-0.4802985611566731,1.5790677806848294,-1.3118632516146411,-1.6414868964474745,-0.4337764136548623,False,-0.5510170060262293,-0.3795159843397456,-2.082038733981704,0,0,0,1000
1.5617417953820736,-0.4579648064231956,-0.3348075181982276,2,-1.5427713994149028,-1.22383516968053,1,-1.443277355155591,3,-0.7869262188093323,-0.2067936485059296,-1.5206152366741148,-0.6786709198083563,-0.9303880185151966,1.229134214530288,0.6791530949334817,0.4818927889510318,False,-1.1858077184758873,0.263468814324668,-1.4734683897008876,0,0,0,1000
1.5631208168349495,-1.183589130172586,0.4110812935286472,10,0.1123630284677658,0.0164026498603468,2,0.1307594558506213,0,-0.0887971527059343,-0.2067936485059296,1.3172667362769108,-0.0110278018161834,-0.4839204223385048,-0.7244283535273728,0.9876774868511812,-0.2672911040901542,False,0.9061854427482636,-0.0365028483960163,-90.68072538309558,0,0,0,1000
1.5644998382878257,-1.699898745148114,-0.466621973935913,26,0.2637472749204489,0.1886579025743575,2,1.6485806664637546,2,-0.7680260388013285,-0.2067936485059296,-0.0142377608266453,1.0985300258314938,-1.6539734330084557,1.4477146417255506,-0.3403188087945684,-1.4049407194489922,True,0.4523842131092676,0.358377826259656,0.9103073065411702,0,0,0,1000
1.5658788597407016,-1.2952236415186462,-1.6096328518445535,30,0.4454083706636687,1.1877383683156193,0,-1.049768152404038,3,-0.805897272154619,-0.2067936485059296,-1.002316351327264,-0.2180185920487145,1.147995618859058,1.3247631514282154,1.0815762148261332,-0.9054847907548684,True,0.6073165005172898,1.2971987244719858,-4.586766886620598,0,0,0,1000
1.5672578811935776,0.6514031500782764,0.827270391364488,39,-0.7252964685704141,1.394444671572432,2,-0.8811213512248008,1,-0.0414729400948349,-0.2067936485059296,0.1616858705322416,-0.2178481778481588,1.3173453967191826,-1.6670564458069432,0.0084478951123961,0.2321648246039697,True,-0.6655845208322464,-0.03430933538329,-4.590354938532001,0,0,0,1000
1.5686369026464535,-0.4998277481779681,-0.4509119368139659,2,-1.5982789564475537,-0.7415204620813,1,0.8615622609606484,1,-0.268553453715343,-0.2067936485059296,0.9035112315771544,-1.7216096359555404,1.255763659315501,1.4886984718246623,0.3438004950229389,0.8564847354716248,False,1.3544231683911203,0.121093957952865,-0.5808518012448001,0,0,0,1000
1.5700159240993297,-0.5835536316875132,-1.3248309691641753,42,0.1174091700161885,-1.0515799169665192,1,-1.330846154369433,3,-1.512971918718622,-0.2067936485059296,-1.1933587497340028,0.3370767197879694,-0.0682436948636539,-1.1752504846176022,-1.1451650485798712,0.2876599277922058,True,0.1314722194301725,2.004432053394173,2.96668278948706,0,0,0,1000
1.5713949455522056,-1.058000304908269,-0.9328875363861344,34,-1.0482495276694714,-1.533894624565749,2,-0.8249057508317219,0,-0.4931829525124468,-0.2067936485059296,1.4865257711076951,-1.205079188290198,-1.3922510490428086,1.7346014524193327,1.175474942801085,1.009096269239274,True,2.419413307493829,0.4600842295569764,-0.8298210546652417,0,0,0,1000
1.5727739670050815,-0.0672440167119853,-1.3994491713753625,28,0.349531681243636,1.394444671572432,0,-1.443277355155591,3,-1.5773404800409108,-0.2067936485059296,-0.922234048086894,-1.129324308612789,-1.6077871299556945,1.3930695349267348,-1.1451650485798712,1.425309543151044,True,0.4772151232884686,2.2074078277700693,-0.8854853126971879,0,0,0,1000
1.5741529884579577,0.4002254995496412,0.5210179469735979,18,-1.6840633627707406,-0.2936568050248722,0,-0.4876121484732478,1,-1.512971918718622,-0.2067936485059296,0.5227943920053277,-1.1388934033201088,1.0864138814553763,0.7783120834400585,1.1084044228189769,-0.8916110149578094,True,0.0017764450317298,-0.7882855229194817,-0.878045377108456,0,0,0,1000
1.5755320099108336,0.4002254995496412,-0.3481709276163257,10,0.4302699460184003,1.7045041264576513,2,-0.4313965480801688,0,-1.773869888025952,-0.2067936485059296,0.3166600830769406,1.1836501778677924,0.8400869318406499,-0.9976538875214512,-1.2256496725584014,1.48080464633928,True,0.6648310106932663,0.6176099243846636,0.8448441390994164,0,0,0,1000
1.5769110313637094,-1.1207947175404271,0.0329608266787225,29,0.7935921375048398,-0.3625589061104765,2,-0.9935525520109588,3,0.1549618143491789,-0.2067936485059296,-0.9152367231433756,-1.1952490312156163,-1.4538327864464902,1.365746981527327,-0.6756714087051112,0.5651354437333858,True,-0.9481975498220984,0.0051076695045836,-0.8366458014590816,0,0,0,1000
1.5782900528165855,0.8258320740564953,-0.4995386905238109,10,-1.4872638423822526,0.6020705090879831,1,0.4680530582090954,1,-0.8824859019390859,-0.2067936485059296,-0.4572293286602691,0.966807901580278,-1.284483008586366,1.3794082582270308,0.7059813029263252,0.8009896322833888,False,0.0423093618635417,0.4408358518603752,1.0343315305267116,0,0,0,1000
1.5796690742694617,-1.2254520719273587,1.725767502538604,33,-1.1390800755410813,-0.8793246642525085,2,0.8615622609606484,2,-0.4226946174867851,-0.2067936485059296,-0.27948941310483,0.9296879670098164,0.0241289112418684,-0.4375415428335904,-0.4342175367695203,0.2737861519951468,True,-2.005256915643434,-0.7294726343566796,1.0756295960819742,0,0,0,1000
1.5810480957223376,1.397958944705053,-1.0008288906492353,26,1.0257146487322872,0.050853700403149,2,1.2550714637122016,2,-1.0788156848149264,-0.2067936485059296,0.5686884706237366,1.0518920337568165,-1.1613195337790023,1.1198440009326565,0.3974569110086258,0.1627959456186748,True,1.5695173612729718,1.079709905048318,0.950667818408828,0,0,0,1000
1.5824271171752136,-0.960320107480466,2.1796462022310608,7,-0.0289289348880717,1.6011509748292447,0,1.3675026644983594,2,0.5754059049627287,-0.2067936485059296,-0.9308945470422534,-0.2645941206807871,0.347433032611197,0.4641027193468683,-0.2061777688303512,-0.0175631397430922,True,-3.110540749273314,1.2541812954933382,-3.779374898295322,0,0,0,1000
1.5838061386280895,-0.6882109860744444,0.934914292307178,40,1.4344521141545317,-1.6372477761941553,1,0.6929154597814113,0,0.2552765406419526,-0.2067936485059296,1.62358997488663,-1.2045005852861403,1.024832144051695,1.3111018747285117,-0.9707816966263888,-0.2950386556842722,True,0.688675682579452,0.2386616863368957,-0.8302196738114561,0,0,0,1000
1.5851851600809657,-1.016137363153496,0.7004632600242902,24,-0.1197594827596816,-0.1558526028536637,1,-0.3751809476870898,0,1.8192490974560207,-0.2067936485059296,0.2051752088711483,0.8448875320368846,1.2403682249645809,0.6280380397433154,1.6852108946651103,-1.8766490965489984,True,-0.4952880511531418,1.2743171536002922,1.183589346182243,0,0,0,1000
1.5865641815338416,-0.5068049051370969,-0.9471222653662048,31,-0.3720665601808202,-0.6381673104528937,2,-1.049768152404038,3,0.32484974849802,-0.2067936485059296,-1.5056147308607415,0.1874242140480199,-0.5608975940931069,-1.4621372953113845,0.3169722870300955,-0.8499896875666323,True,-0.5584924654945367,-0.3076724297010866,5.335487047554514,0,0,0,1000
1.5879432029867175,-0.3812160798727793,0.593919258501983,31,1.227560310669198,-1.6716988267369577,2,-0.9935525520109588,3,1.342158256908509,-0.2067936485059296,0.1150378565418151,-0.2553255904830046,-1.5462053925520127,-1.339185805014049,-0.2732482888124598,-0.1424271219166232,False,-0.4788814019601679,0.7971336367354159,-3.916569387992867,0,0,0,1000
1.5893222244395937,-0.1649242141397879,0.3073776785391034,39,-0.2257284552765598,1.6011509748292447,0,-1.105983752797117,3,0.0357374403789397,-0.2067936485059296,-0.9016601675524184,0.5069203701178937,-0.0374528261618131,-0.683444523428261,-0.8366406566621718,-0.0453106913372102,True,-1.209037846091522,0.0109848914606081,1.9726960321161064,0,0,0,1000
1.5907012458924696,0.1141620642253623,-0.8117438789886057,7,1.2023296029270842,1.1877383683156193,0,1.0302090621398854,2,-0.9406610984409725,-0.2067936485059296,-0.1587194142049603,1.3340625829452133,-1.0535514933225598,1.5433435786234782,-1.520759960479679,0.9952224934422148,False,0.6530244647836454,0.7635758888621577,0.7495899651373934,0,0,0,1000
1.5920802673453456,-0.8347312822161483,-0.0279960947846819,3,-1.4822177008338298,0.843227862887598,0,1.6485806664637546,2,-0.9406610984409725,-0.2067936485059296,-0.2340299826962833,0.844575541287847,0.6707371539805255,-1.1069441011190826,-0.1659354568410861,-1.6130473564048773,True,-0.2060338879116013,0.0263348372722165,1.184026570403043,0,0,0,1000
1.5934592887982215,0.7700148183834652,-0.6093407254003894,30,0.7128538727300755,0.6020705090879831,0,0.3556218574229373,1,1.2704463137422914,-0.2067936485059296,0.0130713640159356,-1.599769794195296,-0.8226199780587538,0.341151229049533,-0.0317944168768689,-0.7806208085813373,True,0.6224120894163251,-0.7741346783979786,-0.625089976156232,0,0,0,1000
1.5948383102510977,-0.6533252012788007,-0.8071840436865995,29,-1.144126217089504,-0.5692652093672893,0,0.1307594558506213,0,-0.5468342158350353,-0.2067936485059296,-1.3001507415140363,-0.9418097068414653,0.8400869318406499,-0.0003806884430649,0.9876774868511812,0.92585361445692,True,-0.4929666978274368,0.4413958535639145,-1.0617857290219062,0,0,0,1000
1.5962173317039736,-1.5952413907611829,0.980283353063534,21,-0.2711437292123648,1.35999362102963,1,-0.0941029457216947,1,-1.3441580977555516,-0.2067936485059296,0.3104824903689183,-0.8759747618347165,0.6553417196296051,1.4613759184252546,-1.6549010004438962,0.4818927889510318,True,-0.6698008626946157,-1.3176558071153135,-1.141585531601467,0,0,0,1000
1.5975963531568496,-1.5324469781290238,2.2826141361921075,35,-1.345971879026415,0.4987173574595767,1,-1.49949295554867,3,-0.7680260388013285,-0.2067936485059296,-0.9424456380037318,0.7696805677488742,0.0395243455927888,-0.3009287758365513,1.0815762148261332,0.0379319634451437,True,-3.22505977419584,-1.7531070931315405,1.2992401159363312,0,0,0,1000
1.5989753746097255,1.4467990434189544,0.7861987725814074,31,-0.1853593228891777,0.050853700403149,2,0.7491310601744904,0,-0.0258635578477847,-0.2067936485059296,1.6594294665759353,-1.336859531952204,-0.0682436948636539,-1.1752504846176022,-1.1451650485798712,0.2876599277922058,False,0.8732306939945279,-0.0203338974345166,-0.7480218010204026,0,0,0,1000
1.6003543960626017,-1.2533606997638735,0.4634938512265352,29,-0.8615422903778289,-0.1558526028536637,1,-0.8249057508317219,1,0.472401208410713,-0.2067936485059296,0.5432592071580123,1.4367967728680644,-0.0990345635654947,1.6389725155214054,-0.0854508328625558,-1.7240375627813491,True,0.0797653559314771,0.2189550554103504,0.6959926061112928,0,0,0,1000
1.6017334175154776,-1.413835309823835,-1.3696542207059552,40,-0.7101580439251458,-0.2592057544820701,1,0.0183282550644632,0,1.7374428195258165,-0.2067936485059296,1.0225117338848353,0.8446708687716827,-1.284483008586366,-0.4921866496324061,1.6449685826758451,-0.0591844671342692,True,2.3921659545907907,-2.3796958909987893,1.1838929440823522,0,0,0,1000
1.6031124389683535,-1.2673150136821312,0.8981891126001815,11,-0.6243736376019587,0.8087768123447958,1,1.3112870641052805,0,-1.685893511431728,-0.2067936485059296,1.5094443564470508,-1.0356115156505163,-0.3607569475311417,-0.2326223923380316,1.5913121666901584,0.0240581876480847,True,0.6112552438468692,-1.5142511969712678,-0.9656131488004628,0,0,0,1000
1.6044914604212297,0.0443904946340747,0.3130857911083086,18,1.1468220458944338,-0.5003631082816851,1,-0.5438277488663268,0,-1.240772553225037,-0.2067936485059296,1.56778215567115,0.4029881661887097,0.5321782448222419,-1.1752504846176022,-0.0586226248697124,-1.8766490965489984,True,1.2546963645628413,-0.3884682564119367,2.4814618287960872,0,0,0,1000
1.6058704818741056,-0.2346957837310754,-1.1218450795415371,18,-1.0078803952820894,-1.6372477761941553,2,0.4118374578160163,2,0.2127161215072761,-0.2067936485059296,-0.2828397575378044,-0.5468012338355864,1.117204750157217,-1.011315164221155,-0.7829842406764849,1.522425973730457,True,0.8390053220037329,-0.2386345342520975,-1.8288184462702348,0,0,0,1000
1.6072495033269816,-0.674256672156187,-1.3547490248959344,10,1.585836360607215,-1.3616393718517383,2,1.3112870641052805,0,-0.805897272154619,-0.2067936485059296,0.819414380672789,1.6907710628935129,0.8246914974897296,-0.4512028195332943,0.8669505508833859,-1.1690865308989893,False,2.174163405568724,1.0917885436177637,0.5914460939164843,0,0,0,1000
1.6086285247798575,0.3862711856313838,-0.489725611782639,19,1.3032524338955396,0.7743257618019938,2,-0.5438277488663268,1,0.472401208410713,-0.2067936485059296,1.0132362619505204,-1.4305132349330585,-0.1144299979164151,1.5843274087225898,-1.6817292084367397,-1.2384554098842842,True,1.5029618737331594,-0.2313469707957943,-0.6990498553141881,0,0,0,1000
1.6100075462327337,0.6234945222417615,0.5251044630828144,39,0.0770400376288064,1.2566404694012234,0,-0.8811213512248008,0,1.3623993371776832,4.772110297630446,1.5246531533003165,-0.1331339293674622,-0.29917521012746,-1.2435568681161218,1.6583826866722668,-0.1146795703225052,True,0.9995486902175018,0.7154019724530697,-7.511238914640569,0,0,0,1000
1.6113865676856096,-0.9254343226848222,-1.5083181025192338,22,1.3234370000892308,-1.5683456751085512,2,1.2550714637122016,2,-1.5989242880013397,-0.2067936485059296,0.8351506362408638,0.976789429122914,-0.5147112910403457,-0.4921866496324061,1.1084044228189769,0.981348717645156,False,2.3434687387600976,2.411686448150097,1.0237619980405883,0,0,0,1000
1.6127655891384856,0.3862711856313838,0.9291981412781816,14,-0.7202503270219913,1.5666999242864428,2,1.3675026644983594,2,0.5880462384367718,-0.2067936485059296,0.0775148220211748,-0.2554849049080451,1.3789271341228642,1.5979886854222938,1.1888890467975068,-1.030348772928399,True,-0.8516833192570068,0.5464114717410747,-3.914127105758493,0,0,0,1000
1.6141446105913615,-1.5115155072516375,1.1808593394287,40,-1.5478175409633257,1.4977978232008384,1,0.6929154597814113,1,0.3658165287182165,-0.2067936485059296,0.7060804608305928,1.4555846664260053,0.5167828104713215,-0.1916385622389199,-0.4744598487587855,-0.0591844671342692,True,-0.4747788785981073,0.4319778644542933,0.6870091134955795,0,0,0,1000
1.6155236320442377,0.8537407018930104,0.1722035706568918,35,-1.4822177008338298,-0.9826778158809149,1,-1.218414953583275,3,0.2552765406419526,-0.2067936485059296,-0.8344352723869215,1.5311856727448026,0.8246914974897296,0.4914252727462762,-0.9573675926299672,-1.8905228723460572,True,-1.0066388430438131,0.0439595318034834,0.6530886178542533,0,0,0,1000
1.6169026534971136,0.3653397147539975,1.757156848144534,3,1.6564823422851336,-0.7070694115384979,2,-0.0941029457216947,0,0.0357374403789397,-0.2067936485059296,1.0460727082970835,1.3710708668325524,0.7169234570332866,-0.861041120524412,-0.3403188087945684,-1.3771931678548743,False,-0.7110841398474506,0.062796288097011,0.729356848909287,0,0,0,1000
1.6182816749499898,1.4816848282145982,-0.872213068553838,38,-0.5436353728271944,1.394444671572432,0,0.1307594558506213,0,1.0575165393963315,-0.2067936485059296,1.831447963708905,1.663381387417997,-0.5301067253912661,1.3520857048276231,1.0145056948440243,-0.2672911040901542,True,2.703661032262743,-0.9223797458733102,0.6011850002925435,0,0,0,1000
1.6196606964028657,-0.0393353888754703,0.5221209035672403,28,0.460546795308937,-0.5003631082816851,1,0.9177778613537274,0,0.6996106650189345,-0.2067936485059296,1.6450363180420104,-0.387107131179625,-0.1914071696710171,-0.5195092030318139,-1.158579152576293,0.7871158564863298,False,1.1229154144747702,0.3652813525649639,-2.5832648840108026,0,0,0,1000
1.6210397178557416,0.8467635449338816,-1.0979903542610594,11,0.899561110021718,-1.22383516968053,2,-1.162199353190196,3,0.889026224217017,-0.2067936485059296,-1.261091462838734,1.2589444168613235,-0.8226199780587538,0.518747826145684,1.403514710740254,1.383688215759867,False,-0.1631011085776745,-0.9761422188754144,0.7943161804247746,0,0,0,1000
1.6224187393086176,0.9374665854025552,-0.8557723996583735,13,0.7431307220206121,-0.7070694115384979,0,0.5804842589952534,1,-0.8632335084751533,-0.2067936485059296,0.8071295647555791,1.3244471303519192,-1.1613195337790023,1.1198440009326565,0.3974569110086258,0.1627959456186748,True,1.6629019644139524,0.7387314110132989,0.755031968872244,0,0,0,1000
1.6237977607614935,-1.1905662871317149,-0.3216026130951785,16,0.9853455163449052,0.2231089531171596,1,-0.0941029457216947,0,0.6751506888007894,-0.2067936485059296,0.7546721721326778,-0.8005143526724439,-0.7764336750059926,-0.6287994166294454,0.0889325190909264,0.0379319634451437,True,1.0762747852278562,-0.2171302257513436,-1.2491969963827516,0,0,0,1000
1.6251767822143697,1.202598549849448,0.0978909167161887,7,-1.562955965608594,-0.6037162599100915,2,0.0745438554575422,1,-1.5989242880013397,-0.2067936485059296,0.9196443597294048,-1.23307902495506,0.4859919417694806,-1.7353628293054628,1.6717967906686886,0.5373878921392677,True,0.8217534430132161,-0.1565201643122305,-0.8109780969911925,0,0,0,1000
1.6265558036672456,-1.504538350292509,0.4286114620854978,12,-1.0684340938631625,0.2575600036599618,0,1.5361494656775965,2,-0.3534180473878296,-0.2067936485059296,-0.9962992877106892,1.446438016116232,0.347433032611197,0.6007154863439075,0.3035581830336738,-0.8222421359725143,True,-1.4249107497961868,-0.1514790260182993,0.6913534625906128,0,0,0,1000
1.6279348251201218,-1.413835309823835,1.7140464990061424,4,1.0610376395712469,-0.0524994512252573,2,-0.5438277488663268,1,-1.491643875679105,-0.2067936485059296,0.1939319351948729,1.164240914523662,-1.7309506047630576,0.9559086805362094,-0.6756714087051112,0.6345043227186808,True,-1.5201145638112694,-2.556746962871724,0.8589286818839141,0,0,0,1000
1.6293138465729975,0.3304539299583537,-0.6125811454009215,14,0.1931012932425301,1.394444671572432,1,-0.9935525520109588,3,0.485465530333871,-0.2067936485059296,-0.9021916114852496,-1.2990289941061175,0.917064103595252,0.0952482484548624,-0.6488432007122678,0.8981060628628018,True,-0.289610466084328,-0.2973870306245885,-0.7698058176666779,0,0,0,1000
1.6306928680258737,1.258415805522478,1.089573038724788,23,-1.3409257374779922,0.9810320650588064,2,-1.443277355155591,3,0.8659262724603146,-0.2067936485059296,-0.8615163022818423,-0.8667168961271348,0.5013873761204011,-0.8063960137255962,-0.7561560326836414,1.078465148224569,False,-1.95108934100663,0.9434899199962136,-1.1537794173003597,0,0,0,1000
1.6320718894787498,1.3072559042363794,1.0905595798127108,42,0.3899008136310182,0.1886579025743575,1,-0.9935525520109588,1,1.6633342388534342,-0.2067936485059296,0.3875913122037651,0.7791654347478729,0.0395243455927888,-1.1479279312181945,-1.5341740644761008,1.577921076918693,False,-0.7029682676089457,1.8139650886120964,1.2834243243620704,0,0,0,1000
1.6334509109316258,1.0839868815442593,0.0425242199050927,42,1.651436200736711,-1.6027967256513531,2,-0.1503185461147737,1,-1.6205716478482672,-0.2067936485059296,-0.0658517754405409,0.1401227383329928,-0.8226199780587538,-0.5331704797315179,1.0145056948440243,0.7732420806892708,True,-0.1083759953456336,-0.0689135451250581,7.136595375149087,0,0,0,1000
1.6348299323845017,-1.699898745148114,-1.061160081472336,24,-1.038157244572626,0.5676194585451809,2,0.6929154597814113,0,-1.7077935573996443,-0.2067936485059296,0.9213067503432848,0.9008223478547748,-0.3145706444783804,1.229134214530288,-0.1525213528446644,-0.0591844671342692,True,1.982466831815621,1.8122423505081369,1.1100966704164703,0,0,0,1000
1.6362089538373776,-1.183589130172586,-1.0865304682488834,22,-0.5335430897303488,-0.465912057738883,2,-0.9935525520109588,1,1.0465326685577692,-0.2067936485059296,0.6955929689641711,0.0736904730536705,0.3628284669621174,0.0952482484548624,1.6583826866722668,0.4402714615598547,True,1.7821234372130546,-1.1370896304058264,13.57025679894872,0,0,0,1000
1.6375879752902538,0.7281518766286927,1.0904738303565702,5,0.2738395580172945,-0.1558526028536637,0,0.9739934617468065,2,0.7479871380105251,-0.2067936485059296,0.1587235885682262,0.600624566195209,-1.253692139884525,0.5597316562447958,-0.5147021607480506,-1.3216980646666383,True,-0.931750241788344,0.8156603994437858,1.6649332874301073,0,0,0,1000
1.6389669967431295,0.1281163781436197,-0.1976927640660662,30,1.2477448768628894,0.3609131552883682,1,-1.162199353190196,3,1.501171318379266,-0.2067936485059296,-0.042325230985623,0.515505828836182,-1.1305286650771618,-1.1342666545184903,-0.7695701366800631,-0.2256697766989772,True,0.1553675330804431,-0.2967707072670978,1.9398418991176745,0,0,0,1000
1.6403460181960057,1.3072559042363794,0.7531880360401507,42,1.611067068349329,-0.7070694115384979,2,1.0302090621398854,0,1.969551366468625,3.1124756489183207,1.3113500798921824,0.5723582260966557,1.6868358211412722,-1.3118632516146411,-0.7561560326836414,0.2737861519951468,True,0.5581620438520317,1.483442525590699,1.7471572516814011,0,0,0,1000
1.6417250396488818,-1.6301271755568263,1.4204003659917928,37,0.9752532332480596,-0.3970099566532786,1,-1.443277355155591,3,1.035514621220779,-0.2067936485059296,-1.2909669902577754,-0.9130795702405056,0.7323188913842071,-1.4074921885125689,-0.5951867847265809,-1.7379113385784082,True,-2.711367356249568,1.4708453469718472,-1.0951949228872702,0,0,0,1000
1.6431040611017578,-0.757982555665732,-0.2847287560795371,24,-0.7555733178609507,-0.7070694115384979,2,-1.049768152404038,3,1.321808337944639,-0.2067936485059296,-0.8680815581802881,-0.8471384156170629,1.117204750157217,-1.011315164221155,-0.7829842406764849,1.522425973730457,True,-0.583352802100751,-0.3763568438385375,-1.1804447769212176,0,0,0,1000
1.6444830825546335,1.4537762003780834,0.1590792374617036,35,-1.366156445220106,-0.465912057738883,2,-0.1503185461147737,1,-0.268553453715343,-0.2067936485059296,0.067181315245028,1.0325825595709937,0.1626878204001521,-1.6670564458069432,0.1023466230873481,-0.8083683601754553,True,-0.0918979222166755,-0.0427212786347436,0.9684454709083234,0,0,0,1000
1.6458621040075097,1.6840223800293324,0.3707891914896049,3,1.010576224087019,1.5666999242864428,2,-0.2065341465078527,1,-0.1530404922217351,-0.2067936485059296,-0.2257732712467356,1.1361795938081527,0.9324595379461724,-0.9156862273232276,-0.6622573047086895,-1.1413389793048714,False,-0.5965624627363405,-0.0567457603760683,0.8801424681762117,0,0,0,1000
1.6472411254603858,0.5188371678548301,-1.1067018598265017,29,-0.9776035459915526,0.9465810145160044,0,-0.1503185461147737,1,0.5880462384367718,-0.2067936485059296,0.6194675356980333,1.4274137626326162,0.6553417196296051,0.0815869717551585,-0.0452085208732907,1.61954240430987,True,1.726169395524535,-0.6507918657419539,0.7005676672886406,0,0,0,1000
1.6486201469132618,-0.6882109860744444,-0.0865558028240108,33,0.7885459959564171,0.0853047509459511,2,-0.3189653472940107,0,0.9910945602340704,-0.2067936485059296,1.5559285960251077,-1.1951976675485267,-0.4839204223385048,-0.7244283535273728,0.9876774868511812,-0.2672911040901542,True,1.6424843988491182,-0.0857849853355699,-0.8366817563485366,0,0,0,1000
1.6499991683661377,-0.0602668597528565,-1.0159118384740224,2,1.5757440775103695,-1.5683456751085512,1,-0.4876121484732478,0,-1.1795361053656206,-0.2067936485059296,-1.4977165188769508,-0.6777675939598169,-0.2529889070746988,-0.3009287758365513,-1.628072792451053,-0.8361159117695732,False,-0.4818046804029283,1.1983046933484758,-1.4754322225717236,0,0,0,1000
1.651378189819014,-0.1858556850171741,-0.1148439469460777,17,0.1880551516941073,-1.6372477761941553,2,-0.93733695161788,3,-1.2613176508759902,-0.2067936485059296,-1.5325470379459332,0.900935195572512,-1.099737796375321,-0.9156862273232276,-1.5610022724689443,-0.3366599830754492,True,-1.4177030909998554,0.1448546973793535,1.109957623942945,0,0,0,1000
1.6527572112718898,-0.5486678468918694,-0.6840509830155068,29,-1.250095189606382,0.9810320650588064,1,-0.3751809476870898,1,0.5880462384367718,-0.2067936485059296,0.3542163356564921,1.3337158781923586,1.22497279061366,0.846618466938578,-1.3061342965369318,-1.0164749971313405,True,1.0382673186719988,-0.4022536074612449,0.7497848240187855,0,0,0,1000
1.6541362327247655,-1.4347667807012212,1.3161730952631183,29,1.0711299226680924,-0.1903036533964659,0,0.5804842589952534,2,0.73595977530185,1.4528410002061956,0.0299549282348668,-0.5749828021191763,-0.4223386849348233,-0.6151381399297413,-0.876882968651437,0.0934270666333798,True,-1.2862181670282518,0.9686504554481852,-1.7391827550887444,0,0,0,1000
1.6555152541776417,1.6351822813154309,-0.6831971591178212,30,0.505962069244742,0.0853047509459511,2,-1.105983752797117,3,0.8659262724603146,-0.2067936485059296,-1.4939397073166691,-0.1801633517610403,0.7631097600860479,0.0132805882566389,-0.7561560326836414,1.0229700450363328,False,-0.810742548198848,-0.5915983693503714,-5.550521486625645,0,0,0,1000
1.6568942756305178,0.4490655982635425,-0.9030229788412864,24,-0.7555733178609507,-1.6027967256513531,0,-0.0378873453286157,1,1.864012582378731,1.4528410002061956,1.068447471005756,-1.4020966125797365,-1.099737796375321,-1.7080402759060551,-1.6549010004438962,-0.4892715168430983,True,1.9714704498470423,-1.6832461947372803,-0.7132176644246025,0,0,0,1000
1.6582732970833938,0.4281341273861563,0.8315791869424474,20,-0.7454810347641052,1.0154831156016086,1,-1.49949295554867,3,2.021362067533934,-0.2067936485059296,-1.1911476371827203,0.3743805624037307,-0.4069432505839028,-1.0659602710199707,-0.729327824690798,-0.9332323423489864,True,-2.022726824125168,1.680922624636173,2.671078130957533,0,0,0,1000
1.6596523185362697,1.6142508104380446,0.1228111985362435,42,1.3789445571218812,1.2221894188584217,1,-1.049768152404038,3,-0.7117529458539462,-0.2067936485059296,-1.3408398967318305,0.9667194298401428,1.301949962368262,0.518747826145684,0.9608492788583376,1.34206688836869,True,-1.463651095268074,-0.0874112323420252,1.0344261899471097,0,0,0,1000
1.661031339989146,1.2444614916042207,-0.8494045377620415,16,-0.331697427793438,-0.8104225631669043,1,0.4118374578160163,2,-1.5989242880013397,-0.2067936485059296,-0.9566490615690376,0.5722566957970908,-0.0374528261618131,1.3384244281279192,1.3364441907581457,0.911979838659861,False,-0.1072445238069962,1.358133545766279,1.7474672338440471,0,0,0,1000
1.6624103614420216,0.4839513830591863,0.545957700149159,7,0.3394393981467904,0.6709726101735873,0,1.4237182648914386,0,0.0810536478232512,-0.2067936485059296,1.0498576306718348,-1.1767554993514835,-0.0066619574599723,-0.1779772855392159,-0.6086008887230027,0.5790092195304448,True,0.5038999305226758,0.0442518631542821,-0.8497942737727022,0,0,0,1000
1.6637893828948978,1.4816848282145982,1.170905842853979,38,0.4302699460184003,0.5331684080023787,1,-0.2627497469009318,1,-0.7491969517311343,-0.2067936485059296,0.5590338712179835,0.7883354816432907,1.2403682249645809,-0.5468317564312217,-0.6354290967158461,-1.1413389793048714,False,-0.6118719716359954,-0.8772390882303756,1.268495325195767,0,0,0,1000
1.6651684043477737,1.2863244333589932,0.0103205016944991,29,-0.1500363320502183,1.3255425704868278,0,0.4118374578160163,2,0.6996106650189345,-0.2067936485059296,0.2611733997736089,0.506194749498925,-0.8226199780587538,0.9422474038365056,0.5450120549692647,-1.3355718404636974,True,0.2508528980791097,0.0072203330538175,1.975523854084817,0,0,0,1000
1.66654742580065,0.1978879477349073,-1.1247374505865342,16,1.1468220458944338,-0.0869505017680595,1,-0.7124745500455638,0,0.73595977530185,-0.2067936485059296,0.6348099312117991,-1.1764429644958028,-0.0528482605127335,1.6253112388217017,0.3572145990193606,-0.9193585665519272,True,1.7595473817983334,-0.8277615214072412,-0.8500200308738136,0,0,0,1000
1.6679264472535258,1.2863244333589932,-0.7378709123728606,10,-0.6445582037956498,0.6365215596307852,1,0.6929154597814113,0,0.7838085591320157,-0.2067936485059296,0.2117238848713328,1.4934220600157924,-1.330669311639127,-0.4785253729327021,0.9206069668690726,-0.5308928442342753,True,0.9495947972441934,-0.5783495366523977,0.6696030277128239,0,0,0,1000
1.6693054687064015,0.0025275528793022,1.6452373392373938,40,-1.4166178607043336,-1.4994435740229468,2,0.4680530582090954,2,0.28330532668029,-0.2067936485059296,-0.6682203631701189,1.135925278363262,0.0549197799437092,-0.8337185671250041,0.8803646548798074,1.036843820833392,False,-2.3134577024075127,0.466104501859261,0.8803395179363674,0,0,0,1000
1.670684490159278,1.118872666339903,-0.9894566972350431,27,0.0568554714351153,-1.5683456751085512,1,-0.9935525520109588,3,0.4062277873044279,-0.2067936485059296,-1.5177006566939824,-0.6035062870171632,0.1780832547510725,1.3247631514282154,1.148646734808242,1.4946784221363392,False,-0.5282439594589392,-0.4019448047513388,-1.6569838412800906,0,0,0,1000
1.6720635116121536,0.2327737325305511,1.4935654528319686,16,-0.3266512862450152,0.050853700403149,1,1.0864246625329643,2,-0.9994590305551176,-0.2067936485059296,0.6081894485356353,0.9202748132663514,-1.022760624620719,-0.6287994166294454,-0.6622573047086895,0.6206305469216218,True,-0.8853760042963333,-1.4927574795580545,1.086631815758922,0,0,0,1000
1.6734425330650298,-1.3580180541508051,-0.1819949067072588,40,0.7532230051174578,1.118836267230015,2,-1.162199353190196,3,0.1403364078873898,-0.2067936485059296,-1.4050182437272174,1.2486994328821963,-0.3145706444783804,-1.0386377176205628,-1.104922736590606,-0.4892715168430983,True,-1.2230233370199586,-0.0255405114610973,0.8008331657591329,0,0,0,1000
1.6748215545179057,-0.841708439175277,0.8181069761851909,17,0.2990702657594083,-0.3970099566532786,0,-1.218414953583275,3,-1.1189017032627826,-0.2067936485059296,-1.4155460080347424,-0.96996102279571,0.9786458409989336,-0.164316008839512,-0.2464200808196164,1.522425973730457,True,-2.2336529842199333,-0.9153812891047748,-1.0309693684542556,0,0,0,1000
1.676200575970782,-0.1021298015076291,0.2531227636932779,10,0.7633152882143033,1.1877383683156193,0,1.0864246625329643,2,-0.9601914853903032,-0.2067936485059296,-0.6442153141442227,-1.1199699183867575,1.4712997402283867,1.1744891077314723,1.6583826866722668,0.3847763583716188,True,-0.8973380778375006,-0.2430463224567472,-0.8928812041028337,0,0,0,1000
1.6775795974236578,0.1699793198983923,-0.6375955918613039,40,0.8390074114406448,-1.6716988267369577,2,-0.4876121484732478,0,-1.862844008126029,-0.2067936485059296,0.5850282835758849,-1.0540768627905472,-1.5769962612538535,-1.7080402759060551,-0.9037111766442802,1.314319336774572,False,1.2226238754371888,1.187741127906399,-0.9486975098024312,0,0,0,1000
1.6789586188765335,-0.8835713809300496,-1.5418417645275582,2,0.0972246038224974,0.7054236607163894,2,-0.1503185461147737,0,-1.2202938111117605,-0.2067936485059296,0.8244300674610361,0.2434063671438424,-0.5608975940931069,1.0925214475332483,0.8937787588762292,0.8564847354716248,True,2.3662718319885943,1.881499962966616,4.1083542756037135,0,0,0,1000
1.68033764032941,0.3583625577948687,1.6221406217123795,15,0.1426398777583024,-1.3960904223945405,1,-1.162199353190196,3,0.6996106650189345,-0.2067936485059296,1.0976524261569325,1.4560309426945102,-0.5608975940931069,-1.4621372953113845,0.3169722870300955,-0.8499896875666323,True,-0.524488195555447,1.1348668791104255,0.6867985439028925,0,0,0,1000
1.6817166617822856,-1.33010942631429,-0.3585394606413921,0,-0.8312654410872923,0.3609131552883682,0,0.3556218574229373,1,-0.805897272154619,-0.2067936485059296,0.7526383295221504,1.5598525841538575,1.3789271341228642,0.6280380397433154,1.1888890467975068,1.286571785180454,True,1.1111777901635425,0.2889459732906863,0.6410861808674261,0,0,0,1000
1.6830956832351618,-1.33010942631429,0.2839363963639589,17,-0.6546504868924953,-1.4994435740229468,0,-1.105983752797117,3,-0.0887971527059343,-0.2067936485059296,-1.2078582637582584,-0.2174222511680982,-0.0374528261618131,1.3384244281279192,1.3364441907581457,0.911979838659861,True,-1.4917946601222174,-0.0252127435467031,-4.5993473738876665,0,0,0,1000
1.6844747046880375,-1.44174393766035,0.175922229633394,11,0.7380845804721894,0.7398747112591916,0,0.5242686586021743,2,-1.6205716478482672,-0.2067936485059296,-1.001560962185584,-0.3774207270800969,-0.8842017154624353,-0.5331704797315179,-0.6220149927194244,-0.0453106913372102,True,-1.177483191818978,-0.2850945775701307,-2.649563718168954,0,0,0,1000
1.685853726140914,0.176956476857521,0.5419420288097926,42,1.03076079028071,0.8087768123447958,0,-1.274630553976354,3,-0.1530404922217351,-0.2067936485059296,0.0187055710667647,-1.1294872141416732,0.7323188913842071,0.9149248504370976,0.6120825749513732,0.1627959456186748,True,-0.5232364577430277,-0.0829390748446964,-0.8853575994622358,0,0,0,1000
1.6872327475937898,0.1699793198983923,0.2447328313637892,28,-1.6840633627707406,0.7398747112591916,2,0.2994062570298583,1,-0.2185719381821825,-0.2067936485059296,0.5804639600521811,1.0704761049663278,-0.6224793314967885,0.3821350591486447,1.094990318822555,-1.5298047016225234,False,0.3357311286883919,-0.0534917292879966,0.934163688422626,0,0,0,1000
1.6886117690466658,-1.246383542804745,-0.739060343515637,42,-0.3872049848260885,1.4977978232008384,2,1.5923650660706756,2,0.5880462384367718,-0.2067936485059296,-0.4308323275859012,-0.9134378100541896,-1.4076464833937292,0.9285861271368016,1.0145056948440243,0.6483780985157398,False,0.3082280159297357,-0.4346016549821587,-1.0947653999753033,0,0,0,1000
1.689990790499542,0.4630199121818,0.7463987430901098,19,-1.1744030663800409,0.5676194585451809,2,-0.7124745500455638,1,-1.5558203784823792,-0.2067936485059296,1.050174347211764,-0.876038531133264,0.6399462852786847,0.163554631953382,-1.2524778805512449,-1.3078242888695797,True,0.3037756041216541,-1.1612623749732267,-1.1415024323834473,0,0,0,1000
1.6913698119524176,0.665357463996534,0.7776075430051849,13,-1.1592646417347725,1.0499341661444108,0,-1.049768152404038,3,0.1549618143491789,-0.2067936485059296,-1.2485383705661195,1.624952985192694,-1.2382967055336047,-1.3665083584134572,0.1560030390730349,-0.7528732569872193,True,-2.0261459135713045,0.1204994757156906,0.6154023824518082,0,0,0,1000
1.6927488334052938,-0.4858734342597106,-0.0369172103966603,19,1.7220821824146295,1.394444671572432,2,0.4118374578160163,1,-0.2853709610732421,-0.2067936485059296,1.0796643165773747,-0.1327039762982442,0.5167828104713215,1.3520857048276231,-0.6086008887230027,1.2172029061951588,True,1.1165815269740351,0.010535099811038,-7.535574904779407,0,0,0,1000
1.6941278548581695,-0.5347135329736119,0.8060592427650679,38,-1.426710143801179,-0.0869505017680595,2,0.4680530582090954,1,0.485465530333871,-0.2067936485059296,0.8563894343511232,0.1212039327167707,-0.4223386849348233,1.2564567679296956,-0.9037111766442802,1.605668628512811,True,0.0503301915860553,0.3913139777694622,8.250550559953707,0,0,0,1000
1.695506876311046,-1.3789495250281911,-0.1004602100417279,22,-0.7808040256030646,0.6709726101735873,0,-1.49949295554867,3,1.9608554183122704,-0.2067936485059296,-1.136151190170533,0.1392789377511865,-0.3453615131802212,1.037876340734433,0.9876774868511812,0.4263976857627958,True,-1.035690980128805,-0.1969879471851109,7.179831338197772,0,0,0,1000
1.6968858977639218,-0.3253988241997492,0.6747908590393379,6,1.1720527536365477,0.1542068520315554,0,-0.6000433492594058,1,-0.7869262188093323,-0.2067936485059296,-0.1840806940597851,-1.0450807123781996,1.3789271341228642,0.5733929329444997,0.9608492788583376,0.5651354437333858,True,-0.858871553099123,-0.5310106191909273,-0.956863985567952,0,0,0,1000
1.6982649192167978,-0.8626399100526634,-1.128537549644009,4,-1.5528636825117483,1.2221894188584217,1,-0.93733695161788,1,-1.751781892697946,-0.2067936485059296,-1.1913761941996033,-0.4429601133584235,-0.0528482605127335,-0.8747023972241159,-1.6817292084367397,0.8981060628628018,False,-0.0628386445555939,1.9769516446960849,-2.25754011613424,0,0,0,1000
1.699643940669674,0.4211569704270275,-1.4706914213418432,21,-1.3762487283169516,-1.017128866423717,0,0.6929154597814113,2,-0.7491969517311343,-0.2067936485059296,0.5211858712568738,-0.7725200658953395,0.5167828104713215,-0.1233321787404002,-0.8634688646550153,0.5790092195304448,True,1.991877292598717,1.1018375298064382,-1.2944649253705882,0,0,0,1000
1.7010229621225497,-0.9254343226848222,0.7694396763863902,13,1.646390059188288,-0.9826778158809149,2,0.1869750562437003,1,0.6751506888007894,-0.2067936485059296,-0.6137207944068277,-0.4147930183115347,-0.8534108467605945,-1.7353628293054628,-1.332962504529775,-0.1701746735107412,False,-1.383160470793218,0.5194877275029278,-2.4108415449102223,0,0,0,1000
1.7024019835754258,0.1002077503071048,-0.2919672890025655,3,0.3747623889857499,-1.0860309675093214,1,1.0864246625329643,0,1.3623993371776832,-0.2067936485059296,1.1486163040039994,1.427429324082603,1.22497279061366,0.846618466938578,-1.3061342965369318,-1.0164749971313405,True,1.440583593006565,-0.3977760410146603,0.7005600298891776,0,0,0,1000
1.703781005028302,1.677045223070203,-0.2712975635621803,4,0.0164863390477331,0.326462104745566,0,0.2431906566367793,0,-1.512971918718622,-0.2067936485059296,0.7137013144680354,-0.8761477877471581,-0.637874765847709,0.873941020337986,-0.3403188087945684,0.8287371838775068,True,0.9849988780302156,0.4104655952863592,-1.14136008573087,0,0,0,1000
1.705160026481178,-1.337086583273419,0.2713086207645223,0,0.7179000142784983,-1.6372477761941553,0,-1.330846154369433,3,0.6751506888007894,1.4528410002061956,-1.242475604489358,-1.468086192694397,0.8708778005424909,1.3247631514282154,-1.386618920515462,1.591794852715752,True,-1.5137842252538802,0.1831742021867594,-0.6811589626632095,0,0,0,1000
1.706539047934054,0.1978879477349073,1.611765021042368,27,1.5908825021556376,1.3255425704868278,1,-0.4876121484732478,1,0.5627146920237458,-0.2067936485059296,0.9629217982985924,-1.035949188233099,1.1941819219118193,-1.4074921885125689,0.6791530949334817,0.3292812551833828,True,-0.6488432227437756,0.9069638574305022,-0.9652984025552712,0,0,0,1000
1.7079180693869298,0.4979056969774438,0.8399041429835817,0,-0.2610514461155192,-1.258286220223332,2,1.1426402629260437,0,-1.3233493238148013,-0.2067936485059296,1.0450966934597228,-1.1011733191225304,-1.1613195337790023,1.1198440009326565,0.3974569110086258,0.1627959456186748,True,0.205192550476141,-1.1114865796865732,-0.908122339550584,0,0,0,1000
1.709297090839806,-0.4649419633823243,0.2875150429179465,21,-1.4468947099948704,0.2231089531171596,0,0.0183282550644632,0,-0.3706226321335793,-0.2067936485059296,0.608818589389077,-0.8761104620314552,-1.6847643017102962,-0.3145900525362552,0.1023466230873481,-0.2534173282930952,False,0.3213035464711304,-0.1065595819842483,-1.1414087121185046,0,0,0,1000
1.7106761122926817,1.258415805522478,0.4353550524286992,11,0.4958697861478964,0.6365215596307852,2,1.7047962668568335,2,0.711772004452503,-0.2067936485059296,-0.7715375633497079,-1.5808261773161576,-1.669368867359376,-0.7380896302270766,-1.574416376465366,-0.1979222251048592,False,-1.2068926157784072,0.3098735383156997,-0.6325806578910609,0,0,0,1000
1.7120551337455578,-1.5184926642107663,0.5809256850403574,12,-0.3872049848260885,0.7743257618019938,0,-1.330846154369433,3,0.9347629233820862,-0.2067936485059296,-0.8314997998113932,-0.5275487820259392,-0.4839204223385048,-1.0522989943202667,1.4705852307223628,-0.0314369155401512,True,-1.4124254848517506,0.5430277916160655,-1.895559659365864,0,0,0,1000
1.713434155198434,1.0839868815442593,-1.2296292182900697,10,-0.4528048249555845,1.4633467726580365,1,-1.105983752797117,3,-0.1207564839209342,-0.2067936485059296,0.6268889396070416,0.8547840701219,-0.7456428063041518,-0.0550257952418806,1.5510698547008932,-0.9609798939431042,True,1.8565181578971115,0.1484857009271558,1.169885960636579,0,0,0,1000
1.7148131766513095,-1.1138175605812983,1.1317754359315448,31,-0.7101580439251458,0.7743257618019938,1,-1.049768152404038,3,-0.1207564839209342,-0.2067936485059296,-1.0558046390826548,-0.3399075122281484,0.4398056387167194,0.4367801659474605,-0.0317944168768689,1.4946784221363392,False,-2.1875800750142,-0.1366692222311759,-2.941977621037556,0,0,0,1000
1.716192198104186,0.860717858852139,0.5019661323883068,9,0.1830090101456845,-0.8104225631669043,0,1.3675026644983594,0,-0.3534180473878296,-0.2067936485059296,1.8142538563417856,0.7786947825017662,0.4859919417694806,-0.7107670768276688,-1.5610022724689443,-1.7795326659695851,True,1.312287723953479,-0.1774038903634961,1.2842000409547214,0,0,0,1000
1.7175712195570618,-0.2277186267719466,0.1252087485627344,22,-0.2408668799218281,-1.292737270766134,2,0.4680530582090954,1,0.7956636066243687,-0.2067936485059296,-0.0913571100011819,0.5437266816193892,0.6707371539805255,-1.1069441011190826,-0.1659354568410861,-1.6130473564048773,False,-0.2165658585639163,0.099624044462349,1.8391589927236724,0,0,0,1000
1.718950241009938,-1.2533606997638735,1.222021865360881,0,-0.1399440489533727,-0.7070694115384979,2,-0.0378873453286157,0,-1.5558203784823792,-0.2067936485059296,1.312017318339826,-0.7067834953696267,-0.0220573918108927,-0.5741543098306296,0.2901440790372521,1.050717596630451,True,0.089995452978945,-1.9012465210795089,-1.4148606299346205,0,0,0,1000
1.720329262462814,1.2235300207268345,0.2833317646897282,40,-0.6041890714082676,0.5331684080023787,0,-0.7686901504386429,1,-1.2202938111117605,-0.2067936485059296,0.2648874781671734,1.1644518102584491,0.5167828104713215,-0.1916385622389199,-0.4744598487587855,-0.0591844671342692,True,-0.0184442865225548,-0.345747998942249,0.8587731199462336,0,0,0,1000
1.72170828391569,-1.4068581528647064,-0.5600057681936184,34,-0.6294197791503815,-0.0180484006824552,2,0.8053466605675694,0,-1.2613176508759902,-0.2067936485059296,1.780925621707605,1.6911372466641834,0.7631097600860479,0.0132805882566389,-0.7561560326836414,1.0229700450363328,True,2.340931389901224,0.706345160014979,0.5913180274639008,0,0,0,1000
1.723087305368566,0.8746721727703964,1.1708859979511428,41,-1.1592646417347725,0.8776789134304002,0,-0.3189653472940107,1,-0.6931384774092352,-0.2067936485059296,0.2264961807239042,-1.496089946927088,0.1011060829964705,-1.530443678809904,0.7998800309012772,-1.6546686837960545,True,-0.9443898172272386,-0.811586137839648,-0.6684090544788887,0,0,0,1000
1.7244663268214415,0.0513676515932035,-0.8011701807932323,30,0.8894688269248725,0.912129963973202,1,0.8615622609606484,1,-0.268553453715343,-0.2067936485059296,0.6252568154573672,-0.7814657232112263,1.1633910532099787,0.7509895300406507,-1.0244381126120756,0.1489221698216158,True,1.4264269962505995,0.2151570190657683,-1.2796468204074856,0,0,0,1000
1.725845348274318,0.3234767729992249,1.610894014174689,7,1.3486677078313447,0.7743257618019938,1,-0.6562589496524849,0,-0.0103374563904445,-0.2067936485059296,1.6566276888782232,-0.6594878960063428,-1.4230419177446496,0.3957963358483486,-1.1451650485798712,-1.6546686837960545,False,0.0457336747035341,-0.0166525466211589,-1.5163282869761885,0,0,0,1000
1.7272243697271938,0.4979056969774438,0.1998114974708379,40,0.2889779826625627,-0.7070694115384979,1,0.1869750562437003,0,0.889026224217017,-0.2067936485059296,-1.4686492259455906,-0.9883874119001091,-0.991969755918878,0.6280380397433154,0.4108710150050475,0.0518057392422027,True,-1.6684607234164286,0.1776376611516471,-1.011749127047742,0,0,0,1000
1.72860339118007,-1.071954618826526,-1.3672304678043474,36,-1.234956764961114,1.2910915199440256,1,0.6366998593883324,2,0.5114292264090835,-0.2067936485059296,-0.3186488857190226,0.4405786441839497,-0.8534108467605945,-1.7353628293054628,-1.332962504529775,-0.1701746735107412,True,1.0485815820853248,-0.6992416204721068,2.269741818462494,0,0,0,1000
1.729982412632946,-0.9114800087665648,-0.143843334307309,10,1.3940829817671496,-0.2936568050248722,2,-1.218414953583275,3,-1.7077935573996443,-0.2067936485059296,-0.8722741470790701,-1.2333183230566067,-1.4230419177446496,0.846618466938578,-1.5475881684725226,1.2033291303981,True,-0.7284308127717611,0.2456547196049056,-0.8108207446425627,0,0,0,1000
1.731361434085822,-1.6650129603524702,0.1601740843424173,17,-0.6496043453440725,-0.2936568050248722,2,-1.162199353190196,3,-0.268553453715343,-0.2067936485059296,-1.5200054806929149,-1.327332333456388,-0.8380154124096743,-0.0140419651427689,0.1157607270837698,-1.5436784774195824,False,-1.6801795650353322,-0.0430153035458488,-0.7533908804399249,0,0,0,1000
